seed,device,benchmark_type,batch_size,repetition,number_of_flows,elapsed_seconds,batch_latency_ms,effective_time_per_flow_us,throughput_flows_per_second,warmup_iterations,timestamp_utc,warmup_batch_size,warmup_scope
44,cpu,model_only,1,0,1,0.0065424,6.542400000000001,6542.400000000001,152.84910736121302,10,2026-07-25T20:12:26.387755+00:00,,
44,cpu,model_only,1,1,1,0.0069845,6.984500000000001,6984.5,143.17417137948314,10,2026-07-25T20:12:26.387755+00:00,,
44,cpu,model_only,1,2,1,0.006209,6.2090000000000005,6209.0,161.05653084232566,10,2026-07-25T20:12:26.387755+00:00,,
44,cpu,model_only,1,3,1,0.0066819,6.6819,6681.900000000001,149.658031398255,10,2026-07-25T20:12:26.387755+00:00,,
44,cpu,model_only,1,4,1,0.0066787,6.6787,6678.7,149.72973782322907,10,2026-07-25T20:12:26.387755+00:00,,
44,cpu,model_only,1,5,1,0.0071251,7.1251,7125.099999999999,140.34890738375603,10,2026-07-25T20:12:26.387755+00:00,,
44,cpu,model_only,1,6,1,0.0068345,6.8345,6834.5,146.31648255175944,10,2026-07-25T20:12:26.387755+00:00,,
44,cpu,model_only,1,7,1,0.0065551,6.5551,6555.1,152.5529740202285,10,2026-07-25T20:12:26.387755+00:00,,
44,cpu,model_only,1,8,1,0.0069912,6.9912,6991.200000000001,143.03696075065795,10,2026-07-25T20:12:26.387755+00:00,,
44,cpu,model_only,1,9,1,0.0065443,6.544300000000001,6544.3,152.80473083446662,10,2026-07-25T20:12:26.387755+00:00,,
44,cpu,model_only,1,10,1,0.0068295,6.8294999999999995,6829.5,146.42360348488177,10,2026-07-25T20:12:26.387755+00:00,,
44,cpu,model_only,1,11,1,0.0083386,8.3386,8338.6,119.92420790060682,10,2026-07-25T20:12:26.387755+00:00,,
44,cpu,model_only,1,12,1,0.0069274,6.9274000000000004,6927.400000000001,144.35430320177844,10,2026-07-25T20:12:26.387755+00:00,,
44,cpu,model_only,1,13,1,0.0065505,6.5504999999999995,6550.5,152.66010228226853,10,2026-07-25T20:12:26.387755+00:00,,
44,cpu,model_only,1,14,1,0.0067776,6.7776,6777.6,147.5448536355052,10,2026-07-25T20:12:26.387755+00:00,,
44,cpu,model_only,1,15,1,0.0065962,6.5962,6596.2,151.6024377671993,10,2026-07-25T20:12:26.387755+00:00,,
44,cpu,model_only,1,16,1,0.007807,7.8069999999999995,7807.0,128.0901754835404,10,2026-07-25T20:12:26.387755+00:00,,
44,cpu,model_only,1,17,1,0.0072989,7.2989,7298.9,137.006946252175,10,2026-07-25T20:12:26.387755+00:00,,
44,cpu,model_only,1,18,1,0.0067355,6.7355,6735.5,148.46707742558087,10,2026-07-25T20:12:26.387755+00:00,,
44,cpu,model_only,1,19,1,0.0062321,6.2321,6232.1,160.45955616886764,10,2026-07-25T20:12:26.387755+00:00,,
44,cpu,model_only,1,20,1,0.0069821,6.9821,6982.099999999999,143.2233855143868,10,2026-07-25T20:12:26.387755+00:00,,
44,cpu,model_only,1,21,1,0.0066852,6.6852,6685.2,149.5841560461916,10,2026-07-25T20:12:26.387755+00:00,,
44,cpu,model_only,1,22,1,0.0068987,6.8987,6898.7,144.95484656529493,10,2026-07-25T20:12:26.387755+00:00,,
44,cpu,model_only,1,23,1,0.0065967,6.596699999999999,6596.7,151.59094698864584,10,2026-07-25T20:12:26.387755+00:00,,
44,cpu,model_only,1,24,1,0.0071274,7.1274,7127.4,140.30361702724696,10,2026-07-25T20:12:26.387755+00:00,,
44,cpu,model_only,1,25,1,0.0067639,6.7639,6763.9,147.84369964073983,10,2026-07-25T20:12:26.387755+00:00,,
44,cpu,model_only,1,26,1,0.0063592,6.3591999999999995,6359.2,157.2524845892565,10,2026-07-25T20:12:26.387755+00:00,,
44,cpu,model_only,1,27,1,0.0065444,6.5443999999999996,6544.4,152.80239594156836,10,2026-07-25T20:12:26.387755+00:00,,
44,cpu,model_only,1,28,1,0.0064212,6.4212,6421.2,155.73413069208246,10,2026-07-25T20:12:26.387755+00:00,,
44,cpu,model_only,1,29,1,0.0068718,6.8718,6871.8,145.5222794609855,10,2026-07-25T20:12:26.387755+00:00,,
44,cpu,model_only,1,30,1,0.0064138,6.4138,6413.8,155.91381084536468,10,2026-07-25T20:12:26.387755+00:00,,
44,cpu,model_only,1,31,1,0.0063116,6.311599999999999,6311.599999999999,158.4384308257811,10,2026-07-25T20:12:26.387755+00:00,,
44,cpu,model_only,1,32,1,0.0065704,6.570399999999999,6570.4,152.19773529769878,10,2026-07-25T20:12:26.387755+00:00,,
44,cpu,model_only,1,33,1,0.0064161,6.4161,6416.1,155.85791992020074,10,2026-07-25T20:12:26.387755+00:00,,
44,cpu,model_only,1,34,1,0.0066413,6.6413,6641.3,150.57292999864484,10,2026-07-25T20:12:26.387755+00:00,,
44,cpu,model_only,1,35,1,0.006602,6.602,6602.0,151.4692517418964,10,2026-07-25T20:12:26.387755+00:00,,
44,cpu,model_only,1,36,1,0.0067932,6.7932,6793.2,147.20602955897073,10,2026-07-25T20:12:26.387755+00:00,,
44,cpu,model_only,1,37,1,0.006717,6.717,6717.0,148.87598630340926,10,2026-07-25T20:12:26.387755+00:00,,
44,cpu,model_only,1,38,1,0.0063968,6.3968,6396.8,156.328164082041,10,2026-07-25T20:12:26.387755+00:00,,
44,cpu,model_only,1,39,1,0.0068053,6.8053,6805.3,146.9442934183651,10,2026-07-25T20:12:26.387755+00:00,,
44,cpu,model_only,1,40,1,0.0064217,6.4216999999999995,6421.7,155.72200507653736,10,2026-07-25T20:12:26.387755+00:00,,
44,cpu,model_only,1,41,1,0.0070684,7.0684,7068.4,141.47473261275536,10,2026-07-25T20:12:26.387755+00:00,,
44,cpu,model_only,1,42,1,0.0067464,6.7463999999999995,6746.4,148.22720265623147,10,2026-07-25T20:12:26.387755+00:00,,
44,cpu,model_only,1,43,1,0.0062107,6.2107,6210.700000000001,161.01244626209606,10,2026-07-25T20:12:26.387755+00:00,,
44,cpu,model_only,1,44,1,0.0067277,6.7277,6727.7,148.63920805029952,10,2026-07-25T20:12:26.387755+00:00,,
44,cpu,model_only,1,45,1,0.0065798,6.5798000000000005,6579.8,151.9803033526855,10,2026-07-25T20:12:26.387755+00:00,,
44,cpu,model_only,1,46,1,0.0068058,6.8058,6805.8,146.933497898851,10,2026-07-25T20:12:26.387755+00:00,,
44,cpu,model_only,1,47,1,0.0064366,6.436599999999999,6436.599999999999,155.3615262716341,10,2026-07-25T20:12:26.387755+00:00,,
44,cpu,model_only,1,48,1,0.0065837,6.583699999999999,6583.7,151.89027446572598,10,2026-07-25T20:12:26.387755+00:00,,
44,cpu,model_only,1,49,1,0.0064558,6.4558,6455.8,154.89947024381175,10,2026-07-25T20:12:26.387755+00:00,,
44,cpu,model_only,1,50,1,0.0065021,6.5021,6502.1,153.7964657572169,10,2026-07-25T20:12:26.387755+00:00,,
44,cpu,model_only,1,51,1,0.0074665,7.4665,7466.5,133.93156097234314,10,2026-07-25T20:12:26.387755+00:00,,
44,cpu,model_only,1,52,1,0.0069378,6.9378,6937.8,144.13791115339157,10,2026-07-25T20:12:26.387755+00:00,,
44,cpu,model_only,1,53,1,0.0064237,6.4237,6423.7,155.67352149072963,10,2026-07-25T20:12:26.387755+00:00,,
44,cpu,model_only,1,54,1,0.0061729,6.1729,6172.900000000001,161.99841241555833,10,2026-07-25T20:12:26.387755+00:00,,
44,cpu,model_only,1,55,1,0.0060049,6.004899999999999,6004.9,166.5306666222585,10,2026-07-25T20:12:26.387755+00:00,,
44,cpu,model_only,1,56,1,0.0064202,6.4202,6420.2,155.7583875891717,10,2026-07-25T20:12:26.387755+00:00,,
44,cpu,model_only,1,57,1,0.0066988,6.6988,6698.8,149.2804681435481,10,2026-07-25T20:12:26.387755+00:00,,
44,cpu,model_only,1,58,1,0.0071842,7.1842,7184.2,139.1943431418947,10,2026-07-25T20:12:26.387755+00:00,,
44,cpu,model_only,1,59,1,0.006697,6.697,6697.0,149.32059130954158,10,2026-07-25T20:12:26.387755+00:00,,
44,cpu,model_only,1,60,1,0.0066402,6.6402,6640.2,150.59787355802536,10,2026-07-25T20:12:26.387755+00:00,,
44,cpu,model_only,1,61,1,0.0067618,6.7618,6761.8,147.88961519122128,10,2026-07-25T20:12:26.387755+00:00,,
44,cpu,model_only,1,62,1,0.0064683,6.4683,6468.3,154.60012677210395,10,2026-07-25T20:12:26.387755+00:00,,
44,cpu,model_only,1,63,1,0.0068445,6.8445,6844.5,146.10271020527432,10,2026-07-25T20:12:26.387755+00:00,,
44,cpu,model_only,1,64,1,0.0065611,6.561100000000001,6561.1,152.41346725396656,10,2026-07-25T20:12:26.387755+00:00,,
44,cpu,model_only,1,65,1,0.0067559,6.7559,6755.9,148.0187687798813,10,2026-07-25T20:12:26.387755+00:00,,
44,cpu,model_only,1,66,1,0.0064821,6.4821,6482.1,154.27099242529428,10,2026-07-25T20:12:26.387755+00:00,,
44,cpu,model_only,1,67,1,0.0064667,6.4666999999999994,6466.7,154.63837815268994,10,2026-07-25T20:12:26.387755+00:00,,
44,cpu,model_only,1,68,1,0.0066971,6.6971,6697.1,149.31836167893564,10,2026-07-25T20:12:26.387755+00:00,,
44,cpu,model_only,1,69,1,0.0061464,6.1464,6146.4,162.6968632044774,10,2026-07-25T20:12:26.387755+00:00,,
44,cpu,model_only,1,70,1,0.0068222,6.8222,6822.2,146.58028202046262,10,2026-07-25T20:12:26.387755+00:00,,
44,cpu,model_only,1,71,1,0.0062874,6.2874,6287.400000000001,159.04825524064,10,2026-07-25T20:12:26.387755+00:00,,
44,cpu,model_only,1,72,1,0.0062056,6.2056000000000004,6205.6,161.14477246358126,10,2026-07-25T20:12:26.387755+00:00,,
44,cpu,model_only,1,73,1,0.0066736,6.6736,6673.6,149.8441620714457,10,2026-07-25T20:12:26.387755+00:00,,
44,cpu,model_only,1,74,1,0.006128,6.128,6128.0,163.18537859007833,10,2026-07-25T20:12:26.387755+00:00,,
44,cpu,model_only,1,75,1,0.0063918,6.391800000000001,6391.8,156.4504521418067,10,2026-07-25T20:12:26.387755+00:00,,
44,cpu,model_only,1,76,1,0.0063035,6.3035,6303.5,158.64202427222972,10,2026-07-25T20:12:26.387755+00:00,,
44,cpu,model_only,1,77,1,0.0061589,6.1589,6158.900000000001,162.3666563834451,10,2026-07-25T20:12:26.387755+00:00,,
44,cpu,model_only,1,78,1,0.0066609,6.6609,6660.9,150.12986233091624,10,2026-07-25T20:12:26.387755+00:00,,
44,cpu,model_only,1,79,1,0.0064334,6.4334,6433.4,155.4388037429664,10,2026-07-25T20:12:26.387755+00:00,,
44,cpu,model_only,1,80,1,0.0063851,6.3851,6385.1,156.61461840848224,10,2026-07-25T20:12:26.387755+00:00,,
44,cpu,model_only,1,81,1,0.0061752,6.175199999999999,6175.2,161.93807488016583,10,2026-07-25T20:12:26.387755+00:00,,
44,cpu,model_only,1,82,1,0.0063847,6.3847000000000005,6384.7,156.62443027863486,10,2026-07-25T20:12:26.387755+00:00,,
44,cpu,model_only,1,83,1,0.0065969,6.5969,6596.900000000001,151.5863511649411,10,2026-07-25T20:12:26.387755+00:00,,
44,cpu,model_only,1,84,1,0.0065957,6.595700000000001,6595.700000000001,151.61393028791485,10,2026-07-25T20:12:26.387755+00:00,,
44,cpu,model_only,1,85,1,0.0070965,7.096500000000001,7096.5,140.91453533431974,10,2026-07-25T20:12:26.387755+00:00,,
44,cpu,model_only,1,86,1,0.0061447,6.1447,6144.700000000001,162.74187511188504,10,2026-07-25T20:12:26.387755+00:00,,
44,cpu,model_only,1,87,1,0.0062454,6.2454,6245.4,160.1178467351971,10,2026-07-25T20:12:26.387755+00:00,,
44,cpu,model_only,1,88,1,0.0061547,6.1547,6154.7,162.4774562529449,10,2026-07-25T20:12:26.387755+00:00,,
44,cpu,model_only,1,89,1,0.0066495,6.6495,6649.5,150.3872471614407,10,2026-07-25T20:12:26.387755+00:00,,
44,cpu,model_only,1,90,1,0.0071934,7.1934,7193.4,139.01632051602857,10,2026-07-25T20:12:26.387755+00:00,,
44,cpu,model_only,1,91,1,0.0071696,7.1696,7169.6,139.4777951350145,10,2026-07-25T20:12:26.387755+00:00,,
44,cpu,model_only,1,92,1,0.0067287,6.7287,6728.7,148.61711771961896,10,2026-07-25T20:12:26.387755+00:00,,
44,cpu,model_only,1,93,1,0.0076662,7.6662,7666.2,130.44272260050613,10,2026-07-25T20:12:26.387755+00:00,,
44,cpu,model_only,1,94,1,0.0072347,7.2347,7234.7,138.22273211052288,10,2026-07-25T20:12:26.387755+00:00,,
44,cpu,model_only,1,95,1,0.0068664,6.8664,6866.4,145.63672375626237,10,2026-07-25T20:12:26.387755+00:00,,
44,cpu,model_only,1,96,1,0.0082312,8.2312,8231.199999999999,121.48896880163282,10,2026-07-25T20:12:26.387755+00:00,,
44,cpu,model_only,1,97,1,0.007033,7.033,7033.0,142.18683349921798,10,2026-07-25T20:12:26.387755+00:00,,
44,cpu,model_only,1,98,1,0.0073088,7.3088,7308.8,136.8213660245184,10,2026-07-25T20:12:26.387755+00:00,,
44,cpu,model_only,1,99,1,0.006616,6.6160000000000005,6616.0,151.14873035066503,10,2026-07-25T20:12:26.387755+00:00,,
44,cpu,model_only,1,100,1,0.0073293,7.329300000000001,7329.3,136.43867763633634,10,2026-07-25T20:12:26.387755+00:00,,
44,cpu,model_only,1,101,1,0.0075665,7.5665000000000004,7566.5,132.16150135465537,10,2026-07-25T20:12:26.387755+00:00,,
44,cpu,model_only,1,102,1,0.0073825,7.3825,7382.5,135.45546901456146,10,2026-07-25T20:12:26.387755+00:00,,
44,cpu,model_only,1,103,1,0.0063861,6.3861,6386.099999999999,156.59009411064656,10,2026-07-25T20:12:26.387755+00:00,,
44,cpu,model_only,1,104,1,0.0071926,7.1926000000000005,7192.6,139.03178266551734,10,2026-07-25T20:12:26.387755+00:00,,
44,cpu,model_only,1,105,1,0.0066971,6.6971,6697.1,149.31836167893564,10,2026-07-25T20:12:26.387755+00:00,,
44,cpu,model_only,1,106,1,0.0065733,6.5733,6573.3,152.13058889750963,10,2026-07-25T20:12:26.387755+00:00,,
44,cpu,model_only,1,107,1,0.0075392,7.5392,7539.2,132.64006791171477,10,2026-07-25T20:12:26.387755+00:00,,
44,cpu,model_only,1,108,1,0.0074287,7.4287,7428.7,134.613054774052,10,2026-07-25T20:12:26.387755+00:00,,
44,cpu,model_only,1,109,1,0.0065587,6.5587,6558.7,152.469239330965,10,2026-07-25T20:12:26.387755+00:00,,
44,cpu,model_only,1,110,1,0.006494,6.494,6494.0,153.9882968894364,10,2026-07-25T20:12:26.387755+00:00,,
44,cpu,model_only,1,111,1,0.0067681,6.7681,6768.1,147.75195401959192,10,2026-07-25T20:12:26.387755+00:00,,
44,cpu,model_only,1,112,1,0.0064601,6.4601,6460.099999999999,154.79636538134085,10,2026-07-25T20:12:26.387755+00:00,,
44,cpu,model_only,1,113,1,0.0071382,7.1382,7138.2,140.09133955338882,10,2026-07-25T20:12:26.387755+00:00,,
44,cpu,model_only,1,114,1,0.007439,7.439,7439.0,134.42667025137786,10,2026-07-25T20:12:26.387755+00:00,,
44,cpu,model_only,1,115,1,0.0068823,6.8823,6882.3,145.30026299347603,10,2026-07-25T20:12:26.387755+00:00,,
44,cpu,model_only,1,116,1,0.0065847,6.5847,6584.7,151.86720731392472,10,2026-07-25T20:12:26.387755+00:00,,
44,cpu,model_only,1,117,1,0.0071357,7.1357,7135.7,140.14042070154295,10,2026-07-25T20:12:26.387755+00:00,,
44,cpu,model_only,1,118,1,0.0067729,6.7729,6772.900000000001,147.64724121129797,10,2026-07-25T20:12:26.387755+00:00,,
44,cpu,model_only,1,119,1,0.0063855,6.3854999999999995,6385.5,156.6048077675985,10,2026-07-25T20:12:26.387755+00:00,,
44,cpu,model_only,1,120,1,0.0065771,6.5771,6577.099999999999,152.0426935883596,10,2026-07-25T20:12:26.387755+00:00,,
44,cpu,model_only,1,121,1,0.007105,7.105,7105.0,140.74595355383534,10,2026-07-25T20:12:26.387755+00:00,,
44,cpu,model_only,1,122,1,0.0065235,6.523499999999999,6523.5,153.2919445083161,10,2026-07-25T20:12:26.387755+00:00,,
44,cpu,model_only,1,123,1,0.0065937,6.5937,6593.7,151.65991780032456,10,2026-07-25T20:12:26.387755+00:00,,
44,cpu,model_only,1,124,1,0.0065952,6.5952,6595.2,151.62542455118876,10,2026-07-25T20:12:26.387755+00:00,,
44,cpu,model_only,1,125,1,0.0064025,6.4025,6402.5,156.18898867629832,10,2026-07-25T20:12:26.387755+00:00,,
44,cpu,model_only,1,126,1,0.0068388,6.8388,6838.8,146.2244838275721,10,2026-07-25T20:12:26.387755+00:00,,
44,cpu,model_only,1,127,1,0.0069208,6.920800000000001,6920.8,144.49196624667667,10,2026-07-25T20:12:26.387755+00:00,,
44,cpu,model_only,1,128,1,0.0065142,6.514200000000001,6514.200000000001,153.51079180866415,10,2026-07-25T20:12:26.387755+00:00,,
44,cpu,model_only,1,129,1,0.0066152,6.6152,6615.2,151.16700931188777,10,2026-07-25T20:12:26.387755+00:00,,
44,cpu,model_only,1,130,1,0.0068071,6.8071,6807.1,146.90543697022227,10,2026-07-25T20:12:26.387755+00:00,,
44,cpu,model_only,1,131,1,0.0064074,6.4074,6407.4,156.0695445890689,10,2026-07-25T20:12:26.387755+00:00,,
44,cpu,model_only,1,132,1,0.0070426,7.0426,7042.6,141.99301394371395,10,2026-07-25T20:12:26.387755+00:00,,
44,cpu,model_only,1,133,1,0.0065365,6.5365,6536.5,152.98707259236596,10,2026-07-25T20:12:26.387755+00:00,,
44,cpu,model_only,1,134,1,0.0067886,6.7886,6788.599999999999,147.30577733258698,10,2026-07-25T20:12:26.387755+00:00,,
44,cpu,model_only,1,135,1,0.0066003,6.6003,6600.3,151.50826477584351,10,2026-07-25T20:12:26.387755+00:00,,
44,cpu,model_only,1,136,1,0.0065776,6.5776,6577.6,152.03113597664802,10,2026-07-25T20:12:26.387755+00:00,,
44,cpu,model_only,1,137,1,0.0065668,6.566800000000001,6566.8,152.28117195589937,10,2026-07-25T20:12:26.387755+00:00,,
44,cpu,model_only,1,138,1,0.0064866,6.4866,6486.6,154.1639687972127,10,2026-07-25T20:12:26.387755+00:00,,
44,cpu,model_only,1,139,1,0.0067466,6.7466,6746.6,148.22280852577595,10,2026-07-25T20:12:26.387755+00:00,,
44,cpu,model_only,1,140,1,0.0065108,6.5108,6510.8,153.5909565644775,10,2026-07-25T20:12:26.387755+00:00,,
44,cpu,model_only,1,141,1,0.0066964,6.6964,6696.4,149.33397049160743,10,2026-07-25T20:12:26.387755+00:00,,
44,cpu,model_only,1,142,1,0.0064242,6.4242,6424.2,155.66140531116716,10,2026-07-25T20:12:26.387755+00:00,,
44,cpu,model_only,1,143,1,0.0060611,6.0611,6061.099999999999,164.98655359588193,10,2026-07-25T20:12:26.387755+00:00,,
44,cpu,model_only,1,144,1,0.0067478,6.7478,6747.8,148.19644921307685,10,2026-07-25T20:12:26.387755+00:00,,
44,cpu,model_only,1,145,1,0.0063949,6.3949,6394.900000000001,156.3746110181551,10,2026-07-25T20:12:26.387755+00:00,,
44,cpu,model_only,1,146,1,0.0066333,6.6333,6633.3,150.7545264046553,10,2026-07-25T20:12:26.387755+00:00,,
44,cpu,model_only,1,147,1,0.0065419,6.5419,6541.9,152.8607896788395,10,2026-07-25T20:12:26.387755+00:00,,
44,cpu,model_only,1,148,1,0.0066104,6.610399999999999,6610.4,151.2767759893501,10,2026-07-25T20:12:26.387755+00:00,,
44,cpu,model_only,1,149,1,0.007272,7.272,7272.0,137.51375137513753,10,2026-07-25T20:12:26.387755+00:00,,
44,cpu,model_only,1,150,1,0.0069731,6.9731000000000005,6973.1,143.40824023748405,10,2026-07-25T20:12:26.387755+00:00,,
44,cpu,model_only,1,151,1,0.0066745,6.6745,6674.5,149.82395685070043,10,2026-07-25T20:12:26.387755+00:00,,
44,cpu,model_only,1,152,1,0.0067796,6.7796,6779.6,147.5013275119476,10,2026-07-25T20:12:26.387755+00:00,,
44,cpu,model_only,1,153,1,0.0077638,7.763800000000001,7763.8,128.8029057935547,10,2026-07-25T20:12:26.387755+00:00,,
44,cpu,model_only,1,154,1,0.0067429,6.7429,6742.9,148.30414213468984,10,2026-07-25T20:12:26.387755+00:00,,
44,cpu,model_only,1,155,1,0.0065334,6.5334,6533.4,153.05966265650352,10,2026-07-25T20:12:26.387755+00:00,,
44,cpu,model_only,1,156,1,0.0067299,6.7299,6729.9,148.59061798838022,10,2026-07-25T20:12:26.387755+00:00,,
44,cpu,model_only,1,157,1,0.0064993,6.499300000000001,6499.3,153.86272367793453,10,2026-07-25T20:12:26.387755+00:00,,
44,cpu,model_only,1,158,1,0.006698,6.698,6698.0,149.29829799940282,10,2026-07-25T20:12:26.387755+00:00,,
44,cpu,model_only,1,159,1,0.0064857,6.4857,6485.7,154.18536164176575,10,2026-07-25T20:12:26.387755+00:00,,
44,cpu,model_only,1,160,1,0.0067204,6.7204,6720.4,148.8006666269865,10,2026-07-25T20:12:26.387755+00:00,,
44,cpu,model_only,1,161,1,0.0066558,6.6558,6655.8,150.24489918567264,10,2026-07-25T20:12:26.387755+00:00,,
44,cpu,model_only,1,162,1,0.006199,6.199,6199.0,161.3163413453783,10,2026-07-25T20:12:26.387755+00:00,,
44,cpu,model_only,1,163,1,0.0066086,6.6086,6608.6,151.31797960233635,10,2026-07-25T20:12:26.387755+00:00,,
44,cpu,model_only,1,164,1,0.0062515,6.2515,6251.5,159.96160921378868,10,2026-07-25T20:12:26.387755+00:00,,
44,cpu,model_only,1,165,1,0.0062698,6.2698,6269.8,159.494720724744,10,2026-07-25T20:12:26.387755+00:00,,
44,cpu,model_only,1,166,1,0.0062122,6.2122,6212.2,160.97356814011138,10,2026-07-25T20:12:26.387755+00:00,,
44,cpu,model_only,1,167,1,0.0063961,6.3961,6396.1,156.34527290067385,10,2026-07-25T20:12:26.387755+00:00,,
44,cpu,model_only,1,168,1,0.0066815,6.6815,6681.5,149.66699094514706,10,2026-07-25T20:12:26.387755+00:00,,
44,cpu,model_only,1,169,1,0.0061984,6.1983999999999995,6198.4,161.33195663397007,10,2026-07-25T20:12:26.387755+00:00,,
44,cpu,model_only,1,170,1,0.0066853,6.6853,6685.3,149.58191853768716,10,2026-07-25T20:12:26.387755+00:00,,
44,cpu,model_only,1,171,1,0.0064862,6.4862,6486.2,154.1734759951898,10,2026-07-25T20:12:26.387755+00:00,,
44,cpu,model_only,1,172,1,0.006591,6.590999999999999,6591.0,151.72204521316948,10,2026-07-25T20:12:26.387755+00:00,,
44,cpu,model_only,1,173,1,0.0085641,8.5641,8564.1,116.76650202589882,10,2026-07-25T20:12:26.387755+00:00,,
44,cpu,model_only,1,174,1,0.0068421,6.8421,6842.1,146.15395857996813,10,2026-07-25T20:12:26.387755+00:00,,
44,cpu,model_only,1,175,1,0.0077424,7.7424,7742.4,129.15891713163876,10,2026-07-25T20:12:26.387755+00:00,,
44,cpu,model_only,1,176,1,0.0065471,6.5471,6547.1,152.73938079455024,10,2026-07-25T20:12:26.387755+00:00,,
44,cpu,model_only,1,177,1,0.0063129,6.3129,6312.9,158.40580398865816,10,2026-07-25T20:12:26.387755+00:00,,
44,cpu,model_only,1,178,1,0.0063191,6.319100000000001,6319.1,158.2503837571806,10,2026-07-25T20:12:26.387755+00:00,,
44,cpu,model_only,1,179,1,0.0073077,7.3077000000000005,7307.700000000001,136.8419612189882,10,2026-07-25T20:12:26.387755+00:00,,
44,cpu,model_only,1,180,1,0.0064291,6.4291,6429.1,155.54276648364467,10,2026-07-25T20:12:26.387755+00:00,,
44,cpu,model_only,1,181,1,0.0065344,6.5344,6534.400000000001,153.0362389813908,10,2026-07-25T20:12:26.387755+00:00,,
44,cpu,model_only,1,182,1,0.0065847,6.5847,6584.7,151.86720731392472,10,2026-07-25T20:12:26.387755+00:00,,
44,cpu,model_only,1,183,1,0.0065552,6.5552,6555.2,152.5506468147425,10,2026-07-25T20:12:26.387755+00:00,,
44,cpu,model_only,1,184,1,0.0074028,7.4028,7402.8,135.08402226184685,10,2026-07-25T20:12:26.387755+00:00,,
44,cpu,model_only,1,185,1,0.0064164,6.4164,6416.4,155.850632753569,10,2026-07-25T20:12:26.387755+00:00,,
44,cpu,model_only,1,186,1,0.0067526,6.7526,6752.6,148.09110564819477,10,2026-07-25T20:12:26.387755+00:00,,
44,cpu,model_only,1,187,1,0.0065065,6.5065,6506.5,153.69246138476908,10,2026-07-25T20:12:26.387755+00:00,,
44,cpu,model_only,1,188,1,0.0067101,6.7101,6710.1,149.02907557264422,10,2026-07-25T20:12:26.387755+00:00,,
44,cpu,model_only,1,189,1,0.0068373,6.8373,6837.3,146.25656326327643,10,2026-07-25T20:12:26.387755+00:00,,
44,cpu,model_only,1,190,1,0.0065235,6.523499999999999,6523.5,153.2919445083161,10,2026-07-25T20:12:26.387755+00:00,,
44,cpu,model_only,1,191,1,0.007038,7.038,7038.0,142.08581983518044,10,2026-07-25T20:12:26.387755+00:00,,
44,cpu,model_only,1,192,1,0.0063397,6.339700000000001,6339.7,157.73617048125305,10,2026-07-25T20:12:26.387755+00:00,,
44,cpu,model_only,1,193,1,0.0071946,7.194599999999999,7194.599999999999,138.9931337391933,10,2026-07-25T20:12:26.387755+00:00,,
44,cpu,model_only,1,194,1,0.0063079,6.3079,6307.9,158.53136543065045,10,2026-07-25T20:12:26.387755+00:00,,
44,cpu,model_only,1,195,1,0.0063153,6.315300000000001,6315.3,158.34560511772995,10,2026-07-25T20:12:26.387755+00:00,,
44,cpu,model_only,1,196,1,0.0060368,6.0368,6036.8,165.65067585475748,10,2026-07-25T20:12:26.387755+00:00,,
44,cpu,model_only,1,197,1,0.0060848,6.0847999999999995,6084.799999999999,164.34393899552987,10,2026-07-25T20:12:26.387755+00:00,,
44,cpu,model_only,1,198,1,0.0062191,6.2191,6219.1,160.79497033332797,10,2026-07-25T20:12:26.387755+00:00,,
44,cpu,model_only,1,199,1,0.0060978,6.097799999999999,6097.799999999999,163.9935714519991,10,2026-07-25T20:12:26.387755+00:00,,
44,cpu,model_only,1,200,1,0.0067217,6.721699999999999,6721.7,148.77188806403143,10,2026-07-25T20:12:26.387755+00:00,,
44,cpu,model_only,1,201,1,0.0065983,6.5983,6598.299999999999,151.5541881999909,10,2026-07-25T20:12:26.387755+00:00,,
44,cpu,model_only,1,202,1,0.0064823,6.4822999999999995,6482.3,154.2662326643321,10,2026-07-25T20:12:26.387755+00:00,,
44,cpu,model_only,1,203,1,0.0071399,7.1399,7139.900000000001,140.05798400537822,10,2026-07-25T20:12:26.387755+00:00,,
44,cpu,model_only,1,204,1,0.0060307,6.0306999999999995,6030.7,165.81823005621237,10,2026-07-25T20:12:26.387755+00:00,,
44,cpu,model_only,1,205,1,0.0066842,6.684200000000001,6684.200000000001,149.60653481344065,10,2026-07-25T20:12:26.387755+00:00,,
44,cpu,model_only,1,206,1,0.0065018,6.5018,6501.8,153.80356209049802,10,2026-07-25T20:12:26.387755+00:00,,
44,cpu,model_only,1,207,1,0.0065914,6.5914,6591.4,151.7128379403465,10,2026-07-25T20:12:26.387755+00:00,,
44,cpu,model_only,1,208,1,0.0069494,6.9494,6949.4,143.89731487610442,10,2026-07-25T20:12:26.387755+00:00,,
44,cpu,model_only,1,209,1,0.0069743,6.9743,6974.3,143.38356537573662,10,2026-07-25T20:12:26.387755+00:00,,
44,cpu,model_only,1,210,1,0.0070956,7.095599999999999,7095.599999999999,140.9324088167315,10,2026-07-25T20:12:26.387755+00:00,,
44,cpu,model_only,1,211,1,0.0064858,6.4858,6485.8,154.18298436584539,10,2026-07-25T20:12:26.387755+00:00,,
44,cpu,model_only,1,212,1,0.0067242,6.7242,6724.2,148.71657594955533,10,2026-07-25T20:12:26.387755+00:00,,
44,cpu,model_only,1,213,1,0.0070859,7.0859,7085.9,141.12533340860017,10,2026-07-25T20:12:26.387755+00:00,,
44,cpu,model_only,1,214,1,0.0068476,6.8476,6847.599999999999,146.03656755651616,10,2026-07-25T20:12:26.387755+00:00,,
44,cpu,model_only,1,215,1,0.0064508,6.450799999999999,6450.799999999999,155.0195324610901,10,2026-07-25T20:12:26.387755+00:00,,
44,cpu,model_only,1,216,1,0.0071149,7.1149000000000004,7114.900000000001,140.55011314284107,10,2026-07-25T20:12:26.387755+00:00,,
44,cpu,model_only,1,217,1,0.0073524,7.3524,7352.400000000001,136.01001033676079,10,2026-07-25T20:12:26.387755+00:00,,
44,cpu,model_only,1,218,1,0.006817,6.817,6817.0,146.69209329617132,10,2026-07-25T20:12:26.387755+00:00,,
44,cpu,model_only,1,219,1,0.00694,6.94,6940.0,144.0922190201729,10,2026-07-25T20:12:26.387755+00:00,,
44,cpu,model_only,1,220,1,0.0067618,6.7618,6761.8,147.88961519122128,10,2026-07-25T20:12:26.387755+00:00,,
44,cpu,model_only,1,221,1,0.0064686,6.4685999999999995,6468.599999999999,154.5929567448907,10,2026-07-25T20:12:26.387755+00:00,,
44,cpu,model_only,1,222,1,0.006985,6.985,6985.0,143.16392269148176,10,2026-07-25T20:12:26.387755+00:00,,
44,cpu,model_only,1,223,1,0.0074386,7.4386,7438.6,134.43389885193452,10,2026-07-25T20:12:26.387755+00:00,,
44,cpu,model_only,1,224,1,0.0066238,6.6238,6623.8,150.97074187022554,10,2026-07-25T20:12:26.387755+00:00,,
44,cpu,model_only,1,225,1,0.0069175,6.9175,6917.5,144.5608962775569,10,2026-07-25T20:12:26.387755+00:00,,
44,cpu,model_only,1,226,1,0.0073634,7.3634,7363.4,135.8068283673303,10,2026-07-25T20:12:26.387755+00:00,,
44,cpu,model_only,1,227,1,0.0073709,7.3709,7370.9,135.668642906565,10,2026-07-25T20:12:26.387755+00:00,,
44,cpu,model_only,1,228,1,0.0065945,6.5945,6594.5,151.64151944802487,10,2026-07-25T20:12:26.387755+00:00,,
44,cpu,model_only,1,229,1,0.0068688,6.8688,6868.8,145.58583740973677,10,2026-07-25T20:12:26.387755+00:00,,
44,cpu,model_only,1,230,1,0.0067933,6.7933,6793.3,147.2038626293554,10,2026-07-25T20:12:26.387755+00:00,,
44,cpu,model_only,1,231,1,0.0065005,6.500500000000001,6500.5,153.83432043688947,10,2026-07-25T20:12:26.387755+00:00,,
44,cpu,model_only,1,232,1,0.0068085,6.8085,6808.5,146.87522949254608,10,2026-07-25T20:12:26.387755+00:00,,
44,cpu,model_only,1,233,1,0.0075136,7.513599999999999,7513.599999999999,133.09199318568994,10,2026-07-25T20:12:26.387755+00:00,,
44,cpu,model_only,1,234,1,0.006381,6.381,6381.0,156.7152483936687,10,2026-07-25T20:12:26.387755+00:00,,
44,cpu,model_only,1,235,1,0.0069659,6.9658999999999995,6965.9,143.5564679366629,10,2026-07-25T20:12:26.387755+00:00,,
44,cpu,model_only,1,236,1,0.0069173,6.9173,6917.3,144.5650759689474,10,2026-07-25T20:12:26.387755+00:00,,
44,cpu,model_only,1,237,1,0.0067372,6.7372,6737.2,148.42961467672032,10,2026-07-25T20:12:26.387755+00:00,,
44,cpu,model_only,1,238,1,0.0070391,7.0391,7039.1,142.0636160872839,10,2026-07-25T20:12:26.387755+00:00,,
44,cpu,model_only,1,239,1,0.0068684,6.8684,6868.400000000001,145.59431599790344,10,2026-07-25T20:12:26.387755+00:00,,
44,cpu,model_only,1,240,1,0.0079044,7.904400000000001,7904.400000000001,126.51181620363342,10,2026-07-25T20:12:26.387755+00:00,,
44,cpu,model_only,1,241,1,0.0062688,6.2688,6268.799999999999,159.5201633486473,10,2026-07-25T20:12:26.387755+00:00,,
44,cpu,model_only,1,242,1,0.0065229,6.5229,6522.9,153.30604485734872,10,2026-07-25T20:12:26.387755+00:00,,
44,cpu,model_only,1,243,1,0.0065695,6.5695,6569.5,152.2185858893371,10,2026-07-25T20:12:26.387755+00:00,,
44,cpu,model_only,1,244,1,0.0064019,6.4019,6401.900000000001,156.20362704822006,10,2026-07-25T20:12:26.387755+00:00,,
44,cpu,model_only,1,245,1,0.0071695,7.169499999999999,7169.5,139.47974056768254,10,2026-07-25T20:12:26.387755+00:00,,
44,cpu,model_only,1,246,1,0.0063206,6.3206,6320.6,158.21282789608583,10,2026-07-25T20:12:26.387755+00:00,,
44,cpu,model_only,1,247,1,0.006975,6.9750000000000005,6975.0,143.36917562724014,10,2026-07-25T20:12:26.387755+00:00,,
44,cpu,model_only,1,248,1,0.0065601,6.5601,6560.1,152.43670066005092,10,2026-07-25T20:12:26.387755+00:00,,
44,cpu,model_only,1,249,1,0.0068523,6.8523000000000005,6852.3,145.93640091648058,10,2026-07-25T20:12:26.387755+00:00,,
44,cpu,model_only,1,250,1,0.0065669,6.5668999999999995,6566.9,152.27885303567894,10,2026-07-25T20:12:26.387755+00:00,,
44,cpu,model_only,1,251,1,0.0065906,6.5906,6590.6,151.73125360361726,10,2026-07-25T20:12:26.387755+00:00,,
44,cpu,model_only,1,252,1,0.0071934,7.1934,7193.4,139.01632051602857,10,2026-07-25T20:12:26.387755+00:00,,
44,cpu,model_only,1,253,1,0.0076745,7.6745,7674.5,130.3016483158512,10,2026-07-25T20:12:26.387755+00:00,,
44,cpu,model_only,1,254,1,0.0068664,6.8664,6866.4,145.63672375626237,10,2026-07-25T20:12:26.387755+00:00,,
44,cpu,model_only,1,255,1,0.0068848,6.8848,6884.8,145.24750174297003,10,2026-07-25T20:12:26.387755+00:00,,
44,cpu,model_only,1,256,1,0.0066828,6.6828,6682.8,149.63787633925898,10,2026-07-25T20:12:26.387755+00:00,,
44,cpu,model_only,1,257,1,0.0065653,6.5653,6565.299999999999,152.3159642362116,10,2026-07-25T20:12:26.387755+00:00,,
44,cpu,model_only,1,258,1,0.0064205,6.4205,6420.5,155.7511097266568,10,2026-07-25T20:12:26.387755+00:00,,
44,cpu,model_only,1,259,1,0.0071508,7.150799999999999,7150.799999999999,139.84449292386867,10,2026-07-25T20:12:26.387755+00:00,,
44,cpu,model_only,1,260,1,0.0061258,6.1258,6125.8,163.24398445917268,10,2026-07-25T20:12:26.387755+00:00,,
44,cpu,model_only,1,261,1,0.0065321,6.5321,6532.099999999999,153.0901241560907,10,2026-07-25T20:12:26.387755+00:00,,
44,cpu,model_only,1,262,1,0.0063235,6.3235,6323.5,158.14027041986242,10,2026-07-25T20:12:26.387755+00:00,,
44,cpu,model_only,1,263,1,0.0062058,6.2058,6205.8,161.13957910341938,10,2026-07-25T20:12:26.387755+00:00,,
44,cpu,model_only,1,264,1,0.0065831,6.5831,6583.099999999999,151.90411812064227,10,2026-07-25T20:12:26.387755+00:00,,
44,cpu,model_only,1,265,1,0.0064759,6.475899999999999,6475.9,154.41869083833907,10,2026-07-25T20:12:26.387755+00:00,,
44,cpu,model_only,1,266,1,0.0069099,6.9099,6909.9,144.7198946439167,10,2026-07-25T20:12:26.387755+00:00,,
44,cpu,model_only,1,267,1,0.0067083,6.7083,6708.3,149.0690636972109,10,2026-07-25T20:12:26.387755+00:00,,
44,cpu,model_only,1,268,1,0.0067291,6.7291,6729.1,148.60828342571816,10,2026-07-25T20:12:26.387755+00:00,,
44,cpu,model_only,1,269,1,0.0071851,7.1851,7185.099999999999,139.17690776746323,10,2026-07-25T20:12:26.387755+00:00,,
44,cpu,model_only,1,270,1,0.0071447,7.1447,7144.700000000001,139.96388931655633,10,2026-07-25T20:12:26.387755+00:00,,
44,cpu,model_only,1,271,1,0.0065797,6.5797,6579.7,151.98261318905116,10,2026-07-25T20:12:26.387755+00:00,,
44,cpu,model_only,1,272,1,0.0070826,7.082599999999999,7082.599999999999,141.19108801852428,10,2026-07-25T20:12:26.387755+00:00,,
44,cpu,model_only,1,273,1,0.0067741,6.7741,6774.1,147.62108619595224,10,2026-07-25T20:12:26.387755+00:00,,
44,cpu,model_only,1,274,1,0.0061373,6.1373,6137.3,162.93809981587995,10,2026-07-25T20:12:26.387755+00:00,,
44,cpu,model_only,1,275,1,0.0068751,6.875100000000001,6875.1,145.45242978283952,10,2026-07-25T20:12:26.387755+00:00,,
44,cpu,model_only,1,276,1,0.0064758,6.4758000000000004,6475.8,154.421075388369,10,2026-07-25T20:12:26.387755+00:00,,
44,cpu,model_only,1,277,1,0.0064126,6.4126,6412.6,155.94298724386366,10,2026-07-25T20:12:26.387755+00:00,,
44,cpu,model_only,1,278,1,0.0062092,6.2092,6209.2,161.05134316820204,10,2026-07-25T20:12:26.387755+00:00,,
44,cpu,model_only,1,279,1,0.0067304,6.7304,6730.400000000001,148.57957922263165,10,2026-07-25T20:12:26.387755+00:00,,
44,cpu,model_only,1,280,1,0.0064869,6.4869,6486.900000000001,154.15683916816968,10,2026-07-25T20:12:26.387755+00:00,,
44,cpu,model_only,1,281,1,0.0062822,6.2822,6282.2,159.17990512877654,10,2026-07-25T20:12:26.387755+00:00,,
44,cpu,model_only,1,282,1,0.0064498,6.449800000000001,6449.8,155.0435672423951,10,2026-07-25T20:12:26.387755+00:00,,
44,cpu,model_only,1,283,1,0.006425,6.425,6425.0,155.6420233463035,10,2026-07-25T20:12:26.387755+00:00,,
44,cpu,model_only,1,284,1,0.0072732,7.273199999999999,7273.2,137.49106308089975,10,2026-07-25T20:12:26.387755+00:00,,
44,cpu,model_only,1,285,1,0.006595,6.595,6595.0,151.6300227445034,10,2026-07-25T20:12:26.387755+00:00,,
44,cpu,model_only,1,286,1,0.0064923,6.4923,6492.3,154.02861851732052,10,2026-07-25T20:12:26.387755+00:00,,
44,cpu,model_only,1,287,1,0.007016,7.016,7016.0,142.53135689851769,10,2026-07-25T20:12:26.387755+00:00,,
44,cpu,model_only,1,288,1,0.0065001,6.5001,6500.1,153.84378701866126,10,2026-07-25T20:12:26.387755+00:00,,
44,cpu,model_only,1,289,1,0.0070655,7.0655,7065.5,141.53280022645248,10,2026-07-25T20:12:26.387755+00:00,,
44,cpu,model_only,1,290,1,0.006499,6.499,6499.0,153.86982612709647,10,2026-07-25T20:12:26.387755+00:00,,
44,cpu,model_only,1,291,1,0.006981,6.981,6981.0,143.2459533018192,10,2026-07-25T20:12:26.387755+00:00,,
44,cpu,model_only,1,292,1,0.006658,6.6579999999999995,6658.0,150.19525382997898,10,2026-07-25T20:12:26.387755+00:00,,
44,cpu,model_only,1,293,1,0.0065867,6.5867,6586.7,151.82109402280352,10,2026-07-25T20:12:26.387755+00:00,,
44,cpu,model_only,1,294,1,0.0068035,6.8035,6803.5,146.9831704269861,10,2026-07-25T20:12:26.387755+00:00,,
44,cpu,model_only,1,295,1,0.0064839,6.4839,6483.9,154.22816514751923,10,2026-07-25T20:12:26.387755+00:00,,
44,cpu,model_only,1,296,1,0.0068243,6.8243,6824.3,146.53517576894333,10,2026-07-25T20:12:26.387755+00:00,,
44,cpu,model_only,1,297,1,0.0064755,6.4755,6475.5,154.428229480349,10,2026-07-25T20:12:26.387755+00:00,,
44,cpu,model_only,1,298,1,0.0064628,6.4628000000000005,6462.8,154.73169524045304,10,2026-07-25T20:12:26.387755+00:00,,
44,cpu,model_only,1,299,1,0.006688,6.688000000000001,6688.0,149.52153110047846,10,2026-07-25T20:12:26.387755+00:00,,
44,cpu,model_only,1,300,1,0.0063409,6.3409,6340.9,157.70631929221403,10,2026-07-25T20:12:26.387755+00:00,,
44,cpu,model_only,1,301,1,0.0064099,6.4098999999999995,6409.9,156.008674082279,10,2026-07-25T20:12:26.387755+00:00,,
44,cpu,model_only,1,302,1,0.006165,6.165,6165.0,162.20600162206,10,2026-07-25T20:12:26.387755+00:00,,
44,cpu,model_only,1,303,1,0.0063604,6.3604,6360.400000000001,157.22281617508332,10,2026-07-25T20:12:26.387755+00:00,,
44,cpu,model_only,1,304,1,0.0070547,7.0546999999999995,7054.7,141.74947198321686,10,2026-07-25T20:12:26.387755+00:00,,
44,cpu,model_only,1,305,1,0.0063774,6.3774,6377.4,156.8037131119265,10,2026-07-25T20:12:26.387755+00:00,,
44,cpu,model_only,1,306,1,0.0064751,6.4751,6475.1,154.43776930086023,10,2026-07-25T20:12:26.387755+00:00,,
44,cpu,model_only,1,307,1,0.0061331,6.1331,6133.099999999999,163.0496812378732,10,2026-07-25T20:12:26.387755+00:00,,
44,cpu,model_only,1,308,1,0.006125,6.125,6125.0,163.26530612244898,10,2026-07-25T20:12:26.387755+00:00,,
44,cpu,model_only,1,309,1,0.0065765,6.5765,6576.5,152.0565650421957,10,2026-07-25T20:12:26.387755+00:00,,
44,cpu,model_only,1,310,1,0.0065245,6.5245,6524.5,153.26844968963138,10,2026-07-25T20:12:26.387755+00:00,,
44,cpu,model_only,1,311,1,0.0070213,7.0213,7021.3,142.42376767835015,10,2026-07-25T20:12:26.387755+00:00,,
44,cpu,model_only,1,312,1,0.0065258,6.5258,6525.8,153.23791719022955,10,2026-07-25T20:12:26.387755+00:00,,
44,cpu,model_only,1,313,1,0.0067201,6.7200999999999995,6720.099999999999,148.80730941503847,10,2026-07-25T20:12:26.387755+00:00,,
44,cpu,model_only,1,314,1,0.0067021,6.7021,6702.099999999999,149.2069649811253,10,2026-07-25T20:12:26.387755+00:00,,
44,cpu,model_only,1,315,1,0.0065444,6.5443999999999996,6544.4,152.80239594156836,10,2026-07-25T20:12:26.387755+00:00,,
44,cpu,model_only,1,316,1,0.0067694,6.7694,6769.4,147.72357963778177,10,2026-07-25T20:12:26.387755+00:00,,
44,cpu,model_only,1,317,1,0.0065402,6.5402000000000005,6540.200000000001,152.9005229197884,10,2026-07-25T20:12:26.387755+00:00,,
44,cpu,model_only,1,318,1,0.0072662,7.2661999999999995,7266.2,137.62351710660317,10,2026-07-25T20:12:26.387755+00:00,,
44,cpu,model_only,1,319,1,0.0069464,6.946400000000001,6946.400000000001,143.95946101577795,10,2026-07-25T20:12:26.387755+00:00,,
44,cpu,model_only,1,320,1,0.0066142,6.614199999999999,6614.2,151.18986423150193,10,2026-07-25T20:12:26.387755+00:00,,
44,cpu,model_only,1,321,1,0.0068821,6.8821,6882.1,145.3044855494689,10,2026-07-25T20:12:26.387755+00:00,,
44,cpu,model_only,1,322,1,0.0065189,6.5189,6518.900000000001,153.400113516084,10,2026-07-25T20:12:26.387755+00:00,,
44,cpu,model_only,1,323,1,0.0071688,7.1688,7168.8,139.49336011605848,10,2026-07-25T20:12:26.387755+00:00,,
44,cpu,model_only,1,324,1,0.0070975,7.097499999999999,7097.5,140.89468122578373,10,2026-07-25T20:12:26.387755+00:00,,
44,cpu,model_only,1,325,1,0.0066648,6.6648000000000005,6664.8,150.04201176329371,10,2026-07-25T20:12:26.387755+00:00,,
44,cpu,model_only,1,326,1,0.0071829,7.1829,7182.9,139.21953528519123,10,2026-07-25T20:12:26.387755+00:00,,
44,cpu,model_only,1,327,1,0.0071944,7.1944,7194.400000000001,138.99699766485043,10,2026-07-25T20:12:26.387755+00:00,,
44,cpu,model_only,1,328,1,0.0067462,6.7462,6746.2,148.2315970472266,10,2026-07-25T20:12:26.387755+00:00,,
44,cpu,model_only,1,329,1,0.0064734,6.4734,6473.4,154.4783266907653,10,2026-07-25T20:12:26.387755+00:00,,
44,cpu,model_only,1,330,1,0.0066002,6.6002,6600.2,151.51056028605194,10,2026-07-25T20:12:26.387755+00:00,,
44,cpu,model_only,1,331,1,0.0068789,6.878900000000001,6878.900000000001,145.37207983834625,10,2026-07-25T20:12:26.387755+00:00,,
44,cpu,model_only,1,332,1,0.0072482,7.2482,7248.2,137.9652879335559,10,2026-07-25T20:12:26.387755+00:00,,
44,cpu,model_only,1,333,1,0.0073827,7.3827,7382.7,135.45179947715604,10,2026-07-25T20:12:26.387755+00:00,,
44,cpu,model_only,1,334,1,0.0068282,6.828200000000001,6828.200000000001,146.4514806244691,10,2026-07-25T20:12:26.387755+00:00,,
44,cpu,model_only,1,335,1,0.0065598,6.5598,6559.8,152.44367206317264,10,2026-07-25T20:12:26.387755+00:00,,
44,cpu,model_only,1,336,1,0.0068908,6.8908,6890.8,145.1210309398038,10,2026-07-25T20:12:26.387755+00:00,,
44,cpu,model_only,1,337,1,0.0063934,6.3934,6393.4,156.41129915225076,10,2026-07-25T20:12:26.387755+00:00,,
44,cpu,model_only,1,338,1,0.0066452,6.6452,6645.200000000001,150.48456028411485,10,2026-07-25T20:12:26.387755+00:00,,
44,cpu,model_only,1,339,1,0.00639,6.39,6390.0,156.49452269170578,10,2026-07-25T20:12:26.387755+00:00,,
44,cpu,model_only,1,340,1,0.0064031,6.4031,6403.1,156.1743530477425,10,2026-07-25T20:12:26.387755+00:00,,
44,cpu,model_only,1,341,1,0.0066449,6.6449,6644.9,150.4913542716971,10,2026-07-25T20:12:26.387755+00:00,,
44,cpu,model_only,1,342,1,0.0064143,6.414300000000001,6414.3,155.9016572346164,10,2026-07-25T20:12:26.387755+00:00,,
44,cpu,model_only,1,343,1,0.0071369,7.1369,7136.9,140.11685745912092,10,2026-07-25T20:12:26.387755+00:00,,
44,cpu,model_only,1,344,1,0.0063769,6.3769,6376.9,156.816007778074,10,2026-07-25T20:12:26.387755+00:00,,
44,cpu,model_only,1,345,1,0.0060547,6.0546999999999995,6054.7,165.16094934513686,10,2026-07-25T20:12:26.387755+00:00,,
44,cpu,model_only,1,346,1,0.0065462,6.546200000000001,6546.200000000001,152.7603800678256,10,2026-07-25T20:12:26.387755+00:00,,
44,cpu,model_only,1,347,1,0.0065086,6.5085999999999995,6508.599999999999,153.6428725071444,10,2026-07-25T20:12:26.387755+00:00,,
44,cpu,model_only,1,348,1,0.0079718,7.971799999999999,7971.799999999999,125.44218369753382,10,2026-07-25T20:12:26.387755+00:00,,
44,cpu,model_only,1,349,1,0.0063296,6.3296,6329.6,157.98786653185036,10,2026-07-25T20:12:26.387755+00:00,,
44,cpu,model_only,1,350,1,0.0064845,6.4845,6484.5,154.21389467190994,10,2026-07-25T20:12:26.387755+00:00,,
44,cpu,model_only,1,351,1,0.0059519,5.9519,5951.900000000001,168.01357549690013,10,2026-07-25T20:12:26.387755+00:00,,
44,cpu,model_only,1,352,1,0.0061505,6.1505,6150.5,162.58840744654907,10,2026-07-25T20:12:26.387755+00:00,,
44,cpu,model_only,1,353,1,0.0070366,7.0366,7036.599999999999,142.1140891908024,10,2026-07-25T20:12:26.387755+00:00,,
44,cpu,model_only,1,354,1,0.0064384,6.438400000000001,6438.400000000001,155.31809145129225,10,2026-07-25T20:12:26.387755+00:00,,
44,cpu,model_only,1,355,1,0.0065732,6.573200000000001,6573.200000000001,152.13290330432665,10,2026-07-25T20:12:26.387755+00:00,,
44,cpu,model_only,1,356,1,0.006571,6.571,6571.0,152.18383807639628,10,2026-07-25T20:12:26.387755+00:00,,
44,cpu,model_only,1,357,1,0.0065735,6.5735,6573.5,152.12596029512434,10,2026-07-25T20:12:26.387755+00:00,,
44,cpu,model_only,1,358,1,0.0070475,7.0475,7047.5,141.8942887548776,10,2026-07-25T20:12:26.387755+00:00,,
44,cpu,model_only,1,359,1,0.0065119,6.5119,6511.900000000001,153.5650117477234,10,2026-07-25T20:12:26.387755+00:00,,
44,cpu,model_only,1,360,1,0.007224,7.224,7224.0,138.42746400885935,10,2026-07-25T20:12:26.387755+00:00,,
44,cpu,model_only,1,361,1,0.0063078,6.307799999999999,6307.799999999999,158.53387868987605,10,2026-07-25T20:12:26.387755+00:00,,
44,cpu,model_only,1,362,1,0.0066944,6.6944,6694.4,149.37858508604208,10,2026-07-25T20:12:26.387755+00:00,,
44,cpu,model_only,1,363,1,0.0066988,6.6988,6698.8,149.2804681435481,10,2026-07-25T20:12:26.387755+00:00,,
44,cpu,model_only,1,364,1,0.0060676,6.0676000000000005,6067.6,164.80980947986023,10,2026-07-25T20:12:26.387755+00:00,,
44,cpu,model_only,1,365,1,0.006271,6.271,6271.0,159.46420028703557,10,2026-07-25T20:12:26.387755+00:00,,
44,cpu,model_only,1,366,1,0.0063908,6.3908000000000005,6390.8,156.47493271577892,10,2026-07-25T20:12:26.387755+00:00,,
44,cpu,model_only,1,367,1,0.0066661,6.6661,6666.1,150.01275108384212,10,2026-07-25T20:12:26.387755+00:00,,
44,cpu,model_only,1,368,1,0.0064472,6.4472000000000005,6447.2,155.10609256731604,10,2026-07-25T20:12:26.387755+00:00,,
44,cpu,model_only,1,369,1,0.0060842,6.0842,6084.2,164.3601459518096,10,2026-07-25T20:12:26.387755+00:00,,
44,cpu,model_only,1,370,1,0.0069945,6.9944999999999995,6994.5,142.9694760168704,10,2026-07-25T20:12:26.387755+00:00,,
44,cpu,model_only,1,371,1,0.0062702,6.2702,6270.2,159.48454594749768,10,2026-07-25T20:12:26.387755+00:00,,
44,cpu,model_only,1,372,1,0.006362,6.361999999999999,6362.0,157.18327569946558,10,2026-07-25T20:12:26.387755+00:00,,
44,cpu,model_only,1,373,1,0.0063217,6.321700000000001,6321.700000000001,158.18529825837985,10,2026-07-25T20:12:26.387755+00:00,,
44,cpu,model_only,1,374,1,0.0062869,6.2869,6286.9,159.06090442030253,10,2026-07-25T20:12:26.387755+00:00,,
44,cpu,model_only,1,375,1,0.0066348,6.634799999999999,6634.799999999999,150.7204437209863,10,2026-07-25T20:12:26.387755+00:00,,
44,cpu,model_only,1,376,1,0.0060996,6.099600000000001,6099.6,163.9451767329005,10,2026-07-25T20:12:26.387755+00:00,,
44,cpu,model_only,1,377,1,0.0063284,6.328399999999999,6328.4,158.01782441059353,10,2026-07-25T20:12:26.387755+00:00,,
44,cpu,model_only,1,378,1,0.0062967,6.2966999999999995,6296.7,158.81334667365445,10,2026-07-25T20:12:26.387755+00:00,,
44,cpu,model_only,1,379,1,0.0061259,6.1259,6125.900000000001,163.241319642828,10,2026-07-25T20:12:26.387755+00:00,,
44,cpu,model_only,1,380,1,0.0062271,6.2271,6227.1,160.58839588251354,10,2026-07-25T20:12:26.387755+00:00,,
44,cpu,model_only,1,381,1,0.0060203,6.0203,6020.3,166.10467916881217,10,2026-07-25T20:12:26.387755+00:00,,
44,cpu,model_only,1,382,1,0.0061084,6.1084,6108.4,163.7089908977801,10,2026-07-25T20:12:26.387755+00:00,,
44,cpu,model_only,1,383,1,0.0063017,6.3017,6301.700000000001,158.68733833727407,10,2026-07-25T20:12:26.387755+00:00,,
44,cpu,model_only,1,384,1,0.0063411,6.3411,6341.099999999999,157.7013451924745,10,2026-07-25T20:12:26.387755+00:00,,
44,cpu,model_only,1,385,1,0.0063988,6.3988,6398.799999999999,156.27930236919423,10,2026-07-25T20:12:26.387755+00:00,,
44,cpu,model_only,1,386,1,0.006302,6.3020000000000005,6302.0,158.67978419549348,10,2026-07-25T20:12:26.387755+00:00,,
44,cpu,model_only,1,387,1,0.0066069,6.6068999999999996,6606.9,151.35691474064993,10,2026-07-25T20:12:26.387755+00:00,,
44,cpu,model_only,1,388,1,0.0066679,6.6679,6667.9,149.97225513280043,10,2026-07-25T20:12:26.387755+00:00,,
44,cpu,model_only,1,389,1,0.0064827,6.4827,6482.7,154.25671402347788,10,2026-07-25T20:12:26.387755+00:00,,
44,cpu,model_only,1,390,1,0.0082105,8.210500000000001,8210.5,121.7952621643018,10,2026-07-25T20:12:26.387755+00:00,,
44,cpu,model_only,1,391,1,0.0065122,6.5122,6512.2,153.5579374097847,10,2026-07-25T20:12:26.387755+00:00,,
44,cpu,model_only,1,392,1,0.0065921,6.5921,6592.1,151.69672790157915,10,2026-07-25T20:12:26.387755+00:00,,
44,cpu,model_only,1,393,1,0.0061836,6.1836,6183.6,161.7180930202471,10,2026-07-25T20:12:26.387755+00:00,,
44,cpu,model_only,1,394,1,0.006375,6.375,6375.0,156.86274509803923,10,2026-07-25T20:12:26.387755+00:00,,
44,cpu,model_only,1,395,1,0.0067993,6.799300000000001,6799.3,147.07396349624224,10,2026-07-25T20:12:26.387755+00:00,,
44,cpu,model_only,1,396,1,0.0064582,6.4582,6458.2,154.84190641355175,10,2026-07-25T20:12:26.387755+00:00,,
44,cpu,model_only,1,397,1,0.0070217,7.0217,7021.7,142.41565432872383,10,2026-07-25T20:12:26.387755+00:00,,
44,cpu,model_only,1,398,1,0.0059648,5.9648,5964.8,167.65021459227466,10,2026-07-25T20:12:26.387755+00:00,,
44,cpu,model_only,1,399,1,0.0062648,6.2648,6264.8,159.62201506831823,10,2026-07-25T20:12:26.387755+00:00,,
44,cpu,model_only,1,400,1,0.0073329,7.3328999999999995,7332.9,136.37169469104992,10,2026-07-25T20:12:26.387755+00:00,,
44,cpu,model_only,1,401,1,0.0062733,6.2733,6273.3,159.40573541836036,10,2026-07-25T20:12:26.387755+00:00,,
44,cpu,model_only,1,402,1,0.0070511,7.0511,7051.1,141.82184340032052,10,2026-07-25T20:12:26.387755+00:00,,
44,cpu,model_only,1,403,1,0.0063843,6.3843,6384.3,156.63424337828735,10,2026-07-25T20:12:26.387755+00:00,,
44,cpu,model_only,1,404,1,0.0066607,6.6607,6660.700000000001,150.13437026138394,10,2026-07-25T20:12:26.387755+00:00,,
44,cpu,model_only,1,405,1,0.0064225,6.4225,6422.5,155.70260801868432,10,2026-07-25T20:12:26.387755+00:00,,
44,cpu,model_only,1,406,1,0.0061392,6.1392,6139.2,162.88767266093302,10,2026-07-25T20:12:26.387755+00:00,,
44,cpu,model_only,1,407,1,0.006444,6.444,6444.0,155.18311607697083,10,2026-07-25T20:12:26.387755+00:00,,
44,cpu,model_only,1,408,1,0.0063604,6.3604,6360.400000000001,157.22281617508332,10,2026-07-25T20:12:26.387755+00:00,,
44,cpu,model_only,1,409,1,0.0065082,6.5081999999999995,6508.2,153.6523155403952,10,2026-07-25T20:12:26.387755+00:00,,
44,cpu,model_only,1,410,1,0.006156,6.156,6156.0,162.44314489928524,10,2026-07-25T20:12:26.387755+00:00,,
44,cpu,model_only,1,411,1,0.006293,6.293,6293.0,158.90672175433022,10,2026-07-25T20:12:26.387755+00:00,,
44,cpu,model_only,1,412,1,0.0065818,6.581799999999999,6581.799999999999,151.93412136497616,10,2026-07-25T20:12:26.387755+00:00,,
44,cpu,model_only,1,413,1,0.0075508,7.5508,7550.8,132.43629814059437,10,2026-07-25T20:12:26.387755+00:00,,
44,cpu,model_only,1,414,1,0.0074144,7.4144,7414.4,134.87268018990073,10,2026-07-25T20:12:26.387755+00:00,,
44,cpu,model_only,1,415,1,0.0068884,6.8884,6888.400000000001,145.17159282271643,10,2026-07-25T20:12:26.387755+00:00,,
44,cpu,model_only,1,416,1,0.0062901,6.2901,6290.099999999999,158.97998441996154,10,2026-07-25T20:12:26.387755+00:00,,
44,cpu,model_only,1,417,1,0.0063238,6.3238,6323.8,158.13276827224138,10,2026-07-25T20:12:26.387755+00:00,,
44,cpu,model_only,1,418,1,0.0060423,6.0423,6042.299999999999,165.49989242506993,10,2026-07-25T20:12:26.387755+00:00,,
44,cpu,model_only,1,419,1,0.0064043,6.4043,6404.3,156.1450900176444,10,2026-07-25T20:12:26.387755+00:00,,
44,cpu,model_only,1,420,1,0.0061806,6.180599999999999,6180.599999999999,161.79658932789698,10,2026-07-25T20:12:26.387755+00:00,,
44,cpu,model_only,1,421,1,0.0059678,5.9677999999999995,5967.799999999999,167.56593719628674,10,2026-07-25T20:12:26.387755+00:00,,
44,cpu,model_only,1,422,1,0.0063438,6.3438,6343.8,157.6342255430499,10,2026-07-25T20:12:26.387755+00:00,,
44,cpu,model_only,1,423,1,0.0063086,6.3086,6308.6,158.5137748470342,10,2026-07-25T20:12:26.387755+00:00,,
44,cpu,model_only,1,424,1,0.0062598,6.2598,6259.8,159.74951276398608,10,2026-07-25T20:12:26.387755+00:00,,
44,cpu,model_only,1,425,1,0.0067362,6.7362,6736.200000000001,148.45164929782368,10,2026-07-25T20:12:26.387755+00:00,,
44,cpu,model_only,1,426,1,0.0066994,6.699400000000001,6699.400000000001,149.26709854613844,10,2026-07-25T20:12:26.387755+00:00,,
44,cpu,model_only,1,427,1,0.0067814,6.7814,6781.4,147.46217595186835,10,2026-07-25T20:12:26.387755+00:00,,
44,cpu,model_only,1,428,1,0.0064148,6.4148,6414.8,155.8895055184885,10,2026-07-25T20:12:26.387755+00:00,,
44,cpu,model_only,1,429,1,0.006608,6.6080000000000005,6608.0,151.3317191283293,10,2026-07-25T20:12:26.387755+00:00,,
44,cpu,model_only,1,430,1,0.0064929,6.492900000000001,6492.900000000001,154.01438494355372,10,2026-07-25T20:12:26.387755+00:00,,
44,cpu,model_only,1,431,1,0.0064937,6.4937,6493.7,153.9954109367541,10,2026-07-25T20:12:26.387755+00:00,,
44,cpu,model_only,1,432,1,0.0068108,6.8107999999999995,6810.799999999999,146.8256298819522,10,2026-07-25T20:12:26.387755+00:00,,
44,cpu,model_only,1,433,1,0.0060751,6.0751,6075.1,164.606343928495,10,2026-07-25T20:12:26.387755+00:00,,
44,cpu,model_only,1,434,1,0.00651,6.51,6510.0,153.60983102918587,10,2026-07-25T20:12:26.387755+00:00,,
44,cpu,model_only,1,435,1,0.0063972,6.3972,6397.2,156.3183892953167,10,2026-07-25T20:12:26.387755+00:00,,
44,cpu,model_only,1,436,1,0.0065252,6.5252,6525.2,153.25200760129957,10,2026-07-25T20:12:26.387755+00:00,,
44,cpu,model_only,1,437,1,0.0071379,7.1379,7137.9,140.09722747586827,10,2026-07-25T20:12:26.387755+00:00,,
44,cpu,model_only,1,438,1,0.0065876,6.5876,6587.599999999999,151.80035217681706,10,2026-07-25T20:12:26.387755+00:00,,
44,cpu,model_only,1,439,1,0.0068318,6.831799999999999,6831.8,146.3743083813929,10,2026-07-25T20:12:26.387755+00:00,,
44,cpu,model_only,1,440,1,0.0065039,6.5039,6503.9,153.7539015052507,10,2026-07-25T20:12:26.387755+00:00,,
44,cpu,model_only,1,441,1,0.0067617,6.7617,6761.7,147.89180235739533,10,2026-07-25T20:12:26.387755+00:00,,
44,cpu,model_only,1,442,1,0.0065342,6.5342,6534.200000000001,153.04092314284838,10,2026-07-25T20:12:26.387755+00:00,,
44,cpu,model_only,1,443,1,0.0065803,6.5803,6580.3,151.96875522392597,10,2026-07-25T20:12:26.387755+00:00,,
44,cpu,model_only,1,444,1,0.0067027,6.7027,6702.7,149.1936085458099,10,2026-07-25T20:12:26.387755+00:00,,
44,cpu,model_only,1,445,1,0.0065443,6.544300000000001,6544.3,152.80473083446662,10,2026-07-25T20:12:26.387755+00:00,,
44,cpu,model_only,1,446,1,0.0069964,6.9963999999999995,6996.4,142.93065004859642,10,2026-07-25T20:12:26.387755+00:00,,
44,cpu,model_only,1,447,1,0.0063703,6.370299999999999,6370.3,156.97847825063184,10,2026-07-25T20:12:26.387755+00:00,,
44,cpu,model_only,1,448,1,0.0061852,6.1852,6185.2,161.67625945806117,10,2026-07-25T20:12:26.387755+00:00,,
44,cpu,model_only,1,449,1,0.0067293,6.729299999999999,6729.299999999999,148.60386667261082,10,2026-07-25T20:12:26.387755+00:00,,
44,cpu,model_only,1,450,1,0.0062524,6.2524,6252.4,159.93858358390378,10,2026-07-25T20:12:26.387755+00:00,,
44,cpu,model_only,1,451,1,0.0066833,6.6833,6683.299999999999,149.6266814298326,10,2026-07-25T20:12:26.387755+00:00,,
44,cpu,model_only,1,452,1,0.0064656,6.4656,6465.6,154.6646869586736,10,2026-07-25T20:12:26.387755+00:00,,
44,cpu,model_only,1,453,1,0.0065279,6.5279,6527.9,153.18862114922104,10,2026-07-25T20:12:26.387755+00:00,,
44,cpu,model_only,1,454,1,0.0071703,7.1703,7170.3,139.46417862572,10,2026-07-25T20:12:26.387755+00:00,,
44,cpu,model_only,1,455,1,0.0065252,6.5252,6525.2,153.25200760129957,10,2026-07-25T20:12:26.387755+00:00,,
44,cpu,model_only,1,456,1,0.0072502,7.2502,7250.2,137.92722959366637,10,2026-07-25T20:12:26.387755+00:00,,
44,cpu,model_only,1,457,1,0.0061045,6.1045,6104.5,163.8135801457941,10,2026-07-25T20:12:26.387755+00:00,,
44,cpu,model_only,1,458,1,0.0062457,6.2457,6245.7,160.11015578718158,10,2026-07-25T20:12:26.387755+00:00,,
44,cpu,model_only,1,459,1,0.0064686,6.4685999999999995,6468.599999999999,154.5929567448907,10,2026-07-25T20:12:26.387755+00:00,,
44,cpu,model_only,1,460,1,0.0063464,6.3464,6346.400000000001,157.56964578343627,10,2026-07-25T20:12:26.387755+00:00,,
44,cpu,model_only,1,461,1,0.0074223,7.4223,7422.3,134.72912708998558,10,2026-07-25T20:12:26.387755+00:00,,
44,cpu,model_only,1,462,1,0.0065445,6.5445,6544.5,152.80006112002445,10,2026-07-25T20:12:26.387755+00:00,,
44,cpu,model_only,1,463,1,0.006914,6.914,6914.0,144.6340757882557,10,2026-07-25T20:12:26.387755+00:00,,
44,cpu,model_only,1,464,1,0.0066219,6.6219,6621.9,151.01405940893096,10,2026-07-25T20:12:26.387755+00:00,,
44,cpu,model_only,1,465,1,0.0069441,6.9441,6944.1,144.0071427542806,10,2026-07-25T20:12:26.387755+00:00,,
44,cpu,model_only,1,466,1,0.007027,7.027,7027.0,142.30823964707557,10,2026-07-25T20:12:26.387755+00:00,,
44,cpu,model_only,1,467,1,0.0062919,6.291899999999999,6291.9,158.9345030912761,10,2026-07-25T20:12:26.387755+00:00,,
44,cpu,model_only,1,468,1,0.0068045,6.8045,6804.5,146.9615695495628,10,2026-07-25T20:12:26.387755+00:00,,
44,cpu,model_only,1,469,1,0.0064173,6.4173,6417.3,155.8287753416546,10,2026-07-25T20:12:26.387755+00:00,,
44,cpu,model_only,1,470,1,0.0073162,7.3162,7316.2,136.6829775019819,10,2026-07-25T20:12:26.387755+00:00,,
44,cpu,model_only,1,471,1,0.0064746,6.4746,6474.599999999999,154.4496957340994,10,2026-07-25T20:12:26.387755+00:00,,
44,cpu,model_only,1,472,1,0.006498,6.498,6498.0,153.8935056940597,10,2026-07-25T20:12:26.387755+00:00,,
44,cpu,model_only,1,473,1,0.0068642,6.8642,6864.2,145.68340083330907,10,2026-07-25T20:12:26.387755+00:00,,
44,cpu,model_only,1,474,1,0.006292,6.292,6292.0,158.9319771137953,10,2026-07-25T20:12:26.387755+00:00,,
44,cpu,model_only,1,475,1,0.0069317,6.9317,6931.7,144.26475467778468,10,2026-07-25T20:12:26.387755+00:00,,
44,cpu,model_only,1,476,1,0.0066914,6.6914,6691.400000000001,149.44555698359088,10,2026-07-25T20:12:26.387755+00:00,,
44,cpu,model_only,1,477,1,0.0068944,6.8944,6894.400000000001,145.0452541192852,10,2026-07-25T20:12:26.387755+00:00,,
44,cpu,model_only,1,478,1,0.0062609,6.2608999999999995,6260.9,159.72144579852738,10,2026-07-25T20:12:26.387755+00:00,,
44,cpu,model_only,1,479,1,0.0063877,6.3877,6387.7,156.55087120559827,10,2026-07-25T20:12:26.387755+00:00,,
44,cpu,model_only,1,480,1,0.0066591,6.6591000000000005,6659.1,150.1704434533195,10,2026-07-25T20:12:26.387755+00:00,,
44,cpu,model_only,1,481,1,0.0064762,6.4761999999999995,6476.2,154.41153763009171,10,2026-07-25T20:12:26.387755+00:00,,
44,cpu,model_only,1,482,1,0.0069016,6.9016,6901.6,144.89393763764923,10,2026-07-25T20:12:26.387755+00:00,,
44,cpu,model_only,1,483,1,0.0064633,6.4633,6463.3,154.719725217768,10,2026-07-25T20:12:26.387755+00:00,,
44,cpu,model_only,1,484,1,0.0063914,6.3914,6391.400000000001,156.4602434521388,10,2026-07-25T20:12:26.387755+00:00,,
44,cpu,model_only,1,485,1,0.00648,6.4799999999999995,6480.0,154.320987654321,10,2026-07-25T20:12:26.387755+00:00,,
44,cpu,model_only,1,486,1,0.0063283,6.3283000000000005,6328.3,158.02032141333376,10,2026-07-25T20:12:26.387755+00:00,,
44,cpu,model_only,1,487,1,0.0068857,6.8857,6885.7,145.22851707161217,10,2026-07-25T20:12:26.387755+00:00,,
44,cpu,model_only,1,488,1,0.0067684,6.7684,6768.4,147.74540511790084,10,2026-07-25T20:12:26.387755+00:00,,
44,cpu,model_only,1,489,1,0.0067998,6.7998,6799.8,147.0631489161446,10,2026-07-25T20:12:26.387755+00:00,,
44,cpu,model_only,1,490,1,0.006704,6.704,6704.0,149.16467780429593,10,2026-07-25T20:12:26.387755+00:00,,
44,cpu,model_only,1,491,1,0.0065282,6.5282,6528.2,153.18158144664687,10,2026-07-25T20:12:26.387755+00:00,,
44,cpu,model_only,1,492,1,0.0067495,6.7495,6749.5,148.15912289799243,10,2026-07-25T20:12:26.387755+00:00,,
44,cpu,model_only,1,493,1,0.0076348,7.634799999999999,7634.8,130.97920050296014,10,2026-07-25T20:12:26.387755+00:00,,
44,cpu,model_only,1,494,1,0.007084,7.084,7084.0,141.1631846414455,10,2026-07-25T20:12:26.387755+00:00,,
44,cpu,model_only,1,495,1,0.006615,6.615,6615.0,151.17157974300832,10,2026-07-25T20:12:26.387755+00:00,,
44,cpu,model_only,1,496,1,0.0069454,6.9454,6945.4,143.98018832608633,10,2026-07-25T20:12:26.387755+00:00,,
44,cpu,model_only,1,497,1,0.0070151,7.0150999999999994,7015.099999999999,142.5496429131445,10,2026-07-25T20:12:26.387755+00:00,,
44,cpu,model_only,1,498,1,0.006613,6.6129999999999995,6613.0,151.21729925903523,10,2026-07-25T20:12:26.387755+00:00,,
44,cpu,model_only,1,499,1,0.0067469,6.7469,6746.900000000001,148.2162178185537,10,2026-07-25T20:12:26.387755+00:00,,
44,cpu,model_only,1,500,1,0.006805,6.805000000000001,6805.0,146.9507714915503,10,2026-07-25T20:12:26.387755+00:00,,
44,cpu,model_only,1,501,1,0.0061941,6.1941,6194.1,161.4439547311151,10,2026-07-25T20:12:26.387755+00:00,,
44,cpu,model_only,1,502,1,0.0064342,6.434200000000001,6434.2,155.4194771688788,10,2026-07-25T20:12:26.387755+00:00,,
44,cpu,model_only,1,503,1,0.0062457,6.2457,6245.7,160.11015578718158,10,2026-07-25T20:12:26.387755+00:00,,
44,cpu,model_only,1,504,1,0.0065305,6.5305,6530.5,153.12763188117296,10,2026-07-25T20:12:26.387755+00:00,,
44,cpu,model_only,1,505,1,0.0062853,6.285299999999999,6285.3,159.10139531923696,10,2026-07-25T20:12:26.387755+00:00,,
44,cpu,model_only,1,506,1,0.0062693,6.2693,6269.3,159.5074410221237,10,2026-07-25T20:12:26.387755+00:00,,
44,cpu,model_only,1,507,1,0.0071198,7.1198,7119.8,140.45338352200903,10,2026-07-25T20:12:26.387755+00:00,,
44,cpu,model_only,1,508,1,0.0063788,6.378799999999999,6378.799999999999,156.76929830062082,10,2026-07-25T20:12:26.387755+00:00,,
44,cpu,model_only,1,509,1,0.0069779,6.9779,6977.900000000001,143.3095917109732,10,2026-07-25T20:12:26.387755+00:00,,
44,cpu,model_only,1,510,1,0.0064379,6.4379,6437.9,155.33015424284318,10,2026-07-25T20:12:26.387755+00:00,,
44,cpu,model_only,1,511,1,0.0065831,6.5831,6583.099999999999,151.90411812064227,10,2026-07-25T20:12:26.387755+00:00,,
44,cpu,model_only,1,512,1,0.0074353,7.4353,7435.299999999999,134.4935644829395,10,2026-07-25T20:12:26.387755+00:00,,
44,cpu,model_only,1,513,1,0.0062381,6.2381,6238.099999999999,160.30522114105256,10,2026-07-25T20:12:26.387755+00:00,,
44,cpu,model_only,1,514,1,0.0063394,6.3394,6339.400000000001,157.74363504432594,10,2026-07-25T20:12:26.387755+00:00,,
44,cpu,model_only,1,515,1,0.0062837,6.2837,6283.7,159.14190683832774,10,2026-07-25T20:12:26.387755+00:00,,
44,cpu,model_only,1,516,1,0.0061266,6.126600000000001,6126.6,163.2226683641824,10,2026-07-25T20:12:26.387755+00:00,,
44,cpu,model_only,1,517,1,0.0068938,6.893800000000001,6893.8,145.05787809335925,10,2026-07-25T20:12:26.387755+00:00,,
44,cpu,model_only,1,518,1,0.0066642,6.6642,6664.200000000001,150.05552054260076,10,2026-07-25T20:12:26.387755+00:00,,
44,cpu,model_only,1,519,1,0.006742,6.742,6742.0,148.3239394838327,10,2026-07-25T20:12:26.387755+00:00,,
44,cpu,model_only,1,520,1,0.0064744,6.4744,6474.4,154.45446682318052,10,2026-07-25T20:12:26.387755+00:00,,
44,cpu,model_only,1,521,1,0.0070977,7.097700000000001,7097.7,140.8907110754188,10,2026-07-25T20:12:26.387755+00:00,,
44,cpu,model_only,1,522,1,0.00709,7.09,7090.0,141.04372355430183,10,2026-07-25T20:12:26.387755+00:00,,
44,cpu,model_only,1,523,1,0.006431,6.431,6431.0,155.49681231534754,10,2026-07-25T20:12:26.387755+00:00,,
44,cpu,model_only,1,524,1,0.0074766,7.4765999999999995,7476.6,133.75063531551774,10,2026-07-25T20:12:26.387755+00:00,,
44,cpu,model_only,1,525,1,0.0064622,6.4622,6462.200000000001,154.74606171272941,10,2026-07-25T20:12:26.387755+00:00,,
44,cpu,model_only,1,526,1,0.0069059,6.905900000000001,6905.900000000001,144.8037185594926,10,2026-07-25T20:12:26.387755+00:00,,
44,cpu,model_only,1,527,1,0.0065474,6.5474,6547.400000000001,152.7323823196994,10,2026-07-25T20:12:26.387755+00:00,,
44,cpu,model_only,1,528,1,0.0067835,6.783499999999999,6783.5,147.4165253924965,10,2026-07-25T20:12:26.387755+00:00,,
44,cpu,model_only,1,529,1,0.0066656,6.6655999999999995,6665.599999999999,150.0240038406145,10,2026-07-25T20:12:26.387755+00:00,,
44,cpu,model_only,1,530,1,0.0065103,6.5103,6510.3,153.6027525613259,10,2026-07-25T20:12:26.387755+00:00,,
44,cpu,model_only,1,531,1,0.0072602,7.260199999999999,7260.2,137.7372524172888,10,2026-07-25T20:12:26.387755+00:00,,
44,cpu,model_only,1,532,1,0.0065756,6.5756,6575.6,152.07737696940202,10,2026-07-25T20:12:26.387755+00:00,,
44,cpu,model_only,1,533,1,0.0066477,6.6477,6647.700000000001,150.42796756773018,10,2026-07-25T20:12:26.387755+00:00,,
44,cpu,model_only,1,534,1,0.006468,6.468,6468.0,154.60729746444034,10,2026-07-25T20:12:26.387755+00:00,,
44,cpu,model_only,1,535,1,0.0066357,6.6357,6635.7,150.70000150700002,10,2026-07-25T20:12:26.387755+00:00,,
44,cpu,model_only,1,536,1,0.0066155,6.6155,6615.5,151.16015418335726,10,2026-07-25T20:12:26.387755+00:00,,
44,cpu,model_only,1,537,1,0.0065264,6.5264,6526.4,153.22382936994362,10,2026-07-25T20:12:26.387755+00:00,,
44,cpu,model_only,1,538,1,0.0071439,7.1438999999999995,7143.9,139.97956298380436,10,2026-07-25T20:12:26.387755+00:00,,
44,cpu,model_only,1,539,1,0.0063302,6.3302000000000005,6330.2,157.97289185175822,10,2026-07-25T20:12:26.387755+00:00,,
44,cpu,model_only,1,540,1,0.0071261,7.1261,7126.099999999999,140.3292123321312,10,2026-07-25T20:12:26.387755+00:00,,
44,cpu,model_only,1,541,1,0.0066706,6.670599999999999,6670.599999999999,149.91155218421133,10,2026-07-25T20:12:26.387755+00:00,,
44,cpu,model_only,1,542,1,0.0065902,6.5902,6590.2,151.7404631118934,10,2026-07-25T20:12:26.387755+00:00,,
44,cpu,model_only,1,543,1,0.0068119,6.8119000000000005,6811.9,146.80192016911582,10,2026-07-25T20:12:26.387755+00:00,,
44,cpu,model_only,1,544,1,0.0065122,6.5122,6512.2,153.5579374097847,10,2026-07-25T20:12:26.387755+00:00,,
44,cpu,model_only,1,545,1,0.0072885,7.2885,7288.5,137.20244220347124,10,2026-07-25T20:12:26.387755+00:00,,
44,cpu,model_only,1,546,1,0.0063919,6.3919,6391.9,156.44800450570253,10,2026-07-25T20:12:26.387755+00:00,,
44,cpu,model_only,1,547,1,0.006699,6.699,6699.0,149.27601134497687,10,2026-07-25T20:12:26.387755+00:00,,
44,cpu,model_only,1,548,1,0.0061979,6.1979,6197.900000000001,161.34497168395745,10,2026-07-25T20:12:26.387755+00:00,,
44,cpu,model_only,1,549,1,0.0065721,6.5721,6572.1,152.15836642777802,10,2026-07-25T20:12:26.387755+00:00,,
44,cpu,model_only,1,550,1,0.0068958,6.8957999999999995,6895.799999999999,145.0158067229328,10,2026-07-25T20:12:26.387755+00:00,,
44,cpu,model_only,1,551,1,0.006473,6.473,6473.0,154.4878727019929,10,2026-07-25T20:12:26.387755+00:00,,
44,cpu,model_only,1,552,1,0.0073046,7.3046,7304.599999999999,136.90003559400927,10,2026-07-25T20:12:26.387755+00:00,,
44,cpu,model_only,1,553,1,0.006462,6.462,6462.0,154.75085112968122,10,2026-07-25T20:12:26.387755+00:00,,
44,cpu,model_only,1,554,1,0.0061505,6.1505,6150.5,162.58840744654907,10,2026-07-25T20:12:26.387755+00:00,,
44,cpu,model_only,1,555,1,0.0062804,6.2804,6280.400000000001,159.2255270364945,10,2026-07-25T20:12:26.387755+00:00,,
44,cpu,model_only,1,556,1,0.0064973,6.4973,6497.3,153.91008572791776,10,2026-07-25T20:12:26.387755+00:00,,
44,cpu,model_only,1,557,1,0.0071654,7.1654,7165.4,139.55955006001062,10,2026-07-25T20:12:26.387755+00:00,,
44,cpu,model_only,1,558,1,0.0065347,6.5347,6534.7,153.02921327681454,10,2026-07-25T20:12:26.387755+00:00,,
44,cpu,model_only,1,559,1,0.0069034,6.9033999999999995,6903.4,144.85615783526958,10,2026-07-25T20:12:26.387755+00:00,,
44,cpu,model_only,1,560,1,0.0069705,6.9705,6970.5,143.4617315831002,10,2026-07-25T20:12:26.387755+00:00,,
44,cpu,model_only,1,561,1,0.00604,6.04,6040.0,165.56291390728475,10,2026-07-25T20:12:26.387755+00:00,,
44,cpu,model_only,1,562,1,0.0063108,6.3108,6310.8,158.45851556062624,10,2026-07-25T20:12:26.387755+00:00,,
44,cpu,model_only,1,563,1,0.0062363,6.2363,6236.3,160.3514904671039,10,2026-07-25T20:12:26.387755+00:00,,
44,cpu,model_only,1,564,1,0.0063225,6.3225,6322.5,158.16528272044286,10,2026-07-25T20:12:26.387755+00:00,,
44,cpu,model_only,1,565,1,0.0062754,6.2754,6275.400000000001,159.3523918794021,10,2026-07-25T20:12:26.387755+00:00,,
44,cpu,model_only,1,566,1,0.006375,6.375,6375.0,156.86274509803923,10,2026-07-25T20:12:26.387755+00:00,,
44,cpu,model_only,1,567,1,0.0071224,7.1224,7122.4,140.40211164775917,10,2026-07-25T20:12:26.387755+00:00,,
44,cpu,model_only,1,568,1,0.0061609,6.160900000000001,6160.900000000001,162.31394763752047,10,2026-07-25T20:12:26.387755+00:00,,
44,cpu,model_only,1,569,1,0.0063642,6.3642,6364.200000000001,157.1289400081707,10,2026-07-25T20:12:26.387755+00:00,,
44,cpu,model_only,1,570,1,0.00668,6.680000000000001,6680.0,149.7005988023952,10,2026-07-25T20:12:26.387755+00:00,,
44,cpu,model_only,1,571,1,0.0067083,6.7083,6708.3,149.0690636972109,10,2026-07-25T20:12:26.387755+00:00,,
44,cpu,model_only,1,572,1,0.006888,6.888,6888.0,145.18002322880372,10,2026-07-25T20:12:26.387755+00:00,,
44,cpu,model_only,1,573,1,0.0073266,7.3266,7326.6,136.4889580432943,10,2026-07-25T20:12:26.387755+00:00,,
44,cpu,model_only,1,574,1,0.0073448,7.3448,7344.8,136.15074610608866,10,2026-07-25T20:12:26.387755+00:00,,
44,cpu,model_only,1,575,1,0.0071267,7.1267,7126.7,140.31739795417235,10,2026-07-25T20:12:26.387755+00:00,,
44,cpu,model_only,1,576,1,0.0063955,6.3955,6395.5,156.35994058322257,10,2026-07-25T20:12:26.387755+00:00,,
44,cpu,model_only,1,577,1,0.0063718,6.3718,6371.8,156.941523588311,10,2026-07-25T20:12:26.387755+00:00,,
44,cpu,model_only,1,578,1,0.0062623,6.2623,6262.3,159.68573846669753,10,2026-07-25T20:12:26.387755+00:00,,
44,cpu,model_only,1,579,1,0.0065082,6.5081999999999995,6508.2,153.6523155403952,10,2026-07-25T20:12:26.387755+00:00,,
44,cpu,model_only,1,580,1,0.0062874,6.2874,6287.400000000001,159.04825524064,10,2026-07-25T20:12:26.387755+00:00,,
44,cpu,model_only,1,581,1,0.0063588,6.3588000000000005,6358.8,157.2623765490344,10,2026-07-25T20:12:26.387755+00:00,,
44,cpu,model_only,1,582,1,0.0065879,6.587899999999999,6587.9,151.79343948754536,10,2026-07-25T20:12:26.387755+00:00,,
44,cpu,model_only,1,583,1,0.0065358,6.535799999999999,6535.799999999999,153.00345787814805,10,2026-07-25T20:12:26.387755+00:00,,
44,cpu,model_only,1,584,1,0.0067021,6.7021,6702.099999999999,149.2069649811253,10,2026-07-25T20:12:26.387755+00:00,,
44,cpu,model_only,1,585,1,0.0064598,6.4597999999999995,6459.8,154.8035542896065,10,2026-07-25T20:12:26.387755+00:00,,
44,cpu,model_only,1,586,1,0.0066108,6.6108,6610.8,151.267622678042,10,2026-07-25T20:12:26.387755+00:00,,
44,cpu,model_only,1,587,1,0.0064828,6.4828,6482.8,154.25433454680075,10,2026-07-25T20:12:26.387755+00:00,,
44,cpu,model_only,1,588,1,0.006465,6.465,6465.0,154.67904098994586,10,2026-07-25T20:12:26.387755+00:00,,
44,cpu,model_only,1,589,1,0.0070675,7.0675,7067.5,141.49274849663954,10,2026-07-25T20:12:26.387755+00:00,,
44,cpu,model_only,1,590,1,0.006217,6.2170000000000005,6217.0,160.8492842206852,10,2026-07-25T20:12:26.387755+00:00,,
44,cpu,model_only,1,591,1,0.0061337,6.1337,6133.7,163.0337316790844,10,2026-07-25T20:12:26.387755+00:00,,
44,cpu,model_only,1,592,1,0.0059959,5.9959,5995.900000000001,166.78063343284578,10,2026-07-25T20:12:26.387755+00:00,,
44,cpu,model_only,1,593,1,0.0059654,5.9654,5965.4,167.63335233177992,10,2026-07-25T20:12:26.387755+00:00,,
44,cpu,model_only,1,594,1,0.0067509,6.7509,6750.9,148.12839769512215,10,2026-07-25T20:12:26.387755+00:00,,
44,cpu,model_only,1,595,1,0.00621,6.21,6210.0,161.0305958132045,10,2026-07-25T20:12:26.387755+00:00,,
44,cpu,model_only,1,596,1,0.0067007,6.7007,6700.700000000001,149.23813929887922,10,2026-07-25T20:12:26.387755+00:00,,
44,cpu,model_only,1,597,1,0.0070343,7.0343,7034.3,142.1605561320956,10,2026-07-25T20:12:26.387755+00:00,,
44,cpu,model_only,1,598,1,0.0065718,6.5718,6571.8,152.16531239538634,10,2026-07-25T20:12:26.387755+00:00,,
44,cpu,model_only,1,599,1,0.0071479,7.1479,7147.9,139.90122973180934,10,2026-07-25T20:12:26.387755+00:00,,
44,cpu,model_only,1,600,1,0.0064401,6.4401,6440.099999999999,155.27709197062157,10,2026-07-25T20:12:26.387755+00:00,,
44,cpu,model_only,1,601,1,0.0067497,6.7497,6749.7,148.15473280293938,10,2026-07-25T20:12:26.387755+00:00,,
44,cpu,model_only,1,602,1,0.0065661,6.5661000000000005,6566.1,152.29740637516943,10,2026-07-25T20:12:26.387755+00:00,,
44,cpu,model_only,1,603,1,0.0068721,6.8721,6872.1,145.51592671817932,10,2026-07-25T20:12:26.387755+00:00,,
44,cpu,model_only,1,604,1,0.006754,6.754,6754.0,148.06040864672786,10,2026-07-25T20:12:26.387755+00:00,,
44,cpu,model_only,1,605,1,0.0062488,6.248799999999999,6248.799999999999,160.0307258993727,10,2026-07-25T20:12:26.387755+00:00,,
44,cpu,model_only,1,606,1,0.0065478,6.5478000000000005,6547.8,152.7230520174715,10,2026-07-25T20:12:26.387755+00:00,,
44,cpu,model_only,1,607,1,0.0062271,6.2271,6227.1,160.58839588251354,10,2026-07-25T20:12:26.387755+00:00,,
44,cpu,model_only,1,608,1,0.006159,6.159000000000001,6159.0,162.3640201331385,10,2026-07-25T20:12:26.387755+00:00,,
44,cpu,model_only,1,609,1,0.0060874,6.0874,6087.4,164.27374576995106,10,2026-07-25T20:12:26.387755+00:00,,
44,cpu,model_only,1,610,1,0.0061398,6.1398,6139.8,162.871754780286,10,2026-07-25T20:12:26.387755+00:00,,
44,cpu,model_only,1,611,1,0.0069179,6.9179,6917.900000000001,144.5525376197979,10,2026-07-25T20:12:26.387755+00:00,,
44,cpu,model_only,1,612,1,0.0066175,6.6175,6617.5,151.1144692104269,10,2026-07-25T20:12:26.387755+00:00,,
44,cpu,model_only,1,613,1,0.0064875,6.4875,6487.5,154.1425818882466,10,2026-07-25T20:12:26.387755+00:00,,
44,cpu,model_only,1,614,1,0.0066107,6.6107,6610.7,151.26991090202247,10,2026-07-25T20:12:26.387755+00:00,,
44,cpu,model_only,1,615,1,0.0060433,6.0432999999999995,6043.299999999999,165.47250674300466,10,2026-07-25T20:12:26.387755+00:00,,
44,cpu,model_only,1,616,1,0.006509,6.509,6509.0,153.63343063450606,10,2026-07-25T20:12:26.387755+00:00,,
44,cpu,model_only,1,617,1,0.0064805,6.4805,6480.5,154.3090810894221,10,2026-07-25T20:12:26.387755+00:00,,
44,cpu,model_only,1,618,1,0.0069314,6.9314,6931.4,144.2709986438526,10,2026-07-25T20:12:26.387755+00:00,,
44,cpu,model_only,1,619,1,0.0066431,6.6431,6643.099999999999,150.53213108337974,10,2026-07-25T20:12:26.387755+00:00,,
44,cpu,model_only,1,620,1,0.0065139,6.5139000000000005,6513.900000000001,153.5178618032208,10,2026-07-25T20:12:26.387755+00:00,,
44,cpu,model_only,1,621,1,0.0067033,6.7033,6703.299999999999,149.18025450151418,10,2026-07-25T20:12:26.387755+00:00,,
44,cpu,model_only,1,622,1,0.0064878,6.4878,6487.8,154.13545423718364,10,2026-07-25T20:12:26.387755+00:00,,
44,cpu,model_only,1,623,1,0.0067137,6.7137,6713.700000000001,148.94916365044608,10,2026-07-25T20:12:26.387755+00:00,,
44,cpu,model_only,1,624,1,0.0065153,6.5153,6515.3,153.48487406566082,10,2026-07-25T20:12:26.387755+00:00,,
44,cpu,model_only,1,625,1,0.0065885,6.5885,6588.5,151.77961599757154,10,2026-07-25T20:12:26.387755+00:00,,
44,cpu,model_only,1,626,1,0.0064527,6.452699999999999,6452.7,154.97388690005735,10,2026-07-25T20:12:26.387755+00:00,,
44,cpu,model_only,1,627,1,0.0063635,6.3635,6363.5,157.14622456195488,10,2026-07-25T20:12:26.387755+00:00,,
44,cpu,model_only,1,628,1,0.0067188,6.7188,6718.799999999999,148.83610168482468,10,2026-07-25T20:12:26.387755+00:00,,
44,cpu,model_only,1,629,1,0.0065435,6.5435,6543.5,152.82341254680216,10,2026-07-25T20:12:26.387755+00:00,,
44,cpu,model_only,1,630,1,0.0067256,6.7256,6725.6,148.68561912691806,10,2026-07-25T20:12:26.387755+00:00,,
44,cpu,model_only,1,631,1,0.0063355,6.3355,6335.5,157.8407386946571,10,2026-07-25T20:12:26.387755+00:00,,
44,cpu,model_only,1,632,1,0.0062508,6.2508,6250.8,159.9795226211045,10,2026-07-25T20:12:26.387755+00:00,,
44,cpu,model_only,1,633,1,0.0066182,6.6182,6618.200000000001,151.09848599317033,10,2026-07-25T20:12:26.387755+00:00,,
44,cpu,model_only,1,634,1,0.0067059,6.7059,6705.9,149.12241459013705,10,2026-07-25T20:12:26.387755+00:00,,
44,cpu,model_only,1,635,1,0.0072154,7.215400000000001,7215.400000000001,138.59245502674833,10,2026-07-25T20:12:26.387755+00:00,,
44,cpu,model_only,1,636,1,0.0064274,6.4274,6427.4,155.5839064007219,10,2026-07-25T20:12:26.387755+00:00,,
44,cpu,model_only,1,637,1,0.0063965,6.3965000000000005,6396.5,156.33549597436098,10,2026-07-25T20:12:26.387755+00:00,,
44,cpu,model_only,1,638,1,0.0072214,7.2214,7221.400000000001,138.4773035699449,10,2026-07-25T20:12:26.387755+00:00,,
44,cpu,model_only,1,639,1,0.0063658,6.365799999999999,6365.799999999999,157.08944673096863,10,2026-07-25T20:12:26.387755+00:00,,
44,cpu,model_only,1,640,1,0.0068978,6.8978,6897.8,144.97375974948534,10,2026-07-25T20:12:26.387755+00:00,,
44,cpu,model_only,1,641,1,0.0067488,6.7488,6748.8,148.17449027975343,10,2026-07-25T20:12:26.387755+00:00,,
44,cpu,model_only,1,642,1,0.0064464,6.4464,6446.4,155.12534127575083,10,2026-07-25T20:12:26.387755+00:00,,
44,cpu,model_only,1,643,1,0.0063487,6.3487,6348.7,157.51256162678973,10,2026-07-25T20:12:26.387755+00:00,,
44,cpu,model_only,1,644,1,0.0060256,6.0256,6025.599999999999,165.9585767392459,10,2026-07-25T20:12:26.387755+00:00,,
44,cpu,model_only,1,645,1,0.0066738,6.6738,6673.799999999999,149.83967155143998,10,2026-07-25T20:12:26.387755+00:00,,
44,cpu,model_only,1,646,1,0.0063307,6.3307,6330.7,157.96041511997095,10,2026-07-25T20:12:26.387755+00:00,,
44,cpu,model_only,1,647,1,0.0067379,6.7379,6737.9,148.41419433354608,10,2026-07-25T20:12:26.387755+00:00,,
44,cpu,model_only,1,648,1,0.0065588,6.5588,6558.8,152.46691467951453,10,2026-07-25T20:12:26.387755+00:00,,
44,cpu,model_only,1,649,1,0.0065446,6.5446,6544.6,152.79772636983162,10,2026-07-25T20:12:26.387755+00:00,,
44,cpu,model_only,1,650,1,0.0067396,6.7396,6739.6,148.37675826458542,10,2026-07-25T20:12:26.387755+00:00,,
44,cpu,model_only,1,651,1,0.006407,6.407,6407.0,156.07928827844543,10,2026-07-25T20:12:26.387755+00:00,,
44,cpu,model_only,1,652,1,0.0072387,7.2387,7238.7,138.14635224556895,10,2026-07-25T20:12:26.387755+00:00,,
44,cpu,model_only,1,653,1,0.0070168,7.0168,7016.8,142.51510660129975,10,2026-07-25T20:12:26.387755+00:00,,
44,cpu,model_only,1,654,1,0.0064083,6.4083,6408.299999999999,156.04762573537445,10,2026-07-25T20:12:26.387755+00:00,,
44,cpu,model_only,1,655,1,0.0071923,7.1923,7192.3,139.0375818583763,10,2026-07-25T20:12:26.387755+00:00,,
44,cpu,model_only,1,656,1,0.0066467,6.6467,6646.7,150.4505995456392,10,2026-07-25T20:12:26.387755+00:00,,
44,cpu,model_only,1,657,1,0.0064475,6.4475,6447.5,155.09887553315238,10,2026-07-25T20:12:26.387755+00:00,,
44,cpu,model_only,1,658,1,0.0067606,6.7606,6760.6,147.91586545572878,10,2026-07-25T20:12:26.387755+00:00,,
44,cpu,model_only,1,659,1,0.0065878,6.5878000000000005,6587.8,151.79574364734813,10,2026-07-25T20:12:26.387755+00:00,,
44,cpu,model_only,1,660,1,0.0071507,7.1507000000000005,7150.700000000001,139.84644859943782,10,2026-07-25T20:12:26.387755+00:00,,
44,cpu,model_only,1,661,1,0.0065013,6.5013,6501.3,153.81539076800024,10,2026-07-25T20:12:26.387755+00:00,,
44,cpu,model_only,1,662,1,0.0068153,6.8153,6815.3,146.7286839904333,10,2026-07-25T20:12:26.387755+00:00,,
44,cpu,model_only,1,663,1,0.0068115,6.8115,6811.5,146.81054099684357,10,2026-07-25T20:12:26.387755+00:00,,
44,cpu,model_only,1,664,1,0.0063212,6.3212,6321.2,158.1978105423021,10,2026-07-25T20:12:26.387755+00:00,,
44,cpu,model_only,1,665,1,0.0066092,6.6092,6609.2,151.3042425709617,10,2026-07-25T20:12:26.387755+00:00,,
44,cpu,model_only,1,666,1,0.0061928,6.1928,6192.8,161.47784523963313,10,2026-07-25T20:12:26.387755+00:00,,
44,cpu,model_only,1,667,1,0.0064848,6.4848,6484.8,154.20676042437702,10,2026-07-25T20:12:26.387755+00:00,,
44,cpu,model_only,1,668,1,0.006448,6.4479999999999995,6448.0,155.08684863523573,10,2026-07-25T20:12:26.387755+00:00,,
44,cpu,model_only,1,669,1,0.006265,6.265,6265.0,159.6169193934557,10,2026-07-25T20:12:26.387755+00:00,,
44,cpu,model_only,1,670,1,0.0065011,6.5011,6501.1,153.82012274845795,10,2026-07-25T20:12:26.387755+00:00,,
44,cpu,model_only,1,671,1,0.0063512,6.3512,6351.200000000001,157.45056052399545,10,2026-07-25T20:12:26.387755+00:00,,
44,cpu,model_only,1,672,1,0.0067217,6.721699999999999,6721.7,148.77188806403143,10,2026-07-25T20:12:26.387755+00:00,,
44,cpu,model_only,1,673,1,0.0064634,6.4634,6463.400000000001,154.7173314354674,10,2026-07-25T20:12:26.387755+00:00,,
44,cpu,model_only,1,674,1,0.0064853,6.4853000000000005,6485.3,154.1948714785746,10,2026-07-25T20:12:26.387755+00:00,,
44,cpu,model_only,1,675,1,0.007305,7.305,7305.0,136.89253935660506,10,2026-07-25T20:12:26.387755+00:00,,
44,cpu,model_only,1,676,1,0.0062037,6.2037,6203.700000000001,161.19412608604543,10,2026-07-25T20:12:26.387755+00:00,,
44,cpu,model_only,1,677,1,0.006427,6.4270000000000005,6427.0,155.59358954411078,10,2026-07-25T20:12:26.387755+00:00,,
44,cpu,model_only,1,678,1,0.0059584,5.9584,5958.4,167.83029001074115,10,2026-07-25T20:12:26.387755+00:00,,
44,cpu,model_only,1,679,1,0.0060298,6.0298,6029.8,165.84297986666223,10,2026-07-25T20:12:26.387755+00:00,,
44,cpu,model_only,1,680,1,0.0069997,6.9997,6999.7,142.86326556852435,10,2026-07-25T20:12:26.387755+00:00,,
44,cpu,model_only,1,681,1,0.0067052,6.7052,6705.2,149.13798246137327,10,2026-07-25T20:12:26.387755+00:00,,
44,cpu,model_only,1,682,1,0.0068404,6.8404,6840.4,146.19028127010117,10,2026-07-25T20:12:26.387755+00:00,,
44,cpu,model_only,1,683,1,0.0066123,6.612299999999999,6612.3,151.23330762367104,10,2026-07-25T20:12:26.387755+00:00,,
44,cpu,model_only,1,684,1,0.0071425,7.1425,7142.5,140.0070003500175,10,2026-07-25T20:12:26.387755+00:00,,
44,cpu,model_only,1,685,1,0.0065961,6.5961,6596.099999999999,151.60473613195677,10,2026-07-25T20:12:26.387755+00:00,,
44,cpu,model_only,1,686,1,0.0064218,6.4218,6421.8,155.71958018001183,10,2026-07-25T20:12:26.387755+00:00,,
44,cpu,model_only,1,687,1,0.0070106,7.010599999999999,7010.599999999999,142.64114341140558,10,2026-07-25T20:12:26.387755+00:00,,
44,cpu,model_only,1,688,1,0.0063841,6.3841,6384.1,156.63915038924827,10,2026-07-25T20:12:26.387755+00:00,,
44,cpu,model_only,1,689,1,0.0069703,6.9703,6970.299999999999,143.46584795489434,10,2026-07-25T20:12:26.387755+00:00,,
44,cpu,model_only,1,690,1,0.0065615,6.5615,6561.5,152.40417587441897,10,2026-07-25T20:12:26.387755+00:00,,
44,cpu,model_only,1,691,1,0.0071396,7.139600000000001,7139.6,140.0638691243207,10,2026-07-25T20:12:26.387755+00:00,,
44,cpu,model_only,1,692,1,0.0077669,7.766900000000001,7766.900000000001,128.75149673614956,10,2026-07-25T20:12:26.387755+00:00,,
44,cpu,model_only,1,693,1,0.0065531,6.5531,6553.1,152.59953304542887,10,2026-07-25T20:12:26.387755+00:00,,
44,cpu,model_only,1,694,1,0.0067862,6.7862,6786.2,147.35787333117207,10,2026-07-25T20:12:26.387755+00:00,,
44,cpu,model_only,1,695,1,0.0069207,6.9207,6920.7,144.49405406967503,10,2026-07-25T20:12:26.387755+00:00,,
44,cpu,model_only,1,696,1,0.0065051,6.5051,6505.099999999999,153.72553842369834,10,2026-07-25T20:12:26.387755+00:00,,
44,cpu,model_only,1,697,1,0.0067355,6.7355,6735.5,148.46707742558087,10,2026-07-25T20:12:26.387755+00:00,,
44,cpu,model_only,1,698,1,0.0066309,6.6309000000000005,6630.900000000001,150.80909077199172,10,2026-07-25T20:12:26.387755+00:00,,
44,cpu,model_only,1,699,1,0.0065736,6.5736,6573.599999999999,152.12364609954972,10,2026-07-25T20:12:26.387755+00:00,,
44,cpu,model_only,1,700,1,0.006872,6.872,6872.0,145.51804423748547,10,2026-07-25T20:12:26.387755+00:00,,
44,cpu,model_only,1,701,1,0.0067061,6.7061,6706.1,149.1179672238708,10,2026-07-25T20:12:26.387755+00:00,,
44,cpu,model_only,1,702,1,0.006499,6.499,6499.0,153.86982612709647,10,2026-07-25T20:12:26.387755+00:00,,
44,cpu,model_only,1,703,1,0.0101009,10.1009,10100.9,99.00107911176232,10,2026-07-25T20:12:26.387755+00:00,,
44,cpu,model_only,1,704,1,0.0084653,8.465300000000001,8465.300000000001,118.12930433652676,10,2026-07-25T20:12:26.387755+00:00,,
44,cpu,model_only,1,705,1,0.0077098,7.7098,7709.8,129.70505071467483,10,2026-07-25T20:12:26.387755+00:00,,
44,cpu,model_only,1,706,1,0.0065071,6.5071,6507.1,153.67828986799034,10,2026-07-25T20:12:26.387755+00:00,,
44,cpu,model_only,1,707,1,0.006167,6.167,6167.0,162.15339711366954,10,2026-07-25T20:12:26.387755+00:00,,
44,cpu,model_only,1,708,1,0.0071953,7.1953,7195.3,138.97961169096493,10,2026-07-25T20:12:26.387755+00:00,,
44,cpu,model_only,1,709,1,0.0066388,6.6388,6638.8,150.62963186117972,10,2026-07-25T20:12:26.387755+00:00,,
44,cpu,model_only,1,710,1,0.0069592,6.959199999999999,6959.2,143.6946775491436,10,2026-07-25T20:12:26.387755+00:00,,
44,cpu,model_only,1,711,1,0.0062995,6.2995,6299.5,158.74275736169537,10,2026-07-25T20:12:26.387755+00:00,,
44,cpu,model_only,1,712,1,0.0067172,6.7172,6717.200000000001,148.8715536235336,10,2026-07-25T20:12:26.387755+00:00,,
44,cpu,model_only,1,713,1,0.0067499,6.749899999999999,6749.9,148.150342968044,10,2026-07-25T20:12:26.387755+00:00,,
44,cpu,model_only,1,714,1,0.0075202,7.5202,7520.200000000001,132.9751868301375,10,2026-07-25T20:12:26.387755+00:00,,
44,cpu,model_only,1,715,1,0.0080406,8.0406,8040.6,124.36882819690072,10,2026-07-25T20:12:26.387755+00:00,,
44,cpu,model_only,1,716,1,0.0074064,7.4064,7406.4,135.01836249729965,10,2026-07-25T20:12:26.387755+00:00,,
44,cpu,model_only,1,717,1,0.0065896,6.5896,6589.6,151.75427947068107,10,2026-07-25T20:12:26.387755+00:00,,
44,cpu,model_only,1,718,1,0.0072043,7.2043,7204.3,138.8059908665658,10,2026-07-25T20:12:26.387755+00:00,,
44,cpu,model_only,1,719,1,0.0074887,7.4887,7488.7,133.53452535152962,10,2026-07-25T20:12:26.387755+00:00,,
44,cpu,model_only,1,720,1,0.0066867,6.6867,6686.700000000001,149.5506004456608,10,2026-07-25T20:12:26.387755+00:00,,
44,cpu,model_only,1,721,1,0.0067496,6.7496,6749.599999999999,148.15692781794476,10,2026-07-25T20:12:26.387755+00:00,,
44,cpu,model_only,1,722,1,0.0068223,6.8223,6822.3,146.57813347404834,10,2026-07-25T20:12:26.387755+00:00,,
44,cpu,model_only,1,723,1,0.0065975,6.5975,6597.5,151.57256536566882,10,2026-07-25T20:12:26.387755+00:00,,
44,cpu,model_only,1,724,1,0.007312,7.312,7312.0,136.76148796498907,10,2026-07-25T20:12:26.387755+00:00,,
44,cpu,model_only,1,725,1,0.0065134,6.5134,6513.4,153.5296465747536,10,2026-07-25T20:12:26.387755+00:00,,
44,cpu,model_only,1,726,1,0.0068098,6.8098,6809.8,146.84719081323973,10,2026-07-25T20:12:26.387755+00:00,,
44,cpu,model_only,1,727,1,0.0062139,6.2139,6213.9,160.92952895926874,10,2026-07-25T20:12:26.387755+00:00,,
44,cpu,model_only,1,728,1,0.0066976,6.6975999999999996,6697.599999999999,149.30721452460583,10,2026-07-25T20:12:26.387755+00:00,,
44,cpu,model_only,1,729,1,0.0071389,7.1389000000000005,7138.900000000001,140.0776029920576,10,2026-07-25T20:12:26.387755+00:00,,
44,cpu,model_only,1,730,1,0.0066137,6.6137,6613.7,151.20129428307905,10,2026-07-25T20:12:26.387755+00:00,,
44,cpu,model_only,1,731,1,0.0083948,8.394799999999998,8394.8,119.12136084242627,10,2026-07-25T20:12:26.387755+00:00,,
44,cpu,model_only,1,732,1,0.0070061,7.0061,7006.1,142.73276145073578,10,2026-07-25T20:12:26.387755+00:00,,
44,cpu,model_only,1,733,1,0.0064931,6.4931,6493.1,154.0096410035268,10,2026-07-25T20:12:26.387755+00:00,,
44,cpu,model_only,1,734,1,0.0065645,6.5645,6564.5,152.33452662045852,10,2026-07-25T20:12:26.387755+00:00,,
44,cpu,model_only,1,735,1,0.0069312,6.9312000000000005,6931.2,144.27516158818096,10,2026-07-25T20:12:26.387755+00:00,,
44,cpu,model_only,1,736,1,0.0067705,6.770499999999999,6770.5,147.6995790561997,10,2026-07-25T20:12:26.387755+00:00,,
44,cpu,model_only,1,737,1,0.0071035,7.1034999999999995,7103.5,140.7756739635391,10,2026-07-25T20:12:26.387755+00:00,,
44,cpu,model_only,1,738,1,0.0065473,6.5473,6547.3,152.73471507338903,10,2026-07-25T20:12:26.387755+00:00,,
44,cpu,model_only,1,739,1,0.0062151,6.2151000000000005,6215.1,160.89845698379753,10,2026-07-25T20:12:26.387755+00:00,,
44,cpu,model_only,1,740,1,0.007055,7.055,7055.0,141.74344436569808,10,2026-07-25T20:12:26.387755+00:00,,
44,cpu,model_only,1,741,1,0.0062923,6.2923,6292.3,158.92439966308027,10,2026-07-25T20:12:26.387755+00:00,,
44,cpu,model_only,1,742,1,0.0074347,7.434699999999999,7434.7,134.50441847014676,10,2026-07-25T20:12:26.387755+00:00,,
44,cpu,model_only,1,743,1,0.006511,6.511,6511.0,153.5862386730149,10,2026-07-25T20:12:26.387755+00:00,,
44,cpu,model_only,1,744,1,0.0065668,6.566800000000001,6566.8,152.28117195589937,10,2026-07-25T20:12:26.387755+00:00,,
44,cpu,model_only,1,745,1,0.0069255,6.9255,6925.5,144.39390657714245,10,2026-07-25T20:12:26.387755+00:00,,
44,cpu,model_only,1,746,1,0.0068949,6.8949,6894.9,145.0347358192287,10,2026-07-25T20:12:26.387755+00:00,,
44,cpu,model_only,1,747,1,0.0074072,7.4072000000000005,7407.2,135.00378010584296,10,2026-07-25T20:12:26.387755+00:00,,
44,cpu,model_only,1,748,1,0.006597,6.597,6597.0,151.58405335758678,10,2026-07-25T20:12:26.387755+00:00,,
44,cpu,model_only,1,749,1,0.0070497,7.0497,7049.7,141.85000780175042,10,2026-07-25T20:12:26.387755+00:00,,
44,cpu,model_only,1,750,1,0.0078246,7.824599999999999,7824.599999999999,127.80206016920994,10,2026-07-25T20:12:26.387755+00:00,,
44,cpu,model_only,1,751,1,0.0073726,7.3726,7372.6,135.63735995442585,10,2026-07-25T20:12:26.387755+00:00,,
44,cpu,model_only,1,752,1,0.0064555,6.455500000000001,6455.5,154.90666873208892,10,2026-07-25T20:12:26.387755+00:00,,
44,cpu,model_only,1,753,1,0.0064945,6.4945,6494.5,153.9764416044345,10,2026-07-25T20:12:26.387755+00:00,,
44,cpu,model_only,1,754,1,0.0073063,7.3063,7306.3,136.86818225367148,10,2026-07-25T20:12:26.387755+00:00,,
44,cpu,model_only,1,755,1,0.0065407,6.5407,6540.7,152.88883452841438,10,2026-07-25T20:12:26.387755+00:00,,
44,cpu,model_only,1,756,1,0.006866,6.866,6866.0,145.64520827264784,10,2026-07-25T20:12:26.387755+00:00,,
44,cpu,model_only,1,757,1,0.0065392,6.5392,6539.2,152.92390506483974,10,2026-07-25T20:12:26.387755+00:00,,
44,cpu,model_only,1,758,1,0.0067299,6.7299,6729.9,148.59061798838022,10,2026-07-25T20:12:26.387755+00:00,,
44,cpu,model_only,1,759,1,0.0060381,6.0381,6038.1,165.61501134462827,10,2026-07-25T20:12:26.387755+00:00,,
44,cpu,model_only,1,760,1,0.0064258,6.4258,6425.8,155.62264620747612,10,2026-07-25T20:12:26.387755+00:00,,
44,cpu,model_only,1,761,1,0.0071429,7.1429,7142.9,139.99916000503998,10,2026-07-25T20:12:26.387755+00:00,,
44,cpu,model_only,1,762,1,0.0067605,6.7605,6760.5,147.91805339841727,10,2026-07-25T20:12:26.387755+00:00,,
44,cpu,model_only,1,763,1,0.0070815,7.0815,7081.5,141.2130198404293,10,2026-07-25T20:12:26.387755+00:00,,
44,cpu,model_only,1,764,1,0.0065886,6.5886,6588.6,151.77731232735331,10,2026-07-25T20:12:26.387755+00:00,,
44,cpu,model_only,1,765,1,0.0074625,7.4625,7462.5,134.00335008375208,10,2026-07-25T20:12:26.387755+00:00,,
44,cpu,model_only,1,766,1,0.0066399,6.6399,6639.9,150.60467778129188,10,2026-07-25T20:12:26.387755+00:00,,
44,cpu,model_only,1,767,1,0.0069744,6.9744,6974.400000000001,143.38150952053223,10,2026-07-25T20:12:26.387755+00:00,,
44,cpu,model_only,1,768,1,0.0063314,6.3314,6331.4,157.9429510060966,10,2026-07-25T20:12:26.387755+00:00,,
44,cpu,model_only,1,769,1,0.0061915,6.1915,6191.5,161.51174997981104,10,2026-07-25T20:12:26.387755+00:00,,
44,cpu,model_only,1,770,1,0.0065271,6.5271,6527.1,153.20739685312006,10,2026-07-25T20:12:26.387755+00:00,,
44,cpu,model_only,1,771,1,0.0064302,6.430199999999999,6430.2,155.5161581288296,10,2026-07-25T20:12:26.387755+00:00,,
44,cpu,model_only,1,772,1,0.0067608,6.7608,6760.8,147.9114897645249,10,2026-07-25T20:12:26.387755+00:00,,
44,cpu,model_only,1,773,1,0.0064515,6.451499999999999,6451.5,155.0027125474696,10,2026-07-25T20:12:26.387755+00:00,,
44,cpu,model_only,1,774,1,0.0065739,6.5739,6573.9,152.11670393525912,10,2026-07-25T20:12:26.387755+00:00,,
44,cpu,model_only,1,775,1,0.0069092,6.9092,6909.2,144.734556822787,10,2026-07-25T20:12:26.387755+00:00,,
44,cpu,model_only,1,776,1,0.0065051,6.5051,6505.099999999999,153.72553842369834,10,2026-07-25T20:12:26.387755+00:00,,
44,cpu,model_only,1,777,1,0.0067659,6.7659,6765.9,147.79999704400007,10,2026-07-25T20:12:26.387755+00:00,,
44,cpu,model_only,1,778,1,0.0064089,6.4089,6408.900000000001,156.03301658630966,10,2026-07-25T20:12:26.387755+00:00,,
44,cpu,model_only,1,779,1,0.0061404,6.1404,6140.4,162.85584001042278,10,2026-07-25T20:12:26.387755+00:00,,
44,cpu,model_only,1,780,1,0.0063918,6.391800000000001,6391.8,156.4504521418067,10,2026-07-25T20:12:26.387755+00:00,,
44,cpu,model_only,1,781,1,0.0060578,6.0578,6057.8,165.07643038726928,10,2026-07-25T20:12:26.387755+00:00,,
44,cpu,model_only,1,782,1,0.0070105,7.0105,7010.5,142.64317809000784,10,2026-07-25T20:12:26.387755+00:00,,
44,cpu,model_only,1,783,1,0.0065615,6.5615,6561.5,152.40417587441897,10,2026-07-25T20:12:26.387755+00:00,,
44,cpu,model_only,1,784,1,0.0069799,6.9799,6979.9,143.26852820240978,10,2026-07-25T20:12:26.387755+00:00,,
44,cpu,model_only,1,785,1,0.0064871,6.4871,6487.1,154.15208644849008,10,2026-07-25T20:12:26.387755+00:00,,
44,cpu,model_only,1,786,1,0.0065208,6.5208,6520.8,153.35541651331124,10,2026-07-25T20:12:26.387755+00:00,,
44,cpu,model_only,1,787,1,0.0068491,6.8491,6849.1,146.00458454395468,10,2026-07-25T20:12:26.387755+00:00,,
44,cpu,model_only,1,788,1,0.0065225,6.5225,6522.5,153.31544653123802,10,2026-07-25T20:12:26.387755+00:00,,
44,cpu,model_only,1,789,1,0.0070438,7.0438,7043.8,141.96882364632725,10,2026-07-25T20:12:26.387755+00:00,,
44,cpu,model_only,1,790,1,0.0065937,6.5937,6593.7,151.65991780032456,10,2026-07-25T20:12:26.387755+00:00,,
44,cpu,model_only,1,791,1,0.0067769,6.7768999999999995,6776.9,147.56009384821968,10,2026-07-25T20:12:26.387755+00:00,,
44,cpu,model_only,1,792,1,0.0067261,6.7261,6726.099999999999,148.674566241953,10,2026-07-25T20:12:26.387755+00:00,,
44,cpu,model_only,1,793,1,0.006391,6.391,6391.0,156.47003598810826,10,2026-07-25T20:12:26.387755+00:00,,
44,cpu,model_only,1,794,1,0.0067479,6.7479000000000005,6747.900000000001,148.1942530268676,10,2026-07-25T20:12:26.387755+00:00,,
44,cpu,model_only,1,795,1,0.0062682,6.2682,6268.2,159.53543281962925,10,2026-07-25T20:12:26.387755+00:00,,
44,cpu,model_only,1,796,1,0.0064423,6.4422999999999995,6442.3,155.22406593918322,10,2026-07-25T20:12:26.387755+00:00,,
44,cpu,model_only,1,797,1,0.0061259,6.1259,6125.900000000001,163.241319642828,10,2026-07-25T20:12:26.387755+00:00,,
44,cpu,model_only,1,798,1,0.0062721,6.2721,6272.1,159.4362334784203,10,2026-07-25T20:12:26.387755+00:00,,
44,cpu,model_only,1,799,1,0.0065852,6.5852,6585.2,151.85567636518252,10,2026-07-25T20:12:26.387755+00:00,,
44,cpu,model_only,1,800,1,0.0059847,5.9847,5984.7,167.09275318729428,10,2026-07-25T20:12:26.387755+00:00,,
44,cpu,model_only,1,801,1,0.0066512,6.6512,6651.200000000001,150.34880923743083,10,2026-07-25T20:12:26.387755+00:00,,
44,cpu,model_only,1,802,1,0.0067307,6.7307,6730.7,148.5729567504123,10,2026-07-25T20:12:26.387755+00:00,,
44,cpu,model_only,1,803,1,0.0066095,6.6095,6609.5,151.29737499054391,10,2026-07-25T20:12:26.387755+00:00,,
44,cpu,model_only,1,804,1,0.0073829,7.3829,7382.900000000001,135.44813013856344,10,2026-07-25T20:12:26.387755+00:00,,
44,cpu,model_only,1,805,1,0.0064384,6.438400000000001,6438.400000000001,155.31809145129225,10,2026-07-25T20:12:26.387755+00:00,,
44,cpu,model_only,1,806,1,0.0067962,6.7962,6796.2,147.1410494099644,10,2026-07-25T20:12:26.387755+00:00,,
44,cpu,model_only,1,807,1,0.0066271,6.6271,6627.1,150.89556517933937,10,2026-07-25T20:12:26.387755+00:00,,
44,cpu,model_only,1,808,1,0.0070408,7.0408,7040.8,142.02931485058517,10,2026-07-25T20:12:26.387755+00:00,,
44,cpu,model_only,1,809,1,0.0083578,8.357800000000001,8357.800000000001,119.6487113833784,10,2026-07-25T20:12:26.387755+00:00,,
44,cpu,model_only,1,810,1,0.0069885,6.9885,6988.5,143.09222293768335,10,2026-07-25T20:12:26.387755+00:00,,
44,cpu,model_only,1,811,1,0.0070341,7.0341,7034.099999999999,142.16459817176326,10,2026-07-25T20:12:26.387755+00:00,,
44,cpu,model_only,1,812,1,0.0064042,6.4041999999999994,6404.2,156.14752818462884,10,2026-07-25T20:12:26.387755+00:00,,
44,cpu,model_only,1,813,1,0.0065993,6.5992999999999995,6599.3,151.53122300850092,10,2026-07-25T20:12:26.387755+00:00,,
44,cpu,model_only,1,814,1,0.0069158,6.9158,6915.799999999999,144.59643136007404,10,2026-07-25T20:12:26.387755+00:00,,
44,cpu,model_only,1,815,1,0.0064682,6.4682,6468.200000000001,154.6025169289756,10,2026-07-25T20:12:26.387755+00:00,,
44,cpu,model_only,1,816,1,0.0066041,6.6041,6604.099999999999,151.42108690056176,10,2026-07-25T20:12:26.387755+00:00,,
44,cpu,model_only,1,817,1,0.0064725,6.4725,6472.5,154.4998068752414,10,2026-07-25T20:12:26.387755+00:00,,
44,cpu,model_only,1,818,1,0.0062994,6.2994,6299.400000000001,158.74527732799947,10,2026-07-25T20:12:26.387755+00:00,,
44,cpu,model_only,1,819,1,0.0064453,6.4453000000000005,6445.3,155.1518160520069,10,2026-07-25T20:12:26.387755+00:00,,
44,cpu,model_only,1,820,1,0.0070737,7.0737,7073.7,141.36873206384212,10,2026-07-25T20:12:26.387755+00:00,,
44,cpu,model_only,1,821,1,0.0066274,6.627400000000001,6627.400000000001,150.88873464707123,10,2026-07-25T20:12:26.387755+00:00,,
44,cpu,model_only,1,822,1,0.0066257,6.6257,6625.7,150.9274491751815,10,2026-07-25T20:12:26.387755+00:00,,
44,cpu,model_only,1,823,1,0.0078377,7.8377,7837.7,127.58845069344324,10,2026-07-25T20:12:26.387755+00:00,,
44,cpu,model_only,1,824,1,0.006607,6.607,6607.0,151.35462388375964,10,2026-07-25T20:12:26.387755+00:00,,
44,cpu,model_only,1,825,1,0.0071938,7.1938,7193.8,139.00859073090717,10,2026-07-25T20:12:26.387755+00:00,,
44,cpu,model_only,1,826,1,0.006929,6.929,6929.0,144.3209698369173,10,2026-07-25T20:12:26.387755+00:00,,
44,cpu,model_only,1,827,1,0.0069673,6.9673,6967.3,143.52762189083288,10,2026-07-25T20:12:26.387755+00:00,,
44,cpu,model_only,1,828,1,0.0065551,6.5551,6555.1,152.5529740202285,10,2026-07-25T20:12:26.387755+00:00,,
44,cpu,model_only,1,829,1,0.0068397,6.8397,6839.7,146.20524292001113,10,2026-07-25T20:12:26.387755+00:00,,
44,cpu,model_only,1,830,1,0.0063623,6.3623,6362.3,157.17586407431273,10,2026-07-25T20:12:26.387755+00:00,,
44,cpu,model_only,1,831,1,0.0067245,6.7245,6724.5,148.7099412595732,10,2026-07-25T20:12:26.387755+00:00,,
44,cpu,model_only,1,832,1,0.0065498,6.549799999999999,6549.799999999999,152.67641760053743,10,2026-07-25T20:12:26.387755+00:00,,
44,cpu,model_only,1,833,1,0.0067315,6.7315,6731.5,148.55529971031717,10,2026-07-25T20:12:26.387755+00:00,,
44,cpu,model_only,1,834,1,0.0072002,7.200200000000001,7200.200000000001,138.8850309713619,10,2026-07-25T20:12:26.387755+00:00,,
44,cpu,model_only,1,835,1,0.0070505,7.0505,7050.5,141.833912488476,10,2026-07-25T20:12:26.387755+00:00,,
44,cpu,model_only,1,836,1,0.0071426,7.1426,7142.599999999999,140.00504018144653,10,2026-07-25T20:12:26.387755+00:00,,
44,cpu,model_only,1,837,1,0.0067571,6.7571,6757.1,147.99248198191532,10,2026-07-25T20:12:26.387755+00:00,,
44,cpu,model_only,1,838,1,0.0065163,6.5163,6516.3,153.46132007427528,10,2026-07-25T20:12:26.387755+00:00,,
44,cpu,model_only,1,839,1,0.0070598,7.0598,7059.8,141.64707215501855,10,2026-07-25T20:12:26.387755+00:00,,
44,cpu,model_only,1,840,1,0.0061338,6.1338,6133.8,163.03107372265154,10,2026-07-25T20:12:26.387755+00:00,,
44,cpu,model_only,1,841,1,0.0069216,6.9216,6921.6,144.47526583448914,10,2026-07-25T20:12:26.387755+00:00,,
44,cpu,model_only,1,842,1,0.0068607,6.8607,6860.7,145.75772151529728,10,2026-07-25T20:12:26.387755+00:00,,
44,cpu,model_only,1,843,1,0.0065724,6.5724,6572.4,152.15142109427302,10,2026-07-25T20:12:26.387755+00:00,,
44,cpu,model_only,1,844,1,0.0074467,7.4467,7446.7,134.287671048921,10,2026-07-25T20:12:26.387755+00:00,,
44,cpu,model_only,1,845,1,0.0066023,6.6023000000000005,6602.3,151.4623691743786,10,2026-07-25T20:12:26.387755+00:00,,
44,cpu,model_only,1,846,1,0.0068106,6.8106,6810.6,146.82994156168326,10,2026-07-25T20:12:26.387755+00:00,,
44,cpu,model_only,1,847,1,0.0064739,6.4739,6473.900000000001,154.46639583558596,10,2026-07-25T20:12:26.387755+00:00,,
44,cpu,model_only,1,848,1,0.007032,7.032,7032.0,142.2070534698521,10,2026-07-25T20:12:26.387755+00:00,,
44,cpu,model_only,1,849,1,0.0062809,6.2809,6280.9,159.2128516613861,10,2026-07-25T20:12:26.387755+00:00,,
44,cpu,model_only,1,850,1,0.0060077,6.007700000000001,6007.700000000001,166.45305191670687,10,2026-07-25T20:12:26.387755+00:00,,
44,cpu,model_only,1,851,1,0.0073456,7.3456,7345.599999999999,136.13591810063167,10,2026-07-25T20:12:26.387755+00:00,,
44,cpu,model_only,1,852,1,0.0063674,6.3674,6367.4,157.04997330150454,10,2026-07-25T20:12:26.387755+00:00,,
44,cpu,model_only,1,853,1,0.0063566,6.356599999999999,6356.599999999999,157.31680458106536,10,2026-07-25T20:12:26.387755+00:00,,
44,cpu,model_only,1,854,1,0.0061105,6.1105,6110.5,163.65272890925456,10,2026-07-25T20:12:26.387755+00:00,,
44,cpu,model_only,1,855,1,0.0064965,6.496499999999999,6496.5,153.92903871315323,10,2026-07-25T20:12:26.387755+00:00,,
44,cpu,model_only,1,856,1,0.0072845,7.2845,7284.5,137.2777815910495,10,2026-07-25T20:12:26.387755+00:00,,
44,cpu,model_only,1,857,1,0.0061654,6.1654,6165.4,162.19547799007364,10,2026-07-25T20:12:26.387755+00:00,,
44,cpu,model_only,1,858,1,0.0064666,6.466600000000001,6466.6,154.640769492469,10,2026-07-25T20:12:26.387755+00:00,,
44,cpu,model_only,1,859,1,0.0060824,6.0824,6082.4,164.40878600552415,10,2026-07-25T20:12:26.387755+00:00,,
44,cpu,model_only,1,860,1,0.0059534,5.9534,5953.400000000001,167.97124332314309,10,2026-07-25T20:12:26.387755+00:00,,
44,cpu,model_only,1,861,1,0.0066522,6.6522,6652.2,150.32620787108024,10,2026-07-25T20:12:26.387755+00:00,,
44,cpu,model_only,1,862,1,0.0065584,6.5584,6558.4,152.47621371066114,10,2026-07-25T20:12:26.387755+00:00,,
44,cpu,model_only,1,863,1,0.006935,6.9350000000000005,6935.0,144.19610670511895,10,2026-07-25T20:12:26.387755+00:00,,
44,cpu,model_only,1,864,1,0.0060787,6.0787,6078.7,164.5088588020465,10,2026-07-25T20:12:26.387755+00:00,,
44,cpu,model_only,1,865,1,0.0059459,5.9459,5945.9,168.18311777863738,10,2026-07-25T20:12:26.387755+00:00,,
44,cpu,model_only,1,866,1,0.0067726,6.7726,6772.6,147.653781413342,10,2026-07-25T20:12:26.387755+00:00,,
44,cpu,model_only,1,867,1,0.0062151,6.2151000000000005,6215.1,160.89845698379753,10,2026-07-25T20:12:26.387755+00:00,,
44,cpu,model_only,1,868,1,0.0073202,7.3202,7320.2,136.60828939100026,10,2026-07-25T20:12:26.387755+00:00,,
44,cpu,model_only,1,869,1,0.0068443,6.8443000000000005,6844.3,146.10697953041216,10,2026-07-25T20:12:26.387755+00:00,,
44,cpu,model_only,1,870,1,0.0071906,7.1906,7190.6,139.07045309153617,10,2026-07-25T20:12:26.387755+00:00,,
44,cpu,model_only,1,871,1,0.0072649,7.2649,7264.900000000001,137.64814381478064,10,2026-07-25T20:12:26.387755+00:00,,
44,cpu,model_only,1,872,1,0.0069268,6.9268,6926.8,144.36680718369232,10,2026-07-25T20:12:26.387755+00:00,,
44,cpu,model_only,1,873,1,0.0068821,6.8821,6882.1,145.3044855494689,10,2026-07-25T20:12:26.387755+00:00,,
44,cpu,model_only,1,874,1,0.0068238,6.823799999999999,6823.799999999999,146.54591283449105,10,2026-07-25T20:12:26.387755+00:00,,
44,cpu,model_only,1,875,1,0.0066831,6.6831,6683.1,149.63115919259027,10,2026-07-25T20:12:26.387755+00:00,,
44,cpu,model_only,1,876,1,0.0064898,6.489800000000001,6489.8,154.08795340380289,10,2026-07-25T20:12:26.387755+00:00,,
44,cpu,model_only,1,877,1,0.0064649,6.4649,6464.9,154.6814335875265,10,2026-07-25T20:12:26.387755+00:00,,
44,cpu,model_only,1,878,1,0.0065528,6.5528,6552.8,152.60651935050666,10,2026-07-25T20:12:26.387755+00:00,,
44,cpu,model_only,1,879,1,0.0060404,6.0404,6040.4,165.5519502019734,10,2026-07-25T20:12:26.387755+00:00,,
44,cpu,model_only,1,880,1,0.0070364,7.0363999999999995,7036.4,142.11812858848276,10,2026-07-25T20:12:26.387755+00:00,,
44,cpu,model_only,1,881,1,0.006331,6.3309999999999995,6331.0,157.95293002685202,10,2026-07-25T20:12:26.387755+00:00,,
44,cpu,model_only,1,882,1,0.0060047,6.0047,6004.7,166.536213299582,10,2026-07-25T20:12:26.387755+00:00,,
44,cpu,model_only,1,883,1,0.0070949,7.0949,7094.900000000001,140.9463135491691,10,2026-07-25T20:12:26.387755+00:00,,
44,cpu,model_only,1,884,1,0.0064393,6.4393,6439.3,155.2963831472365,10,2026-07-25T20:12:26.387755+00:00,,
44,cpu,model_only,1,885,1,0.0070511,7.0511,7051.1,141.82184340032052,10,2026-07-25T20:12:26.387755+00:00,,
44,cpu,model_only,1,886,1,0.0061687,6.1687,6168.7,162.10871010099373,10,2026-07-25T20:12:26.387755+00:00,,
44,cpu,model_only,1,887,1,0.0067275,6.7275,6727.5,148.64362690449647,10,2026-07-25T20:12:26.387755+00:00,,
44,cpu,model_only,1,888,1,0.0075451,7.5451,7545.099999999999,132.53634809346462,10,2026-07-25T20:12:26.387755+00:00,,
44,cpu,model_only,1,889,1,0.0073052,7.3052,7305.200000000001,136.88879154574823,10,2026-07-25T20:12:26.387755+00:00,,
44,cpu,model_only,1,890,1,0.0076663,7.6663,7666.3,130.44102109231312,10,2026-07-25T20:12:26.387755+00:00,,
44,cpu,model_only,1,891,1,0.0063162,6.3162,6316.2,158.3230423355815,10,2026-07-25T20:12:26.387755+00:00,,
44,cpu,model_only,1,892,1,0.0063794,6.3794,6379.400000000001,156.75455371978555,10,2026-07-25T20:12:26.387755+00:00,,
44,cpu,model_only,1,893,1,0.0062121,6.2120999999999995,6212.1,160.9761594307883,10,2026-07-25T20:12:26.387755+00:00,,
44,cpu,model_only,1,894,1,0.0065866,6.5866,6586.599999999999,151.82339902225732,10,2026-07-25T20:12:26.387755+00:00,,
44,cpu,model_only,1,895,1,0.006316,6.316000000000001,6316.0,158.32805573147562,10,2026-07-25T20:12:26.387755+00:00,,
44,cpu,model_only,1,896,1,0.0060363,6.0363,6036.299999999999,165.6643970644269,10,2026-07-25T20:12:26.387755+00:00,,
44,cpu,model_only,1,897,1,0.0066353,6.6353,6635.3,150.70908625081006,10,2026-07-25T20:12:26.387755+00:00,,
44,cpu,model_only,1,898,1,0.0065674,6.5674,6567.400000000001,152.26725949386363,10,2026-07-25T20:12:26.387755+00:00,,
44,cpu,model_only,1,899,1,0.007178,7.178,7178.0,139.314572304263,10,2026-07-25T20:12:26.387755+00:00,,
44,cpu,model_only,1,900,1,0.0064974,6.497400000000001,6497.400000000001,153.907716932927,10,2026-07-25T20:12:26.387755+00:00,,
44,cpu,model_only,1,901,1,0.0065717,6.5717,6571.7,152.1676278588493,10,2026-07-25T20:12:26.387755+00:00,,
44,cpu,model_only,1,902,1,0.0067785,6.7785,6778.5,147.52526370140887,10,2026-07-25T20:12:26.387755+00:00,,
44,cpu,model_only,1,903,1,0.0064946,6.494599999999999,6494.599999999999,153.97407076648292,10,2026-07-25T20:12:26.387755+00:00,,
44,cpu,model_only,1,904,1,0.0072796,7.279599999999999,7279.599999999999,137.37018517500962,10,2026-07-25T20:12:26.387755+00:00,,
44,cpu,model_only,1,905,1,0.0059634,5.9634,5963.4,167.689573062347,10,2026-07-25T20:12:26.387755+00:00,,
44,cpu,model_only,1,906,1,0.0061143,6.114299999999999,6114.299999999999,163.5510197406081,10,2026-07-25T20:12:26.387755+00:00,,
44,cpu,model_only,1,907,1,0.0060132,6.013199999999999,6013.2,166.3008048958957,10,2026-07-25T20:12:26.387755+00:00,,
44,cpu,model_only,1,908,1,0.0061925,6.1925,6192.5,161.48566814695195,10,2026-07-25T20:12:26.387755+00:00,,
44,cpu,model_only,1,909,1,0.0065797,6.5797,6579.7,151.98261318905116,10,2026-07-25T20:12:26.387755+00:00,,
44,cpu,model_only,1,910,1,0.0062775,6.2775,6277.5,159.2990840302668,10,2026-07-25T20:12:26.387755+00:00,,
44,cpu,model_only,1,911,1,0.0064055,6.4055,6405.5,156.1158379517602,10,2026-07-25T20:12:26.387755+00:00,,
44,cpu,model_only,1,912,1,0.0063755,6.3755,6375.5,156.85044310250177,10,2026-07-25T20:12:26.387755+00:00,,
44,cpu,model_only,1,913,1,0.0060784,6.0784,6078.400000000001,164.5169781521453,10,2026-07-25T20:12:26.387755+00:00,,
44,cpu,model_only,1,914,1,0.0065094,6.5094,6509.400000000001,153.62398992226625,10,2026-07-25T20:12:26.387755+00:00,,
44,cpu,model_only,1,915,1,0.0064638,6.4638,6463.799999999999,154.70775704693835,10,2026-07-25T20:12:26.387755+00:00,,
44,cpu,model_only,1,916,1,0.0070226,7.022600000000001,7022.6,142.39740267137526,10,2026-07-25T20:12:26.387755+00:00,,
44,cpu,model_only,1,917,1,0.0066118,6.611800000000001,6611.8,151.24474424513747,10,2026-07-25T20:12:26.387755+00:00,,
44,cpu,model_only,1,918,1,0.0063861,6.3861,6386.099999999999,156.59009411064656,10,2026-07-25T20:12:26.387755+00:00,,
44,cpu,model_only,1,919,1,0.007383,7.383,7383.0,135.4462955438169,10,2026-07-25T20:12:26.387755+00:00,,
44,cpu,model_only,1,920,1,0.006242,6.242,6242.0,160.20506247997437,10,2026-07-25T20:12:26.387755+00:00,,
44,cpu,model_only,1,921,1,0.0067711,6.771100000000001,6771.1,147.68649111665755,10,2026-07-25T20:12:26.387755+00:00,,
44,cpu,model_only,1,922,1,0.0064658,6.4658,6465.8,154.659902873581,10,2026-07-25T20:12:26.387755+00:00,,
44,cpu,model_only,1,923,1,0.0069721,6.9721,6972.1,143.42880911059794,10,2026-07-25T20:12:26.387755+00:00,,
44,cpu,model_only,1,924,1,0.0067079,6.7079,6707.900000000001,149.0779528615513,10,2026-07-25T20:12:26.387755+00:00,,
44,cpu,model_only,1,925,1,0.0064949,6.4948999999999995,6494.9,153.966958690665,10,2026-07-25T20:12:26.387755+00:00,,
44,cpu,model_only,1,926,1,0.0061128,6.1128,6112.8,163.5911529904463,10,2026-07-25T20:12:26.387755+00:00,,
44,cpu,model_only,1,927,1,0.0064851,6.4851,6485.099999999999,154.19962683690306,10,2026-07-25T20:12:26.387755+00:00,,
44,cpu,model_only,1,928,1,0.0065505,6.5504999999999995,6550.5,152.66010228226853,10,2026-07-25T20:12:26.387755+00:00,,
44,cpu,model_only,1,929,1,0.0071509,7.1509,7150.9,139.84253730299682,10,2026-07-25T20:12:26.387755+00:00,,
44,cpu,model_only,1,930,1,0.0072377,7.237699999999999,7237.7,138.16543929701425,10,2026-07-25T20:12:26.387755+00:00,,
44,cpu,model_only,1,931,1,0.006768,6.768,6768.0,147.75413711583926,10,2026-07-25T20:12:26.387755+00:00,,
44,cpu,model_only,1,932,1,0.0067669,6.766900000000001,6766.900000000001,147.7781554330639,10,2026-07-25T20:12:26.387755+00:00,,
44,cpu,model_only,1,933,1,0.0066788,6.678800000000001,6678.8,149.7274959573576,10,2026-07-25T20:12:26.387755+00:00,,
44,cpu,model_only,1,934,1,0.0065008,6.5008,6500.8,153.82722126507505,10,2026-07-25T20:12:26.387755+00:00,,
44,cpu,model_only,1,935,1,0.0070654,7.0654,7065.400000000001,141.53480340815807,10,2026-07-25T20:12:26.387755+00:00,,
44,cpu,model_only,1,936,1,0.0065955,6.5954999999999995,6595.5,151.61852778409522,10,2026-07-25T20:12:26.387755+00:00,,
44,cpu,model_only,1,937,1,0.0068097,6.8097,6809.7,146.84934725465146,10,2026-07-25T20:12:26.387755+00:00,,
44,cpu,model_only,1,938,1,0.0065155,6.515499999999999,6515.5,153.48016268897246,10,2026-07-25T20:12:26.387755+00:00,,
44,cpu,model_only,1,939,1,0.0067914,6.7914,6791.400000000001,147.24504520422886,10,2026-07-25T20:12:26.387755+00:00,,
44,cpu,model_only,1,940,1,0.0066716,6.6716,6671.599999999999,149.88908207926136,10,2026-07-25T20:12:26.387755+00:00,,
44,cpu,model_only,1,941,1,0.0062161,6.2161,6216.099999999999,160.87257283505735,10,2026-07-25T20:12:26.387755+00:00,,
44,cpu,model_only,1,942,1,0.0066038,6.6038,6603.8,151.42796571670857,10,2026-07-25T20:12:26.387755+00:00,,
44,cpu,model_only,1,943,1,0.0063164,6.3164,6316.4,158.31802925717182,10,2026-07-25T20:12:26.387755+00:00,,
44,cpu,model_only,1,944,1,0.0066422,6.6422,6642.2,150.55252777694136,10,2026-07-25T20:12:26.387755+00:00,,
44,cpu,model_only,1,945,1,0.0063345,6.3345,6334.5,157.8656563264662,10,2026-07-25T20:12:26.387755+00:00,,
44,cpu,model_only,1,946,1,0.0062679,6.2679,6267.9,159.54306865138244,10,2026-07-25T20:12:26.387755+00:00,,
44,cpu,model_only,1,947,1,0.0066108,6.6108,6610.8,151.267622678042,10,2026-07-25T20:12:26.387755+00:00,,
44,cpu,model_only,1,948,1,0.0066419,6.6419,6641.9,150.55932790316024,10,2026-07-25T20:12:26.387755+00:00,,
44,cpu,model_only,1,949,1,0.0069161,6.916099999999999,6916.099999999999,144.5901591937653,10,2026-07-25T20:12:26.387755+00:00,,
44,cpu,model_only,1,950,1,0.0065938,6.593800000000001,6593.8,151.65761776214018,10,2026-07-25T20:12:26.387755+00:00,,
44,cpu,model_only,1,951,1,0.0064978,6.4978,6497.8,153.89824248207086,10,2026-07-25T20:12:26.387755+00:00,,
44,cpu,model_only,1,952,1,0.0068639,6.8639,6863.9,145.6897682075788,10,2026-07-25T20:12:26.387755+00:00,,
44,cpu,model_only,1,953,1,0.0064959,6.4959,6495.9,153.94325651564833,10,2026-07-25T20:12:26.387755+00:00,,
44,cpu,model_only,1,954,1,0.0068452,6.8452,6845.2,146.08776953193478,10,2026-07-25T20:12:26.387755+00:00,,
44,cpu,model_only,1,955,1,0.0065621,6.5621,6562.1,152.3902409289709,10,2026-07-25T20:12:26.387755+00:00,,
44,cpu,model_only,1,956,1,0.0069022,6.9022,6902.2,144.88134218075396,10,2026-07-25T20:12:26.387755+00:00,,
44,cpu,model_only,1,957,1,0.0063689,6.3689,6368.900000000001,157.01298497385733,10,2026-07-25T20:12:26.387755+00:00,,
44,cpu,model_only,1,958,1,0.0060304,6.0304,6030.4,165.8264791721942,10,2026-07-25T20:12:26.387755+00:00,,
44,cpu,model_only,1,959,1,0.0067716,6.7716,6771.6,147.6755862720775,10,2026-07-25T20:12:26.387755+00:00,,
44,cpu,model_only,1,960,1,0.0070148,7.0148,7014.8,142.55573929406398,10,2026-07-25T20:12:26.387755+00:00,,
44,cpu,model_only,1,961,1,0.0068137,6.8137,6813.7,146.76313897001629,10,2026-07-25T20:12:26.387755+00:00,,
44,cpu,model_only,1,962,1,0.0069119,6.9119,6911.900000000001,144.67801906856292,10,2026-07-25T20:12:26.387755+00:00,,
44,cpu,model_only,1,963,1,0.0070611,7.0611,7061.099999999999,141.62099389613516,10,2026-07-25T20:12:26.387755+00:00,,
44,cpu,model_only,1,964,1,0.006831,6.831,6831.0,146.39145073927682,10,2026-07-25T20:12:26.387755+00:00,,
44,cpu,model_only,1,965,1,0.0065121,6.5121,6512.099999999999,153.56029545000845,10,2026-07-25T20:12:26.387755+00:00,,
44,cpu,model_only,1,966,1,0.0067379,6.7379,6737.9,148.41419433354608,10,2026-07-25T20:12:26.387755+00:00,,
44,cpu,model_only,1,967,1,0.0065666,6.566599999999999,6566.599999999999,152.28581000822345,10,2026-07-25T20:12:26.387755+00:00,,
44,cpu,model_only,1,968,1,0.0068034,6.8034,6803.400000000001,146.98533086397978,10,2026-07-25T20:12:26.387755+00:00,,
44,cpu,model_only,1,969,1,0.0075899,7.5899,7589.900000000001,131.75404155522472,10,2026-07-25T20:12:26.387755+00:00,,
44,cpu,model_only,1,970,1,0.0066743,6.674300000000001,6674.3,149.828446428839,10,2026-07-25T20:12:26.387755+00:00,,
44,cpu,model_only,1,971,1,0.0064,6.4,6400.0,156.25,10,2026-07-25T20:12:26.387755+00:00,,
44,cpu,model_only,1,972,1,0.0068036,6.8036,6803.6,146.98101005350108,10,2026-07-25T20:12:26.387755+00:00,,
44,cpu,model_only,1,973,1,0.0067769,6.7768999999999995,6776.9,147.56009384821968,10,2026-07-25T20:12:26.387755+00:00,,
44,cpu,model_only,1,974,1,0.0065335,6.5335,6533.5,153.05731996632738,10,2026-07-25T20:12:26.387755+00:00,,
44,cpu,model_only,1,975,1,0.006397,6.397,6397.0,156.3232765358762,10,2026-07-25T20:12:26.387755+00:00,,
44,cpu,model_only,1,976,1,0.0067056,6.7056,6705.6,149.12908613696015,10,2026-07-25T20:12:26.387755+00:00,,
44,cpu,model_only,1,977,1,0.0064511,6.4511,6451.1,155.01232347971663,10,2026-07-25T20:12:26.387755+00:00,,
44,cpu,model_only,1,978,1,0.0069402,6.9402,6940.2,144.08806662632202,10,2026-07-25T20:12:26.387755+00:00,,
44,cpu,model_only,1,979,1,0.0062299,6.2299,6229.9,160.51622016404758,10,2026-07-25T20:12:26.387755+00:00,,
44,cpu,model_only,1,980,1,0.0063429,6.3429,6342.900000000001,157.65659241041163,10,2026-07-25T20:12:26.387755+00:00,,
44,cpu,model_only,1,981,1,0.0066117,6.6117,6611.7,151.24703177700138,10,2026-07-25T20:12:26.387755+00:00,,
44,cpu,model_only,1,982,1,0.006323,6.3229999999999995,6323.0,158.15277558121147,10,2026-07-25T20:12:26.387755+00:00,,
44,cpu,model_only,1,983,1,0.0066393,6.6392999999999995,6639.3,150.61828807253778,10,2026-07-25T20:12:26.387755+00:00,,
44,cpu,model_only,1,984,1,0.0064111,6.4111,6411.1,155.97947310133986,10,2026-07-25T20:12:26.387755+00:00,,
44,cpu,model_only,1,985,1,0.006693,6.6930000000000005,6693.0,149.40983116689077,10,2026-07-25T20:12:26.387755+00:00,,
44,cpu,model_only,1,986,1,0.0070582,7.058199999999999,7058.2,141.67918166104673,10,2026-07-25T20:12:26.387755+00:00,,
44,cpu,model_only,1,987,1,0.0063834,6.3834,6383.4,156.65632734906163,10,2026-07-25T20:12:26.387755+00:00,,
44,cpu,model_only,1,988,1,0.006721,6.721,6721.0,148.787382829936,10,2026-07-25T20:12:26.387755+00:00,,
44,cpu,model_only,1,989,1,0.0065033,6.5033,6503.3,153.76808697123,10,2026-07-25T20:12:26.387755+00:00,,
44,cpu,model_only,1,990,1,0.0067371,6.7371,6737.1,148.43181784447313,10,2026-07-25T20:12:26.387755+00:00,,
44,cpu,model_only,1,991,1,0.006465,6.465,6465.0,154.67904098994586,10,2026-07-25T20:12:26.387755+00:00,,
44,cpu,model_only,1,992,1,0.0064941,6.4941,6494.1,153.98592568639225,10,2026-07-25T20:12:26.387755+00:00,,
44,cpu,model_only,1,993,1,0.0071148,7.1148,7114.8,140.55208860403664,10,2026-07-25T20:12:26.387755+00:00,,
44,cpu,model_only,1,994,1,0.0062225,6.2225,6222.5,160.70711128967457,10,2026-07-25T20:12:26.387755+00:00,,
44,cpu,model_only,1,995,1,0.0068984,6.8984,6898.4,144.96115041168966,10,2026-07-25T20:12:26.387755+00:00,,
44,cpu,model_only,1,996,1,0.0063632,6.3632,6363.200000000001,157.15363339200402,10,2026-07-25T20:12:26.387755+00:00,,
44,cpu,model_only,1,997,1,0.0062762,6.2762,6276.2,159.3320799209713,10,2026-07-25T20:12:26.387755+00:00,,
44,cpu,model_only,1,998,1,0.0068232,6.8232,6823.2,146.5587993903154,10,2026-07-25T20:12:26.387755+00:00,,
44,cpu,model_only,1,999,1,0.0065378,6.5378,6537.8,152.95665208479917,10,2026-07-25T20:12:26.387755+00:00,,
44,cpu,end_to_end,1,0,1,0.0065578,6.5578,6557.8,152.49016438439722,10,2026-07-25T20:12:26.387755+00:00,,
44,cpu,end_to_end,1,1,1,0.0073927,7.3927000000000005,7392.700000000001,135.26857575716585,10,2026-07-25T20:12:26.387755+00:00,,
44,cpu,end_to_end,1,2,1,0.0069562,6.9562,6956.2,143.75664874500447,10,2026-07-25T20:12:26.387755+00:00,,
44,cpu,end_to_end,1,3,1,0.0063656,6.3656,6365.599999999999,157.09438230488877,10,2026-07-25T20:12:26.387755+00:00,,
44,cpu,end_to_end,1,4,1,0.0061828,6.182799999999999,6182.799999999999,161.7390179206832,10,2026-07-25T20:12:26.387755+00:00,,
44,cpu,end_to_end,1,5,1,0.0062821,6.2821,6282.099999999999,159.18243899333027,10,2026-07-25T20:12:26.387755+00:00,,
44,cpu,end_to_end,1,6,1,0.0064749,6.4749,6474.9,154.44253965312205,10,2026-07-25T20:12:26.387755+00:00,,
44,cpu,end_to_end,1,7,1,0.006269,6.269,6269.0,159.5150741745095,10,2026-07-25T20:12:26.387755+00:00,,
44,cpu,end_to_end,1,8,1,0.0060775,6.0775,6077.5,164.54134101192926,10,2026-07-25T20:12:26.387755+00:00,,
44,cpu,end_to_end,1,9,1,0.0066788,6.678800000000001,6678.8,149.7274959573576,10,2026-07-25T20:12:26.387755+00:00,,
44,cpu,end_to_end,1,10,1,0.0065317,6.5317,6531.7,153.0994993646371,10,2026-07-25T20:12:26.387755+00:00,,
44,cpu,end_to_end,1,11,1,0.0067426,6.7425999999999995,6742.599999999999,148.31074066383889,10,2026-07-25T20:12:26.387755+00:00,,
44,cpu,end_to_end,1,12,1,0.0065317,6.5317,6531.7,153.0994993646371,10,2026-07-25T20:12:26.387755+00:00,,
44,cpu,end_to_end,1,13,1,0.0067582,6.7581999999999995,6758.2,147.96839395105206,10,2026-07-25T20:12:26.387755+00:00,,
44,cpu,end_to_end,1,14,1,0.0068188,6.8187999999999995,6818.8,146.65337009444477,10,2026-07-25T20:12:26.387755+00:00,,
44,cpu,end_to_end,1,15,1,0.0063378,6.3378000000000005,6337.8,157.78345798226513,10,2026-07-25T20:12:26.387755+00:00,,
44,cpu,end_to_end,1,16,1,0.0065479,6.547899999999999,6547.9,152.72071962003085,10,2026-07-25T20:12:26.387755+00:00,,
44,cpu,end_to_end,1,17,1,0.0062715,6.2715000000000005,6271.5,159.4514868851152,10,2026-07-25T20:12:26.387755+00:00,,
44,cpu,end_to_end,1,18,1,0.0063179,6.317900000000001,6317.900000000001,158.2804412858703,10,2026-07-25T20:12:26.387755+00:00,,
44,cpu,end_to_end,1,19,1,0.0060007,6.0007,6000.700000000001,166.6472244904761,10,2026-07-25T20:12:26.387755+00:00,,
44,cpu,end_to_end,1,20,1,0.0060927,6.092700000000001,6092.700000000001,164.13084510972146,10,2026-07-25T20:12:26.387755+00:00,,
44,cpu,end_to_end,1,21,1,0.0075804,7.5804,7580.400000000001,131.9191599387895,10,2026-07-25T20:12:26.387755+00:00,,
44,cpu,end_to_end,1,22,1,0.007718,7.718,7718.0,129.5672454003628,10,2026-07-25T20:12:26.387755+00:00,,
44,cpu,end_to_end,1,23,1,0.0081184,8.1184,8118.4,123.17698068584943,10,2026-07-25T20:12:26.387755+00:00,,
44,cpu,end_to_end,1,24,1,0.0072928,7.292800000000001,7292.8,137.12154453707765,10,2026-07-25T20:12:26.387755+00:00,,
44,cpu,end_to_end,1,25,1,0.0079261,7.9261,7926.1,126.16545337555671,10,2026-07-25T20:12:26.387755+00:00,,
44,cpu,end_to_end,1,26,1,0.007616,7.6160000000000005,7616.0,131.30252100840335,10,2026-07-25T20:12:26.387755+00:00,,
44,cpu,end_to_end,1,27,1,0.0082836,8.2836,8283.6,120.72045970351054,10,2026-07-25T20:12:26.387755+00:00,,
44,cpu,end_to_end,1,28,1,0.0103463,10.3463,10346.3,96.6529097358476,10,2026-07-25T20:12:26.387755+00:00,,
44,cpu,end_to_end,1,29,1,0.0071525,7.1525,7152.5,139.81125480601187,10,2026-07-25T20:12:26.387755+00:00,,
44,cpu,end_to_end,1,30,1,0.0066511,6.6511000000000005,6651.1,150.35106974786126,10,2026-07-25T20:12:26.387755+00:00,,
44,cpu,end_to_end,1,31,1,0.0072751,7.275099999999999,7275.099999999999,137.45515525559787,10,2026-07-25T20:12:26.387755+00:00,,
44,cpu,end_to_end,1,32,1,0.0066669,6.6669,6666.9,149.99475018374358,10,2026-07-25T20:12:26.387755+00:00,,
44,cpu,end_to_end,1,33,1,0.0061467,6.1467,6146.7,162.6889225112662,10,2026-07-25T20:12:26.387755+00:00,,
44,cpu,end_to_end,1,34,1,0.0063357,6.335699999999999,6335.7,157.83575611218967,10,2026-07-25T20:12:26.387755+00:00,,
44,cpu,end_to_end,1,35,1,0.0063597,6.3597,6359.7,157.2401213893737,10,2026-07-25T20:12:26.387755+00:00,,
44,cpu,end_to_end,1,36,1,0.0063354,6.3354,6335.4,157.84323010386086,10,2026-07-25T20:12:26.387755+00:00,,
44,cpu,end_to_end,1,37,1,0.0068885,6.8885,6888.5,145.16948537417434,10,2026-07-25T20:12:26.387755+00:00,,
44,cpu,end_to_end,1,38,1,0.0069763,6.9763,6976.3,143.3424594699196,10,2026-07-25T20:12:26.387755+00:00,,
44,cpu,end_to_end,1,39,1,0.0074385,7.4384999999999994,7438.5,134.43570612354642,10,2026-07-25T20:12:26.387755+00:00,,
44,cpu,end_to_end,1,40,1,0.006373,6.373,6373.0,156.91197238349287,10,2026-07-25T20:12:26.387755+00:00,,
44,cpu,end_to_end,1,41,1,0.0066892,6.6892000000000005,6689.2,149.49470788734078,10,2026-07-25T20:12:26.387755+00:00,,
44,cpu,end_to_end,1,42,1,0.006679,6.679,6679.0,149.72301242701002,10,2026-07-25T20:12:26.387755+00:00,,
44,cpu,end_to_end,1,43,1,0.0065074,6.5074,6507.4,153.6712050895903,10,2026-07-25T20:12:26.387755+00:00,,
44,cpu,end_to_end,1,44,1,0.0074486,7.4486,7448.599999999999,134.25341674945628,10,2026-07-25T20:12:26.387755+00:00,,
44,cpu,end_to_end,1,45,1,0.0063358,6.3358,6335.8,157.83326493891852,10,2026-07-25T20:12:26.387755+00:00,,
44,cpu,end_to_end,1,46,1,0.0065776,6.5776,6577.6,152.03113597664802,10,2026-07-25T20:12:26.387755+00:00,,
44,cpu,end_to_end,1,47,1,0.0064783,6.4783,6478.3,154.36148372258154,10,2026-07-25T20:12:26.387755+00:00,,
44,cpu,end_to_end,1,48,1,0.0063086,6.3086,6308.6,158.5137748470342,10,2026-07-25T20:12:26.387755+00:00,,
44,cpu,end_to_end,1,49,1,0.0066163,6.616300000000001,6616.3,151.1418768798271,10,2026-07-25T20:12:26.387755+00:00,,
44,cpu,end_to_end,1,50,1,0.006436,6.436,6436.0,155.37600994406463,10,2026-07-25T20:12:26.387755+00:00,,
44,cpu,end_to_end,1,51,1,0.0067325,6.7325,6732.5,148.53323431117713,10,2026-07-25T20:12:26.387755+00:00,,
44,cpu,end_to_end,1,52,1,0.0065603,6.5603,6560.3,152.43205341219152,10,2026-07-25T20:12:26.387755+00:00,,
44,cpu,end_to_end,1,53,1,0.0064129,6.4129,6412.9,155.93569212056948,10,2026-07-25T20:12:26.387755+00:00,,
44,cpu,end_to_end,1,54,1,0.0073741,7.374099999999999,7374.099999999999,135.60976932778237,10,2026-07-25T20:12:26.387755+00:00,,
44,cpu,end_to_end,1,55,1,0.0065447,6.5447,6544.7,152.7953916909866,10,2026-07-25T20:12:26.387755+00:00,,
44,cpu,end_to_end,1,56,1,0.0072821,7.2821,7282.099999999999,137.32302495159365,10,2026-07-25T20:12:26.387755+00:00,,
44,cpu,end_to_end,1,57,1,0.006461,6.460999999999999,6461.0,154.7748026621266,10,2026-07-25T20:12:26.387755+00:00,,
44,cpu,end_to_end,1,58,1,0.0069013,6.9013,6901.3,144.900236187385,10,2026-07-25T20:12:26.387755+00:00,,
44,cpu,end_to_end,1,59,1,0.0063494,6.3494,6349.4,157.4951963965099,10,2026-07-25T20:12:26.387755+00:00,,
44,cpu,end_to_end,1,60,1,0.0062596,6.2596,6259.599999999999,159.75461690842866,10,2026-07-25T20:12:26.387755+00:00,,
44,cpu,end_to_end,1,61,1,0.0071157,7.1157,7115.7,140.53431145214105,10,2026-07-25T20:12:26.387755+00:00,,
44,cpu,end_to_end,1,62,1,0.0062701,6.2701,6270.099999999999,159.48708952010335,10,2026-07-25T20:12:26.387755+00:00,,
44,cpu,end_to_end,1,63,1,0.0063883,6.3883,6388.3,156.53616768154282,10,2026-07-25T20:12:26.387755+00:00,,
44,cpu,end_to_end,1,64,1,0.0062107,6.2107,6210.700000000001,161.01244626209606,10,2026-07-25T20:12:26.387755+00:00,,
44,cpu,end_to_end,1,65,1,0.0063613,6.3613,6361.3,157.20057221008284,10,2026-07-25T20:12:26.387755+00:00,,
44,cpu,end_to_end,1,66,1,0.006286,6.286,6286.0,159.0836780146357,10,2026-07-25T20:12:26.387755+00:00,,
44,cpu,end_to_end,1,67,1,0.0061487,6.1487,6148.7,162.63600435864493,10,2026-07-25T20:12:26.387755+00:00,,
44,cpu,end_to_end,1,68,1,0.0065716,6.5716,6571.6,152.16994339278105,10,2026-07-25T20:12:26.387755+00:00,,
44,cpu,end_to_end,1,69,1,0.0063197,6.3197,6319.7,158.23535927338324,10,2026-07-25T20:12:26.387755+00:00,,
44,cpu,end_to_end,1,70,1,0.0063842,6.3842,6384.2,156.63669684533693,10,2026-07-25T20:12:26.387755+00:00,,
44,cpu,end_to_end,1,71,1,0.0066261,6.6261,6626.1,150.918338087261,10,2026-07-25T20:12:26.387755+00:00,,
44,cpu,end_to_end,1,72,1,0.0065413,6.5413,6541.3,152.8748108174216,10,2026-07-25T20:12:26.387755+00:00,,
44,cpu,end_to_end,1,73,1,0.0070052,7.005199999999999,7005.2,142.7510991834637,10,2026-07-25T20:12:26.387755+00:00,,
44,cpu,end_to_end,1,74,1,0.0065481,6.548100000000001,6548.1,152.71605503886622,10,2026-07-25T20:12:26.387755+00:00,,
44,cpu,end_to_end,1,75,1,0.0062319,6.2319,6231.900000000001,160.46470578796192,10,2026-07-25T20:12:26.387755+00:00,,
44,cpu,end_to_end,1,76,1,0.0063661,6.3661,6366.1,157.08204395155587,10,2026-07-25T20:12:26.387755+00:00,,
44,cpu,end_to_end,1,77,1,0.0066194,6.6194,6619.400000000001,151.07109405686316,10,2026-07-25T20:12:26.387755+00:00,,
44,cpu,end_to_end,1,78,1,0.0072551,7.2551,7255.099999999999,137.83407534010558,10,2026-07-25T20:12:26.387755+00:00,,
44,cpu,end_to_end,1,79,1,0.0062175,6.2175,6217.5,160.83634901487736,10,2026-07-25T20:12:26.387755+00:00,,
44,cpu,end_to_end,1,80,1,0.0064794,6.4794,6479.4,154.33527795783561,10,2026-07-25T20:12:26.387755+00:00,,
44,cpu,end_to_end,1,81,1,0.0065981,6.5981,6598.1,151.55878207362727,10,2026-07-25T20:12:26.387755+00:00,,
44,cpu,end_to_end,1,82,1,0.0064649,6.4649,6464.9,154.6814335875265,10,2026-07-25T20:12:26.387755+00:00,,
44,cpu,end_to_end,1,83,1,0.0072668,7.2668,7266.8,137.61215390543293,10,2026-07-25T20:12:26.387755+00:00,,
44,cpu,end_to_end,1,84,1,0.0066085,6.608499999999999,6608.5,151.32026935007946,10,2026-07-25T20:12:26.387755+00:00,,
44,cpu,end_to_end,1,85,1,0.0067465,6.7465,6746.5,148.22500555843772,10,2026-07-25T20:12:26.387755+00:00,,
44,cpu,end_to_end,1,86,1,0.0065006,6.5005999999999995,6500.599999999999,153.8319539734794,10,2026-07-25T20:12:26.387755+00:00,,
44,cpu,end_to_end,1,87,1,0.0070025,7.0025,7002.5,142.80614066404854,10,2026-07-25T20:12:26.387755+00:00,,
44,cpu,end_to_end,1,88,1,0.0066209,6.6209,6620.9,151.0368680995031,10,2026-07-25T20:12:26.387755+00:00,,
44,cpu,end_to_end,1,89,1,0.0064974,6.497400000000001,6497.400000000001,153.907716932927,10,2026-07-25T20:12:26.387755+00:00,,
44,cpu,end_to_end,1,90,1,0.0071558,7.1558,7155.8,139.7467788367478,10,2026-07-25T20:12:26.387755+00:00,,
44,cpu,end_to_end,1,91,1,0.0064459,6.4459,6445.9,155.13737414480522,10,2026-07-25T20:12:26.387755+00:00,,
44,cpu,end_to_end,1,92,1,0.0067508,6.750800000000001,6750.8,148.13059192984534,10,2026-07-25T20:12:26.387755+00:00,,
44,cpu,end_to_end,1,93,1,0.0067679,6.7679,6767.900000000001,147.75632027659984,10,2026-07-25T20:12:26.387755+00:00,,
44,cpu,end_to_end,1,94,1,0.0069351,6.935099999999999,6935.099999999999,144.19402748338166,10,2026-07-25T20:12:26.387755+00:00,,
44,cpu,end_to_end,1,95,1,0.006776,6.776,6776.0,147.5796930342385,10,2026-07-25T20:12:26.387755+00:00,,
44,cpu,end_to_end,1,96,1,0.0064173,6.4173,6417.3,155.8287753416546,10,2026-07-25T20:12:26.387755+00:00,,
44,cpu,end_to_end,1,97,1,0.0068449,6.8449,6844.900000000001,146.09417230346682,10,2026-07-25T20:12:26.387755+00:00,,
44,cpu,end_to_end,1,98,1,0.0064641,6.4641,6464.1,154.7005770331523,10,2026-07-25T20:12:26.387755+00:00,,
44,cpu,end_to_end,1,99,1,0.0066888,6.6888,6688.8,149.5036478890085,10,2026-07-25T20:12:26.387755+00:00,,
44,cpu,end_to_end,1,100,1,0.0065543,6.5543,6554.3,152.57159422058803,10,2026-07-25T20:12:26.387755+00:00,,
44,cpu,end_to_end,1,101,1,0.0066901,6.6901,6690.1,149.47459679227515,10,2026-07-25T20:12:26.387755+00:00,,
44,cpu,end_to_end,1,102,1,0.0070972,7.0972,7097.2,140.90063687087866,10,2026-07-25T20:12:26.387755+00:00,,
44,cpu,end_to_end,1,103,1,0.0066741,6.674099999999999,6674.099999999999,149.8329362760522,10,2026-07-25T20:12:26.387755+00:00,,
44,cpu,end_to_end,1,104,1,0.0070106,7.010599999999999,7010.599999999999,142.64114341140558,10,2026-07-25T20:12:26.387755+00:00,,
44,cpu,end_to_end,1,105,1,0.00611,6.11,6110.0,163.66612111292963,10,2026-07-25T20:12:26.387755+00:00,,
44,cpu,end_to_end,1,106,1,0.0065697,6.5697,6569.700000000001,152.21395193083399,10,2026-07-25T20:12:26.387755+00:00,,
44,cpu,end_to_end,1,107,1,0.0068678,6.8678,6867.8,145.60703573196656,10,2026-07-25T20:12:26.387755+00:00,,
44,cpu,end_to_end,1,108,1,0.0063969,6.3969,6396.9,156.32572027075616,10,2026-07-25T20:12:26.387755+00:00,,
44,cpu,end_to_end,1,109,1,0.006659,6.659,6659.0,150.1726986033939,10,2026-07-25T20:12:26.387755+00:00,,
44,cpu,end_to_end,1,110,1,0.0062616,6.2616,6261.6,159.70359013670628,10,2026-07-25T20:12:26.387755+00:00,,
44,cpu,end_to_end,1,111,1,0.0070067,7.0067,7006.7,142.72053891275493,10,2026-07-25T20:12:26.387755+00:00,,
44,cpu,end_to_end,1,112,1,0.0065354,6.5354,6535.400000000001,153.01282247452335,10,2026-07-25T20:12:26.387755+00:00,,
44,cpu,end_to_end,1,113,1,0.0065219,6.5219,6521.9,153.32955120440363,10,2026-07-25T20:12:26.387755+00:00,,
44,cpu,end_to_end,1,114,1,0.006749,6.749,6749.0,148.1700992739665,10,2026-07-25T20:12:26.387755+00:00,,
44,cpu,end_to_end,1,115,1,0.0064366,6.436599999999999,6436.599999999999,155.3615262716341,10,2026-07-25T20:12:26.387755+00:00,,
44,cpu,end_to_end,1,116,1,0.0067447,6.7447,6744.7,148.26456328672884,10,2026-07-25T20:12:26.387755+00:00,,
44,cpu,end_to_end,1,117,1,0.0072257,7.2257,7225.7,138.39489599623568,10,2026-07-25T20:12:26.387755+00:00,,
44,cpu,end_to_end,1,118,1,0.0069259,6.9258999999999995,6925.9,144.38556721870083,10,2026-07-25T20:12:26.387755+00:00,,
44,cpu,end_to_end,1,119,1,0.0063713,6.3713,6371.3,156.95383987569255,10,2026-07-25T20:12:26.387755+00:00,,
44,cpu,end_to_end,1,120,1,0.0073,7.3,7300.0,136.986301369863,10,2026-07-25T20:12:26.387755+00:00,,
44,cpu,end_to_end,1,121,1,0.0063441,6.3441,6344.1,157.62677133084281,10,2026-07-25T20:12:26.387755+00:00,,
44,cpu,end_to_end,1,122,1,0.0061801,6.1801,6180.1,161.809679455025,10,2026-07-25T20:12:26.387755+00:00,,
44,cpu,end_to_end,1,123,1,0.0062875,6.2875,6287.5,159.04572564612326,10,2026-07-25T20:12:26.387755+00:00,,
44,cpu,end_to_end,1,124,1,0.0065171,6.517099999999999,6517.099999999999,153.44248208559023,10,2026-07-25T20:12:26.387755+00:00,,
44,cpu,end_to_end,1,125,1,0.0061562,6.1562,6156.2,162.43786751567526,10,2026-07-25T20:12:26.387755+00:00,,
44,cpu,end_to_end,1,126,1,0.0068516,6.8516,6851.6,145.95131064276956,10,2026-07-25T20:12:26.387755+00:00,,
44,cpu,end_to_end,1,127,1,0.0065025,6.5024999999999995,6502.5,153.78700499807766,10,2026-07-25T20:12:26.387755+00:00,,
44,cpu,end_to_end,1,128,1,0.0068134,6.8134,6813.4,146.76960108022428,10,2026-07-25T20:12:26.387755+00:00,,
44,cpu,end_to_end,1,129,1,0.0065382,6.5382,6538.2,152.94729436236273,10,2026-07-25T20:12:26.387755+00:00,,
44,cpu,end_to_end,1,130,1,0.0061701,6.170100000000001,6170.1,162.071927521434,10,2026-07-25T20:12:26.387755+00:00,,
44,cpu,end_to_end,1,131,1,0.0068841,6.8841,6884.099999999999,145.2622710303453,10,2026-07-25T20:12:26.387755+00:00,,
44,cpu,end_to_end,1,132,1,0.0066407,6.6407,6640.7,150.58653455208034,10,2026-07-25T20:12:26.387755+00:00,,
44,cpu,end_to_end,1,133,1,0.0065548,6.5548,6554.8,152.55995606273265,10,2026-07-25T20:12:26.387755+00:00,,
44,cpu,end_to_end,1,134,1,0.0068121,6.8121,6812.099999999999,146.79761013490702,10,2026-07-25T20:12:26.387755+00:00,,
44,cpu,end_to_end,1,135,1,0.0064637,6.4637,6463.7,154.71015053297646,10,2026-07-25T20:12:26.387755+00:00,,
44,cpu,end_to_end,1,136,1,0.0065493,6.5493,6549.3,152.6880735345762,10,2026-07-25T20:12:26.387755+00:00,,
44,cpu,end_to_end,1,137,1,0.0064127,6.4127,6412.700000000001,155.94055546025854,10,2026-07-25T20:12:26.387755+00:00,,
44,cpu,end_to_end,1,138,1,0.0066504,6.6504,6650.4,150.36689522434742,10,2026-07-25T20:12:26.387755+00:00,,
44,cpu,end_to_end,1,139,1,0.0061655,6.1655,6165.5,162.19284729543426,10,2026-07-25T20:12:26.387755+00:00,,
44,cpu,end_to_end,1,140,1,0.0063657,6.3657,6365.7,157.09191447916174,10,2026-07-25T20:12:26.387755+00:00,,
44,cpu,end_to_end,1,141,1,0.006912,6.912,6912.0,144.67592592592592,10,2026-07-25T20:12:26.387755+00:00,,
44,cpu,end_to_end,1,142,1,0.0062599,6.2599,6259.9,159.74696081407052,10,2026-07-25T20:12:26.387755+00:00,,
44,cpu,end_to_end,1,143,1,0.0072302,7.2302,7230.2,138.3087604768886,10,2026-07-25T20:12:26.387755+00:00,,
44,cpu,end_to_end,1,144,1,0.0062207,6.2207,6220.7,160.75361293745078,10,2026-07-25T20:12:26.387755+00:00,,
44,cpu,end_to_end,1,145,1,0.0071058,7.1057999999999995,7105.8,140.73010779926258,10,2026-07-25T20:12:26.387755+00:00,,
44,cpu,end_to_end,1,146,1,0.006697,6.697,6697.0,149.32059130954158,10,2026-07-25T20:12:26.387755+00:00,,
44,cpu,end_to_end,1,147,1,0.0065596,6.5596,6559.599999999999,152.4483200195134,10,2026-07-25T20:12:26.387755+00:00,,
44,cpu,end_to_end,1,148,1,0.006819,6.819000000000001,6819.0,146.64906877841324,10,2026-07-25T20:12:26.387755+00:00,,
44,cpu,end_to_end,1,149,1,0.0064587,6.4587,6458.700000000001,154.82991933361203,10,2026-07-25T20:12:26.387755+00:00,,
44,cpu,end_to_end,1,150,1,0.0067929,6.7929,6792.900000000001,147.21253073061578,10,2026-07-25T20:12:26.387755+00:00,,
44,cpu,end_to_end,1,151,1,0.0064607,6.4607,6460.7,154.7819895676939,10,2026-07-25T20:12:26.387755+00:00,,
44,cpu,end_to_end,1,152,1,0.0065372,6.5372,6537.2,152.97069081563973,10,2026-07-25T20:12:26.387755+00:00,,
44,cpu,end_to_end,1,153,1,0.0067734,6.7734,6773.4,147.6363421619866,10,2026-07-25T20:12:26.387755+00:00,,
44,cpu,end_to_end,1,154,1,0.0064834,6.4834000000000005,6483.400000000001,154.24005922818273,10,2026-07-25T20:12:26.387755+00:00,,
44,cpu,end_to_end,1,155,1,0.0069048,6.9048,6904.8,144.8267871625536,10,2026-07-25T20:12:26.387755+00:00,,
44,cpu,end_to_end,1,156,1,0.0065122,6.5122,6512.2,153.5579374097847,10,2026-07-25T20:12:26.387755+00:00,,
44,cpu,end_to_end,1,157,1,0.0062574,6.2574,6257.4,159.81078403170648,10,2026-07-25T20:12:26.387755+00:00,,
44,cpu,end_to_end,1,158,1,0.0061401,6.1401,6140.099999999999,162.8637970065634,10,2026-07-25T20:12:26.387755+00:00,,
44,cpu,end_to_end,1,159,1,0.0063857,6.3857,6385.7,156.5999029080602,10,2026-07-25T20:12:26.387755+00:00,,
44,cpu,end_to_end,1,160,1,0.0068542,6.8542000000000005,6854.200000000001,145.89594701059204,10,2026-07-25T20:12:26.387755+00:00,,
44,cpu,end_to_end,1,161,1,0.0065446,6.5446,6544.6,152.79772636983162,10,2026-07-25T20:12:26.387755+00:00,,
44,cpu,end_to_end,1,162,1,0.0070158,7.0158,7015.8,142.53542005188288,10,2026-07-25T20:12:26.387755+00:00,,
44,cpu,end_to_end,1,163,1,0.0063965,6.3965000000000005,6396.5,156.33549597436098,10,2026-07-25T20:12:26.387755+00:00,,
44,cpu,end_to_end,1,164,1,0.0064571,6.4571000000000005,6457.1,154.86828452401232,10,2026-07-25T20:12:26.387755+00:00,,
44,cpu,end_to_end,1,165,1,0.0067226,6.7226,6722.599999999999,148.75197096361526,10,2026-07-25T20:12:26.387755+00:00,,
44,cpu,end_to_end,1,166,1,0.0063664,6.3664000000000005,6366.400000000001,157.07464186981653,10,2026-07-25T20:12:26.387755+00:00,,
44,cpu,end_to_end,1,167,1,0.0070616,7.0616,7061.6,141.61096635323437,10,2026-07-25T20:12:26.387755+00:00,,
44,cpu,end_to_end,1,168,1,0.0064473,6.4473,6447.3,155.10368681463558,10,2026-07-25T20:12:26.387755+00:00,,
44,cpu,end_to_end,1,169,1,0.0067958,6.7958,6795.8,147.14971011507106,10,2026-07-25T20:12:26.387755+00:00,,
44,cpu,end_to_end,1,170,1,0.0067842,6.784199999999999,6784.2,147.40131481972819,10,2026-07-25T20:12:26.387755+00:00,,
44,cpu,end_to_end,1,171,1,0.0065163,6.5163,6516.3,153.46132007427528,10,2026-07-25T20:12:26.387755+00:00,,
44,cpu,end_to_end,1,172,1,0.0070532,7.0532,7053.2,141.7796177621505,10,2026-07-25T20:12:26.387755+00:00,,
44,cpu,end_to_end,1,173,1,0.0066299,6.6299,6629.900000000001,150.83183758427728,10,2026-07-25T20:12:26.387755+00:00,,
44,cpu,end_to_end,1,174,1,0.0066408,6.6408,6640.799999999999,150.58426695578848,10,2026-07-25T20:12:26.387755+00:00,,
44,cpu,end_to_end,1,175,1,0.0063571,6.3571,6357.1,157.30443126582875,10,2026-07-25T20:12:26.387755+00:00,,
44,cpu,end_to_end,1,176,1,0.0062036,6.2036,6203.6,161.19672448255852,10,2026-07-25T20:12:26.387755+00:00,,
44,cpu,end_to_end,1,177,1,0.0073118,7.3118,7311.8,136.7652288082278,10,2026-07-25T20:12:26.387755+00:00,,
44,cpu,end_to_end,1,178,1,0.006531,6.531000000000001,6531.0,153.11590874291838,10,2026-07-25T20:12:26.387755+00:00,,
44,cpu,end_to_end,1,179,1,0.007198,7.198,7198.0,138.9274798555154,10,2026-07-25T20:12:26.387755+00:00,,
44,cpu,end_to_end,1,180,1,0.006771,6.771,6771.0,147.6886722788362,10,2026-07-25T20:12:26.387755+00:00,,
44,cpu,end_to_end,1,181,1,0.0068926,6.8926,6892.599999999999,145.08313263499986,10,2026-07-25T20:12:26.387755+00:00,,
44,cpu,end_to_end,1,182,1,0.0066311,6.6311,6631.1,150.80454223281205,10,2026-07-25T20:12:26.387755+00:00,,
44,cpu,end_to_end,1,183,1,0.0064868,6.4868,6486.8,154.15921563791085,10,2026-07-25T20:12:26.387755+00:00,,
44,cpu,end_to_end,1,184,1,0.0094336,9.4336,9433.6,106.00407055630936,10,2026-07-25T20:12:26.387755+00:00,,
44,cpu,end_to_end,1,185,1,0.0067505,6.750500000000001,6750.5,148.1371750240723,10,2026-07-25T20:12:26.387755+00:00,,
44,cpu,end_to_end,1,186,1,0.0070619,7.0619000000000005,7061.900000000001,141.6049505090698,10,2026-07-25T20:12:26.387755+00:00,,
44,cpu,end_to_end,1,187,1,0.0067233,6.7233,6723.3,148.7364835720554,10,2026-07-25T20:12:26.387755+00:00,,
44,cpu,end_to_end,1,188,1,0.0069,6.8999999999999995,6900.0,144.92753623188406,10,2026-07-25T20:12:26.387755+00:00,,
44,cpu,end_to_end,1,189,1,0.0063119,6.3119,6311.9,158.43090036280677,10,2026-07-25T20:12:26.387755+00:00,,
44,cpu,end_to_end,1,190,1,0.0065804,6.5804,6580.400000000001,151.96644580876543,10,2026-07-25T20:12:26.387755+00:00,,
44,cpu,end_to_end,1,191,1,0.0064045,6.4045,6404.5,156.14021391209306,10,2026-07-25T20:12:26.387755+00:00,,
44,cpu,end_to_end,1,192,1,0.0068837,6.8837,6883.700000000001,145.27071197175937,10,2026-07-25T20:12:26.387755+00:00,,
44,cpu,end_to_end,1,193,1,0.0062187,6.2187,6218.7,160.80531300754177,10,2026-07-25T20:12:26.387755+00:00,,
44,cpu,end_to_end,1,194,1,0.0062122,6.2122,6212.2,160.97356814011138,10,2026-07-25T20:12:26.387755+00:00,,
44,cpu,end_to_end,1,195,1,0.0071288,7.1288,7128.8,140.27606329255974,10,2026-07-25T20:12:26.387755+00:00,,
44,cpu,end_to_end,1,196,1,0.006906,6.906,6906.0,144.8016217781639,10,2026-07-25T20:12:26.387755+00:00,,
44,cpu,end_to_end,1,197,1,0.0065017,6.5017,6501.7,153.8059276804528,10,2026-07-25T20:12:26.387755+00:00,,
44,cpu,end_to_end,1,198,1,0.0068592,6.8592,6859.2,145.789596454397,10,2026-07-25T20:12:26.387755+00:00,,
44,cpu,end_to_end,1,199,1,0.0067363,6.7363,6736.3,148.4494455413209,10,2026-07-25T20:12:26.387755+00:00,,
44,cpu,end_to_end,1,200,1,0.006552,6.552,6552.0,152.62515262515262,10,2026-07-25T20:12:26.387755+00:00,,
44,cpu,end_to_end,1,201,1,0.006515,6.515,6515.0,153.49194167306217,10,2026-07-25T20:12:26.387755+00:00,,
44,cpu,end_to_end,1,202,1,0.0068106,6.8106,6810.6,146.82994156168326,10,2026-07-25T20:12:26.387755+00:00,,
44,cpu,end_to_end,1,203,1,0.0064654,6.4654,6465.4,154.66947133974696,10,2026-07-25T20:12:26.387755+00:00,,
44,cpu,end_to_end,1,204,1,0.0068489,6.8488999999999995,6848.9,146.00884813619706,10,2026-07-25T20:12:26.387755+00:00,,
44,cpu,end_to_end,1,205,1,0.0068466,6.8466000000000005,6846.6,146.05789735050973,10,2026-07-25T20:12:26.387755+00:00,,
44,cpu,end_to_end,1,206,1,0.0067734,6.7734,6773.4,147.6363421619866,10,2026-07-25T20:12:26.387755+00:00,,
44,cpu,end_to_end,1,207,1,0.0074065,7.4065,7406.5,135.01653952609195,10,2026-07-25T20:12:26.387755+00:00,,
44,cpu,end_to_end,1,208,1,0.0065193,6.519299999999999,6519.299999999999,153.39070145567777,10,2026-07-25T20:12:26.387755+00:00,,
44,cpu,end_to_end,1,209,1,0.0067774,6.7774,6777.400000000001,147.54920766075486,10,2026-07-25T20:12:26.387755+00:00,,
44,cpu,end_to_end,1,210,1,0.0065341,6.5341000000000005,6534.1,153.0432653311091,10,2026-07-25T20:12:26.387755+00:00,,
44,cpu,end_to_end,1,211,1,0.0067761,6.7761000000000005,6776.1,147.57751508980093,10,2026-07-25T20:12:26.387755+00:00,,
44,cpu,end_to_end,1,212,1,0.0064789,6.4789,6478.900000000001,154.34718856596027,10,2026-07-25T20:12:26.387755+00:00,,
44,cpu,end_to_end,1,213,1,0.0066152,6.6152,6615.2,151.16700931188777,10,2026-07-25T20:12:26.387755+00:00,,
44,cpu,end_to_end,1,214,1,0.0067008,6.7008,6700.8,149.23591212989496,10,2026-07-25T20:12:26.387755+00:00,,
44,cpu,end_to_end,1,215,1,0.0065039,6.5039,6503.9,153.7539015052507,10,2026-07-25T20:12:26.387755+00:00,,
44,cpu,end_to_end,1,216,1,0.0072234,7.2234,7223.4,138.4389622615389,10,2026-07-25T20:12:26.387755+00:00,,
44,cpu,end_to_end,1,217,1,0.0065877,6.5877,6587.7,151.7980478771043,10,2026-07-25T20:12:26.387755+00:00,,
44,cpu,end_to_end,1,218,1,0.0069703,6.9703,6970.299999999999,143.46584795489434,10,2026-07-25T20:12:26.387755+00:00,,
44,cpu,end_to_end,1,219,1,0.0064132,6.4132,6413.2,155.92839767978543,10,2026-07-25T20:12:26.387755+00:00,,
44,cpu,end_to_end,1,220,1,0.0064404,6.4403999999999995,6440.4,155.269859014968,10,2026-07-25T20:12:26.387755+00:00,,
44,cpu,end_to_end,1,221,1,0.0066721,6.6721,6672.1,149.8778495526146,10,2026-07-25T20:12:26.387755+00:00,,
44,cpu,end_to_end,1,222,1,0.0065451,6.5451,6545.099999999999,152.78605368901927,10,2026-07-25T20:12:26.387755+00:00,,
44,cpu,end_to_end,1,223,1,0.006746,6.746,6746.0,148.23599169878446,10,2026-07-25T20:12:26.387755+00:00,,
44,cpu,end_to_end,1,224,1,0.0064269,6.4269,6426.900000000001,155.5960105182903,10,2026-07-25T20:12:26.387755+00:00,,
44,cpu,end_to_end,1,225,1,0.0066904,6.6904,6690.4,149.46789429630516,10,2026-07-25T20:12:26.387755+00:00,,
44,cpu,end_to_end,1,226,1,0.0067199,6.7199,6719.9,148.81173826991474,10,2026-07-25T20:12:26.387755+00:00,,
44,cpu,end_to_end,1,227,1,0.0064572,6.457199999999999,6457.2,154.86588614260052,10,2026-07-25T20:12:26.387755+00:00,,
44,cpu,end_to_end,1,228,1,0.0071976,7.1976,7197.6,138.9352006224297,10,2026-07-25T20:12:26.387755+00:00,,
44,cpu,end_to_end,1,229,1,0.0062315,6.2315000000000005,6231.5,160.47500601781272,10,2026-07-25T20:12:26.387755+00:00,,
44,cpu,end_to_end,1,230,1,0.0064304,6.430400000000001,6430.400000000001,155.5113212241851,10,2026-07-25T20:12:26.387755+00:00,,
44,cpu,end_to_end,1,231,1,0.0061952,6.1952,6195.2,161.41528925619835,10,2026-07-25T20:12:26.387755+00:00,,
44,cpu,end_to_end,1,232,1,0.0060529,6.0529,6052.9,165.21006459713527,10,2026-07-25T20:12:26.387755+00:00,,
44,cpu,end_to_end,1,233,1,0.0067587,6.7587,6758.700000000001,147.9574474381168,10,2026-07-25T20:12:26.387755+00:00,,
44,cpu,end_to_end,1,234,1,0.0065616,6.5616,6561.599999999999,152.40185320653498,10,2026-07-25T20:12:26.387755+00:00,,
44,cpu,end_to_end,1,235,1,0.0067772,6.7772,6777.2,147.5535619429853,10,2026-07-25T20:12:26.387755+00:00,,
44,cpu,end_to_end,1,236,1,0.0064904,6.4904,6490.400000000001,154.07370886231973,10,2026-07-25T20:12:26.387755+00:00,,
44,cpu,end_to_end,1,237,1,0.0066021,6.6021,6602.099999999999,151.46695748322503,10,2026-07-25T20:12:26.387755+00:00,,
44,cpu,end_to_end,1,238,1,0.006594,6.594,6594.0,151.6530178950561,10,2026-07-25T20:12:26.387755+00:00,,
44,cpu,end_to_end,1,239,1,0.006585,6.585,6585.0,151.86028853454823,10,2026-07-25T20:12:26.387755+00:00,,
44,cpu,end_to_end,1,240,1,0.0067632,6.763199999999999,6763.2,147.85900165602084,10,2026-07-25T20:12:26.387755+00:00,,
44,cpu,end_to_end,1,241,1,0.0063099,6.3099,6309.900000000001,158.48111697491242,10,2026-07-25T20:12:26.387755+00:00,,
44,cpu,end_to_end,1,242,1,0.006662,6.662000000000001,6662.0,150.10507355148604,10,2026-07-25T20:12:26.387755+00:00,,
44,cpu,end_to_end,1,243,1,0.0069464,6.946400000000001,6946.400000000001,143.95946101577795,10,2026-07-25T20:12:26.387755+00:00,,
44,cpu,end_to_end,1,244,1,0.0064995,6.4995,6499.5,153.8579890760828,10,2026-07-25T20:12:26.387755+00:00,,
44,cpu,end_to_end,1,245,1,0.0066281,6.6281,6628.099999999999,150.8727991430425,10,2026-07-25T20:12:26.387755+00:00,,
44,cpu,end_to_end,1,246,1,0.0064614,6.4614,6461.4,154.76522115950104,10,2026-07-25T20:12:26.387755+00:00,,
44,cpu,end_to_end,1,247,1,0.0067844,6.784400000000001,6784.400000000001,147.3969695183067,10,2026-07-25T20:12:26.387755+00:00,,
44,cpu,end_to_end,1,248,1,0.0065209,6.520899999999999,6520.9,153.35306476099925,10,2026-07-25T20:12:26.387755+00:00,,
44,cpu,end_to_end,1,249,1,0.0065382,6.5382,6538.2,152.94729436236273,10,2026-07-25T20:12:26.387755+00:00,,
44,cpu,end_to_end,1,250,1,0.0071061,7.1061,7106.099999999999,140.72416656112355,10,2026-07-25T20:12:26.387755+00:00,,
44,cpu,end_to_end,1,251,1,0.0065051,6.5051,6505.099999999999,153.72553842369834,10,2026-07-25T20:12:26.387755+00:00,,
44,cpu,end_to_end,1,252,1,0.0067313,6.7313,6731.3,148.5597135768722,10,2026-07-25T20:12:26.387755+00:00,,
44,cpu,end_to_end,1,253,1,0.0064668,6.4668,6466.8,154.63598688686832,10,2026-07-25T20:12:26.387755+00:00,,
44,cpu,end_to_end,1,254,1,0.0069427,6.9427,6942.700000000001,144.03618188889047,10,2026-07-25T20:12:26.387755+00:00,,
44,cpu,end_to_end,1,255,1,0.0069358,6.9357999999999995,6935.8,144.17947460999451,10,2026-07-25T20:12:26.387755+00:00,,
44,cpu,end_to_end,1,256,1,0.006528,6.528,6528.0,153.18627450980392,10,2026-07-25T20:12:26.387755+00:00,,
44,cpu,end_to_end,1,257,1,0.0067996,6.7996,6799.6,147.0674745573269,10,2026-07-25T20:12:26.387755+00:00,,
44,cpu,end_to_end,1,258,1,0.0065348,6.534800000000001,6534.8,153.02687151863867,10,2026-07-25T20:12:26.387755+00:00,,
44,cpu,end_to_end,1,259,1,0.0075007,7.5007,7500.7,133.32089005026197,10,2026-07-25T20:12:26.387755+00:00,,
44,cpu,end_to_end,1,260,1,0.0063799,6.3799,6379.9,156.74226868759698,10,2026-07-25T20:12:26.387755+00:00,,
44,cpu,end_to_end,1,261,1,0.0063185,6.3185,6318.5,158.26541109440532,10,2026-07-25T20:12:26.387755+00:00,,
44,cpu,end_to_end,1,262,1,0.0064878,6.4878,6487.8,154.13545423718364,10,2026-07-25T20:12:26.387755+00:00,,
44,cpu,end_to_end,1,263,1,0.0064089,6.4089,6408.900000000001,156.03301658630966,10,2026-07-25T20:12:26.387755+00:00,,
44,cpu,end_to_end,1,264,1,0.0067579,6.7579,6757.9,147.97496263632195,10,2026-07-25T20:12:26.387755+00:00,,
44,cpu,end_to_end,1,265,1,0.0064989,6.4989,6498.900000000001,153.87219375586636,10,2026-07-25T20:12:26.387755+00:00,,
44,cpu,end_to_end,1,266,1,0.0063337,6.3337,6333.7,157.88559609706806,10,2026-07-25T20:12:26.387755+00:00,,
44,cpu,end_to_end,1,267,1,0.0065031,6.503100000000001,6503.1,153.77281604158017,10,2026-07-25T20:12:26.387755+00:00,,
44,cpu,end_to_end,1,268,1,0.0064418,6.4418,6441.8,155.2361141295911,10,2026-07-25T20:12:26.387755+00:00,,
44,cpu,end_to_end,1,269,1,0.0072834,7.283399999999999,7283.4,137.29851443007388,10,2026-07-25T20:12:26.387755+00:00,,
44,cpu,end_to_end,1,270,1,0.0062929,6.2928999999999995,6292.9,158.90924692907882,10,2026-07-25T20:12:26.387755+00:00,,
44,cpu,end_to_end,1,271,1,0.0065717,6.5717,6571.7,152.1676278588493,10,2026-07-25T20:12:26.387755+00:00,,
44,cpu,end_to_end,1,272,1,0.0064945,6.4945,6494.5,153.9764416044345,10,2026-07-25T20:12:26.387755+00:00,,
44,cpu,end_to_end,1,273,1,0.006425,6.425,6425.0,155.6420233463035,10,2026-07-25T20:12:26.387755+00:00,,
44,cpu,end_to_end,1,274,1,0.0067053,6.7053,6705.3,149.13575828076299,10,2026-07-25T20:12:26.387755+00:00,,
44,cpu,end_to_end,1,275,1,0.0075796,7.5796,7579.599999999999,131.9330835400285,10,2026-07-25T20:12:26.387755+00:00,,
44,cpu,end_to_end,1,276,1,0.0068416,6.8416,6841.599999999999,146.1646398503274,10,2026-07-25T20:12:26.387755+00:00,,
44,cpu,end_to_end,1,277,1,0.0065009,6.500900000000001,6500.900000000001,153.82485502007412,10,2026-07-25T20:12:26.387755+00:00,,
44,cpu,end_to_end,1,278,1,0.0072379,7.237900000000001,7237.900000000001,138.1616214647895,10,2026-07-25T20:12:26.387755+00:00,,
44,cpu,end_to_end,1,279,1,0.0072444,7.2444,7244.4,138.03765667274033,10,2026-07-25T20:12:26.387755+00:00,,
44,cpu,end_to_end,1,280,1,0.0067487,6.7486999999999995,6748.7,148.1766858802436,10,2026-07-25T20:12:26.387755+00:00,,
44,cpu,end_to_end,1,281,1,0.0066811,6.6811,6681.099999999999,149.6759515648621,10,2026-07-25T20:12:26.387755+00:00,,
44,cpu,end_to_end,1,282,1,0.0070066,7.0066,7006.6,142.72257585704907,10,2026-07-25T20:12:26.387755+00:00,,
44,cpu,end_to_end,1,283,1,0.0067388,6.7387999999999995,6738.799999999999,148.3943728853802,10,2026-07-25T20:12:26.387755+00:00,,
44,cpu,end_to_end,1,284,1,0.0070388,7.038799999999999,7038.799999999999,142.06967096664204,10,2026-07-25T20:12:26.387755+00:00,,
44,cpu,end_to_end,1,285,1,0.0069236,6.9236,6923.6,144.43353168871684,10,2026-07-25T20:12:26.387755+00:00,,
44,cpu,end_to_end,1,286,1,0.0066068,6.606800000000001,6606.8,151.35920566688864,10,2026-07-25T20:12:26.387755+00:00,,
44,cpu,end_to_end,1,287,1,0.0068414,6.8414,6841.4,146.16891279562662,10,2026-07-25T20:12:26.387755+00:00,,
44,cpu,end_to_end,1,288,1,0.0064792,6.4792,6479.2,154.3400419804914,10,2026-07-25T20:12:26.387755+00:00,,
44,cpu,end_to_end,1,289,1,0.0064928,6.4928,6492.8,154.01675702316413,10,2026-07-25T20:12:26.387755+00:00,,
44,cpu,end_to_end,1,290,1,0.0070853,7.0853,7085.3,141.13728423637673,10,2026-07-25T20:12:26.387755+00:00,,
44,cpu,end_to_end,1,291,1,0.007239,7.239,7239.0,138.1406271584473,10,2026-07-25T20:12:26.387755+00:00,,
44,cpu,end_to_end,1,292,1,0.0073258,7.3258,7325.8,136.50386305932457,10,2026-07-25T20:12:26.387755+00:00,,
44,cpu,end_to_end,1,293,1,0.0067194,6.7194,6719.400000000001,148.822811560556,10,2026-07-25T20:12:26.387755+00:00,,
44,cpu,end_to_end,1,294,1,0.00712,7.119999999999999,7120.0,140.4494382022472,10,2026-07-25T20:12:26.387755+00:00,,
44,cpu,end_to_end,1,295,1,0.007514,7.514,7514.0,133.08490817141336,10,2026-07-25T20:12:26.387755+00:00,,
44,cpu,end_to_end,1,296,1,0.0069633,6.9633,6963.3,143.61006993810406,10,2026-07-25T20:12:26.387755+00:00,,
44,cpu,end_to_end,1,297,1,0.006762,6.762,6762.0,147.88524105294292,10,2026-07-25T20:12:26.387755+00:00,,
44,cpu,end_to_end,1,298,1,0.0071891,7.189100000000001,7189.1,139.09947003101917,10,2026-07-25T20:12:26.387755+00:00,,
44,cpu,end_to_end,1,299,1,0.0063231,6.3231,6323.099999999999,158.15027439072608,10,2026-07-25T20:12:26.387755+00:00,,
44,cpu,end_to_end,1,300,1,0.006261,6.261,6261.0,159.71889474524835,10,2026-07-25T20:12:26.387755+00:00,,
44,cpu,end_to_end,1,301,1,0.0071148,7.1148,7114.8,140.55208860403664,10,2026-07-25T20:12:26.387755+00:00,,
44,cpu,end_to_end,1,302,1,0.0071935,7.1935,7193.5,139.0143879891569,10,2026-07-25T20:12:26.387755+00:00,,
44,cpu,end_to_end,1,303,1,0.0067585,6.7585,6758.5,147.96182584893097,10,2026-07-25T20:12:26.387755+00:00,,
44,cpu,end_to_end,1,304,1,0.0065916,6.591600000000001,6591.6,151.70823472298076,10,2026-07-25T20:12:26.387755+00:00,,
44,cpu,end_to_end,1,305,1,0.0070335,7.0335,7033.5,142.1767256700078,10,2026-07-25T20:12:26.387755+00:00,,
44,cpu,end_to_end,1,306,1,0.0067513,6.7513,6751.3,148.1196214062477,10,2026-07-25T20:12:26.387755+00:00,,
44,cpu,end_to_end,1,307,1,0.0070716,7.0716,7071.6,141.41071327563776,10,2026-07-25T20:12:26.387755+00:00,,
44,cpu,end_to_end,1,308,1,0.0070109,7.0108999999999995,7010.9,142.63503972385857,10,2026-07-25T20:12:26.387755+00:00,,
44,cpu,end_to_end,1,309,1,0.0068419,6.8419,6841.9,146.1582309007732,10,2026-07-25T20:12:26.387755+00:00,,
44,cpu,end_to_end,1,310,1,0.0069943,6.9943,6994.3,142.97356418798165,10,2026-07-25T20:12:26.387755+00:00,,
44,cpu,end_to_end,1,311,1,0.0071528,7.1528,7152.8,139.80539089587293,10,2026-07-25T20:12:26.387755+00:00,,
44,cpu,end_to_end,1,312,1,0.0064336,6.4336,6433.6,155.43397164884357,10,2026-07-25T20:12:26.387755+00:00,,
44,cpu,end_to_end,1,313,1,0.0062892,6.2892,6289.2,159.00273484703936,10,2026-07-25T20:12:26.387755+00:00,,
44,cpu,end_to_end,1,314,1,0.0063965,6.3965000000000005,6396.5,156.33549597436098,10,2026-07-25T20:12:26.387755+00:00,,
44,cpu,end_to_end,1,315,1,0.0070559,7.0559,7055.900000000001,141.72536458850038,10,2026-07-25T20:12:26.387755+00:00,,
44,cpu,end_to_end,1,316,1,0.0065581,6.5581,6558.099999999999,152.48318872844268,10,2026-07-25T20:12:26.387755+00:00,,
44,cpu,end_to_end,1,317,1,0.0070231,7.0231,7023.1,142.38726488302885,10,2026-07-25T20:12:26.387755+00:00,,
44,cpu,end_to_end,1,318,1,0.0064343,6.4342999999999995,6434.299999999999,155.4170616850318,10,2026-07-25T20:12:26.387755+00:00,,
44,cpu,end_to_end,1,319,1,0.0063508,6.3508000000000004,6350.8,157.46047742016754,10,2026-07-25T20:12:26.387755+00:00,,
44,cpu,end_to_end,1,320,1,0.0064256,6.4256,6425.6,155.62749003984064,10,2026-07-25T20:12:26.387755+00:00,,
44,cpu,end_to_end,1,321,1,0.0065153,6.5153,6515.3,153.48487406566082,10,2026-07-25T20:12:26.387755+00:00,,
44,cpu,end_to_end,1,322,1,0.0067792,6.7792,6779.2,147.51003068208638,10,2026-07-25T20:12:26.387755+00:00,,
44,cpu,end_to_end,1,323,1,0.0065257,6.5257,6525.7,153.2402654121397,10,2026-07-25T20:12:26.387755+00:00,,
44,cpu,end_to_end,1,324,1,0.0067731,6.7730999999999995,6773.099999999999,147.64288139847338,10,2026-07-25T20:12:26.387755+00:00,,
44,cpu,end_to_end,1,325,1,0.0065479,6.547899999999999,6547.9,152.72071962003085,10,2026-07-25T20:12:26.387755+00:00,,
44,cpu,end_to_end,1,326,1,0.0067713,6.7713,6771.3,147.68212898557147,10,2026-07-25T20:12:26.387755+00:00,,
44,cpu,end_to_end,1,327,1,0.0065502,6.5502,6550.2,152.66709413453023,10,2026-07-25T20:12:26.387755+00:00,,
44,cpu,end_to_end,1,328,1,0.0064957,6.4957,6495.7,153.94799636682728,10,2026-07-25T20:12:26.387755+00:00,,
44,cpu,end_to_end,1,329,1,0.0073023,7.302300000000001,7302.3,136.9431548964025,10,2026-07-25T20:12:26.387755+00:00,,
44,cpu,end_to_end,1,330,1,0.0064052,6.4052,6405.2,156.12314994067322,10,2026-07-25T20:12:26.387755+00:00,,
44,cpu,end_to_end,1,331,1,0.0073816,7.381600000000001,7381.6,135.4719843936274,10,2026-07-25T20:12:26.387755+00:00,,
44,cpu,end_to_end,1,332,1,0.0066278,6.6278,6627.799999999999,150.87962823259605,10,2026-07-25T20:12:26.387755+00:00,,
44,cpu,end_to_end,1,333,1,0.0061399,6.1399,6139.900000000001,162.8691021026401,10,2026-07-25T20:12:26.387755+00:00,,
44,cpu,end_to_end,1,334,1,0.0069374,6.9374,6937.4,144.14622192752327,10,2026-07-25T20:12:26.387755+00:00,,
44,cpu,end_to_end,1,335,1,0.0064403,6.440300000000001,6440.3,155.27226992531402,10,2026-07-25T20:12:26.387755+00:00,,
44,cpu,end_to_end,1,336,1,0.0063319,6.3319,6331.9,157.93047900314284,10,2026-07-25T20:12:26.387755+00:00,,
44,cpu,end_to_end,1,337,1,0.0070107,7.0107,7010.7,142.63910879084827,10,2026-07-25T20:12:26.387755+00:00,,
44,cpu,end_to_end,1,338,1,0.0073423,7.342300000000001,7342.3,136.1971044495594,10,2026-07-25T20:12:26.387755+00:00,,
44,cpu,end_to_end,1,339,1,0.0068829,6.8829,6882.9,145.28759679786137,10,2026-07-25T20:12:26.387755+00:00,,
44,cpu,end_to_end,1,340,1,0.0066721,6.6721,6672.1,149.8778495526146,10,2026-07-25T20:12:26.387755+00:00,,
44,cpu,end_to_end,1,341,1,0.0069759,6.9759,6975.900000000001,143.35067876546395,10,2026-07-25T20:12:26.387755+00:00,,
44,cpu,end_to_end,1,342,1,0.0073357,7.3357,7335.7,136.3196422972586,10,2026-07-25T20:12:26.387755+00:00,,
44,cpu,end_to_end,1,343,1,0.0063027,6.3027,6302.7,158.6621606613039,10,2026-07-25T20:12:26.387755+00:00,,
44,cpu,end_to_end,1,344,1,0.0068145,6.814500000000001,6814.5,146.74590945777385,10,2026-07-25T20:12:26.387755+00:00,,
44,cpu,end_to_end,1,345,1,0.0065501,6.5501,6550.099999999999,152.66942489427643,10,2026-07-25T20:12:26.387755+00:00,,
44,cpu,end_to_end,1,346,1,0.0068994,6.8994,6899.4,144.9401397222947,10,2026-07-25T20:12:26.387755+00:00,,
44,cpu,end_to_end,1,347,1,0.0065014,6.5014,6501.4,153.81302488694743,10,2026-07-25T20:12:26.387755+00:00,,
44,cpu,end_to_end,1,348,1,0.0066936,6.6936,6693.6,149.39643838890882,10,2026-07-25T20:12:26.387755+00:00,,
44,cpu,end_to_end,1,349,1,0.0066751,6.6751,6675.099999999999,149.81048973049093,10,2026-07-25T20:12:26.387755+00:00,,
44,cpu,end_to_end,1,350,1,0.0065122,6.5122,6512.2,153.5579374097847,10,2026-07-25T20:12:26.387755+00:00,,
44,cpu,end_to_end,1,351,1,0.0072757,7.2757000000000005,7275.700000000001,137.44381983864093,10,2026-07-25T20:12:26.387755+00:00,,
44,cpu,end_to_end,1,352,1,0.0064686,6.4685999999999995,6468.599999999999,154.5929567448907,10,2026-07-25T20:12:26.387755+00:00,,
44,cpu,end_to_end,1,353,1,0.0071333,7.1333,7133.3,140.1875709699578,10,2026-07-25T20:12:26.387755+00:00,,
44,cpu,end_to_end,1,354,1,0.007189,7.189,7189.0,139.10140492418972,10,2026-07-25T20:12:26.387755+00:00,,
44,cpu,end_to_end,1,355,1,0.0070824,7.0824,7082.4,141.19507511577996,10,2026-07-25T20:12:26.387755+00:00,,
44,cpu,end_to_end,1,356,1,0.0065263,6.5263,6526.299999999999,153.22617716010603,10,2026-07-25T20:12:26.387755+00:00,,
44,cpu,end_to_end,1,357,1,0.0068008,6.8008,6800.8,147.0415245265263,10,2026-07-25T20:12:26.387755+00:00,,
44,cpu,end_to_end,1,358,1,0.006844,6.844,6844.0,146.11338398597312,10,2026-07-25T20:12:26.387755+00:00,,
44,cpu,end_to_end,1,359,1,0.0065815,6.581499999999999,6581.5,151.94104687381298,10,2026-07-25T20:12:26.387755+00:00,,
44,cpu,end_to_end,1,360,1,0.006529,6.529,6529.0,153.1628120692296,10,2026-07-25T20:12:26.387755+00:00,,
44,cpu,end_to_end,1,361,1,0.0067131,6.7131,6713.099999999999,148.9624763522069,10,2026-07-25T20:12:26.387755+00:00,,
44,cpu,end_to_end,1,362,1,0.006466,6.466,6466.0,154.65511908444168,10,2026-07-25T20:12:26.387755+00:00,,
44,cpu,end_to_end,1,363,1,0.0068387,6.838699999999999,6838.7,146.22662201880476,10,2026-07-25T20:12:26.387755+00:00,,
44,cpu,end_to_end,1,364,1,0.0064706,6.4706,6470.6,154.5451735542299,10,2026-07-25T20:12:26.387755+00:00,,
44,cpu,end_to_end,1,365,1,0.006417,6.417,6417.0,155.83606046439147,10,2026-07-25T20:12:26.387755+00:00,,
44,cpu,end_to_end,1,366,1,0.0073124,7.3124,7312.400000000001,136.75400689240195,10,2026-07-25T20:12:26.387755+00:00,,
44,cpu,end_to_end,1,367,1,0.0064193,6.4193,6419.3,155.78022525820572,10,2026-07-25T20:12:26.387755+00:00,,
44,cpu,end_to_end,1,368,1,0.0068891,6.8891,6889.1,145.15684196774615,10,2026-07-25T20:12:26.387755+00:00,,
44,cpu,end_to_end,1,369,1,0.0065904,6.5904,6590.4,151.7358582180141,10,2026-07-25T20:12:26.387755+00:00,,
44,cpu,end_to_end,1,370,1,0.0072391,7.2391,7239.1,138.13871890152092,10,2026-07-25T20:12:26.387755+00:00,,
44,cpu,end_to_end,1,371,1,0.0066495,6.6495,6649.5,150.3872471614407,10,2026-07-25T20:12:26.387755+00:00,,
44,cpu,end_to_end,1,372,1,0.0061852,6.1852,6185.2,161.67625945806117,10,2026-07-25T20:12:26.387755+00:00,,
44,cpu,end_to_end,1,373,1,0.006287,6.287,6287.0,159.0583744234134,10,2026-07-25T20:12:26.387755+00:00,,
44,cpu,end_to_end,1,374,1,0.0061073,6.1073,6107.3,163.73847690468781,10,2026-07-25T20:12:26.387755+00:00,,
44,cpu,end_to_end,1,375,1,0.0067847,6.7847,6784.700000000001,147.39045204651643,10,2026-07-25T20:12:26.387755+00:00,,
44,cpu,end_to_end,1,376,1,0.006457,6.457,6457.0,154.87068297971194,10,2026-07-25T20:12:26.387755+00:00,,
44,cpu,end_to_end,1,377,1,0.0064531,6.4531,6453.099999999999,154.964280733291,10,2026-07-25T20:12:26.387755+00:00,,
44,cpu,end_to_end,1,378,1,0.0064184,6.4184,6418.400000000001,155.802069051477,10,2026-07-25T20:12:26.387755+00:00,,
44,cpu,end_to_end,1,379,1,0.0061029,6.1029,6102.9,163.856527224762,10,2026-07-25T20:12:26.387755+00:00,,
44,cpu,end_to_end,1,380,1,0.0065765,6.5765,6576.5,152.0565650421957,10,2026-07-25T20:12:26.387755+00:00,,
44,cpu,end_to_end,1,381,1,0.0062873,6.2873,6287.3,159.05078491562355,10,2026-07-25T20:12:26.387755+00:00,,
44,cpu,end_to_end,1,382,1,0.0062979,6.2979,6297.900000000001,158.78308642563394,10,2026-07-25T20:12:26.387755+00:00,,
44,cpu,end_to_end,1,383,1,0.0065235,6.523499999999999,6523.5,153.2919445083161,10,2026-07-25T20:12:26.387755+00:00,,
44,cpu,end_to_end,1,384,1,0.006379,6.3790000000000004,6379.0,156.76438313215237,10,2026-07-25T20:12:26.387755+00:00,,
44,cpu,end_to_end,1,385,1,0.0064864,6.4864,6486.4,154.16872224963,10,2026-07-25T20:12:26.387755+00:00,,
44,cpu,end_to_end,1,386,1,0.0063887,6.3887,6388.7,156.52636686649868,10,2026-07-25T20:12:26.387755+00:00,,
44,cpu,end_to_end,1,387,1,0.007222,7.222,7222.0,138.46579894765992,10,2026-07-25T20:12:26.387755+00:00,,
44,cpu,end_to_end,1,388,1,0.0066193,6.6193,6619.3,151.0733763388878,10,2026-07-25T20:12:26.387755+00:00,,
44,cpu,end_to_end,1,389,1,0.0063492,6.3492,6349.2,157.50015750015748,10,2026-07-25T20:12:26.387755+00:00,,
44,cpu,end_to_end,1,390,1,0.0067804,6.7804,6780.4,147.48392425225651,10,2026-07-25T20:12:26.387755+00:00,,
44,cpu,end_to_end,1,391,1,0.0064819,6.4818999999999996,6481.9,154.27575247998274,10,2026-07-25T20:12:26.387755+00:00,,
44,cpu,end_to_end,1,392,1,0.0072041,7.2040999999999995,7204.099999999999,138.80984439416443,10,2026-07-25T20:12:26.387755+00:00,,
44,cpu,end_to_end,1,393,1,0.0063634,6.3634,6363.4,157.14869409435207,10,2026-07-25T20:12:26.387755+00:00,,
44,cpu,end_to_end,1,394,1,0.0068022,6.8022,6802.200000000001,147.01126106259738,10,2026-07-25T20:12:26.387755+00:00,,
44,cpu,end_to_end,1,395,1,0.0064258,6.4258,6425.8,155.62264620747612,10,2026-07-25T20:12:26.387755+00:00,,
44,cpu,end_to_end,1,396,1,0.0065155,6.515499999999999,6515.5,153.48016268897246,10,2026-07-25T20:12:26.387755+00:00,,
44,cpu,end_to_end,1,397,1,0.0073232,7.3232,7323.2,136.55232685164955,10,2026-07-25T20:12:26.387755+00:00,,
44,cpu,end_to_end,1,398,1,0.0068601,6.8601,6860.1,145.77046981822423,10,2026-07-25T20:12:26.387755+00:00,,
44,cpu,end_to_end,1,399,1,0.0069455,6.9455,6945.5,143.97811532647037,10,2026-07-25T20:12:26.387755+00:00,,
44,cpu,end_to_end,1,400,1,0.0068509,6.8509,6850.9,145.96622341590157,10,2026-07-25T20:12:26.387755+00:00,,
44,cpu,end_to_end,1,401,1,0.0069472,6.9472,6947.2,143.94288346384155,10,2026-07-25T20:12:26.387755+00:00,,
44,cpu,end_to_end,1,402,1,0.0067116,6.7116,6711.599999999999,148.99576852017404,10,2026-07-25T20:12:26.387755+00:00,,
44,cpu,end_to_end,1,403,1,0.0067166,6.7166,6716.599999999999,148.88485245511123,10,2026-07-25T20:12:26.387755+00:00,,
44,cpu,end_to_end,1,404,1,0.0080858,8.0858,8085.8,123.67360063320882,10,2026-07-25T20:12:26.387755+00:00,,
44,cpu,end_to_end,1,405,1,0.0075914,7.5914,7591.4,131.72800800906288,10,2026-07-25T20:12:26.387755+00:00,,
44,cpu,end_to_end,1,406,1,0.0070503,7.0503,7050.3,141.8379359743557,10,2026-07-25T20:12:26.387755+00:00,,
44,cpu,end_to_end,1,407,1,0.006738,6.738,6738.0,148.41199168892845,10,2026-07-25T20:12:26.387755+00:00,,
44,cpu,end_to_end,1,408,1,0.0070258,7.025799999999999,7025.799999999999,142.33254575991347,10,2026-07-25T20:12:26.387755+00:00,,
44,cpu,end_to_end,1,409,1,0.0069121,6.9121,6912.1,144.67383284385352,10,2026-07-25T20:12:26.387755+00:00,,
44,cpu,end_to_end,1,410,1,0.0065037,6.5037,6503.700000000001,153.75862970309208,10,2026-07-25T20:12:26.387755+00:00,,
44,cpu,end_to_end,1,411,1,0.0071106,7.1106,7110.599999999999,140.63510814839816,10,2026-07-25T20:12:26.387755+00:00,,
44,cpu,end_to_end,1,412,1,0.007392,7.392,7392.0,135.28138528138527,10,2026-07-25T20:12:26.387755+00:00,,
44,cpu,end_to_end,1,413,1,0.0065129,6.5129,6512.900000000001,153.54143315573708,10,2026-07-25T20:12:26.387755+00:00,,
44,cpu,end_to_end,1,414,1,0.00698,6.98,6980.0,143.26647564469914,10,2026-07-25T20:12:26.387755+00:00,,
44,cpu,end_to_end,1,415,1,0.0073221,7.3221,7322.099999999999,136.57284112481392,10,2026-07-25T20:12:26.387755+00:00,,
44,cpu,end_to_end,1,416,1,0.0066685,6.6685,6668.5,149.95876134063133,10,2026-07-25T20:12:26.387755+00:00,,
44,cpu,end_to_end,1,417,1,0.0070197,7.0197,7019.7,142.45623032323317,10,2026-07-25T20:12:26.387755+00:00,,
44,cpu,end_to_end,1,418,1,0.0072505,7.2505,7250.5,137.92152265361008,10,2026-07-25T20:12:26.387755+00:00,,
44,cpu,end_to_end,1,419,1,0.0068112,6.8111999999999995,6811.2,146.81700728212357,10,2026-07-25T20:12:26.387755+00:00,,
44,cpu,end_to_end,1,420,1,0.0065902,6.5902,6590.2,151.7404631118934,10,2026-07-25T20:12:26.387755+00:00,,
44,cpu,end_to_end,1,421,1,0.0069883,6.988300000000001,6988.3,143.09631813173448,10,2026-07-25T20:12:26.387755+00:00,,
44,cpu,end_to_end,1,422,1,0.0069328,6.9328,6932.8,144.2418647588276,10,2026-07-25T20:12:26.387755+00:00,,
44,cpu,end_to_end,1,423,1,0.006491,6.4910000000000005,6491.0,154.05946695424433,10,2026-07-25T20:12:26.387755+00:00,,
44,cpu,end_to_end,1,424,1,0.0075422,7.542199999999999,7542.2,132.58730874280715,10,2026-07-25T20:12:26.387755+00:00,,
44,cpu,end_to_end,1,425,1,0.0067994,6.7993999999999994,6799.4,147.07180045298117,10,2026-07-25T20:12:26.387755+00:00,,
44,cpu,end_to_end,1,426,1,0.0066873,6.6873000000000005,6687.3,149.53718242040884,10,2026-07-25T20:12:26.387755+00:00,,
44,cpu,end_to_end,1,427,1,0.0077067,7.7067000000000005,7706.700000000001,129.7572242334592,10,2026-07-25T20:12:26.387755+00:00,,
44,cpu,end_to_end,1,428,1,0.0067616,6.7616000000000005,6761.6,147.8939895882631,10,2026-07-25T20:12:26.387755+00:00,,
44,cpu,end_to_end,1,429,1,0.0065578,6.5578,6557.8,152.49016438439722,10,2026-07-25T20:12:26.387755+00:00,,
44,cpu,end_to_end,1,430,1,0.0064862,6.4862,6486.2,154.1734759951898,10,2026-07-25T20:12:26.387755+00:00,,
44,cpu,end_to_end,1,431,1,0.0086419,8.6419,8641.9,115.71529409041995,10,2026-07-25T20:12:26.387755+00:00,,
44,cpu,end_to_end,1,432,1,0.0068412,6.841200000000001,6841.200000000001,146.17318599076185,10,2026-07-25T20:12:26.387755+00:00,,
44,cpu,end_to_end,1,433,1,0.0064398,6.4398,6439.8,155.28432560017393,10,2026-07-25T20:12:26.387755+00:00,,
44,cpu,end_to_end,1,434,1,0.0069044,6.9044,6904.4,144.8351775679277,10,2026-07-25T20:12:26.387755+00:00,,
44,cpu,end_to_end,1,435,1,0.0066549,6.6549000000000005,6654.9,150.26521810996408,10,2026-07-25T20:12:26.387755+00:00,,
44,cpu,end_to_end,1,436,1,0.0063246,6.324599999999999,6324.599999999999,158.11276602472884,10,2026-07-25T20:12:26.387755+00:00,,
44,cpu,end_to_end,1,437,1,0.0062448,6.2448,6244.8,160.13323084806558,10,2026-07-25T20:12:26.387755+00:00,,
44,cpu,end_to_end,1,438,1,0.0075762,7.5762,7576.2,131.99229165016763,10,2026-07-25T20:12:26.387755+00:00,,
44,cpu,end_to_end,1,439,1,0.0064096,6.409599999999999,6409.599999999999,156.0159760359461,10,2026-07-25T20:12:26.387755+00:00,,
44,cpu,end_to_end,1,440,1,0.0071951,7.1951,7195.1,138.98347486483857,10,2026-07-25T20:12:26.387755+00:00,,
44,cpu,end_to_end,1,441,1,0.0067265,6.7265,6726.5,148.66572511707426,10,2026-07-25T20:12:26.387755+00:00,,
44,cpu,end_to_end,1,442,1,0.0072884,7.288399999999999,7288.4,137.20432468031393,10,2026-07-25T20:12:26.387755+00:00,,
44,cpu,end_to_end,1,443,1,0.0066091,6.6091,6609.099999999999,151.30653190298227,10,2026-07-25T20:12:26.387755+00:00,,
44,cpu,end_to_end,1,444,1,0.0068121,6.8121,6812.099999999999,146.79761013490702,10,2026-07-25T20:12:26.387755+00:00,,
44,cpu,end_to_end,1,445,1,0.0065752,6.5752,6575.2,152.08662854361845,10,2026-07-25T20:12:26.387755+00:00,,
44,cpu,end_to_end,1,446,1,0.0060794,6.079400000000001,6079.400000000001,164.4899167681021,10,2026-07-25T20:12:26.387755+00:00,,
44,cpu,end_to_end,1,447,1,0.0065438,6.5438,6543.8,152.81640636938783,10,2026-07-25T20:12:26.387755+00:00,,
44,cpu,end_to_end,1,448,1,0.0064231,6.4231,6423.1,155.68806339617942,10,2026-07-25T20:12:26.387755+00:00,,
44,cpu,end_to_end,1,449,1,0.0068177,6.8177,6817.700000000001,146.67703184358362,10,2026-07-25T20:12:26.387755+00:00,,
44,cpu,end_to_end,1,450,1,0.0064797,6.479699999999999,6479.7,154.32813247526892,10,2026-07-25T20:12:26.387755+00:00,,
44,cpu,end_to_end,1,451,1,0.0060101,6.0100999999999996,6010.1,166.38658258598028,10,2026-07-25T20:12:26.387755+00:00,,
44,cpu,end_to_end,1,452,1,0.0085218,8.521799999999999,8521.8,117.34610058907744,10,2026-07-25T20:12:26.387755+00:00,,
44,cpu,end_to_end,1,453,1,0.006941,6.941,6941.0,144.07145944388415,10,2026-07-25T20:12:26.387755+00:00,,
44,cpu,end_to_end,1,454,1,0.0071444,7.1444,7144.400000000001,139.9697665304294,10,2026-07-25T20:12:26.387755+00:00,,
44,cpu,end_to_end,1,455,1,0.0068903,6.8903,6890.3,145.1315617607361,10,2026-07-25T20:12:26.387755+00:00,,
44,cpu,end_to_end,1,456,1,0.0075064,7.5064,7506.4,133.21965256314613,10,2026-07-25T20:12:26.387755+00:00,,
44,cpu,end_to_end,1,457,1,0.0070441,7.0441,7044.1,141.96277735977625,10,2026-07-25T20:12:26.387755+00:00,,
44,cpu,end_to_end,1,458,1,0.0066132,6.6132,6613.2,151.21272606302549,10,2026-07-25T20:12:26.387755+00:00,,
44,cpu,end_to_end,1,459,1,0.0071885,7.1884999999999994,7188.5,139.11108019753775,10,2026-07-25T20:12:26.387755+00:00,,
44,cpu,end_to_end,1,460,1,0.0065531,6.5531,6553.1,152.59953304542887,10,2026-07-25T20:12:26.387755+00:00,,
44,cpu,end_to_end,1,461,1,0.0063825,6.3825,6382.5,156.67841754798278,10,2026-07-25T20:12:26.387755+00:00,,
44,cpu,end_to_end,1,462,1,0.0065978,6.5978,6597.8,151.56567340628695,10,2026-07-25T20:12:26.387755+00:00,,
44,cpu,end_to_end,1,463,1,0.0064959,6.4959,6495.9,153.94325651564833,10,2026-07-25T20:12:26.387755+00:00,,
44,cpu,end_to_end,1,464,1,0.006791,6.791,6791.0,147.25371815638346,10,2026-07-25T20:12:26.387755+00:00,,
44,cpu,end_to_end,1,465,1,0.0064871,6.4871,6487.1,154.15208644849008,10,2026-07-25T20:12:26.387755+00:00,,
44,cpu,end_to_end,1,466,1,0.0067092,6.7092,6709.2,149.04906695284086,10,2026-07-25T20:12:26.387755+00:00,,
44,cpu,end_to_end,1,467,1,0.0064391,6.4391,6439.099999999999,155.301206690376,10,2026-07-25T20:12:26.387755+00:00,,
44,cpu,end_to_end,1,468,1,0.0064596,6.4596,6459.6,154.80834726608458,10,2026-07-25T20:12:26.387755+00:00,,
44,cpu,end_to_end,1,469,1,0.0065823,6.5823,6582.3,151.922580253103,10,2026-07-25T20:12:26.387755+00:00,,
44,cpu,end_to_end,1,470,1,0.0063418,6.3418,6341.8,157.68393831404333,10,2026-07-25T20:12:26.387755+00:00,,
44,cpu,end_to_end,1,471,1,0.0069217,6.9217,6921.7,144.47317855440136,10,2026-07-25T20:12:26.387755+00:00,,
44,cpu,end_to_end,1,472,1,0.0064785,6.4784999999999995,6478.5,154.35671837616732,10,2026-07-25T20:12:26.387755+00:00,,
44,cpu,end_to_end,1,473,1,0.0063365,6.3365,6336.5,157.81582892764143,10,2026-07-25T20:12:26.387755+00:00,,
44,cpu,end_to_end,1,474,1,0.0064942,6.4942,6494.200000000001,153.98355455637338,10,2026-07-25T20:12:26.387755+00:00,,
44,cpu,end_to_end,1,475,1,0.0065483,6.5483,6548.3,152.7113907426355,10,2026-07-25T20:12:26.387755+00:00,,
44,cpu,end_to_end,1,476,1,0.0067923,6.7923,6792.3,147.22553479675514,10,2026-07-25T20:12:26.387755+00:00,,
44,cpu,end_to_end,1,477,1,0.0065952,6.5952,6595.2,151.62542455118876,10,2026-07-25T20:12:26.387755+00:00,,
44,cpu,end_to_end,1,478,1,0.0068943,6.8943,6894.3,145.04735796237472,10,2026-07-25T20:12:26.387755+00:00,,
44,cpu,end_to_end,1,479,1,0.0064085,6.4085,6408.5,156.04275571506594,10,2026-07-25T20:12:26.387755+00:00,,
44,cpu,end_to_end,1,480,1,0.0062901,6.2901,6290.099999999999,158.97998441996154,10,2026-07-25T20:12:26.387755+00:00,,
44,cpu,end_to_end,1,481,1,0.0069979,6.9979,6997.9,142.90001286100116,10,2026-07-25T20:12:26.387755+00:00,,
44,cpu,end_to_end,1,482,1,0.0064926,6.4926,6492.6,154.02150140159566,10,2026-07-25T20:12:26.387755+00:00,,
44,cpu,end_to_end,1,483,1,0.0072189,7.2189000000000005,7218.900000000001,138.5252600811758,10,2026-07-25T20:12:26.387755+00:00,,
44,cpu,end_to_end,1,484,1,0.0066777,6.6777,6677.7,149.75216017491053,10,2026-07-25T20:12:26.387755+00:00,,
44,cpu,end_to_end,1,485,1,0.0065402,6.5402000000000005,6540.200000000001,152.9005229197884,10,2026-07-25T20:12:26.387755+00:00,,
44,cpu,end_to_end,1,486,1,0.0069377,6.9376999999999995,6937.7,144.13998875708089,10,2026-07-25T20:12:26.387755+00:00,,
44,cpu,end_to_end,1,487,1,0.0065021,6.5021,6502.1,153.7964657572169,10,2026-07-25T20:12:26.387755+00:00,,
44,cpu,end_to_end,1,488,1,0.0062984,6.2984,6298.4,158.77048139209958,10,2026-07-25T20:12:26.387755+00:00,,
44,cpu,end_to_end,1,489,1,0.0062491,6.249099999999999,6249.099999999999,160.02304331823782,10,2026-07-25T20:12:26.387755+00:00,,
44,cpu,end_to_end,1,490,1,0.0063178,6.3178,6317.8,158.2829465953338,10,2026-07-25T20:12:26.387755+00:00,,
44,cpu,end_to_end,1,491,1,0.0062948,6.2947999999999995,6294.799999999999,158.86128232827096,10,2026-07-25T20:12:26.387755+00:00,,
44,cpu,end_to_end,1,492,1,0.0064288,6.4288,6428.8,155.55002488800397,10,2026-07-25T20:12:26.387755+00:00,,
44,cpu,end_to_end,1,493,1,0.0066831,6.6831,6683.1,149.63115919259027,10,2026-07-25T20:12:26.387755+00:00,,
44,cpu,end_to_end,1,494,1,0.0063919,6.3919,6391.9,156.44800450570253,10,2026-07-25T20:12:26.387755+00:00,,
44,cpu,end_to_end,1,495,1,0.0069691,6.9691,6969.099999999999,143.49055114720696,10,2026-07-25T20:12:26.387755+00:00,,
44,cpu,end_to_end,1,496,1,0.0066688,6.6688,6668.8,149.9520153550864,10,2026-07-25T20:12:26.387755+00:00,,
44,cpu,end_to_end,1,497,1,0.006427,6.4270000000000005,6427.0,155.59358954411078,10,2026-07-25T20:12:26.387755+00:00,,
44,cpu,end_to_end,1,498,1,0.0067145,6.7145,6714.5,148.93141708243354,10,2026-07-25T20:12:26.387755+00:00,,
44,cpu,end_to_end,1,499,1,0.0063249,6.3248999999999995,6324.9,158.10526648642667,10,2026-07-25T20:12:26.387755+00:00,,
44,cpu,end_to_end,1,500,1,0.0065781,6.5781,6578.1,152.01958012191972,10,2026-07-25T20:12:26.387755+00:00,,
44,cpu,end_to_end,1,501,1,0.0065002,6.5002,6500.2,153.84142026399186,10,2026-07-25T20:12:26.387755+00:00,,
44,cpu,end_to_end,1,502,1,0.0068439,6.8439,6843.9,146.11551892926548,10,2026-07-25T20:12:26.387755+00:00,,
44,cpu,end_to_end,1,503,1,0.006869,6.869,6869.0,145.58159848595136,10,2026-07-25T20:12:26.387755+00:00,,
44,cpu,end_to_end,1,504,1,0.0065763,6.5763,6576.3,152.06118942262367,10,2026-07-25T20:12:26.387755+00:00,,
44,cpu,end_to_end,1,505,1,0.0073776,7.3776,7377.599999999999,135.54543482975492,10,2026-07-25T20:12:26.387755+00:00,,
44,cpu,end_to_end,1,506,1,0.0066767,6.676699999999999,6676.7,149.774589243189,10,2026-07-25T20:12:26.387755+00:00,,
44,cpu,end_to_end,1,507,1,0.0071198,7.1198,7119.8,140.45338352200903,10,2026-07-25T20:12:26.387755+00:00,,
44,cpu,end_to_end,1,508,1,0.0064016,6.4016,6401.6,156.2109472631842,10,2026-07-25T20:12:26.387755+00:00,,
44,cpu,end_to_end,1,509,1,0.0068294,6.829400000000001,6829.400000000001,146.425747503441,10,2026-07-25T20:12:26.387755+00:00,,
44,cpu,end_to_end,1,510,1,0.0080947,8.0947,8094.7,123.53762338320136,10,2026-07-25T20:12:26.387755+00:00,,
44,cpu,end_to_end,1,511,1,0.0071362,7.1362,7136.2,140.1306017208038,10,2026-07-25T20:12:26.387755+00:00,,
44,cpu,end_to_end,1,512,1,0.0062652,6.2652,6265.200000000001,159.61182404392517,10,2026-07-25T20:12:26.387755+00:00,,
44,cpu,end_to_end,1,513,1,0.006729,6.729,6729.0,148.6104919007282,10,2026-07-25T20:12:26.387755+00:00,,
44,cpu,end_to_end,1,514,1,0.0068061,6.8061,6806.099999999999,146.9270213484962,10,2026-07-25T20:12:26.387755+00:00,,
44,cpu,end_to_end,1,515,1,0.0062332,6.2332,6233.200000000001,160.43123917089136,10,2026-07-25T20:12:26.387755+00:00,,
44,cpu,end_to_end,1,516,1,0.007119,7.119000000000001,7119.0,140.46916701783957,10,2026-07-25T20:12:26.387755+00:00,,
44,cpu,end_to_end,1,517,1,0.0066936,6.6936,6693.6,149.39643838890882,10,2026-07-25T20:12:26.387755+00:00,,
44,cpu,end_to_end,1,518,1,0.0069764,6.9764,6976.4,143.34040479330315,10,2026-07-25T20:12:26.387755+00:00,,
44,cpu,end_to_end,1,519,1,0.0066582,6.658200000000001,6658.200000000001,150.19074224264816,10,2026-07-25T20:12:26.387755+00:00,,
44,cpu,end_to_end,1,520,1,0.0068687,6.8687000000000005,6868.7,145.58795696419992,10,2026-07-25T20:12:26.387755+00:00,,
44,cpu,end_to_end,1,521,1,0.0066672,6.6672,6667.2,149.9880009599232,10,2026-07-25T20:12:26.387755+00:00,,
44,cpu,end_to_end,1,522,1,0.0065775,6.5775,6577.5,152.03344735841884,10,2026-07-25T20:12:26.387755+00:00,,
44,cpu,end_to_end,1,523,1,0.0072533,7.253299999999999,7253.3,137.86828064467207,10,2026-07-25T20:12:26.387755+00:00,,
44,cpu,end_to_end,1,524,1,0.0064042,6.4041999999999994,6404.2,156.14752818462884,10,2026-07-25T20:12:26.387755+00:00,,
44,cpu,end_to_end,1,525,1,0.0066862,6.6861999999999995,6686.2,149.56178397295923,10,2026-07-25T20:12:26.387755+00:00,,
44,cpu,end_to_end,1,526,1,0.0065193,6.519299999999999,6519.299999999999,153.39070145567777,10,2026-07-25T20:12:26.387755+00:00,,
44,cpu,end_to_end,1,527,1,0.0064271,6.4271,6427.099999999999,155.5911686452677,10,2026-07-25T20:12:26.387755+00:00,,
44,cpu,end_to_end,1,528,1,0.0068296,6.8296,6829.599999999999,146.42145952910857,10,2026-07-25T20:12:26.387755+00:00,,
44,cpu,end_to_end,1,529,1,0.0061819,6.1819,6181.9,161.76256490722918,10,2026-07-25T20:12:26.387755+00:00,,
44,cpu,end_to_end,1,530,1,0.0066596,6.6596,6659.599999999999,150.15916871884198,10,2026-07-25T20:12:26.387755+00:00,,
44,cpu,end_to_end,1,531,1,0.0065135,6.5135000000000005,6513.5,153.5272894757043,10,2026-07-25T20:12:26.387755+00:00,,
44,cpu,end_to_end,1,532,1,0.006816,6.816,6816.0,146.71361502347418,10,2026-07-25T20:12:26.387755+00:00,,
44,cpu,end_to_end,1,533,1,0.006379,6.3790000000000004,6379.0,156.76438313215237,10,2026-07-25T20:12:26.387755+00:00,,
44,cpu,end_to_end,1,534,1,0.0060148,6.0148,6014.8,166.25656713440182,10,2026-07-25T20:12:26.387755+00:00,,
44,cpu,end_to_end,1,535,1,0.0066529,6.6529,6652.9,150.3103909573269,10,2026-07-25T20:12:26.387755+00:00,,
44,cpu,end_to_end,1,536,1,0.006237,6.237,6237.0,160.333493666827,10,2026-07-25T20:12:26.387755+00:00,,
44,cpu,end_to_end,1,537,1,0.0064447,6.4447,6444.7,155.16626064828463,10,2026-07-25T20:12:26.387755+00:00,,
44,cpu,end_to_end,1,538,1,0.0063324,6.3324,6332.400000000001,157.9180089697429,10,2026-07-25T20:12:26.387755+00:00,,
44,cpu,end_to_end,1,539,1,0.0062509,6.250900000000001,6250.900000000001,159.9769633172823,10,2026-07-25T20:12:26.387755+00:00,,
44,cpu,end_to_end,1,540,1,0.0069565,6.9565,6956.5,143.75044922015383,10,2026-07-25T20:12:26.387755+00:00,,
44,cpu,end_to_end,1,541,1,0.0063697,6.3697,6369.7,156.99326498893197,10,2026-07-25T20:12:26.387755+00:00,,
44,cpu,end_to_end,1,542,1,0.0067507,6.7507,6750.7,148.1327862295762,10,2026-07-25T20:12:26.387755+00:00,,
44,cpu,end_to_end,1,543,1,0.0065307,6.5307,6530.700000000001,153.12294241046135,10,2026-07-25T20:12:26.387755+00:00,,
44,cpu,end_to_end,1,544,1,0.0064671,6.4671,6467.1,154.62881353311377,10,2026-07-25T20:12:26.387755+00:00,,
44,cpu,end_to_end,1,545,1,0.006868,6.868,6868.0,145.60279557367502,10,2026-07-25T20:12:26.387755+00:00,,
44,cpu,end_to_end,1,546,1,0.0066135,6.613499999999999,6613.5,151.20586678763138,10,2026-07-25T20:12:26.387755+00:00,,
44,cpu,end_to_end,1,547,1,0.0071343,7.1343,7134.299999999999,140.16792116956114,10,2026-07-25T20:12:26.387755+00:00,,
44,cpu,end_to_end,1,548,1,0.0065186,6.5186,6518.6,153.4071733194244,10,2026-07-25T20:12:26.387755+00:00,,
44,cpu,end_to_end,1,549,1,0.0068192,6.8192,6819.2,146.64476771468793,10,2026-07-25T20:12:26.387755+00:00,,
44,cpu,end_to_end,1,550,1,0.0068268,6.8268,6826.8,146.48151403292906,10,2026-07-25T20:12:26.387755+00:00,,
44,cpu,end_to_end,1,551,1,0.006431,6.431,6431.0,155.49681231534754,10,2026-07-25T20:12:26.387755+00:00,,
44,cpu,end_to_end,1,552,1,0.0068578,6.8578,6857.8,145.81935897809794,10,2026-07-25T20:12:26.387755+00:00,,
44,cpu,end_to_end,1,553,1,0.0065022,6.502199999999999,6502.2,153.79410045830642,10,2026-07-25T20:12:26.387755+00:00,,
44,cpu,end_to_end,1,554,1,0.0076765,7.6765,7676.5,130.2677001237543,10,2026-07-25T20:12:26.387755+00:00,,
44,cpu,end_to_end,1,555,1,0.0065926,6.5926,6592.599999999999,151.68522282559235,10,2026-07-25T20:12:26.387755+00:00,,
44,cpu,end_to_end,1,556,1,0.0071017,7.1017,7101.7,140.81135502766944,10,2026-07-25T20:12:26.387755+00:00,,
44,cpu,end_to_end,1,557,1,0.0062506,6.2506,6250.6,159.98464147441845,10,2026-07-25T20:12:26.387755+00:00,,
44,cpu,end_to_end,1,558,1,0.0062308,6.2307999999999995,6230.8,160.49303460229825,10,2026-07-25T20:12:26.387755+00:00,,
44,cpu,end_to_end,1,559,1,0.0121054,12.105400000000001,12105.4,82.6077618253011,10,2026-07-25T20:12:26.387755+00:00,,
44,cpu,end_to_end,1,560,1,0.0104142,10.414200000000001,10414.2,96.02273818440206,10,2026-07-25T20:12:26.387755+00:00,,
44,cpu,end_to_end,1,561,1,0.0091724,9.172400000000001,9172.400000000001,109.02272033491779,10,2026-07-25T20:12:26.387755+00:00,,
44,cpu,end_to_end,1,562,1,0.0073336,7.3336,7333.6,136.3586778662594,10,2026-07-25T20:12:26.387755+00:00,,
44,cpu,end_to_end,1,563,1,0.0063856,6.3856,6385.6,156.6023552994237,10,2026-07-25T20:12:26.387755+00:00,,
44,cpu,end_to_end,1,564,1,0.0064441,6.444100000000001,6444.1,155.1807079343896,10,2026-07-25T20:12:26.387755+00:00,,
44,cpu,end_to_end,1,565,1,0.0060709,6.0709,6070.9,164.7202227017411,10,2026-07-25T20:12:26.387755+00:00,,
44,cpu,end_to_end,1,566,1,0.0065756,6.5756,6575.6,152.07737696940202,10,2026-07-25T20:12:26.387755+00:00,,
44,cpu,end_to_end,1,567,1,0.0073404,7.340400000000001,7340.400000000001,136.2323579096507,10,2026-07-25T20:12:26.387755+00:00,,
44,cpu,end_to_end,1,568,1,0.0067006,6.7006000000000006,6700.6,149.2403665343402,10,2026-07-25T20:12:26.387755+00:00,,
44,cpu,end_to_end,1,569,1,0.0071092,7.1092,7109.200000000001,140.66280312834073,10,2026-07-25T20:12:26.387755+00:00,,
44,cpu,end_to_end,1,570,1,0.0063711,6.3711,6371.1,156.958766931927,10,2026-07-25T20:12:26.387755+00:00,,
44,cpu,end_to_end,1,571,1,0.0064443,6.4443,6444.3,155.17589187343853,10,2026-07-25T20:12:26.387755+00:00,,
44,cpu,end_to_end,1,572,1,0.0060426,6.0426,6042.6,165.49167576870883,10,2026-07-25T20:12:26.387755+00:00,,
44,cpu,end_to_end,1,573,1,0.0065698,6.5698,6569.8,152.2116350573838,10,2026-07-25T20:12:26.387755+00:00,,
44,cpu,end_to_end,1,574,1,0.0068103,6.8103,6810.3,146.83640955611352,10,2026-07-25T20:12:26.387755+00:00,,
44,cpu,end_to_end,1,575,1,0.0064455,6.4455,6445.5,155.14700178419054,10,2026-07-25T20:12:26.387755+00:00,,
44,cpu,end_to_end,1,576,1,0.0068901,6.8900999999999994,6890.099999999999,145.13577451706072,10,2026-07-25T20:12:26.387755+00:00,,
44,cpu,end_to_end,1,577,1,0.0065587,6.5587,6558.7,152.469239330965,10,2026-07-25T20:12:26.387755+00:00,,
44,cpu,end_to_end,1,578,1,0.0068918,6.8918,6891.8,145.0999738820047,10,2026-07-25T20:12:26.387755+00:00,,
44,cpu,end_to_end,1,579,1,0.0066629,6.6629000000000005,6662.900000000001,150.08479791081962,10,2026-07-25T20:12:26.387755+00:00,,
44,cpu,end_to_end,1,580,1,0.0063669,6.3669,6366.9,157.06230661703498,10,2026-07-25T20:12:26.387755+00:00,,
44,cpu,end_to_end,1,581,1,0.0067901,6.790100000000001,6790.1,147.2732360348154,10,2026-07-25T20:12:26.387755+00:00,,
44,cpu,end_to_end,1,582,1,0.0065014,6.5014,6501.4,153.81302488694743,10,2026-07-25T20:12:26.387755+00:00,,
44,cpu,end_to_end,1,583,1,0.0069532,6.9532,6953.2,143.8186734165564,10,2026-07-25T20:12:26.387755+00:00,,
44,cpu,end_to_end,1,584,1,0.0064194,6.4193999999999996,6419.4,155.77779854815094,10,2026-07-25T20:12:26.387755+00:00,,
44,cpu,end_to_end,1,585,1,0.0069484,6.9484,6948.400000000001,143.9180242933625,10,2026-07-25T20:12:26.387755+00:00,,
44,cpu,end_to_end,1,586,1,0.006988,6.988,6988.0,143.10246136233542,10,2026-07-25T20:12:26.387755+00:00,,
44,cpu,end_to_end,1,587,1,0.0067291,6.7291,6729.1,148.60828342571816,10,2026-07-25T20:12:26.387755+00:00,,
44,cpu,end_to_end,1,588,1,0.0073056,7.3056,7305.599999999999,136.88129653964083,10,2026-07-25T20:12:26.387755+00:00,,
44,cpu,end_to_end,1,589,1,0.0075235,7.523499999999999,7523.5,132.91686050375492,10,2026-07-25T20:12:26.387755+00:00,,
44,cpu,end_to_end,1,590,1,0.007419,7.4190000000000005,7419.0,134.78905512872353,10,2026-07-25T20:12:26.387755+00:00,,
44,cpu,end_to_end,1,591,1,0.0066435,6.6435,6643.5,150.5230676601189,10,2026-07-25T20:12:26.387755+00:00,,
44,cpu,end_to_end,1,592,1,0.0068905,6.8905,6890.5,145.12734924896597,10,2026-07-25T20:12:26.387755+00:00,,
44,cpu,end_to_end,1,593,1,0.0067157,6.7157,6715.7,148.90480515806246,10,2026-07-25T20:12:26.387755+00:00,,
44,cpu,end_to_end,1,594,1,0.0064947,6.4947,6494.7,153.97170000153972,10,2026-07-25T20:12:26.387755+00:00,,
44,cpu,end_to_end,1,595,1,0.0065297,6.5297,6529.7,153.14639263672143,10,2026-07-25T20:12:26.387755+00:00,,
44,cpu,end_to_end,1,596,1,0.0068756,6.8756,6875.6,145.4418523474315,10,2026-07-25T20:12:26.387755+00:00,,
44,cpu,end_to_end,1,597,1,0.0065667,6.5667,6566.7,152.28349094674647,10,2026-07-25T20:12:26.387755+00:00,,
44,cpu,end_to_end,1,598,1,0.0073253,7.3252999999999995,7325.3,136.51318034756255,10,2026-07-25T20:12:26.387755+00:00,,
44,cpu,end_to_end,1,599,1,0.0065251,6.5251,6525.099999999999,153.25435625507654,10,2026-07-25T20:12:26.387755+00:00,,
44,cpu,end_to_end,1,600,1,0.006784,6.784,6784.0,147.4056603773585,10,2026-07-25T20:12:26.387755+00:00,,
44,cpu,end_to_end,1,601,1,0.0060428,6.0428,6042.8,165.48619845104918,10,2026-07-25T20:12:26.387755+00:00,,
44,cpu,end_to_end,1,602,1,0.0062389,6.2389,6238.900000000001,160.28466556604528,10,2026-07-25T20:12:26.387755+00:00,,
44,cpu,end_to_end,1,603,1,0.0072451,7.2451,7245.1,138.02431988516378,10,2026-07-25T20:12:26.387755+00:00,,
44,cpu,end_to_end,1,604,1,0.0064532,6.4532,6453.2,154.96187937767309,10,2026-07-25T20:12:26.387755+00:00,,
44,cpu,end_to_end,1,605,1,0.0072277,7.2277000000000005,7227.7,138.3566003016174,10,2026-07-25T20:12:26.387755+00:00,,
44,cpu,end_to_end,1,606,1,0.0064381,6.4381,6438.1,155.32532890138393,10,2026-07-25T20:12:26.387755+00:00,,
44,cpu,end_to_end,1,607,1,0.0064249,6.4249,6424.9,155.64444582795062,10,2026-07-25T20:12:26.387755+00:00,,
44,cpu,end_to_end,1,608,1,0.0067828,6.7828,6782.8,147.43173910479447,10,2026-07-25T20:12:26.387755+00:00,,
44,cpu,end_to_end,1,609,1,0.0061367,6.1367,6136.7,162.95403066794856,10,2026-07-25T20:12:26.387755+00:00,,
44,cpu,end_to_end,1,610,1,0.0065032,6.5032,6503.2,153.77045147004551,10,2026-07-25T20:12:26.387755+00:00,,
44,cpu,end_to_end,1,611,1,0.00635,6.35,6350.0,157.48031496062993,10,2026-07-25T20:12:26.387755+00:00,,
44,cpu,end_to_end,1,612,1,0.0067512,6.7512,6751.2,148.1218153809693,10,2026-07-25T20:12:26.387755+00:00,,
44,cpu,end_to_end,1,613,1,0.0066415,6.6415,6641.5,150.5683956937439,10,2026-07-25T20:12:26.387755+00:00,,
44,cpu,end_to_end,1,614,1,0.006297,6.297,6297.0,158.8057805304113,10,2026-07-25T20:12:26.387755+00:00,,
44,cpu,end_to_end,1,615,1,0.0066023,6.6023000000000005,6602.3,151.4623691743786,10,2026-07-25T20:12:26.387755+00:00,,
44,cpu,end_to_end,1,616,1,0.0063758,6.3758,6375.8,156.84306283133097,10,2026-07-25T20:12:26.387755+00:00,,
44,cpu,end_to_end,1,617,1,0.0071414,7.1414,7141.4,140.0285658274288,10,2026-07-25T20:12:26.387755+00:00,,
44,cpu,end_to_end,1,618,1,0.0063807,6.380699999999999,6380.7,156.72261664080744,10,2026-07-25T20:12:26.387755+00:00,,
44,cpu,end_to_end,1,619,1,0.0065647,6.564699999999999,6564.7,152.32988560025592,10,2026-07-25T20:12:26.387755+00:00,,
44,cpu,end_to_end,1,620,1,0.0071922,7.192200000000001,7192.2,139.03951503017157,10,2026-07-25T20:12:26.387755+00:00,,
44,cpu,end_to_end,1,621,1,0.0064326,6.4326,6432.6,155.45813512421105,10,2026-07-25T20:12:26.387755+00:00,,
44,cpu,end_to_end,1,622,1,0.0068311,6.831099999999999,6831.099999999999,146.38930772496377,10,2026-07-25T20:12:26.387755+00:00,,
44,cpu,end_to_end,1,623,1,0.0065832,6.5832,6583.2,151.90181066958317,10,2026-07-25T20:12:26.387755+00:00,,
44,cpu,end_to_end,1,624,1,0.0067069,6.7069,6706.9,149.1001804112183,10,2026-07-25T20:12:26.387755+00:00,,
44,cpu,end_to_end,1,625,1,0.0065889,6.5889,6588.9,151.7704017362534,10,2026-07-25T20:12:26.387755+00:00,,
44,cpu,end_to_end,1,626,1,0.0065154,6.5154000000000005,6515.400000000001,153.48251834116093,10,2026-07-25T20:12:26.387755+00:00,,
44,cpu,end_to_end,1,627,1,0.0070858,7.0858,7085.8,141.12732507268058,10,2026-07-25T20:12:26.387755+00:00,,
44,cpu,end_to_end,1,628,1,0.0063503,6.3503,6350.299999999999,157.47287529723005,10,2026-07-25T20:12:26.387755+00:00,,
44,cpu,end_to_end,1,629,1,0.0064263,6.4263,6426.3,155.61053794562966,10,2026-07-25T20:12:26.387755+00:00,,
44,cpu,end_to_end,1,630,1,0.0062003,6.2002999999999995,6200.3,161.28251858781027,10,2026-07-25T20:12:26.387755+00:00,,
44,cpu,end_to_end,1,631,1,0.0065242,6.5241999999999996,6524.2,153.275497378989,10,2026-07-25T20:12:26.387755+00:00,,
44,cpu,end_to_end,1,632,1,0.0071841,7.1841,7184.099999999999,139.19628067538036,10,2026-07-25T20:12:26.387755+00:00,,
44,cpu,end_to_end,1,633,1,0.0066387,6.6387,6638.7,150.6319008239565,10,2026-07-25T20:12:26.387755+00:00,,
44,cpu,end_to_end,1,634,1,0.0068928,6.8928,6892.8,145.07892293407613,10,2026-07-25T20:12:26.387755+00:00,,
44,cpu,end_to_end,1,635,1,0.0065904,6.5904,6590.4,151.7358582180141,10,2026-07-25T20:12:26.387755+00:00,,
44,cpu,end_to_end,1,636,1,0.0071547,7.1547,7154.7,139.76826421792668,10,2026-07-25T20:12:26.387755+00:00,,
44,cpu,end_to_end,1,637,1,0.0064534,6.453399999999999,6453.4,154.95707688970157,10,2026-07-25T20:12:26.387755+00:00,,
44,cpu,end_to_end,1,638,1,0.006434,6.433999999999999,6434.0,155.4243083618278,10,2026-07-25T20:12:26.387755+00:00,,
44,cpu,end_to_end,1,639,1,0.0071879,7.1879,7187.9,139.12269230234145,10,2026-07-25T20:12:26.387755+00:00,,
44,cpu,end_to_end,1,640,1,0.0064165,6.4165,6416.5,155.84820384945064,10,2026-07-25T20:12:26.387755+00:00,,
44,cpu,end_to_end,1,641,1,0.006361,6.361000000000001,6361.0,157.2079861656972,10,2026-07-25T20:12:26.387755+00:00,,
44,cpu,end_to_end,1,642,1,0.0064269,6.4269,6426.900000000001,155.5960105182903,10,2026-07-25T20:12:26.387755+00:00,,
44,cpu,end_to_end,1,643,1,0.0066326,6.6326,6632.599999999999,150.77043693272623,10,2026-07-25T20:12:26.387755+00:00,,
44,cpu,end_to_end,1,644,1,0.006552,6.552,6552.0,152.62515262515262,10,2026-07-25T20:12:26.387755+00:00,,
44,cpu,end_to_end,1,645,1,0.0061513,6.1513,6151.3,162.5672622047372,10,2026-07-25T20:12:26.387755+00:00,,
44,cpu,end_to_end,1,646,1,0.0070185,7.0185,7018.5,142.4805870200185,10,2026-07-25T20:12:26.387755+00:00,,
44,cpu,end_to_end,1,647,1,0.0063142,6.3142,6314.2,158.37319058629757,10,2026-07-25T20:12:26.387755+00:00,,
44,cpu,end_to_end,1,648,1,0.0072397,7.2397,7239.7,138.12727046700832,10,2026-07-25T20:12:26.387755+00:00,,
44,cpu,end_to_end,1,649,1,0.0065003,6.500299999999999,6500.299999999999,153.83905358214238,10,2026-07-25T20:12:26.387755+00:00,,
44,cpu,end_to_end,1,650,1,0.006503,6.503,6503.0,153.7751806858373,10,2026-07-25T20:12:26.387755+00:00,,
44,cpu,end_to_end,1,651,1,0.0068497,6.8497,6849.7,145.99179526110632,10,2026-07-25T20:12:26.387755+00:00,,
44,cpu,end_to_end,1,652,1,0.0064433,6.4433,6443.3,155.199975168004,10,2026-07-25T20:12:26.387755+00:00,,
44,cpu,end_to_end,1,653,1,0.0069648,6.9648,6964.8,143.57914082242132,10,2026-07-25T20:12:26.387755+00:00,,
44,cpu,end_to_end,1,654,1,0.0063369,6.3369,6336.900000000001,157.80586722214332,10,2026-07-25T20:12:26.387755+00:00,,
44,cpu,end_to_end,1,655,1,0.0061663,6.166300000000001,6166.3,162.17180481001571,10,2026-07-25T20:12:26.387755+00:00,,
44,cpu,end_to_end,1,656,1,0.0067517,6.7517000000000005,6751.7,148.1108461572641,10,2026-07-25T20:12:26.387755+00:00,,
44,cpu,end_to_end,1,657,1,0.0063037,6.3037,6303.7,158.6369909735552,10,2026-07-25T20:12:26.387755+00:00,,
44,cpu,end_to_end,1,658,1,0.007094,7.093999999999999,7094.0,140.964195094446,10,2026-07-25T20:12:26.387755+00:00,,
44,cpu,end_to_end,1,659,1,0.0065909,6.5909,6590.900000000001,151.72434720599614,10,2026-07-25T20:12:26.387755+00:00,,
44,cpu,end_to_end,1,660,1,0.0068723,6.872299999999999,6872.299999999999,145.5116918644413,10,2026-07-25T20:12:26.387755+00:00,,
44,cpu,end_to_end,1,661,1,0.0065501,6.5501,6550.099999999999,152.66942489427643,10,2026-07-25T20:12:26.387755+00:00,,
44,cpu,end_to_end,1,662,1,0.0064238,6.4238,6423.8,155.67109810392603,10,2026-07-25T20:12:26.387755+00:00,,
44,cpu,end_to_end,1,663,1,0.0070457,7.0457,7045.7,141.93053919411838,10,2026-07-25T20:12:26.387755+00:00,,
44,cpu,end_to_end,1,664,1,0.0066267,6.6267000000000005,6626.7,150.90467351773884,10,2026-07-25T20:12:26.387755+00:00,,
44,cpu,end_to_end,1,665,1,0.0068119,6.8119000000000005,6811.9,146.80192016911582,10,2026-07-25T20:12:26.387755+00:00,,
44,cpu,end_to_end,1,666,1,0.00651,6.51,6510.0,153.60983102918587,10,2026-07-25T20:12:26.387755+00:00,,
44,cpu,end_to_end,1,667,1,0.0069448,6.9448,6944.8,143.99262757746803,10,2026-07-25T20:12:26.387755+00:00,,
44,cpu,end_to_end,1,668,1,0.0071388,7.1388,7138.8,140.07956519302965,10,2026-07-25T20:12:26.387755+00:00,,
44,cpu,end_to_end,1,669,1,0.0066566,6.6566,6656.6,150.22684253222366,10,2026-07-25T20:12:26.387755+00:00,,
44,cpu,end_to_end,1,670,1,0.0068637,6.863700000000001,6863.700000000001,145.69401343298804,10,2026-07-25T20:12:26.387755+00:00,,
44,cpu,end_to_end,1,671,1,0.0070015,7.0015,7001.5,142.8265371706063,10,2026-07-25T20:12:26.387755+00:00,,
44,cpu,end_to_end,1,672,1,0.0066218,6.6217999999999995,6621.8,151.01633996798455,10,2026-07-25T20:12:26.387755+00:00,,
44,cpu,end_to_end,1,673,1,0.0065395,6.5395,6539.5,152.9168896704641,10,2026-07-25T20:12:26.387755+00:00,,
44,cpu,end_to_end,1,674,1,0.0063766,6.3766,6376.599999999999,156.82338550324624,10,2026-07-25T20:12:26.387755+00:00,,
44,cpu,end_to_end,1,675,1,0.0065736,6.5736,6573.599999999999,152.12364609954972,10,2026-07-25T20:12:26.387755+00:00,,
44,cpu,end_to_end,1,676,1,0.0065853,6.585299999999999,6585.299999999999,151.8533703855557,10,2026-07-25T20:12:26.387755+00:00,,
44,cpu,end_to_end,1,677,1,0.0065568,6.5568,6556.8,152.51342118106393,10,2026-07-25T20:12:26.387755+00:00,,
44,cpu,end_to_end,1,678,1,0.0067525,6.7524999999999995,6752.5,148.0932987782303,10,2026-07-25T20:12:26.387755+00:00,,
44,cpu,end_to_end,1,679,1,0.0065034,6.5034,6503.400000000001,153.76572254513025,10,2026-07-25T20:12:26.387755+00:00,,
44,cpu,end_to_end,1,680,1,0.0069803,6.9803,6980.3,143.26031832442732,10,2026-07-25T20:12:26.387755+00:00,,
44,cpu,end_to_end,1,681,1,0.0063276,6.3276,6327.6,158.03780264239205,10,2026-07-25T20:12:26.387755+00:00,,
44,cpu,end_to_end,1,682,1,0.0066226,6.6226,6622.6,150.99809742397247,10,2026-07-25T20:12:26.387755+00:00,,
44,cpu,end_to_end,1,683,1,0.0065654,6.5653999999999995,6565.4,152.31364425625247,10,2026-07-25T20:12:26.387755+00:00,,
44,cpu,end_to_end,1,684,1,0.0064766,6.4765999999999995,6476.599999999999,154.4020010499336,10,2026-07-25T20:12:26.387755+00:00,,
44,cpu,end_to_end,1,685,1,0.0073981,7.3981,7398.1,135.16984090509726,10,2026-07-25T20:12:26.387755+00:00,,
44,cpu,end_to_end,1,686,1,0.0064187,6.4187,6418.700000000001,155.7947871064234,10,2026-07-25T20:12:26.387755+00:00,,
44,cpu,end_to_end,1,687,1,0.0067455,6.7455,6745.5,148.24697946779335,10,2026-07-25T20:12:26.387755+00:00,,
44,cpu,end_to_end,1,688,1,0.0065442,6.5442,6544.2,152.80706579872253,10,2026-07-25T20:12:26.387755+00:00,,
44,cpu,end_to_end,1,689,1,0.0064194,6.4193999999999996,6419.4,155.77779854815094,10,2026-07-25T20:12:26.387755+00:00,,
44,cpu,end_to_end,1,690,1,0.0067674,6.767399999999999,6767.4,147.76723704820168,10,2026-07-25T20:12:26.387755+00:00,,
44,cpu,end_to_end,1,691,1,0.0064206,6.4206,6420.6,155.74868392362083,10,2026-07-25T20:12:26.387755+00:00,,
44,cpu,end_to_end,1,692,1,0.0065619,6.5619,6561.9,152.39488562763833,10,2026-07-25T20:12:26.387755+00:00,,
44,cpu,end_to_end,1,693,1,0.0065195,6.5195,6519.5,153.3859958585781,10,2026-07-25T20:12:26.387755+00:00,,
44,cpu,end_to_end,1,694,1,0.0065279,6.5279,6527.9,153.18862114922104,10,2026-07-25T20:12:26.387755+00:00,,
44,cpu,end_to_end,1,695,1,0.0072433,7.2433000000000005,7243.3,138.05861968992033,10,2026-07-25T20:12:26.387755+00:00,,
44,cpu,end_to_end,1,696,1,0.0063892,6.389200000000001,6389.2,156.51411757340512,10,2026-07-25T20:12:26.387755+00:00,,
44,cpu,end_to_end,1,697,1,0.0067656,6.7656,6765.6,147.80655078633086,10,2026-07-25T20:12:26.387755+00:00,,
44,cpu,end_to_end,1,698,1,0.0065089,6.5089,6508.9,153.63579099386993,10,2026-07-25T20:12:26.387755+00:00,,
44,cpu,end_to_end,1,699,1,0.0068442,6.8442,6844.2,146.1091142865492,10,2026-07-25T20:12:26.387755+00:00,,
44,cpu,end_to_end,1,700,1,0.0067923,6.7923,6792.3,147.22553479675514,10,2026-07-25T20:12:26.387755+00:00,,
44,cpu,end_to_end,1,701,1,0.0062272,6.2272,6227.2,160.58581706063723,10,2026-07-25T20:12:26.387755+00:00,,
44,cpu,end_to_end,1,702,1,0.0066387,6.6387,6638.7,150.6319008239565,10,2026-07-25T20:12:26.387755+00:00,,
44,cpu,end_to_end,1,703,1,0.0066346,6.6346,6634.6,150.72498718837608,10,2026-07-25T20:12:26.387755+00:00,,
44,cpu,end_to_end,1,704,1,0.0074752,7.4752,7475.200000000001,133.77568493150685,10,2026-07-25T20:12:26.387755+00:00,,
44,cpu,end_to_end,1,705,1,0.0062694,6.269399999999999,6269.4,159.50489680033178,10,2026-07-25T20:12:26.387755+00:00,,
44,cpu,end_to_end,1,706,1,0.0066816,6.6816,6681.6,149.6647509578544,10,2026-07-25T20:12:26.387755+00:00,,
44,cpu,end_to_end,1,707,1,0.0068032,6.8031999999999995,6803.2,146.98965192850423,10,2026-07-25T20:12:26.387755+00:00,,
44,cpu,end_to_end,1,708,1,0.006396,6.396,6396.0,156.3477173233271,10,2026-07-25T20:12:26.387755+00:00,,
44,cpu,end_to_end,1,709,1,0.0063094,6.3094,6309.4,158.49367610232352,10,2026-07-25T20:12:26.387755+00:00,,
44,cpu,end_to_end,1,710,1,0.0062004,6.2004,6200.4,161.27991742468228,10,2026-07-25T20:12:26.387755+00:00,,
44,cpu,end_to_end,1,711,1,0.0066659,6.6659,6665.9,150.01725198397816,10,2026-07-25T20:12:26.387755+00:00,,
44,cpu,end_to_end,1,712,1,0.006612,6.612,6612.0,151.24016938898973,10,2026-07-25T20:12:26.387755+00:00,,
44,cpu,end_to_end,1,713,1,0.0064546,6.454599999999999,6454.599999999999,154.92826821181794,10,2026-07-25T20:12:26.387755+00:00,,
44,cpu,end_to_end,1,714,1,0.0068022,6.8022,6802.200000000001,147.01126106259738,10,2026-07-25T20:12:26.387755+00:00,,
44,cpu,end_to_end,1,715,1,0.0065519,6.5519,6551.900000000001,152.6274821044277,10,2026-07-25T20:12:26.387755+00:00,,
44,cpu,end_to_end,1,716,1,0.0067424,6.7424,6742.4,148.31514000949218,10,2026-07-25T20:12:26.387755+00:00,,
44,cpu,end_to_end,1,717,1,0.0064907,6.4907,6490.700000000001,154.0665875791517,10,2026-07-25T20:12:26.387755+00:00,,
44,cpu,end_to_end,1,718,1,0.0066929,6.6929,6692.9,149.41206353000942,10,2026-07-25T20:12:26.387755+00:00,,
44,cpu,end_to_end,1,719,1,0.0066595,6.6594999999999995,6659.5,150.16142353029508,10,2026-07-25T20:12:26.387755+00:00,,
44,cpu,end_to_end,1,720,1,0.0063264,6.3264000000000005,6326.400000000001,158.06777946383409,10,2026-07-25T20:12:26.387755+00:00,,
44,cpu,end_to_end,1,721,1,0.0066207,6.6207,6620.7,151.04143066443126,10,2026-07-25T20:12:26.387755+00:00,,
44,cpu,end_to_end,1,722,1,0.0065306,6.5306,6530.6,153.12528710991333,10,2026-07-25T20:12:26.387755+00:00,,
44,cpu,end_to_end,1,723,1,0.0068532,6.8532,6853.2,145.91723574388607,10,2026-07-25T20:12:26.387755+00:00,,
44,cpu,end_to_end,1,724,1,0.0065114,6.5114,6511.4,153.57680375956016,10,2026-07-25T20:12:26.387755+00:00,,
44,cpu,end_to_end,1,725,1,0.0064821,6.4821,6482.1,154.27099242529428,10,2026-07-25T20:12:26.387755+00:00,,
44,cpu,end_to_end,1,726,1,0.0066939,6.6939,6693.9,149.38974290025246,10,2026-07-25T20:12:26.387755+00:00,,
44,cpu,end_to_end,1,727,1,0.0064074,6.4074,6407.4,156.0695445890689,10,2026-07-25T20:12:26.387755+00:00,,
44,cpu,end_to_end,1,728,1,0.0066507,6.6507,6650.7,150.36011246936414,10,2026-07-25T20:12:26.387755+00:00,,
44,cpu,end_to_end,1,729,1,0.0067117,6.7117,6711.7,148.9935485793465,10,2026-07-25T20:12:26.387755+00:00,,
44,cpu,end_to_end,1,730,1,0.0068208,6.8208,6820.8,146.61036828524513,10,2026-07-25T20:12:26.387755+00:00,,
44,cpu,end_to_end,1,731,1,0.0067996,6.7996,6799.6,147.0674745573269,10,2026-07-25T20:12:26.387755+00:00,,
44,cpu,end_to_end,1,732,1,0.0064007,6.4007,6400.7,156.23291202524726,10,2026-07-25T20:12:26.387755+00:00,,
44,cpu,end_to_end,1,733,1,0.0067597,6.7597000000000005,6759.700000000001,147.93555927038182,10,2026-07-25T20:12:26.387755+00:00,,
44,cpu,end_to_end,1,734,1,0.0064229,6.422899999999999,6422.9,155.69291130174844,10,2026-07-25T20:12:26.387755+00:00,,
44,cpu,end_to_end,1,735,1,0.006998,6.998,6998.0,142.89797084881394,10,2026-07-25T20:12:26.387755+00:00,,
44,cpu,end_to_end,1,736,1,0.0068127,6.8126999999999995,6812.7,146.7846815506334,10,2026-07-25T20:12:26.387755+00:00,,
44,cpu,end_to_end,1,737,1,0.006146,6.146000000000001,6146.0,162.70745200130165,10,2026-07-25T20:12:26.387755+00:00,,
44,cpu,end_to_end,1,738,1,0.0063802,6.3802,6380.2,156.7348985925206,10,2026-07-25T20:12:26.387755+00:00,,
44,cpu,end_to_end,1,739,1,0.0060523,6.0523,6052.3,165.2264428399121,10,2026-07-25T20:12:26.387755+00:00,,
44,cpu,end_to_end,1,740,1,0.0064392,6.4392,6439.2,155.2987948813517,10,2026-07-25T20:12:26.387755+00:00,,
44,cpu,end_to_end,1,741,1,0.0063939,6.3939,6393.900000000001,156.39906786155555,10,2026-07-25T20:12:26.387755+00:00,,
44,cpu,end_to_end,1,742,1,0.0065722,6.5722000000000005,6572.2,152.15605124615806,10,2026-07-25T20:12:26.387755+00:00,,
44,cpu,end_to_end,1,743,1,0.0072202,7.2202,7220.200000000001,138.50031855073266,10,2026-07-25T20:12:26.387755+00:00,,
44,cpu,end_to_end,1,744,1,0.0064762,6.4761999999999995,6476.2,154.41153763009171,10,2026-07-25T20:12:26.387755+00:00,,
44,cpu,end_to_end,1,745,1,0.0067159,6.7159,6715.900000000001,148.9003707619232,10,2026-07-25T20:12:26.387755+00:00,,
44,cpu,end_to_end,1,746,1,0.0062963,6.2963000000000005,6296.3,158.82343598621412,10,2026-07-25T20:12:26.387755+00:00,,
44,cpu,end_to_end,1,747,1,0.0059258,5.9258,5925.8,168.75358601370277,10,2026-07-25T20:12:26.387755+00:00,,
44,cpu,end_to_end,1,748,1,0.006483,6.483,6483.0,154.24957581366652,10,2026-07-25T20:12:26.387755+00:00,,
44,cpu,end_to_end,1,749,1,0.0068895,6.8895,6889.5,145.1484142535743,10,2026-07-25T20:12:26.387755+00:00,,
44,cpu,end_to_end,1,750,1,0.0071963,7.1963,7196.3,138.96029904256355,10,2026-07-25T20:12:26.387755+00:00,,
44,cpu,end_to_end,1,751,1,0.0070508,7.050800000000001,7050.8,141.82787768763828,10,2026-07-25T20:12:26.387755+00:00,,
44,cpu,end_to_end,1,752,1,0.006501,6.5009999999999994,6501.0,153.82248884786955,10,2026-07-25T20:12:26.387755+00:00,,
44,cpu,end_to_end,1,753,1,0.0067477,6.7477,6747.7,148.19864546438046,10,2026-07-25T20:12:26.387755+00:00,,
44,cpu,end_to_end,1,754,1,0.006526,6.526,6526.0,153.23322096230464,10,2026-07-25T20:12:26.387755+00:00,,
44,cpu,end_to_end,1,755,1,0.0067012,6.7012,6701.2,149.22700411866532,10,2026-07-25T20:12:26.387755+00:00,,
44,cpu,end_to_end,1,756,1,0.0064891,6.4891000000000005,6489.1,154.1045753648426,10,2026-07-25T20:12:26.387755+00:00,,
44,cpu,end_to_end,1,757,1,0.0064206,6.4206,6420.6,155.74868392362083,10,2026-07-25T20:12:26.387755+00:00,,
44,cpu,end_to_end,1,758,1,0.0071915,7.1915,7191.5,139.0530487380936,10,2026-07-25T20:12:26.387755+00:00,,
44,cpu,end_to_end,1,759,1,0.0064771,6.4771,6477.1,154.39008198113353,10,2026-07-25T20:12:26.387755+00:00,,
44,cpu,end_to_end,1,760,1,0.0067992,6.7992,6799.2,147.07612660312978,10,2026-07-25T20:12:26.387755+00:00,,
44,cpu,end_to_end,1,761,1,0.0066011,6.601100000000001,6601.1,151.48990319795186,10,2026-07-25T20:12:26.387755+00:00,,
44,cpu,end_to_end,1,762,1,0.0065121,6.5121,6512.099999999999,153.56029545000845,10,2026-07-25T20:12:26.387755+00:00,,
44,cpu,end_to_end,1,763,1,0.0066817,6.681699999999999,6681.7,149.6625110376102,10,2026-07-25T20:12:26.387755+00:00,,
44,cpu,end_to_end,1,764,1,0.0064815,6.4815000000000005,6481.5,154.2852734706472,10,2026-07-25T20:12:26.387755+00:00,,
44,cpu,end_to_end,1,765,1,0.0072278,7.2278,7227.8,138.3546860732173,10,2026-07-25T20:12:26.387755+00:00,,
44,cpu,end_to_end,1,766,1,0.0064292,6.429200000000001,6429.200000000001,155.54034716605486,10,2026-07-25T20:12:26.387755+00:00,,
44,cpu,end_to_end,1,767,1,0.0068418,6.8418,6841.8,146.16036715484228,10,2026-07-25T20:12:26.387755+00:00,,
44,cpu,end_to_end,1,768,1,0.0066323,6.6323,6632.3,150.77725675859054,10,2026-07-25T20:12:26.387755+00:00,,
44,cpu,end_to_end,1,769,1,0.0062215,6.2215,6221.5,160.7329422165073,10,2026-07-25T20:12:26.387755+00:00,,
44,cpu,end_to_end,1,770,1,0.0064062,6.4062,6406.2,156.0987793075458,10,2026-07-25T20:12:26.387755+00:00,,
44,cpu,end_to_end,1,771,1,0.0061916,6.1916,6191.6,161.5091414174042,10,2026-07-25T20:12:26.387755+00:00,,
44,cpu,end_to_end,1,772,1,0.0063201,6.3201,6320.1,158.22534453568773,10,2026-07-25T20:12:26.387755+00:00,,
44,cpu,end_to_end,1,773,1,0.0064872,6.4872000000000005,6487.2,154.14971019854482,10,2026-07-25T20:12:26.387755+00:00,,
44,cpu,end_to_end,1,774,1,0.0065493,6.5493,6549.3,152.6880735345762,10,2026-07-25T20:12:26.387755+00:00,,
44,cpu,end_to_end,1,775,1,0.006986,6.986,6986.0,143.143429716576,10,2026-07-25T20:12:26.387755+00:00,,
44,cpu,end_to_end,1,776,1,0.0063299,6.3299,6329.900000000001,157.98037883694843,10,2026-07-25T20:12:26.387755+00:00,,
44,cpu,end_to_end,1,777,1,0.0065298,6.5298,6529.799999999999,153.14404729088182,10,2026-07-25T20:12:26.387755+00:00,,
44,cpu,end_to_end,1,778,1,0.0060156,6.0156,6015.6,166.23445707826318,10,2026-07-25T20:12:26.387755+00:00,,
44,cpu,end_to_end,1,779,1,0.0059881,5.988099999999999,5988.099999999999,166.9978791269351,10,2026-07-25T20:12:26.387755+00:00,,
44,cpu,end_to_end,1,780,1,0.0064077,6.407699999999999,6407.7,156.06223762036302,10,2026-07-25T20:12:26.387755+00:00,,
44,cpu,end_to_end,1,781,1,0.0064531,6.4531,6453.099999999999,154.964280733291,10,2026-07-25T20:12:26.387755+00:00,,
44,cpu,end_to_end,1,782,1,0.0063884,6.3884,6388.4,156.53371736271993,10,2026-07-25T20:12:26.387755+00:00,,
44,cpu,end_to_end,1,783,1,0.0061278,6.1278,6127.8,163.1907046574627,10,2026-07-25T20:12:26.387755+00:00,,
44,cpu,end_to_end,1,784,1,0.0064912,6.4912,6491.2,154.05472023662804,10,2026-07-25T20:12:26.387755+00:00,,
44,cpu,end_to_end,1,785,1,0.0072121,7.2120999999999995,7212.1,138.65586999625629,10,2026-07-25T20:12:26.387755+00:00,,
44,cpu,end_to_end,1,786,1,0.0066882,6.6882,6688.2,149.5170598965342,10,2026-07-25T20:12:26.387755+00:00,,
44,cpu,end_to_end,1,787,1,0.0071827,7.1827000000000005,7182.7,139.2234118089298,10,2026-07-25T20:12:26.387755+00:00,,
44,cpu,end_to_end,1,788,1,0.0063362,6.3362,6336.2,157.82330103216438,10,2026-07-25T20:12:26.387755+00:00,,
44,cpu,end_to_end,1,789,1,0.0064822,6.4822,6482.2,154.26861250809912,10,2026-07-25T20:12:26.387755+00:00,,
44,cpu,end_to_end,1,790,1,0.0065787,6.5786999999999995,6578.7,152.0057154148996,10,2026-07-25T20:12:26.387755+00:00,,
44,cpu,end_to_end,1,791,1,0.0064908,6.4908,6490.799999999999,154.06421396438037,10,2026-07-25T20:12:26.387755+00:00,,
44,cpu,end_to_end,1,792,1,0.0069787,6.9787,6978.7,143.29316348317022,10,2026-07-25T20:12:26.387755+00:00,,
44,cpu,end_to_end,1,793,1,0.0064293,6.4293,6429.3,155.5379279237242,10,2026-07-25T20:12:26.387755+00:00,,
44,cpu,end_to_end,1,794,1,0.0067504,6.7504,6750.400000000001,148.13936951884332,10,2026-07-25T20:12:26.387755+00:00,,
44,cpu,end_to_end,1,795,1,0.0062476,6.2476,6247.599999999999,160.06146360202317,10,2026-07-25T20:12:26.387755+00:00,,
44,cpu,end_to_end,1,796,1,0.0062019,6.2019,6201.9,161.2409100436963,10,2026-07-25T20:12:26.387755+00:00,,
44,cpu,end_to_end,1,797,1,0.0062343,6.2343,6234.3,160.4029321656,10,2026-07-25T20:12:26.387755+00:00,,
44,cpu,end_to_end,1,798,1,0.0061056,6.1056,6105.6,163.78406708595386,10,2026-07-25T20:12:26.387755+00:00,,
44,cpu,end_to_end,1,799,1,0.0064719,6.4719,6471.9,154.5141303172175,10,2026-07-25T20:12:26.387755+00:00,,
44,cpu,end_to_end,1,800,1,0.0059963,5.996300000000001,5996.3,166.7695078631823,10,2026-07-25T20:12:26.387755+00:00,,
44,cpu,end_to_end,1,801,1,0.0061982,6.1982,6198.2,161.33716240198768,10,2026-07-25T20:12:26.387755+00:00,,
44,cpu,end_to_end,1,802,1,0.0066595,6.6594999999999995,6659.5,150.16142353029508,10,2026-07-25T20:12:26.387755+00:00,,
44,cpu,end_to_end,1,803,1,0.006296,6.296,6296.0,158.83100381194407,10,2026-07-25T20:12:26.387755+00:00,,
44,cpu,end_to_end,1,804,1,0.0063067,6.3067,6306.7,158.56152980163952,10,2026-07-25T20:12:26.387755+00:00,,
44,cpu,end_to_end,1,805,1,0.0061613,6.1613,6161.3,162.303409994644,10,2026-07-25T20:12:26.387755+00:00,,
44,cpu,end_to_end,1,806,1,0.006379,6.3790000000000004,6379.0,156.76438313215237,10,2026-07-25T20:12:26.387755+00:00,,
44,cpu,end_to_end,1,807,1,0.0071068,7.1068,7106.8,140.7103056227838,10,2026-07-25T20:12:26.387755+00:00,,
44,cpu,end_to_end,1,808,1,0.0066419,6.6419,6641.9,150.55932790316024,10,2026-07-25T20:12:26.387755+00:00,,
44,cpu,end_to_end,1,809,1,0.0076107,7.6107,7610.7,131.3939585057879,10,2026-07-25T20:12:26.387755+00:00,,
44,cpu,end_to_end,1,810,1,0.007292,7.292,7292.0,137.13658804168952,10,2026-07-25T20:12:26.387755+00:00,,
44,cpu,end_to_end,1,811,1,0.0067414,6.7414,6741.4,148.33714065327678,10,2026-07-25T20:12:26.387755+00:00,,
44,cpu,end_to_end,1,812,1,0.0061376,6.1376,6137.6,162.93013555787277,10,2026-07-25T20:12:26.387755+00:00,,
44,cpu,end_to_end,1,813,1,0.0060737,6.0737,6073.7,164.6442860200537,10,2026-07-25T20:12:26.387755+00:00,,
44,cpu,end_to_end,1,814,1,0.0073155,7.3155,7315.5,136.6960563187752,10,2026-07-25T20:12:26.387755+00:00,,
44,cpu,end_to_end,1,815,1,0.0067633,6.7633,6763.3,147.85681545990863,10,2026-07-25T20:12:26.387755+00:00,,
44,cpu,end_to_end,1,816,1,0.0064836,6.4836,6483.6,154.2353013757789,10,2026-07-25T20:12:26.387755+00:00,,
44,cpu,end_to_end,1,817,1,0.0062913,6.2913,6291.299999999999,158.94966064247453,10,2026-07-25T20:12:26.387755+00:00,,
44,cpu,end_to_end,1,818,1,0.0063759,6.375900000000001,6375.900000000001,156.84060289527753,10,2026-07-25T20:12:26.387755+00:00,,
44,cpu,end_to_end,1,819,1,0.0067757,6.7757,6775.7,147.58622725327274,10,2026-07-25T20:12:26.387755+00:00,,
44,cpu,end_to_end,1,820,1,0.0060054,6.0054,6005.400000000001,166.5168015452759,10,2026-07-25T20:12:26.387755+00:00,,
44,cpu,end_to_end,1,821,1,0.0067616,6.7616000000000005,6761.6,147.8939895882631,10,2026-07-25T20:12:26.387755+00:00,,
44,cpu,end_to_end,1,822,1,0.0067403,6.7403,6740.3,148.36134890138422,10,2026-07-25T20:12:26.387755+00:00,,
44,cpu,end_to_end,1,823,1,0.0066767,6.676699999999999,6676.7,149.774589243189,10,2026-07-25T20:12:26.387755+00:00,,
44,cpu,end_to_end,1,824,1,0.0065838,6.5838,6583.8,151.8879674352198,10,2026-07-25T20:12:26.387755+00:00,,
44,cpu,end_to_end,1,825,1,0.0065013,6.5013,6501.3,153.81539076800024,10,2026-07-25T20:12:26.387755+00:00,,
44,cpu,end_to_end,1,826,1,0.0070208,7.0207999999999995,7020.8,142.43391066545124,10,2026-07-25T20:12:26.387755+00:00,,
44,cpu,end_to_end,1,827,1,0.0064705,6.4704999999999995,6470.5,154.54756201220926,10,2026-07-25T20:12:26.387755+00:00,,
44,cpu,end_to_end,1,828,1,0.0067767,6.7767,6776.7,147.5644487730016,10,2026-07-25T20:12:26.387755+00:00,,
44,cpu,end_to_end,1,829,1,0.00728,7.28,7280.0,137.36263736263737,10,2026-07-25T20:12:26.387755+00:00,,
44,cpu,end_to_end,1,830,1,0.0069553,6.9553,6955.3,143.77525052837404,10,2026-07-25T20:12:26.387755+00:00,,
44,cpu,end_to_end,1,831,1,0.0068059,6.8059,6805.900000000001,146.93133898529217,10,2026-07-25T20:12:26.387755+00:00,,
44,cpu,end_to_end,1,832,1,0.0069813,6.9813,6981.3,143.23979774540558,10,2026-07-25T20:12:26.387755+00:00,,
44,cpu,end_to_end,1,833,1,0.0066431,6.6431,6643.099999999999,150.53213108337974,10,2026-07-25T20:12:26.387755+00:00,,
44,cpu,end_to_end,1,834,1,0.0073612,7.3612,7361.2,135.8474161821442,10,2026-07-25T20:12:26.387755+00:00,,
44,cpu,end_to_end,1,835,1,0.0063315,6.3315,6331.5,157.94045644791913,10,2026-07-25T20:12:26.387755+00:00,,
44,cpu,end_to_end,1,836,1,0.0067974,6.7974000000000006,6797.400000000001,147.11507341042162,10,2026-07-25T20:12:26.387755+00:00,,
44,cpu,end_to_end,1,837,1,0.0065587,6.5587,6558.7,152.469239330965,10,2026-07-25T20:12:26.387755+00:00,,
44,cpu,end_to_end,1,838,1,0.0068152,6.815200000000001,6815.200000000001,146.73083695269398,10,2026-07-25T20:12:26.387755+00:00,,
44,cpu,end_to_end,1,839,1,0.0065418,6.5418,6541.8,152.86312635666025,10,2026-07-25T20:12:26.387755+00:00,,
44,cpu,end_to_end,1,840,1,0.0064701,6.4701,6470.1,154.55711658243303,10,2026-07-25T20:12:26.387755+00:00,,
44,cpu,end_to_end,1,841,1,0.0070803,7.0803,7080.3,141.23695323644478,10,2026-07-25T20:12:26.387755+00:00,,
44,cpu,end_to_end,1,842,1,0.0061254,6.1254,6125.4,163.25464459463873,10,2026-07-25T20:12:26.387755+00:00,,
44,cpu,end_to_end,1,843,1,0.0066105,6.6105,6610.5,151.2744875576734,10,2026-07-25T20:12:26.387755+00:00,,
44,cpu,end_to_end,1,844,1,0.0064683,6.4683,6468.3,154.60012677210395,10,2026-07-25T20:12:26.387755+00:00,,
44,cpu,end_to_end,1,845,1,0.0066881,6.6880999999999995,6688.099999999999,149.51929546507978,10,2026-07-25T20:12:26.387755+00:00,,
44,cpu,end_to_end,1,846,1,0.0069078,6.907800000000001,6907.8,144.76389009525462,10,2026-07-25T20:12:26.387755+00:00,,
44,cpu,end_to_end,1,847,1,0.006733,6.7330000000000005,6733.0,148.52220406950838,10,2026-07-25T20:12:26.387755+00:00,,
44,cpu,end_to_end,1,848,1,0.0074363,7.4363,7436.3,134.4754783965144,10,2026-07-25T20:12:26.387755+00:00,,
44,cpu,end_to_end,1,849,1,0.0064222,6.4222,6422.200000000001,155.7098813490704,10,2026-07-25T20:12:26.387755+00:00,,
44,cpu,end_to_end,1,850,1,0.0067279,6.7279,6727.900000000001,148.63478945882073,10,2026-07-25T20:12:26.387755+00:00,,
44,cpu,end_to_end,1,851,1,0.0065089,6.5089,6508.9,153.63579099386993,10,2026-07-25T20:12:26.387755+00:00,,
44,cpu,end_to_end,1,852,1,0.0067345,6.7345,6734.5,148.48912317172767,10,2026-07-25T20:12:26.387755+00:00,,
44,cpu,end_to_end,1,853,1,0.0072709,7.2709,7270.900000000001,137.5345555570837,10,2026-07-25T20:12:26.387755+00:00,,
44,cpu,end_to_end,1,854,1,0.0065754,6.5754,6575.400000000001,152.08200261581044,10,2026-07-25T20:12:26.387755+00:00,,
44,cpu,end_to_end,1,855,1,0.0066704,6.6704,6670.4,149.91604701367234,10,2026-07-25T20:12:26.387755+00:00,,
44,cpu,end_to_end,1,856,1,0.0065291,6.529100000000001,6529.1,153.16046622045917,10,2026-07-25T20:12:26.387755+00:00,,
44,cpu,end_to_end,1,857,1,0.0076661,7.6661,7666.1,130.44442415308956,10,2026-07-25T20:12:26.387755+00:00,,
44,cpu,end_to_end,1,858,1,0.0065723,6.572299999999999,6572.299999999999,152.1537361349908,10,2026-07-25T20:12:26.387755+00:00,,
44,cpu,end_to_end,1,859,1,0.0066949,6.6949000000000005,6694.900000000001,149.36742893844567,10,2026-07-25T20:12:26.387755+00:00,,
44,cpu,end_to_end,1,860,1,0.0071358,7.135800000000001,7135.8,140.13845679531377,10,2026-07-25T20:12:26.387755+00:00,,
44,cpu,end_to_end,1,861,1,0.0063633,6.3633,6363.299999999999,157.15116370436724,10,2026-07-25T20:12:26.387755+00:00,,
44,cpu,end_to_end,1,862,1,0.0069557,6.9557,6955.700000000001,143.76698247480482,10,2026-07-25T20:12:26.387755+00:00,,
44,cpu,end_to_end,1,863,1,0.0063566,6.356599999999999,6356.599999999999,157.31680458106536,10,2026-07-25T20:12:26.387755+00:00,,
44,cpu,end_to_end,1,864,1,0.0070503,7.0503,7050.3,141.8379359743557,10,2026-07-25T20:12:26.387755+00:00,,
44,cpu,end_to_end,1,865,1,0.0064799,6.479900000000001,6479.900000000001,154.3233691877961,10,2026-07-25T20:12:26.387755+00:00,,
44,cpu,end_to_end,1,866,1,0.006617,6.617,6617.0,151.12588786459122,10,2026-07-25T20:12:26.387755+00:00,,
44,cpu,end_to_end,1,867,1,0.0062841,6.2841,6284.1,159.13177702455403,10,2026-07-25T20:12:26.387755+00:00,,
44,cpu,end_to_end,1,868,1,0.0060638,6.0638000000000005,6063.8,164.91309080114777,10,2026-07-25T20:12:26.387755+00:00,,
44,cpu,end_to_end,1,869,1,0.0066373,6.6373,6637.299999999999,150.66367348168683,10,2026-07-25T20:12:26.387755+00:00,,
44,cpu,end_to_end,1,870,1,0.0060925,6.0925,6092.5,164.13623307345097,10,2026-07-25T20:12:26.387755+00:00,,
44,cpu,end_to_end,1,871,1,0.0061175,6.1175,6117.5,163.46546791990193,10,2026-07-25T20:12:26.387755+00:00,,
44,cpu,end_to_end,1,872,1,0.0070226,7.022600000000001,7022.6,142.39740267137526,10,2026-07-25T20:12:26.387755+00:00,,
44,cpu,end_to_end,1,873,1,0.00642,6.42,6420.0,155.7632398753894,10,2026-07-25T20:12:26.387755+00:00,,
44,cpu,end_to_end,1,874,1,0.0076645,7.6645,7664.5,130.47165503294408,10,2026-07-25T20:12:26.387755+00:00,,
44,cpu,end_to_end,1,875,1,0.0071573,7.1573,7157.3,139.7174912327274,10,2026-07-25T20:12:26.387755+00:00,,
44,cpu,end_to_end,1,876,1,0.0067191,6.7191,6719.1,148.82945632599603,10,2026-07-25T20:12:26.387755+00:00,,
44,cpu,end_to_end,1,877,1,0.0069304,6.9304,6930.4,144.29181576820963,10,2026-07-25T20:12:26.387755+00:00,,
44,cpu,end_to_end,1,878,1,0.0076141,7.6141000000000005,7614.1,131.33528585124964,10,2026-07-25T20:12:26.387755+00:00,,
44,cpu,end_to_end,1,879,1,0.0067486,6.748600000000001,6748.6,148.17888154580208,10,2026-07-25T20:12:26.387755+00:00,,
44,cpu,end_to_end,1,880,1,0.0077031,7.7031,7703.1,129.81786553465489,10,2026-07-25T20:12:26.387755+00:00,,
44,cpu,end_to_end,1,881,1,0.0070824,7.0824,7082.4,141.19507511577996,10,2026-07-25T20:12:26.387755+00:00,,
44,cpu,end_to_end,1,882,1,0.0073478,7.347799999999999,7347.8,136.09515773428782,10,2026-07-25T20:12:26.387755+00:00,,
44,cpu,end_to_end,1,883,1,0.0068672,6.8672,6867.200000000001,145.6197576887232,10,2026-07-25T20:12:26.387755+00:00,,
44,cpu,end_to_end,1,884,1,0.0062693,6.2693,6269.3,159.5074410221237,10,2026-07-25T20:12:26.387755+00:00,,
44,cpu,end_to_end,1,885,1,0.0068526,6.852600000000001,6852.6,145.93001196626096,10,2026-07-25T20:12:26.387755+00:00,,
44,cpu,end_to_end,1,886,1,0.0066025,6.6025,6602.5,151.45778114350625,10,2026-07-25T20:12:26.387755+00:00,,
44,cpu,end_to_end,1,887,1,0.0069324,6.9324,6932.4,144.25018752524377,10,2026-07-25T20:12:26.387755+00:00,,
44,cpu,end_to_end,1,888,1,0.0067721,6.7721,6772.099999999999,147.66468303775787,10,2026-07-25T20:12:26.387755+00:00,,
44,cpu,end_to_end,1,889,1,0.0073763,7.3763,7376.299999999999,135.56932337350705,10,2026-07-25T20:12:26.387755+00:00,,
44,cpu,end_to_end,1,890,1,0.0068371,6.8370999999999995,6837.099999999999,146.26084158488248,10,2026-07-25T20:12:26.387755+00:00,,
44,cpu,end_to_end,1,891,1,0.0072154,7.215400000000001,7215.400000000001,138.59245502674833,10,2026-07-25T20:12:26.387755+00:00,,
44,cpu,end_to_end,1,892,1,0.0071776,7.1776,7177.6,139.32233615693266,10,2026-07-25T20:12:26.387755+00:00,,
44,cpu,end_to_end,1,893,1,0.0066289,6.6289,6628.9,150.85459125948498,10,2026-07-25T20:12:26.387755+00:00,,
44,cpu,end_to_end,1,894,1,0.0070164,7.0164,7016.4,142.52323128669974,10,2026-07-25T20:12:26.387755+00:00,,
44,cpu,end_to_end,1,895,1,0.0066892,6.6892000000000005,6689.2,149.49470788734078,10,2026-07-25T20:12:26.387755+00:00,,
44,cpu,end_to_end,1,896,1,0.0067713,6.7713,6771.3,147.68212898557147,10,2026-07-25T20:12:26.387755+00:00,,
44,cpu,end_to_end,1,897,1,0.007442,7.442,7442.0,134.37248051599033,10,2026-07-25T20:12:26.387755+00:00,,
44,cpu,end_to_end,1,898,1,0.0069119,6.9119,6911.900000000001,144.67801906856292,10,2026-07-25T20:12:26.387755+00:00,,
44,cpu,end_to_end,1,899,1,0.0073421,7.342099999999999,7342.099999999999,136.2008144808706,10,2026-07-25T20:12:26.387755+00:00,,
44,cpu,end_to_end,1,900,1,0.0067349,6.7349000000000006,6734.900000000001,148.48030408766277,10,2026-07-25T20:12:26.387755+00:00,,
44,cpu,end_to_end,1,901,1,0.0071078,7.1078,7107.8,140.69050901826162,10,2026-07-25T20:12:26.387755+00:00,,
44,cpu,end_to_end,1,902,1,0.0064116,6.4116,6411.6,155.9673092519808,10,2026-07-25T20:12:26.387755+00:00,,
44,cpu,end_to_end,1,903,1,0.0076515,7.6515,7651.5,130.69332810560022,10,2026-07-25T20:12:26.387755+00:00,,
44,cpu,end_to_end,1,904,1,0.0073473,7.347300000000001,7347.3,136.10441931049502,10,2026-07-25T20:12:26.387755+00:00,,
44,cpu,end_to_end,1,905,1,0.0068747,6.8747,6874.7,145.46089283896023,10,2026-07-25T20:12:26.387755+00:00,,
44,cpu,end_to_end,1,906,1,0.0066485,6.6485,6648.5,150.4098668872678,10,2026-07-25T20:12:26.387755+00:00,,
44,cpu,end_to_end,1,907,1,0.0080082,8.0082,8008.2,124.8720061936515,10,2026-07-25T20:12:26.387755+00:00,,
44,cpu,end_to_end,1,908,1,0.0068382,6.8382,6838.2,146.23731391301806,10,2026-07-25T20:12:26.387755+00:00,,
44,cpu,end_to_end,1,909,1,0.0064995,6.4995,6499.5,153.8579890760828,10,2026-07-25T20:12:26.387755+00:00,,
44,cpu,end_to_end,1,910,1,0.0069186,6.9186,6918.599999999999,144.53791229439483,10,2026-07-25T20:12:26.387755+00:00,,
44,cpu,end_to_end,1,911,1,0.0071566,7.1566,7156.6,139.73115725344437,10,2026-07-25T20:12:26.387755+00:00,,
44,cpu,end_to_end,1,912,1,0.0067555,6.7555000000000005,6755.5,148.02753312116053,10,2026-07-25T20:12:26.387755+00:00,,
44,cpu,end_to_end,1,913,1,0.0067913,6.7913,6791.3,147.24721334648743,10,2026-07-25T20:12:26.387755+00:00,,
44,cpu,end_to_end,1,914,1,0.0063952,6.3952,6395.2,156.36727545659244,10,2026-07-25T20:12:26.387755+00:00,,
44,cpu,end_to_end,1,915,1,0.0063818,6.3818,6381.8,156.69560312137642,10,2026-07-25T20:12:26.387755+00:00,,
44,cpu,end_to_end,1,916,1,0.0066055,6.6055,6605.5,151.38899402013473,10,2026-07-25T20:12:26.387755+00:00,,
44,cpu,end_to_end,1,917,1,0.0062658,6.2658000000000005,6265.8,159.59653994701395,10,2026-07-25T20:12:26.387755+00:00,,
44,cpu,end_to_end,1,918,1,0.0069307,6.9307,6930.7,144.2855700001443,10,2026-07-25T20:12:26.387755+00:00,,
44,cpu,end_to_end,1,919,1,0.006355,6.355,6355.0,157.35641227380015,10,2026-07-25T20:12:26.387755+00:00,,
44,cpu,end_to_end,1,920,1,0.006122,6.122,6122.0,163.3453119895459,10,2026-07-25T20:12:26.387755+00:00,,
44,cpu,end_to_end,1,921,1,0.0065368,6.5367999999999995,6536.8,152.9800514012973,10,2026-07-25T20:12:26.387755+00:00,,
44,cpu,end_to_end,1,922,1,0.0066047,6.6047,6604.7,151.40733114297396,10,2026-07-25T20:12:26.387755+00:00,,
44,cpu,end_to_end,1,923,1,0.0070719,7.0719,7071.9,141.4047144331792,10,2026-07-25T20:12:26.387755+00:00,,
44,cpu,end_to_end,1,924,1,0.0069453,6.9453,6945.3,143.98226138539732,10,2026-07-25T20:12:26.387755+00:00,,
44,cpu,end_to_end,1,925,1,0.0065282,6.5282,6528.2,153.18158144664687,10,2026-07-25T20:12:26.387755+00:00,,
44,cpu,end_to_end,1,926,1,0.006365,6.365,6365.0,157.10919088766693,10,2026-07-25T20:12:26.387755+00:00,,
44,cpu,end_to_end,1,927,1,0.0063521,6.3521,6352.1,157.4282520741172,10,2026-07-25T20:12:26.387755+00:00,,
44,cpu,end_to_end,1,928,1,0.0067015,6.7015,6701.5,149.22032380810268,10,2026-07-25T20:12:26.387755+00:00,,
44,cpu,end_to_end,1,929,1,0.0066088,6.6088,6608.8,151.31340031473187,10,2026-07-25T20:12:26.387755+00:00,,
44,cpu,end_to_end,1,930,1,0.0070465,7.0465,7046.5,141.91442560136238,10,2026-07-25T20:12:26.387755+00:00,,
44,cpu,end_to_end,1,931,1,0.0062423,6.2423,6242.3,160.19736315140253,10,2026-07-25T20:12:26.387755+00:00,,
44,cpu,end_to_end,1,932,1,0.0063449,6.3449,6344.9,157.60689687780737,10,2026-07-25T20:12:26.387755+00:00,,
44,cpu,end_to_end,1,933,1,0.0071937,7.1937,7193.7,139.0105230965984,10,2026-07-25T20:12:26.387755+00:00,,
44,cpu,end_to_end,1,934,1,0.0075427,7.5427,7542.7,132.57851962824984,10,2026-07-25T20:12:26.387755+00:00,,
44,cpu,end_to_end,1,935,1,0.0071578,7.1578,7157.8,139.7077314258571,10,2026-07-25T20:12:26.387755+00:00,,
44,cpu,end_to_end,1,936,1,0.0060805,6.0805,6080.5,164.46015952635474,10,2026-07-25T20:12:26.387755+00:00,,
44,cpu,end_to_end,1,937,1,0.0064879,6.4879,6487.9,154.1330784999769,10,2026-07-25T20:12:26.387755+00:00,,
44,cpu,end_to_end,1,938,1,0.0067163,6.7162999999999995,6716.299999999999,148.89150276193737,10,2026-07-25T20:12:26.387755+00:00,,
44,cpu,end_to_end,1,939,1,0.0066828,6.6828,6682.8,149.63787633925898,10,2026-07-25T20:12:26.387755+00:00,,
44,cpu,end_to_end,1,940,1,0.007069,7.069,7069.0,141.46272457207527,10,2026-07-25T20:12:26.387755+00:00,,
44,cpu,end_to_end,1,941,1,0.0065685,6.568499999999999,6568.5,152.24175991474462,10,2026-07-25T20:12:26.387755+00:00,,
44,cpu,end_to_end,1,942,1,0.006898,6.898,6898.0,144.96955639315743,10,2026-07-25T20:12:26.387755+00:00,,
44,cpu,end_to_end,1,943,1,0.0065104,6.510400000000001,6510.400000000001,153.60039321700663,10,2026-07-25T20:12:26.387755+00:00,,
44,cpu,end_to_end,1,944,1,0.0067772,6.7772,6777.2,147.5535619429853,10,2026-07-25T20:12:26.387755+00:00,,
44,cpu,end_to_end,1,945,1,0.0065376,6.5376,6537.6,152.9613313754283,10,2026-07-25T20:12:26.387755+00:00,,
44,cpu,end_to_end,1,946,1,0.0065106,6.5106,6510.6,153.59567474579916,10,2026-07-25T20:12:26.387755+00:00,,
44,cpu,end_to_end,1,947,1,0.0069396,6.9395999999999995,6939.599999999999,144.1005245259093,10,2026-07-25T20:12:26.387755+00:00,,
44,cpu,end_to_end,1,948,1,0.0062733,6.2733,6273.3,159.40573541836036,10,2026-07-25T20:12:26.387755+00:00,,
44,cpu,end_to_end,1,949,1,0.0066093,6.6093,6609.3,151.3019533082172,10,2026-07-25T20:12:26.387755+00:00,,
44,cpu,end_to_end,1,950,1,0.0063983,6.3983,6398.3,156.29151493365424,10,2026-07-25T20:12:26.387755+00:00,,
44,cpu,end_to_end,1,951,1,0.0067345,6.7345,6734.5,148.48912317172767,10,2026-07-25T20:12:26.387755+00:00,,
44,cpu,end_to_end,1,952,1,0.0067495,6.7495,6749.5,148.15912289799243,10,2026-07-25T20:12:26.387755+00:00,,
44,cpu,end_to_end,1,953,1,0.006594,6.594,6594.0,151.6530178950561,10,2026-07-25T20:12:26.387755+00:00,,
44,cpu,end_to_end,1,954,1,0.0071587,7.1587,7158.7,139.69016720913015,10,2026-07-25T20:12:26.387755+00:00,,
44,cpu,end_to_end,1,955,1,0.0065016,6.5016,6501.599999999999,153.80829334317707,10,2026-07-25T20:12:26.387755+00:00,,
44,cpu,end_to_end,1,956,1,0.0068063,6.8063,6806.3,146.92270396544376,10,2026-07-25T20:12:26.387755+00:00,,
44,cpu,end_to_end,1,957,1,0.006502,6.502,6502.0,153.79883112888342,10,2026-07-25T20:12:26.387755+00:00,,
44,cpu,end_to_end,1,958,1,0.0064945,6.4945,6494.5,153.9764416044345,10,2026-07-25T20:12:26.387755+00:00,,
44,cpu,end_to_end,1,959,1,0.0068591,6.8591,6859.1,145.7917219460279,10,2026-07-25T20:12:26.387755+00:00,,
44,cpu,end_to_end,1,960,1,0.0063349,6.3349,6334.9,157.85568832972896,10,2026-07-25T20:12:26.387755+00:00,,
44,cpu,end_to_end,1,961,1,0.0069259,6.9258999999999995,6925.9,144.38556721870083,10,2026-07-25T20:12:26.387755+00:00,,
44,cpu,end_to_end,1,962,1,0.007,7.0,7000.0,142.85714285714286,10,2026-07-25T20:12:26.387755+00:00,,
44,cpu,end_to_end,1,963,1,0.0071303,7.1303,7130.3,140.24655344094919,10,2026-07-25T20:12:26.387755+00:00,,
44,cpu,end_to_end,1,964,1,0.0065004,6.5004,6500.4,153.83668697310935,10,2026-07-25T20:12:26.387755+00:00,,
44,cpu,end_to_end,1,965,1,0.0064724,6.4723999999999995,6472.4,154.50219393115384,10,2026-07-25T20:12:26.387755+00:00,,
44,cpu,end_to_end,1,966,1,0.0069034,6.9033999999999995,6903.4,144.85615783526958,10,2026-07-25T20:12:26.387755+00:00,,
44,cpu,end_to_end,1,967,1,0.0064175,6.4174999999999995,6417.5,155.82391897156214,10,2026-07-25T20:12:26.387755+00:00,,
44,cpu,end_to_end,1,968,1,0.0073112,7.3112,7311.200000000001,136.77645256592623,10,2026-07-25T20:12:26.387755+00:00,,
44,cpu,end_to_end,1,969,1,0.0066317,6.6316999999999995,6631.7,150.79089826138093,10,2026-07-25T20:12:26.387755+00:00,,
44,cpu,end_to_end,1,970,1,0.0065123,6.512300000000001,6512.3,153.555579441979,10,2026-07-25T20:12:26.387755+00:00,,
44,cpu,end_to_end,1,971,1,0.0064411,6.4411,6441.1,155.2529847386316,10,2026-07-25T20:12:26.387755+00:00,,
44,cpu,end_to_end,1,972,1,0.0065303,6.5303,6530.3,153.13232163912838,10,2026-07-25T20:12:26.387755+00:00,,
44,cpu,end_to_end,1,973,1,0.0067601,6.7600999999999996,6760.099999999999,147.92680581648202,10,2026-07-25T20:12:26.387755+00:00,,
44,cpu,end_to_end,1,974,1,0.006704,6.704,6704.0,149.16467780429593,10,2026-07-25T20:12:26.387755+00:00,,
44,cpu,end_to_end,1,975,1,0.006966,6.966,6966.0,143.5544071202986,10,2026-07-25T20:12:26.387755+00:00,,
44,cpu,end_to_end,1,976,1,0.0062882,6.2882,6288.2,159.0280207372539,10,2026-07-25T20:12:26.387755+00:00,,
44,cpu,end_to_end,1,977,1,0.005989,5.989000000000001,5989.0,166.97278343629986,10,2026-07-25T20:12:26.387755+00:00,,
44,cpu,end_to_end,1,978,1,0.0079515,7.9515,7951.5,125.76243476073697,10,2026-07-25T20:12:26.387755+00:00,,
44,cpu,end_to_end,1,979,1,0.0067994,6.7993999999999994,6799.4,147.07180045298117,10,2026-07-25T20:12:26.387755+00:00,,
44,cpu,end_to_end,1,980,1,0.0072244,7.2244,7224.4,138.41979956813023,10,2026-07-25T20:12:26.387755+00:00,,
44,cpu,end_to_end,1,981,1,0.0075196,7.5196000000000005,7519.6,132.9857971168679,10,2026-07-25T20:12:26.387755+00:00,,
44,cpu,end_to_end,1,982,1,0.0071827,7.1827000000000005,7182.7,139.2234118089298,10,2026-07-25T20:12:26.387755+00:00,,
44,cpu,end_to_end,1,983,1,0.0064627,6.4627,6462.7,154.73408946725053,10,2026-07-25T20:12:26.387755+00:00,,
44,cpu,end_to_end,1,984,1,0.0067794,6.7794,6779.4,147.5056789686403,10,2026-07-25T20:12:26.387755+00:00,,
44,cpu,end_to_end,1,985,1,0.0067857,6.7857,6785.700000000001,147.3687313025922,10,2026-07-25T20:12:26.387755+00:00,,
44,cpu,end_to_end,1,986,1,0.0079074,7.9074,7907.400000000001,126.4638187014695,10,2026-07-25T20:12:26.387755+00:00,,
44,cpu,end_to_end,1,987,1,0.0063857,6.3857,6385.7,156.5999029080602,10,2026-07-25T20:12:26.387755+00:00,,
44,cpu,end_to_end,1,988,1,0.00701,7.01,7010.0,142.65335235378032,10,2026-07-25T20:12:26.387755+00:00,,
44,cpu,end_to_end,1,989,1,0.006821,6.821,6821.0,146.60606949127694,10,2026-07-25T20:12:26.387755+00:00,,
44,cpu,end_to_end,1,990,1,0.0068676,6.8675999999999995,6867.599999999999,145.61127613722408,10,2026-07-25T20:12:26.387755+00:00,,
44,cpu,end_to_end,1,991,1,0.0067708,6.7708,6770.8,147.693034796479,10,2026-07-25T20:12:26.387755+00:00,,
44,cpu,end_to_end,1,992,1,0.0079937,7.9937,7993.7,125.098515080626,10,2026-07-25T20:12:26.387755+00:00,,
44,cpu,end_to_end,1,993,1,0.0071185,7.1185,7118.5,140.4790335042495,10,2026-07-25T20:12:26.387755+00:00,,
44,cpu,end_to_end,1,994,1,0.0074771,7.4771,7477.1,133.74169129742813,10,2026-07-25T20:12:26.387755+00:00,,
44,cpu,end_to_end,1,995,1,0.0072694,7.2694,7269.4,137.56293504278207,10,2026-07-25T20:12:26.387755+00:00,,
44,cpu,end_to_end,1,996,1,0.0068211,6.8211,6821.1,146.60392018882584,10,2026-07-25T20:12:26.387755+00:00,,
44,cpu,end_to_end,1,997,1,0.006923,6.923,6923.0,144.4460494005489,10,2026-07-25T20:12:26.387755+00:00,,
44,cpu,end_to_end,1,998,1,0.0071622,7.1621999999999995,7162.2,139.62190388428138,10,2026-07-25T20:12:26.387755+00:00,,
44,cpu,end_to_end,1,999,1,0.0067101,6.7101,6710.1,149.02907557264422,10,2026-07-25T20:12:26.387755+00:00,,
44,cpu,model_only,32,0,32,0.0068319,6.8319,213.49687500000002,4683.909307806028,10,2026-07-25T20:12:26.387755+00:00,,
44,cpu,model_only,32,1,32,0.0066231,6.6231,206.97187499999998,4831.574338300796,10,2026-07-25T20:12:26.387755+00:00,,
44,cpu,model_only,32,2,32,0.0065267,6.5267,203.959375,4902.9371657958845,10,2026-07-25T20:12:26.387755+00:00,,
44,cpu,model_only,32,3,32,0.0068336,6.8336,213.54999999999998,4682.744088035589,10,2026-07-25T20:12:26.387755+00:00,,
44,cpu,model_only,32,4,32,0.0069885,6.9885,218.390625,4578.951134005867,10,2026-07-25T20:12:26.387755+00:00,,
44,cpu,model_only,32,5,32,0.0066398,6.6398,207.49375,4819.422271755173,10,2026-07-25T20:12:26.387755+00:00,,
44,cpu,model_only,32,6,32,0.006784,6.784,212.0,4716.981132075472,10,2026-07-25T20:12:26.387755+00:00,,
44,cpu,model_only,32,7,32,0.0066468,6.6468,207.71249999999998,4814.346753324909,10,2026-07-25T20:12:26.387755+00:00,,
44,cpu,model_only,32,8,32,0.0064198,6.4197999999999995,200.61875,4984.57895884607,10,2026-07-25T20:12:26.387755+00:00,,
44,cpu,model_only,32,9,32,0.0074954,7.4954,234.23125000000002,4269.28516156576,10,2026-07-25T20:12:26.387755+00:00,,
44,cpu,model_only,32,10,32,0.0063917,6.3917,199.740625,5006.492795343962,10,2026-07-25T20:12:26.387755+00:00,,
44,cpu,model_only,32,11,32,0.0067832,6.7832,211.975,4717.537445453473,10,2026-07-25T20:12:26.387755+00:00,,
44,cpu,model_only,32,12,32,0.0065391,6.5391,204.346875,4893.639797525653,10,2026-07-25T20:12:26.387755+00:00,,
44,cpu,model_only,32,13,32,0.0063406,6.3406,198.14375,5046.840992965966,10,2026-07-25T20:12:26.387755+00:00,,
44,cpu,model_only,32,14,32,0.0073088,7.3088,228.4,4378.283712784589,10,2026-07-25T20:12:26.387755+00:00,,
44,cpu,model_only,32,15,32,0.0067032,6.703200000000001,209.47500000000002,4773.839360305526,10,2026-07-25T20:12:26.387755+00:00,,
44,cpu,model_only,32,16,32,0.0071972,7.1972,224.9125,4446.173511921303,10,2026-07-25T20:12:26.387755+00:00,,
44,cpu,model_only,32,17,32,0.0069674,6.9674000000000005,217.73125000000002,4592.817980882395,10,2026-07-25T20:12:26.387755+00:00,,
44,cpu,model_only,32,18,32,0.0068495,6.8495,214.046875,4671.873859405796,10,2026-07-25T20:12:26.387755+00:00,,
44,cpu,model_only,32,19,32,0.0065611,6.561100000000001,205.034375,4877.23095212693,10,2026-07-25T20:12:26.387755+00:00,,
44,cpu,model_only,32,20,32,0.0066306,6.6306,207.20625,4826.10925104817,10,2026-07-25T20:12:26.387755+00:00,,
44,cpu,model_only,32,21,32,0.0067747,6.7747,211.709375,4723.456389212806,10,2026-07-25T20:12:26.387755+00:00,,
44,cpu,model_only,32,22,32,0.0065296,6.5296,204.05,4900.7596177407495,10,2026-07-25T20:12:26.387755+00:00,,
44,cpu,model_only,32,23,32,0.007257,7.257000000000001,226.78125,4409.535620779936,10,2026-07-25T20:12:26.387755+00:00,,
44,cpu,model_only,32,24,32,0.0066559,6.6559,207.99687500000002,4807.764539731666,10,2026-07-25T20:12:26.387755+00:00,,
44,cpu,model_only,32,25,32,0.0069807,6.980700000000001,218.14687500000002,4584.067500393943,10,2026-07-25T20:12:26.387755+00:00,,
44,cpu,model_only,32,26,32,0.0063578,6.3578,198.68125,5033.187580609645,10,2026-07-25T20:12:26.387755+00:00,,
44,cpu,model_only,32,27,32,0.0062408,6.2408,195.025,5127.547750288424,10,2026-07-25T20:12:26.387755+00:00,,
44,cpu,model_only,32,28,32,0.0066053,6.6053,206.41562499999998,4844.594492301637,10,2026-07-25T20:12:26.387755+00:00,,
44,cpu,model_only,32,29,32,0.0063352,6.3352,197.975,5051.142821063266,10,2026-07-25T20:12:26.387755+00:00,,
44,cpu,model_only,32,30,32,0.0065016,6.5016,203.17499999999998,4921.865386981666,10,2026-07-25T20:12:26.387755+00:00,,
44,cpu,model_only,32,31,32,0.0065587,6.5587,204.959375,4879.01565859088,10,2026-07-25T20:12:26.387755+00:00,,
44,cpu,model_only,32,32,32,0.0062717,6.2717,195.990625,5102.284866941977,10,2026-07-25T20:12:26.387755+00:00,,
44,cpu,model_only,32,33,32,0.0078151,7.8151,244.221875,4094.637304704994,10,2026-07-25T20:12:26.387755+00:00,,
44,cpu,model_only,32,34,32,0.00648,6.4799999999999995,202.5,4938.271604938272,10,2026-07-25T20:12:26.387755+00:00,,
44,cpu,model_only,32,35,32,0.0071568,7.1568,223.64999999999998,4471.27207690588,10,2026-07-25T20:12:26.387755+00:00,,
44,cpu,model_only,32,36,32,0.0064786,6.4786,202.45625,4939.338746025376,10,2026-07-25T20:12:26.387755+00:00,,
44,cpu,model_only,32,37,32,0.0069706,6.9706,217.83125,4590.70955154506,10,2026-07-25T20:12:26.387755+00:00,,
44,cpu,model_only,32,38,32,0.0065041,6.504099999999999,203.25312499999998,4919.973555142142,10,2026-07-25T20:12:26.387755+00:00,,
44,cpu,model_only,32,39,32,0.0059333,5.9333,185.415625,5393.288726341159,10,2026-07-25T20:12:26.387755+00:00,,
44,cpu,model_only,32,40,32,0.0068779,6.8779,214.93437500000002,4652.5829104813965,10,2026-07-25T20:12:26.387755+00:00,,
44,cpu,model_only,32,41,32,0.0070859,7.0859,221.434375,4516.010669075205,10,2026-07-25T20:12:26.387755+00:00,,
44,cpu,model_only,32,42,32,0.007156,7.156,223.625,4471.771939631079,10,2026-07-25T20:12:26.387755+00:00,,
44,cpu,model_only,32,43,32,0.0072949,7.2949,227.965625,4386.6262731497345,10,2026-07-25T20:12:26.387755+00:00,,
44,cpu,model_only,32,44,32,0.0069259,6.9258999999999995,216.434375,4620.3381509984265,10,2026-07-25T20:12:26.387755+00:00,,
44,cpu,model_only,32,45,32,0.0066128,6.6128,206.65,4839.099927413501,10,2026-07-25T20:12:26.387755+00:00,,
44,cpu,model_only,32,46,32,0.0069439,6.9439,216.99687500000002,4608.361295525569,10,2026-07-25T20:12:26.387755+00:00,,
44,cpu,model_only,32,47,32,0.0069917,6.9917,218.490625,4576.855414276928,10,2026-07-25T20:12:26.387755+00:00,,
44,cpu,model_only,32,48,32,0.0063684,6.368399999999999,199.0125,5024.809999371899,10,2026-07-25T20:12:26.387755+00:00,,
44,cpu,model_only,32,49,32,0.006213,6.213,194.15625,5150.490906164494,10,2026-07-25T20:12:26.387755+00:00,,
44,cpu,model_only,32,50,32,0.0065844,6.5844,205.7625,4859.972055160683,10,2026-07-25T20:12:26.387755+00:00,,
44,cpu,model_only,32,51,32,0.0063655,6.3655,198.921875,5027.099206660907,10,2026-07-25T20:12:26.387755+00:00,,
44,cpu,model_only,32,52,32,0.006561,6.561,205.03125,4877.305288827923,10,2026-07-25T20:12:26.387755+00:00,,
44,cpu,model_only,32,53,32,0.0065218,6.521800000000001,203.80625,4906.620871538532,10,2026-07-25T20:12:26.387755+00:00,,
44,cpu,model_only,32,54,32,0.0070259,7.0259,219.559375,4554.576637868458,10,2026-07-25T20:12:26.387755+00:00,,
44,cpu,model_only,32,55,32,0.0067921,6.7921,212.25312499999998,4711.355839872794,10,2026-07-25T20:12:26.387755+00:00,,
44,cpu,model_only,32,56,32,0.0068217,6.8217,213.178125,4690.912822317017,10,2026-07-25T20:12:26.387755+00:00,,
44,cpu,model_only,32,57,32,0.006586,6.585999999999999,205.8125,4858.791375645308,10,2026-07-25T20:12:26.387755+00:00,,
44,cpu,model_only,32,58,32,0.0066067,6.6067,206.459375,4843.567893199328,10,2026-07-25T20:12:26.387755+00:00,,
44,cpu,model_only,32,59,32,0.0063249,6.3248999999999995,197.653125,5059.3685275656535,10,2026-07-25T20:12:26.387755+00:00,,
44,cpu,model_only,32,60,32,0.0064594,6.4594,201.85625,4954.020497259808,10,2026-07-25T20:12:26.387755+00:00,,
44,cpu,model_only,32,61,32,0.0062661,6.2661,195.815625,5106.844767877947,10,2026-07-25T20:12:26.387755+00:00,,
44,cpu,model_only,32,62,32,0.0063153,6.315300000000001,197.353125,5067.059363767358,10,2026-07-25T20:12:26.387755+00:00,,
44,cpu,model_only,32,63,32,0.0065509,6.5509,204.71562500000002,4884.824985879803,10,2026-07-25T20:12:26.387755+00:00,,
44,cpu,model_only,32,64,32,0.0062035,6.2035,193.859375,5158.378334810994,10,2026-07-25T20:12:26.387755+00:00,,
44,cpu,model_only,32,65,32,0.0068971,6.8971,215.53437499999998,4639.631149323629,10,2026-07-25T20:12:26.387755+00:00,,
44,cpu,model_only,32,66,32,0.0066212,6.6212,206.9125,4832.9607926055705,10,2026-07-25T20:12:26.387755+00:00,,
44,cpu,model_only,32,67,32,0.0064206,6.4206,200.64375,4983.957885555867,10,2026-07-25T20:12:26.387755+00:00,,
44,cpu,model_only,32,68,32,0.0062648,6.2648,195.775,5107.9044821861835,10,2026-07-25T20:12:26.387755+00:00,,
44,cpu,model_only,32,69,32,0.0063478,6.347799999999999,198.36875,5041.116607328523,10,2026-07-25T20:12:26.387755+00:00,,
44,cpu,model_only,32,70,32,0.0067522,6.7522,211.00625,4739.196113859187,10,2026-07-25T20:12:26.387755+00:00,,
44,cpu,model_only,32,71,32,0.0067487,6.7486999999999995,210.896875,4741.6539481677955,10,2026-07-25T20:12:26.387755+00:00,,
44,cpu,model_only,32,72,32,0.006862,6.862,214.4375,4663.363450888954,10,2026-07-25T20:12:26.387755+00:00,,
44,cpu,model_only,32,73,32,0.006271,6.271,195.96875,5102.854409185138,10,2026-07-25T20:12:26.387755+00:00,,
44,cpu,model_only,32,74,32,0.0061832,6.183199999999999,193.225,5175.3137533963,10,2026-07-25T20:12:26.387755+00:00,,
44,cpu,model_only,32,75,32,0.0070683,7.0683,220.88437499999998,4527.255492834203,10,2026-07-25T20:12:26.387755+00:00,,
44,cpu,model_only,32,76,32,0.0061513,6.1513,192.228125,5202.1523905515905,10,2026-07-25T20:12:26.387755+00:00,,
44,cpu,model_only,32,77,32,0.0069586,6.9586,217.45624999999998,4598.62616043457,10,2026-07-25T20:12:26.387755+00:00,,
44,cpu,model_only,32,78,32,0.0069021,6.902100000000001,215.690625,4636.2701206879065,10,2026-07-25T20:12:26.387755+00:00,,
44,cpu,model_only,32,79,32,0.0064736,6.4736,202.3,4943.153732081068,10,2026-07-25T20:12:26.387755+00:00,,
44,cpu,model_only,32,80,32,0.007421,7.420999999999999,231.90625,4312.087319768226,10,2026-07-25T20:12:26.387755+00:00,,
44,cpu,model_only,32,81,32,0.0065766,6.5766,205.51875,4865.736094638567,10,2026-07-25T20:12:26.387755+00:00,,
44,cpu,model_only,32,82,32,0.0071463,7.1463,223.321875,4477.84168031009,10,2026-07-25T20:12:26.387755+00:00,,
44,cpu,model_only,32,83,32,0.0062853,6.285299999999999,196.415625,5091.244650215583,10,2026-07-25T20:12:26.387755+00:00,,
44,cpu,model_only,32,84,32,0.0064682,6.4682,202.13125000000002,4947.280541727219,10,2026-07-25T20:12:26.387755+00:00,,
44,cpu,model_only,32,85,32,0.0064586,6.4586,201.83125,4954.634131235872,10,2026-07-25T20:12:26.387755+00:00,,
44,cpu,model_only,32,86,32,0.0064482,6.4482,201.50625000000002,4962.6252287460065,10,2026-07-25T20:12:26.387755+00:00,,
44,cpu,model_only,32,87,32,0.0067487,6.7486999999999995,210.896875,4741.6539481677955,10,2026-07-25T20:12:26.387755+00:00,,
44,cpu,model_only,32,88,32,0.0064453,6.4453000000000005,201.415625,4964.858113664221,10,2026-07-25T20:12:26.387755+00:00,,
44,cpu,model_only,32,89,32,0.0069518,6.9518,217.24375,4603.12437066659,10,2026-07-25T20:12:26.387755+00:00,,
44,cpu,model_only,32,90,32,0.0065957,6.595700000000001,206.11562500000002,4851.645769213275,10,2026-07-25T20:12:26.387755+00:00,,
44,cpu,model_only,32,91,32,0.006547,6.547,204.59375,4887.734840384909,10,2026-07-25T20:12:26.387755+00:00,,
44,cpu,model_only,32,92,32,0.0069628,6.9628,217.5875,4595.852243350377,10,2026-07-25T20:12:26.387755+00:00,,
44,cpu,model_only,32,93,32,0.0064763,6.4763,202.384375,4941.092907987586,10,2026-07-25T20:12:26.387755+00:00,,
44,cpu,model_only,32,94,32,0.0068125,6.8125,212.890625,4697.247706422018,10,2026-07-25T20:12:26.387755+00:00,,
44,cpu,model_only,32,95,32,0.006562,6.562,205.0625,4876.56202377324,10,2026-07-25T20:12:26.387755+00:00,,
44,cpu,model_only,32,96,32,0.0070074,7.0074,218.98125,4566.601021776979,10,2026-07-25T20:12:26.387755+00:00,,
44,cpu,model_only,32,97,32,0.0068675,6.867500000000001,214.609375,4659.628685839097,10,2026-07-25T20:12:26.387755+00:00,,
44,cpu,model_only,32,98,32,0.0064948,6.494800000000001,202.9625,4927.018537907249,10,2026-07-25T20:12:26.387755+00:00,,
44,cpu,model_only,32,99,32,0.006866,6.866,214.5625,4660.646664724731,10,2026-07-25T20:12:26.387755+00:00,,
44,cpu,end_to_end,32,0,32,0.0065589,6.5589,204.96562500000002,4878.8668831663845,10,2026-07-25T20:12:26.387755+00:00,,
44,cpu,end_to_end,32,1,32,0.0068701,6.8701,214.69062499999998,4657.865242136214,10,2026-07-25T20:12:26.387755+00:00,,
44,cpu,end_to_end,32,2,32,0.0065536,6.553599999999999,204.79999999999998,4882.8125,10,2026-07-25T20:12:26.387755+00:00,,
44,cpu,end_to_end,32,3,32,0.0068257,6.825699999999999,213.303125,4688.163851326604,10,2026-07-25T20:12:26.387755+00:00,,
44,cpu,end_to_end,32,4,32,0.0064645,6.4645,202.015625,4950.112150978421,10,2026-07-25T20:12:26.387755+00:00,,
44,cpu,end_to_end,32,5,32,0.0064842,6.4841999999999995,202.63125,4935.072946546991,10,2026-07-25T20:12:26.387755+00:00,,
44,cpu,end_to_end,32,6,32,0.0070785,7.0785,221.203125,4520.7317934590665,10,2026-07-25T20:12:26.387755+00:00,,
44,cpu,end_to_end,32,7,32,0.0062271,6.2271,194.596875,5138.828668240433,10,2026-07-25T20:12:26.387755+00:00,,
44,cpu,end_to_end,32,8,32,0.0066981,6.6981,209.315625,4777.474209104074,10,2026-07-25T20:12:26.387755+00:00,,
44,cpu,end_to_end,32,9,32,0.0064094,6.4094,200.29375,4992.667020313914,10,2026-07-25T20:12:26.387755+00:00,,
44,cpu,end_to_end,32,10,32,0.0068615,6.8615,214.421875,4663.703271879326,10,2026-07-25T20:12:26.387755+00:00,,
44,cpu,end_to_end,32,11,32,0.0069518,6.9518,217.24375,4603.12437066659,10,2026-07-25T20:12:26.387755+00:00,,
44,cpu,end_to_end,32,12,32,0.0066094,6.6094,206.54375,4841.589251671861,10,2026-07-25T20:12:26.387755+00:00,,
44,cpu,end_to_end,32,13,32,0.0070323,7.0323,219.759375,4550.4315799951655,10,2026-07-25T20:12:26.387755+00:00,,
44,cpu,end_to_end,32,14,32,0.0062964,6.296399999999999,196.7625,5082.26923321263,10,2026-07-25T20:12:26.387755+00:00,,
44,cpu,end_to_end,32,15,32,0.0070287,7.0287,219.646875,4552.762246219074,10,2026-07-25T20:12:26.387755+00:00,,
44,cpu,end_to_end,32,16,32,0.0063301,6.3301,197.815625,5055.212397908406,10,2026-07-25T20:12:26.387755+00:00,,
44,cpu,end_to_end,32,17,32,0.0064133,6.4133000000000004,200.415625,4989.630923237646,10,2026-07-25T20:12:26.387755+00:00,,
44,cpu,end_to_end,32,18,32,0.0063838,6.3838,199.49375,5012.688367430057,10,2026-07-25T20:12:26.387755+00:00,,
44,cpu,end_to_end,32,19,32,0.0066604,6.6604,208.13750000000002,4804.5162452705545,10,2026-07-25T20:12:26.387755+00:00,,
44,cpu,end_to_end,32,20,32,0.006907,6.907,215.84375,4632.981033733893,10,2026-07-25T20:12:26.387755+00:00,,
44,cpu,end_to_end,32,21,32,0.0065731,6.5731,205.409375,4868.326969010056,10,2026-07-25T20:12:26.387755+00:00,,
44,cpu,end_to_end,32,22,32,0.0068506,6.8506,214.08125,4671.123697194406,10,2026-07-25T20:12:26.387755+00:00,,
44,cpu,end_to_end,32,23,32,0.0073523,7.3523,229.759375,4352.379527494798,10,2026-07-25T20:12:26.387755+00:00,,
44,cpu,end_to_end,32,24,32,0.0075111,7.5111,234.72187499999998,4260.361331895461,10,2026-07-25T20:12:26.387755+00:00,,
44,cpu,end_to_end,32,25,32,0.0067192,6.7192,209.975,4762.471722824146,10,2026-07-25T20:12:26.387755+00:00,,
44,cpu,end_to_end,32,26,32,0.0072221,7.2221,225.690625,4430.844214286703,10,2026-07-25T20:12:26.387755+00:00,,
44,cpu,end_to_end,32,27,32,0.0064806,6.480600000000001,202.51875,4937.814399901244,10,2026-07-25T20:12:26.387755+00:00,,
44,cpu,end_to_end,32,28,32,0.0062117,6.2116999999999996,194.115625,5151.5688136902945,10,2026-07-25T20:12:26.387755+00:00,,
44,cpu,end_to_end,32,29,32,0.0067817,6.7817,211.928125,4718.580886798295,10,2026-07-25T20:12:26.387755+00:00,,
44,cpu,end_to_end,32,30,32,0.0069001,6.9001,215.628125,4637.613947623948,10,2026-07-25T20:12:26.387755+00:00,,
44,cpu,end_to_end,32,31,32,0.0063167,6.3167,197.396875,5065.9363275127835,10,2026-07-25T20:12:26.387755+00:00,,
44,cpu,end_to_end,32,32,32,0.0067715,6.7715,211.609375,4725.68854758916,10,2026-07-25T20:12:26.387755+00:00,,
44,cpu,end_to_end,32,33,32,0.0065461,6.5461,204.565625,4888.406837659064,10,2026-07-25T20:12:26.387755+00:00,,
44,cpu,end_to_end,32,34,32,0.0076184,7.6184,238.075,4200.35703034758,10,2026-07-25T20:12:26.387755+00:00,,
44,cpu,end_to_end,32,35,32,0.0065001,6.5001,203.128125,4923.00118459716,10,2026-07-25T20:12:26.387755+00:00,,
44,cpu,end_to_end,32,36,32,0.0067133,6.7133,209.790625,4766.657232657561,10,2026-07-25T20:12:26.387755+00:00,,
44,cpu,end_to_end,32,37,32,0.0066135,6.613499999999999,206.671875,4838.587737204204,10,2026-07-25T20:12:26.387755+00:00,,
44,cpu,end_to_end,32,38,32,0.0066305,6.6305000000000005,207.203125,4826.182037553729,10,2026-07-25T20:12:26.387755+00:00,,
44,cpu,end_to_end,32,39,32,0.0068529,6.8529,214.15312500000002,4669.555954413459,10,2026-07-25T20:12:26.387755+00:00,,
44,cpu,end_to_end,32,40,32,0.0065721,6.5721,205.378125,4869.067725688897,10,2026-07-25T20:12:26.387755+00:00,,
44,cpu,end_to_end,32,41,32,0.0069138,6.9138,216.05625,4628.424310798692,10,2026-07-25T20:12:26.387755+00:00,,
44,cpu,end_to_end,32,42,32,0.0064137,6.4136999999999995,200.428125,4989.319737437049,10,2026-07-25T20:12:26.387755+00:00,,
44,cpu,end_to_end,32,43,32,0.0065072,6.5072,203.35000000000002,4917.629702483403,10,2026-07-25T20:12:26.387755+00:00,,
44,cpu,end_to_end,32,44,32,0.0064646,6.4646,202.01875,4950.03557838072,10,2026-07-25T20:12:26.387755+00:00,,
44,cpu,end_to_end,32,45,32,0.0062972,6.2972,196.7875,5081.623578733405,10,2026-07-25T20:12:26.387755+00:00,,
44,cpu,end_to_end,32,46,32,0.0067719,6.7719,211.621875,4725.409412424873,10,2026-07-25T20:12:26.387755+00:00,,
44,cpu,end_to_end,32,47,32,0.0064511,6.4511,201.596875,4960.394351350932,10,2026-07-25T20:12:26.387755+00:00,,
44,cpu,end_to_end,32,48,32,0.0066739,6.6739,208.559375,4794.797644555657,10,2026-07-25T20:12:26.387755+00:00,,
44,cpu,end_to_end,32,49,32,0.0065441,6.544099999999999,204.50312499999998,4889.9008266988585,10,2026-07-25T20:12:26.387755+00:00,,
44,cpu,end_to_end,32,50,32,0.0065417,6.5417000000000005,204.428125,4891.694819389455,10,2026-07-25T20:12:26.387755+00:00,,
44,cpu,end_to_end,32,51,32,0.0066433,6.6433,207.603125,4816.8831755302335,10,2026-07-25T20:12:26.387755+00:00,,
44,cpu,end_to_end,32,52,32,0.0063838,6.3838,199.49375,5012.688367430057,10,2026-07-25T20:12:26.387755+00:00,,
44,cpu,end_to_end,32,53,32,0.0068293,6.8293,213.415625,4685.692530713251,10,2026-07-25T20:12:26.387755+00:00,,
44,cpu,end_to_end,32,54,32,0.0067931,6.7931,212.28437499999998,4710.662289676289,10,2026-07-25T20:12:26.387755+00:00,,
44,cpu,end_to_end,32,55,32,0.0066907,6.6907,209.084375,4782.758156844576,10,2026-07-25T20:12:26.387755+00:00,,
44,cpu,end_to_end,32,56,32,0.0069611,6.961099999999999,217.53437499999998,4596.974616080792,10,2026-07-25T20:12:26.387755+00:00,,
44,cpu,end_to_end,32,57,32,0.0063643,6.3643,198.884375,5028.047075090741,10,2026-07-25T20:12:26.387755+00:00,,
44,cpu,end_to_end,32,58,32,0.0074096,7.409599999999999,231.54999999999998,4318.721658389117,10,2026-07-25T20:12:26.387755+00:00,,
44,cpu,end_to_end,32,59,32,0.0066939,6.6939,209.184375,4780.471772808079,10,2026-07-25T20:12:26.387755+00:00,,
44,cpu,end_to_end,32,60,32,0.0063602,6.3602,198.75625,5031.288324266533,10,2026-07-25T20:12:26.387755+00:00,,
44,cpu,end_to_end,32,61,32,0.0065274,6.5274,203.98125,4902.4113735943865,10,2026-07-25T20:12:26.387755+00:00,,
44,cpu,end_to_end,32,62,32,0.0062679,6.2679,195.871875,5105.378196844238,10,2026-07-25T20:12:26.387755+00:00,,
44,cpu,end_to_end,32,63,32,0.0074831,7.4831,233.846875,4276.302601862864,10,2026-07-25T20:12:26.387755+00:00,,
44,cpu,end_to_end,32,64,32,0.006591,6.590999999999999,205.96875,4855.105446821423,10,2026-07-25T20:12:26.387755+00:00,,
44,cpu,end_to_end,32,65,32,0.006822,6.822,213.1875,4690.706537672237,10,2026-07-25T20:12:26.387755+00:00,,
44,cpu,end_to_end,32,66,32,0.0065425,6.5424999999999995,204.453125,4891.0966755827285,10,2026-07-25T20:12:26.387755+00:00,,
44,cpu,end_to_end,32,67,32,0.0067514,6.7514,210.98125000000002,4739.757679888616,10,2026-07-25T20:12:26.387755+00:00,,
44,cpu,end_to_end,32,68,32,0.0065279,6.5279,203.996875,4902.035876775073,10,2026-07-25T20:12:26.387755+00:00,,
44,cpu,end_to_end,32,69,32,0.0067802,6.7802,211.88125,4719.624789829209,10,2026-07-25T20:12:26.387755+00:00,,
44,cpu,end_to_end,32,70,32,0.0068789,6.878900000000001,214.96562500000002,4651.90655482708,10,2026-07-25T20:12:26.387755+00:00,,
44,cpu,end_to_end,32,71,32,0.0063551,6.3551,198.59687499999998,5035.325958678856,10,2026-07-25T20:12:26.387755+00:00,,
44,cpu,end_to_end,32,72,32,0.0081366,8.136600000000001,254.26875,3932.846643561192,10,2026-07-25T20:12:26.387755+00:00,,
44,cpu,end_to_end,32,73,32,0.0075566,7.5566,236.14375,4234.708731440066,10,2026-07-25T20:12:26.387755+00:00,,
44,cpu,end_to_end,32,74,32,0.0071872,7.187200000000001,224.60000000000002,4452.359750667853,10,2026-07-25T20:12:26.387755+00:00,,
44,cpu,end_to_end,32,75,32,0.0067033,6.7033,209.47812499999998,4773.768144048454,10,2026-07-25T20:12:26.387755+00:00,,
44,cpu,end_to_end,32,76,32,0.0066237,6.6236999999999995,206.990625,4831.136675876021,10,2026-07-25T20:12:26.387755+00:00,,
44,cpu,end_to_end,32,77,32,0.0084459,8.4459,263.934375,3788.820611184125,10,2026-07-25T20:12:26.387755+00:00,,
44,cpu,end_to_end,32,78,32,0.0064195,6.4195,200.609375,4984.811901238414,10,2026-07-25T20:12:26.387755+00:00,,
44,cpu,end_to_end,32,79,32,0.0069433,6.943300000000001,216.978125,4608.759523569484,10,2026-07-25T20:12:26.387755+00:00,,
44,cpu,end_to_end,32,80,32,0.0066304,6.6304,207.2,4826.254826254826,10,2026-07-25T20:12:26.387755+00:00,,
44,cpu,end_to_end,32,81,32,0.0068458,6.8458,213.93125,4674.398901516258,10,2026-07-25T20:12:26.387755+00:00,,
44,cpu,end_to_end,32,82,32,0.006579,6.579,205.59375,4863.961088311294,10,2026-07-25T20:12:26.387755+00:00,,
44,cpu,end_to_end,32,83,32,0.0068658,6.8658,214.55625,4660.782428850243,10,2026-07-25T20:12:26.387755+00:00,,
44,cpu,end_to_end,32,84,32,0.0066715,6.6715,208.484375,4796.52252117215,10,2026-07-25T20:12:26.387755+00:00,,
44,cpu,end_to_end,32,85,32,0.006643,6.643,207.59375,4817.100707511667,10,2026-07-25T20:12:26.387755+00:00,,
44,cpu,end_to_end,32,86,32,0.0066721,6.6721,208.503125,4796.091185683667,10,2026-07-25T20:12:26.387755+00:00,,
44,cpu,end_to_end,32,87,32,0.0064519,6.4519,201.621875,4959.779289821603,10,2026-07-25T20:12:26.387755+00:00,,
44,cpu,end_to_end,32,88,32,0.0068043,6.8043000000000005,212.634375,4702.9084549476065,10,2026-07-25T20:12:26.387755+00:00,,
44,cpu,end_to_end,32,89,32,0.0062076,6.207599999999999,193.98749999999998,5154.971325472003,10,2026-07-25T20:12:26.387755+00:00,,
44,cpu,end_to_end,32,90,32,0.0062186,6.2186,194.33125,5145.852764287782,10,2026-07-25T20:12:26.387755+00:00,,
44,cpu,end_to_end,32,91,32,0.0065111,6.5111,203.47187499999998,4914.684154751118,10,2026-07-25T20:12:26.387755+00:00,,
44,cpu,end_to_end,32,92,32,0.0064263,6.4263,200.821875,4979.537214260149,10,2026-07-25T20:12:26.387755+00:00,,
44,cpu,end_to_end,32,93,32,0.007911,7.911,247.21875,4045.000632031349,10,2026-07-25T20:12:26.387755+00:00,,
44,cpu,end_to_end,32,94,32,0.0091885,9.188500000000001,287.140625,3482.6141372367633,10,2026-07-25T20:12:26.387755+00:00,,
44,cpu,end_to_end,32,95,32,0.0076576,7.6575999999999995,239.29999999999998,4178.8549937317175,10,2026-07-25T20:12:26.387755+00:00,,
44,cpu,end_to_end,32,96,32,0.0075722,7.5722000000000005,236.63125000000002,4225.984522331687,10,2026-07-25T20:12:26.387755+00:00,,
44,cpu,end_to_end,32,97,32,0.0081907,8.1907,255.95937500000002,3906.869986692224,10,2026-07-25T20:12:26.387755+00:00,,
44,cpu,end_to_end,32,98,32,0.0073294,7.3294,229.04375,4365.978115534696,10,2026-07-25T20:12:26.387755+00:00,,
44,cpu,end_to_end,32,99,32,0.0088442,8.8442,276.38125,3618.1904524999436,10,2026-07-25T20:12:26.387755+00:00,,
44,cpu,model_only,256,0,256,0.0072779,7.277900000000001,28.429296875000002,35174.98179419887,10,2026-07-25T20:12:26.387755+00:00,,
44,cpu,model_only,256,1,256,0.0066503,6.6503,25.977734374999997,38494.504007338015,10,2026-07-25T20:12:26.387755+00:00,,
44,cpu,model_only,256,2,256,0.007184,7.184,28.0625,35634.74387527839,10,2026-07-25T20:12:26.387755+00:00,,
44,cpu,model_only,256,3,256,0.0069227,6.922700000000001,27.041796875000003,36979.79112196108,10,2026-07-25T20:12:26.387755+00:00,,
44,cpu,model_only,256,4,256,0.0071346,7.1346,27.869531249999998,35881.47898971211,10,2026-07-25T20:12:26.387755+00:00,,
44,cpu,model_only,256,5,256,0.0070995,7.0995,27.732421875,36058.87738573139,10,2026-07-25T20:12:26.387755+00:00,,
44,cpu,model_only,256,6,256,0.0069277,6.9277,27.061328125,36953.101317897715,10,2026-07-25T20:12:26.387755+00:00,,
44,cpu,model_only,256,7,256,0.0064453,6.4453000000000005,25.176953125,39718.864909313765,10,2026-07-25T20:12:26.387755+00:00,,
44,cpu,model_only,256,8,256,0.0064897,6.4897,25.350390625,39447.123904032545,10,2026-07-25T20:12:26.387755+00:00,,
44,cpu,model_only,256,9,256,0.0084171,8.4171,32.879296875,30414.275700656995,10,2026-07-25T20:12:26.387755+00:00,,
44,cpu,model_only,256,10,256,0.0072137,7.2137,28.178515625,35488.02972122489,10,2026-07-25T20:12:26.387755+00:00,,
44,cpu,model_only,256,11,256,0.007495,7.495,29.27734375,34156.10406937959,10,2026-07-25T20:12:26.387755+00:00,,
44,cpu,model_only,256,12,256,0.0068446,6.8446,26.73671875,37401.747362884606,10,2026-07-25T20:12:26.387755+00:00,,
44,cpu,model_only,256,13,256,0.0072868,7.2868,28.4640625,35132.019542185866,10,2026-07-25T20:12:26.387755+00:00,,
44,cpu,model_only,256,14,256,0.0066689,6.6689,26.050390625000002,38387.14030799682,10,2026-07-25T20:12:26.387755+00:00,,
44,cpu,model_only,256,15,256,0.0072023,7.2023,28.133984375,35544.20115796343,10,2026-07-25T20:12:26.387755+00:00,,
44,cpu,model_only,256,16,256,0.0063032,6.3032,24.621875,40614.291153699705,10,2026-07-25T20:12:26.387755+00:00,,
44,cpu,model_only,256,17,256,0.0064115,6.411499999999999,25.044921875,39928.25391873976,10,2026-07-25T20:12:26.387755+00:00,,
44,cpu,model_only,256,18,256,0.0067928,6.7928,26.534375,37686.96266635261,10,2026-07-25T20:12:26.387755+00:00,,
44,cpu,model_only,256,19,256,0.0065959,6.5959,25.765234375,38811.989266059216,10,2026-07-25T20:12:26.387755+00:00,,
44,cpu,model_only,256,20,256,0.0076484,7.6484,29.8765625,33471.05276920663,10,2026-07-25T20:12:26.387755+00:00,,
44,cpu,model_only,256,21,256,0.0065793,6.5793,25.700390625,38909.91442858663,10,2026-07-25T20:12:26.387755+00:00,,
44,cpu,model_only,256,22,256,0.0072466,7.2466,28.307031249999998,35326.911931112525,10,2026-07-25T20:12:26.387755+00:00,,
44,cpu,model_only,256,23,256,0.0075353,7.5353,29.434765625,33973.43171472934,10,2026-07-25T20:12:26.387755+00:00,,
44,cpu,model_only,256,24,256,0.0064866,6.4866,25.33828125,39465.97601208645,10,2026-07-25T20:12:26.387755+00:00,,
44,cpu,model_only,256,25,256,0.0072058,7.2058,28.14765625,35526.93663437786,10,2026-07-25T20:12:26.387755+00:00,,
44,cpu,model_only,256,26,256,0.0065136,6.513599999999999,25.443749999999998,39302.38270695161,10,2026-07-25T20:12:26.387755+00:00,,
44,cpu,model_only,256,27,256,0.0070561,7.0561,27.562890625,36280.66495656241,10,2026-07-25T20:12:26.387755+00:00,,
44,cpu,model_only,256,28,256,0.0067053,6.7053,26.192578125,38178.754119875324,10,2026-07-25T20:12:26.387755+00:00,,
44,cpu,model_only,256,29,256,0.0070445,7.0445,27.517578125,36340.4074100362,10,2026-07-25T20:12:26.387755+00:00,,
44,cpu,model_only,256,30,256,0.0067916,6.7916,26.5296875,37693.6215324813,10,2026-07-25T20:12:26.387755+00:00,,
44,cpu,model_only,256,31,256,0.0069404,6.9404,27.110937500000002,36885.482104777824,10,2026-07-25T20:12:26.387755+00:00,,
44,cpu,model_only,256,32,256,0.0073291,7.3290999999999995,28.629296874999998,34929.25461516421,10,2026-07-25T20:12:26.387755+00:00,,
44,cpu,model_only,256,33,256,0.0067676,6.767600000000001,26.4359375,37827.29475737336,10,2026-07-25T20:12:26.387755+00:00,,
44,cpu,model_only,256,34,256,0.0067594,6.759399999999999,26.40390625,37873.18401041513,10,2026-07-25T20:12:26.387755+00:00,,
44,cpu,model_only,256,35,256,0.0062185,6.2185,24.291015625,41167.48411996462,10,2026-07-25T20:12:26.387755+00:00,,
44,cpu,model_only,256,36,256,0.0068709,6.8709,26.839453125000002,37258.58330058653,10,2026-07-25T20:12:26.387755+00:00,,
44,cpu,model_only,256,37,256,0.0066195,6.6195,25.857421875,38673.61583201148,10,2026-07-25T20:12:26.387755+00:00,,
44,cpu,model_only,256,38,256,0.0067189,6.7189,26.245703125,38101.47494381521,10,2026-07-25T20:12:26.387755+00:00,,
44,cpu,model_only,256,39,256,0.0069312,6.9312000000000005,27.075,36934.44136657433,10,2026-07-25T20:12:26.387755+00:00,,
44,cpu,model_only,256,40,256,0.0066451,6.6451,25.957421875,38524.62716889136,10,2026-07-25T20:12:26.387755+00:00,,
44,cpu,model_only,256,41,256,0.0072626,7.2626,28.36953125,35249.08434995732,10,2026-07-25T20:12:26.387755+00:00,,
44,cpu,model_only,256,42,256,0.0066607,6.6607,26.018359375000003,38434.39878691429,10,2026-07-25T20:12:26.387755+00:00,,
44,cpu,model_only,256,43,256,0.0072861,7.2861,28.461328125,35135.39479282469,10,2026-07-25T20:12:26.387755+00:00,,
44,cpu,model_only,256,44,256,0.0069462,6.946199999999999,27.13359375,36854.683136103195,10,2026-07-25T20:12:26.387755+00:00,,
44,cpu,model_only,256,45,256,0.0069236,6.9236,27.0453125,36974.98411231151,10,2026-07-25T20:12:26.387755+00:00,,
44,cpu,model_only,256,46,256,0.0070453,7.0453,27.520703125,36336.2809248719,10,2026-07-25T20:12:26.387755+00:00,,
44,cpu,model_only,256,47,256,0.0068069,6.806900000000001,26.589453125000002,37608.896854662176,10,2026-07-25T20:12:26.387755+00:00,,
44,cpu,model_only,256,48,256,0.0071752,7.175199999999999,28.028125,35678.44798751255,10,2026-07-25T20:12:26.387755+00:00,,
44,cpu,model_only,256,49,256,0.0067848,6.7848,26.503124999999997,37731.39959910388,10,2026-07-25T20:12:26.387755+00:00,,
44,cpu,model_only,256,50,256,0.0077991,7.7991,30.465234374999998,32824.300239771255,10,2026-07-25T20:12:26.387755+00:00,,
44,cpu,model_only,256,51,256,0.0076683,7.6683,29.954296875,33384.19206342996,10,2026-07-25T20:12:26.387755+00:00,,
44,cpu,model_only,256,52,256,0.0065242,6.5241999999999996,25.48515625,39238.527329021184,10,2026-07-25T20:12:26.387755+00:00,,
44,cpu,model_only,256,53,256,0.0064043,6.4043,25.016796875,39973.14304451697,10,2026-07-25T20:12:26.387755+00:00,,
44,cpu,model_only,256,54,256,0.0065897,6.589700000000001,25.741015625000003,38848.50600179067,10,2026-07-25T20:12:26.387755+00:00,,
44,cpu,model_only,256,55,256,0.0067716,6.7716,26.4515625,37804.95008565184,10,2026-07-25T20:12:26.387755+00:00,,
44,cpu,model_only,256,56,256,0.0067116,6.7116,26.217187499999998,38142.916741164554,10,2026-07-25T20:12:26.387755+00:00,,
44,cpu,model_only,256,57,256,0.0071756,7.1756,28.029687499999998,35676.45911143319,10,2026-07-25T20:12:26.387755+00:00,,
44,cpu,model_only,256,58,256,0.0065957,6.595700000000001,25.764453125000003,38813.1661537062,10,2026-07-25T20:12:26.387755+00:00,,
44,cpu,model_only,256,59,256,0.0063782,6.3782,24.91484375,40136.71568781161,10,2026-07-25T20:12:26.387755+00:00,,
44,cpu,model_only,256,60,256,0.0066945,6.6945,26.150390625,38240.34655314064,10,2026-07-25T20:12:26.387755+00:00,,
44,cpu,model_only,256,61,256,0.0066842,6.684200000000001,26.110156250000003,38299.272912240805,10,2026-07-25T20:12:26.387755+00:00,,
44,cpu,model_only,256,62,256,0.0073232,7.3232,28.60625,34957.395674022286,10,2026-07-25T20:12:26.387755+00:00,,
44,cpu,model_only,256,63,256,0.0065382,6.5382,25.53984375,39154.50735676486,10,2026-07-25T20:12:26.387755+00:00,,
44,cpu,model_only,256,64,256,0.007574,7.574,29.5859375,33799.84156324267,10,2026-07-25T20:12:26.387755+00:00,,
44,cpu,model_only,256,65,256,0.0077596,7.7596,30.3109375,32991.39130883035,10,2026-07-25T20:12:26.387755+00:00,,
44,cpu,model_only,256,66,256,0.0071838,7.1838,28.06171875,35635.73596146886,10,2026-07-25T20:12:26.387755+00:00,,
44,cpu,model_only,256,67,256,0.0070138,7.0138,27.397656249999997,36499.47246856198,10,2026-07-25T20:12:26.387755+00:00,,
44,cpu,model_only,256,68,256,0.0075167,7.5167,29.362109375000003,34057.49863636968,10,2026-07-25T20:12:26.387755+00:00,,
44,cpu,model_only,256,69,256,0.0074259,7.4259,29.007421875,34473.9358192273,10,2026-07-25T20:12:26.387755+00:00,,
44,cpu,model_only,256,70,256,0.0067706,6.7706,26.447656249999998,37810.53377839483,10,2026-07-25T20:12:26.387755+00:00,,
44,cpu,model_only,256,71,256,0.0074883,7.4883,29.251171875,34186.66453000013,10,2026-07-25T20:12:26.387755+00:00,,
44,cpu,model_only,256,72,256,0.006923,6.923,27.04296875,36978.18864654052,10,2026-07-25T20:12:26.387755+00:00,,
44,cpu,model_only,256,73,256,0.0071359,7.1358999999999995,27.874609375,35874.94219369666,10,2026-07-25T20:12:26.387755+00:00,,
44,cpu,model_only,256,74,256,0.0069102,6.9102,26.99296875,37046.684611154524,10,2026-07-25T20:12:26.387755+00:00,,
44,cpu,model_only,256,75,256,0.006742,6.742,26.3359375,37970.92850786117,10,2026-07-25T20:12:26.387755+00:00,,
44,cpu,model_only,256,76,256,0.0072902,7.2902000000000005,28.47734375,35115.63468766289,10,2026-07-25T20:12:26.387755+00:00,,
44,cpu,model_only,256,77,256,0.0068115,6.8115,26.607421875,37583.498495191954,10,2026-07-25T20:12:26.387755+00:00,,
44,cpu,model_only,256,78,256,0.0069734,6.9734,27.239843750000002,36710.930105830725,10,2026-07-25T20:12:26.387755+00:00,,
44,cpu,model_only,256,79,256,0.0067076,6.7076,26.2015625,38165.662830222434,10,2026-07-25T20:12:26.387755+00:00,,
44,cpu,model_only,256,80,256,0.0073128,7.3128,28.565625,35007.11081938518,10,2026-07-25T20:12:26.387755+00:00,,
44,cpu,model_only,256,81,256,0.0065195,6.5195,25.466796875,39266.81493979599,10,2026-07-25T20:12:26.387755+00:00,,
44,cpu,model_only,256,82,256,0.0069028,6.9028,26.9640625,37086.399721852,10,2026-07-25T20:12:26.387755+00:00,,
44,cpu,model_only,256,83,256,0.0072823,7.2823,28.446484375,35153.72890432968,10,2026-07-25T20:12:26.387755+00:00,,
44,cpu,model_only,256,84,256,0.006866,6.866,26.8203125,37285.173317797846,10,2026-07-25T20:12:26.387755+00:00,,
44,cpu,model_only,256,85,256,0.0073319,7.3319,28.640234375,34915.91538346132,10,2026-07-25T20:12:26.387755+00:00,,
44,cpu,model_only,256,86,256,0.0068071,6.8071,26.590234375,37607.7918643769,10,2026-07-25T20:12:26.387755+00:00,,
44,cpu,model_only,256,87,256,0.0072445,7.2445,28.298828125,35337.15232245151,10,2026-07-25T20:12:26.387755+00:00,,
44,cpu,model_only,256,88,256,0.0066368,6.6368,25.925,38572.80617164899,10,2026-07-25T20:12:26.387755+00:00,,
44,cpu,model_only,256,89,256,0.0070341,7.0341,27.476953124999998,36394.137131971394,10,2026-07-25T20:12:26.387755+00:00,,
44,cpu,model_only,256,90,256,0.0068419,6.8419,26.726171875,37416.50711059794,10,2026-07-25T20:12:26.387755+00:00,,
44,cpu,model_only,256,91,256,0.0067391,6.7391,26.324609374999998,37987.26832959891,10,2026-07-25T20:12:26.387755+00:00,,
44,cpu,model_only,256,92,256,0.0081018,8.101799999999999,31.647656249999997,31597.91651237997,10,2026-07-25T20:12:26.387755+00:00,,
44,cpu,model_only,256,93,256,0.0067313,6.7313,26.294140625,38031.28667567929,10,2026-07-25T20:12:26.387755+00:00,,
44,cpu,model_only,256,94,256,0.0073672,7.3671999999999995,28.778125,34748.615484851776,10,2026-07-25T20:12:26.387755+00:00,,
44,cpu,model_only,256,95,256,0.0067898,6.7898000000000005,26.52265625,37703.61424489676,10,2026-07-25T20:12:26.387755+00:00,,
44,cpu,model_only,256,96,256,0.0079959,7.995900000000001,31.233984375000002,32016.40840930977,10,2026-07-25T20:12:26.387755+00:00,,
44,cpu,model_only,256,97,256,0.0067055,6.7055,26.193359375,38177.61539035121,10,2026-07-25T20:12:26.387755+00:00,,
44,cpu,model_only,256,98,256,0.0073058,7.3058000000000005,28.53828125,35040.652632155274,10,2026-07-25T20:12:26.387755+00:00,,
44,cpu,model_only,256,99,256,0.0065985,6.5985000000000005,25.775390625,38796.69621883761,10,2026-07-25T20:12:26.387755+00:00,,
44,cpu,end_to_end,256,0,256,0.0070085,7.0085,27.376953125,36527.07426696155,10,2026-07-25T20:12:26.387755+00:00,,
44,cpu,end_to_end,256,1,256,0.0068398,6.8398,26.71796875,37427.994970613174,10,2026-07-25T20:12:26.387755+00:00,,
44,cpu,end_to_end,256,2,256,0.0072777,7.277699999999999,28.428515625,35175.948445250564,10,2026-07-25T20:12:26.387755+00:00,,
44,cpu,end_to_end,256,3,256,0.0065367,6.536700000000001,25.533984375000003,39163.492282038336,10,2026-07-25T20:12:26.387755+00:00,,
44,cpu,end_to_end,256,4,256,0.0069913,6.9913,27.309765625,36616.93819461331,10,2026-07-25T20:12:26.387755+00:00,,
44,cpu,end_to_end,256,5,256,0.0068457,6.8457,26.741015625,37395.737470236796,10,2026-07-25T20:12:26.387755+00:00,,
44,cpu,end_to_end,256,6,256,0.0067748,6.7748,26.4640625,37787.09334592903,10,2026-07-25T20:12:26.387755+00:00,,
44,cpu,end_to_end,256,7,256,0.0071297,7.1297,27.850390625,35906.139108237374,10,2026-07-25T20:12:26.387755+00:00,,
44,cpu,end_to_end,256,8,256,0.0065478,6.5478000000000005,25.57734375,39097.101316472705,10,2026-07-25T20:12:26.387755+00:00,,
44,cpu,end_to_end,256,9,256,0.0074901,7.4901,29.258203125,34178.44888586267,10,2026-07-25T20:12:26.387755+00:00,,
44,cpu,end_to_end,256,10,256,0.006496,6.496,25.375,39408.86699507389,10,2026-07-25T20:12:26.387755+00:00,,
44,cpu,end_to_end,256,11,256,0.006912,6.912,27.0,37037.03703703704,10,2026-07-25T20:12:26.387755+00:00,,
44,cpu,end_to_end,256,12,256,0.0065551,6.5551,25.605859375,39053.5613491785,10,2026-07-25T20:12:26.387755+00:00,,
44,cpu,end_to_end,256,13,256,0.0068265,6.8265,26.666015625,37500.91554969604,10,2026-07-25T20:12:26.387755+00:00,,
44,cpu,end_to_end,256,14,256,0.0070706,7.0706,27.619531249999998,36206.262551975786,10,2026-07-25T20:12:26.387755+00:00,,
44,cpu,end_to_end,256,15,256,0.0068388,6.8388,26.7140625,37433.46785985846,10,2026-07-25T20:12:26.387755+00:00,,
44,cpu,end_to_end,256,16,256,0.0070948,7.0948,27.7140625,36082.764841856006,10,2026-07-25T20:12:26.387755+00:00,,
44,cpu,end_to_end,256,17,256,0.0064218,6.4218,25.08515625,39864.21252608303,10,2026-07-25T20:12:26.387755+00:00,,
44,cpu,end_to_end,256,18,256,0.0066313,6.6312999999999995,25.903515624999997,38604.798455808064,10,2026-07-25T20:12:26.387755+00:00,,
44,cpu,end_to_end,256,19,256,0.0065834,6.583399999999999,25.71640625,38885.68217030714,10,2026-07-25T20:12:26.387755+00:00,,
44,cpu,end_to_end,256,20,256,0.0064677,6.4677,25.264453125,39581.30401843005,10,2026-07-25T20:12:26.387755+00:00,,
44,cpu,end_to_end,256,21,256,0.0066829,6.6829,26.105078125000002,38306.72312918044,10,2026-07-25T20:12:26.387755+00:00,,
44,cpu,end_to_end,256,22,256,0.0067066,6.7066,26.19765625,38171.353591984014,10,2026-07-25T20:12:26.387755+00:00,,
44,cpu,end_to_end,256,23,256,0.0068488,6.848800000000001,26.753125,37378.81088657867,10,2026-07-25T20:12:26.387755+00:00,,
44,cpu,end_to_end,256,24,256,0.0066008,6.6008000000000004,25.784375,38783.177796630705,10,2026-07-25T20:12:26.387755+00:00,,
44,cpu,end_to_end,256,25,256,0.0067664,6.7664,26.43125,37834.003310475295,10,2026-07-25T20:12:26.387755+00:00,,
44,cpu,end_to_end,256,26,256,0.0065284,6.5284,25.501562500000002,39213.28349978555,10,2026-07-25T20:12:26.387755+00:00,,
44,cpu,end_to_end,256,27,256,0.0063002,6.300199999999999,24.61015625,40633.630678391164,10,2026-07-25T20:12:26.387755+00:00,,
44,cpu,end_to_end,256,28,256,0.0064899,6.4899,25.351171875,39445.908257446186,10,2026-07-25T20:12:26.387755+00:00,,
44,cpu,end_to_end,256,29,256,0.0064667,6.4666999999999994,25.260546875,39587.424807088624,10,2026-07-25T20:12:26.387755+00:00,,
44,cpu,end_to_end,256,30,256,0.0070036,7.0036,27.357812499999998,36552.63007596094,10,2026-07-25T20:12:26.387755+00:00,,
44,cpu,end_to_end,256,31,256,0.0067534,6.7534,26.38046875,37906.83211419433,10,2026-07-25T20:12:26.387755+00:00,,
44,cpu,end_to_end,256,32,256,0.0082372,8.2372,32.1765625,31078.521827805565,10,2026-07-25T20:12:26.387755+00:00,,
44,cpu,end_to_end,256,33,256,0.0071458,7.1457999999999995,27.91328125,35825.24000111954,10,2026-07-25T20:12:26.387755+00:00,,
44,cpu,end_to_end,256,34,256,0.007104,7.104,27.75,36036.036036036036,10,2026-07-25T20:12:26.387755+00:00,,
44,cpu,end_to_end,256,35,256,0.0067261,6.7261,26.273828124999998,38060.688957939965,10,2026-07-25T20:12:26.387755+00:00,,
44,cpu,end_to_end,256,36,256,0.0069176,6.9176,27.021875,37007.054469758295,10,2026-07-25T20:12:26.387755+00:00,,
44,cpu,end_to_end,256,37,256,0.0066533,6.6533,25.989453125,38477.14667909158,10,2026-07-25T20:12:26.387755+00:00,,
44,cpu,end_to_end,256,38,256,0.0068996,6.8995999999999995,26.951562499999998,37103.60020870775,10,2026-07-25T20:12:26.387755+00:00,,
44,cpu,end_to_end,256,39,256,0.0067099,6.7099,26.210546875000002,38152.5805153579,10,2026-07-25T20:12:26.387755+00:00,,
44,cpu,end_to_end,256,40,256,0.0067467,6.7467,26.354296875,37944.47655891028,10,2026-07-25T20:12:26.387755+00:00,,
44,cpu,end_to_end,256,41,256,0.0065912,6.591200000000001,25.746875,38839.66500788931,10,2026-07-25T20:12:26.387755+00:00,,
44,cpu,end_to_end,256,42,256,0.006677,6.677,26.08203125,38340.5721132245,10,2026-07-25T20:12:26.387755+00:00,,
44,cpu,end_to_end,256,43,256,0.0072877,7.2877,28.467578125,35127.68088697394,10,2026-07-25T20:12:26.387755+00:00,,
44,cpu,end_to_end,256,44,256,0.0065427,6.5427,25.557421875,39127.57729989148,10,2026-07-25T20:12:26.387755+00:00,,
44,cpu,end_to_end,256,45,256,0.0068309,6.8309,26.683203125,37476.76001698166,10,2026-07-25T20:12:26.387755+00:00,,
44,cpu,end_to_end,256,46,256,0.0066631,6.6631,26.027734375,38420.554996923354,10,2026-07-25T20:12:26.387755+00:00,,
44,cpu,end_to_end,256,47,256,0.0067797,6.7797,26.483203125,37759.78288124844,10,2026-07-25T20:12:26.387755+00:00,,
44,cpu,end_to_end,256,48,256,0.0065234,6.5234000000000005,25.482031250000002,39243.33936290891,10,2026-07-25T20:12:26.387755+00:00,,
44,cpu,end_to_end,256,49,256,0.0062662,6.2662,24.477343750000003,40854.106156841466,10,2026-07-25T20:12:26.387755+00:00,,
44,cpu,end_to_end,256,50,256,0.0074014,7.4014,28.91171875,34588.050909287434,10,2026-07-25T20:12:26.387755+00:00,,
44,cpu,end_to_end,256,51,256,0.0069649,6.9649,27.206640625000002,36755.73231489325,10,2026-07-25T20:12:26.387755+00:00,,
44,cpu,end_to_end,256,52,256,0.0071995,7.1995000000000005,28.123046875,35558.024862837694,10,2026-07-25T20:12:26.387755+00:00,,
44,cpu,end_to_end,256,53,256,0.0070438,7.0438,27.51484375,36344.01885345978,10,2026-07-25T20:12:26.387755+00:00,,
44,cpu,end_to_end,256,54,256,0.0070731,7.073099999999999,27.629296874999998,36193.465382929695,10,2026-07-25T20:12:26.387755+00:00,,
44,cpu,end_to_end,256,55,256,0.0068146,6.8145999999999995,26.619531249999998,37566.401549614064,10,2026-07-25T20:12:26.387755+00:00,,
44,cpu,end_to_end,256,56,256,0.0067676,6.767600000000001,26.4359375,37827.29475737336,10,2026-07-25T20:12:26.387755+00:00,,
44,cpu,end_to_end,256,57,256,0.0071185,7.1185,27.806640625,35962.63257708787,10,2026-07-25T20:12:26.387755+00:00,,
44,cpu,end_to_end,256,58,256,0.0068626,6.8626,26.80703125,37303.64584851223,10,2026-07-25T20:12:26.387755+00:00,,
44,cpu,end_to_end,256,59,256,0.0071336,7.1336,27.865625,35886.50891555456,10,2026-07-25T20:12:26.387755+00:00,,
44,cpu,end_to_end,256,60,256,0.0068917,6.8917,26.920703125,37146.132304075916,10,2026-07-25T20:12:26.387755+00:00,,
44,cpu,end_to_end,256,61,256,0.00729,7.29,28.4765625,35116.598079561045,10,2026-07-25T20:12:26.387755+00:00,,
44,cpu,end_to_end,256,62,256,0.0069125,6.9125000000000005,27.001953125,37034.35804701627,10,2026-07-25T20:12:26.387755+00:00,,
44,cpu,end_to_end,256,63,256,0.007092,7.0920000000000005,27.703125,36097.01071630006,10,2026-07-25T20:12:26.387755+00:00,,
44,cpu,end_to_end,256,64,256,0.0076883,7.6883,30.032421875,33297.34791826541,10,2026-07-25T20:12:26.387755+00:00,,
44,cpu,end_to_end,256,65,256,0.0070302,7.030200000000001,27.461718750000003,36414.3267616853,10,2026-07-25T20:12:26.387755+00:00,,
44,cpu,end_to_end,256,66,256,0.007164,7.164000000000001,27.984375,35734.226689000556,10,2026-07-25T20:12:26.387755+00:00,,
44,cpu,end_to_end,256,67,256,0.0068339,6.833900000000001,26.694921875000002,37460.30816956642,10,2026-07-25T20:12:26.387755+00:00,,
44,cpu,end_to_end,256,68,256,0.0074166,7.4166,28.971093749999998,34517.164199228755,10,2026-07-25T20:12:26.387755+00:00,,
44,cpu,end_to_end,256,69,256,0.0067396,6.7396,26.3265625,37984.45011573387,10,2026-07-25T20:12:26.387755+00:00,,
44,cpu,end_to_end,256,70,256,0.0074776,7.4776,29.209375,34235.58360971435,10,2026-07-25T20:12:26.387755+00:00,,
44,cpu,end_to_end,256,71,256,0.0067224,6.7223999999999995,26.259375,38081.63751041295,10,2026-07-25T20:12:26.387755+00:00,,
44,cpu,end_to_end,256,72,256,0.0075387,7.5386999999999995,29.448046875,33958.10948837333,10,2026-07-25T20:12:26.387755+00:00,,
44,cpu,end_to_end,256,73,256,0.0067985,6.7985,26.556640625,37655.36515407811,10,2026-07-25T20:12:26.387755+00:00,,
44,cpu,end_to_end,256,74,256,0.0065511,6.5511,25.590234374999998,39077.406847704966,10,2026-07-25T20:12:26.387755+00:00,,
44,cpu,end_to_end,256,75,256,0.0070632,7.0632,27.590625000000003,36244.19526560199,10,2026-07-25T20:12:26.387755+00:00,,
44,cpu,end_to_end,256,76,256,0.0063814,6.3814,24.92734375,40116.58883630551,10,2026-07-25T20:12:26.387755+00:00,,
44,cpu,end_to_end,256,77,256,0.0071779,7.1779,28.038671875,35665.02737569484,10,2026-07-25T20:12:26.387755+00:00,,
44,cpu,end_to_end,256,78,256,0.0067219,6.721900000000001,26.257421875000002,38084.470164685576,10,2026-07-25T20:12:26.387755+00:00,,
44,cpu,end_to_end,256,79,256,0.0068896,6.8896,26.9125,37157.45471435207,10,2026-07-25T20:12:26.387755+00:00,,
44,cpu,end_to_end,256,80,256,0.0066757,6.6757,26.076953125,38348.03840795722,10,2026-07-25T20:12:26.387755+00:00,,
44,cpu,end_to_end,256,81,256,0.0066991,6.6991000000000005,26.168359375,38214.08845964383,10,2026-07-25T20:12:26.387755+00:00,,
44,cpu,end_to_end,256,82,256,0.0070872,7.0872,27.684375,36121.45840388306,10,2026-07-25T20:12:26.387755+00:00,,
44,cpu,end_to_end,256,83,256,0.0064265,6.4265,25.103515625,39835.05796312145,10,2026-07-25T20:12:26.387755+00:00,,
44,cpu,end_to_end,256,84,256,0.0070415,7.0415,27.505859375,36355.89008023858,10,2026-07-25T20:12:26.387755+00:00,,
44,cpu,end_to_end,256,85,256,0.0069568,6.9568,27.175,36798.528058877644,10,2026-07-25T20:12:26.387755+00:00,,
44,cpu,end_to_end,256,86,256,0.007297,7.297,28.50390625,35082.910785254215,10,2026-07-25T20:12:26.387755+00:00,,
44,cpu,end_to_end,256,87,256,0.0066018,6.6018,25.788281249999997,38777.30315974431,10,2026-07-25T20:12:26.387755+00:00,,
44,cpu,end_to_end,256,88,256,0.0068113,6.8113,26.606640625,37584.60205834422,10,2026-07-25T20:12:26.387755+00:00,,
44,cpu,end_to_end,256,89,256,0.0072226,7.2226,28.21328125,35444.29983662393,10,2026-07-25T20:12:26.387755+00:00,,
44,cpu,end_to_end,256,90,256,0.0068544,6.8544,26.775,37348.272642390286,10,2026-07-25T20:12:26.387755+00:00,,
44,cpu,end_to_end,256,91,256,0.0070778,7.077800000000001,27.64765625,36169.43117917997,10,2026-07-25T20:12:26.387755+00:00,,
44,cpu,end_to_end,256,92,256,0.0068704,6.870399999999999,26.8375,37261.29482999534,10,2026-07-25T20:12:26.387755+00:00,,
44,cpu,end_to_end,256,93,256,0.007072,7.072,27.625,36199.09502262443,10,2026-07-25T20:12:26.387755+00:00,,
44,cpu,end_to_end,256,94,256,0.0071577,7.1577,27.959765625000003,35765.678919205886,10,2026-07-25T20:12:26.387755+00:00,,
44,cpu,end_to_end,256,95,256,0.0065528,6.5528,25.596875,39067.268953729705,10,2026-07-25T20:12:26.387755+00:00,,
44,cpu,end_to_end,256,96,256,0.0068428,6.8427999999999995,26.729687499999997,37411.585900508566,10,2026-07-25T20:12:26.387755+00:00,,
44,cpu,end_to_end,256,97,256,0.006411,6.411,25.04296875,39931.367961316486,10,2026-07-25T20:12:26.387755+00:00,,
44,cpu,end_to_end,256,98,256,0.0065507,6.5507,25.588671875,39079.79299922146,10,2026-07-25T20:12:26.387755+00:00,,
44,cpu,end_to_end,256,99,256,0.0063103,6.3103,24.649609374999997,40568.594203128225,10,2026-07-25T20:12:26.387755+00:00,,
44,cpu,model_only,512,0,512,0.0074223,7.4223,14.4966796875,68981.31307007262,10,2026-07-25T20:12:26.387755+00:00,,
44,cpu,model_only,512,1,512,0.0077707,7.770700000000001,15.1771484375,65888.52999086311,10,2026-07-25T20:12:26.387755+00:00,,
44,cpu,model_only,512,2,512,0.0075614,7.5614,14.768359375000001,67712.32840479276,10,2026-07-25T20:12:26.387755+00:00,,
44,cpu,model_only,512,3,512,0.0069261,6.9261,13.5275390625,73923.27572515557,10,2026-07-25T20:12:26.387755+00:00,,
44,cpu,model_only,512,4,512,0.0070331,7.033099999999999,13.736523437499999,72798.6236510216,10,2026-07-25T20:12:26.387755+00:00,,
44,cpu,model_only,512,5,512,0.006899,6.899,13.474609375,74213.65415277577,10,2026-07-25T20:12:26.387755+00:00,,
44,cpu,model_only,512,6,512,0.0074672,7.4672,14.584375,68566.53096207413,10,2026-07-25T20:12:26.387755+00:00,,
44,cpu,model_only,512,7,512,0.0075255,7.5255,14.6982421875,68035.34648860541,10,2026-07-25T20:12:26.387755+00:00,,
44,cpu,model_only,512,8,512,0.00712,7.119999999999999,13.90625,71910.11235955056,10,2026-07-25T20:12:26.387755+00:00,,
44,cpu,model_only,512,9,512,0.0083647,8.3647,16.337304687499998,61209.60703910481,10,2026-07-25T20:12:26.387755+00:00,,
44,cpu,model_only,512,10,512,0.0082195,8.2195,16.0537109375,62290.89360666708,10,2026-07-25T20:12:26.387755+00:00,,
44,cpu,model_only,512,11,512,0.0076954,7.6954,15.030078125,66533.25363203992,10,2026-07-25T20:12:26.387755+00:00,,
44,cpu,model_only,512,12,512,0.0070697,7.0697,13.8080078125,72421.7434968952,10,2026-07-25T20:12:26.387755+00:00,,
44,cpu,model_only,512,13,512,0.0074746,7.4746,14.598828124999999,68498.64875712413,10,2026-07-25T20:12:26.387755+00:00,,
44,cpu,model_only,512,14,512,0.0077794,7.7794,15.194140625,65814.84433246781,10,2026-07-25T20:12:26.387755+00:00,,
44,cpu,model_only,512,15,512,0.0072334,7.2334000000000005,14.127734375,70782.75776260126,10,2026-07-25T20:12:26.387755+00:00,,
44,cpu,model_only,512,16,512,0.0092224,9.2224,18.0125,55517.00208188758,10,2026-07-25T20:12:26.387755+00:00,,
44,cpu,model_only,512,17,512,0.0069837,6.9837,13.6400390625,73313.57303435142,10,2026-07-25T20:12:26.387755+00:00,,
44,cpu,model_only,512,18,512,0.0080369,8.0369,15.6970703125,63706.15535840934,10,2026-07-25T20:12:26.387755+00:00,,
44,cpu,model_only,512,19,512,0.0083467,8.3467,16.3021484375,61341.60806067068,10,2026-07-25T20:12:26.387755+00:00,,
44,cpu,model_only,512,20,512,0.0072715,7.2715000000000005,14.2021484375,70411.88200508835,10,2026-07-25T20:12:26.387755+00:00,,
44,cpu,model_only,512,21,512,0.0073323,7.3323,14.3208984375,69828.02122117208,10,2026-07-25T20:12:26.387755+00:00,,
44,cpu,model_only,512,22,512,0.007649,7.649,14.939453125,66936.85449078311,10,2026-07-25T20:12:26.387755+00:00,,
44,cpu,model_only,512,23,512,0.0068453,6.8453,13.3697265625,74795.84532452923,10,2026-07-25T20:12:26.387755+00:00,,
44,cpu,model_only,512,24,512,0.0071264,7.126399999999999,13.91875,71845.53210597216,10,2026-07-25T20:12:26.387755+00:00,,
44,cpu,model_only,512,25,512,0.006709,6.709,13.103515625,76315.39722760471,10,2026-07-25T20:12:26.387755+00:00,,
44,cpu,model_only,512,26,512,0.0072879,7.2879,14.2341796875,70253.43377378944,10,2026-07-25T20:12:26.387755+00:00,,
44,cpu,model_only,512,27,512,0.0079019,7.9018999999999995,15.4333984375,64794.543084574594,10,2026-07-25T20:12:26.387755+00:00,,
44,cpu,model_only,512,28,512,0.0088952,8.8952,17.3734375,57559.133015558946,10,2026-07-25T20:12:26.387755+00:00,,
44,cpu,model_only,512,29,512,0.0069616,6.9616,13.596875,73546.31119282923,10,2026-07-25T20:12:26.387755+00:00,,
44,cpu,model_only,512,30,512,0.0075998,7.5998,14.843359375,67370.19395247243,10,2026-07-25T20:12:26.387755+00:00,,
44,cpu,model_only,512,31,512,0.0072509,7.250900000000001,14.161914062500001,70611.9240370161,10,2026-07-25T20:12:26.387755+00:00,,
44,cpu,model_only,512,32,512,0.0072697,7.269699999999999,14.1986328125,70429.31620286945,10,2026-07-25T20:12:26.387755+00:00,,
44,cpu,model_only,512,33,512,0.0071482,7.1482,13.961328125000001,71626.42343527041,10,2026-07-25T20:12:26.387755+00:00,,
44,cpu,model_only,512,34,512,0.0071555,7.1555,13.9755859375,71553.350569492,10,2026-07-25T20:12:26.387755+00:00,,
44,cpu,model_only,512,35,512,0.0072154,7.215400000000001,14.092578125000001,70959.33697369514,10,2026-07-25T20:12:26.387755+00:00,,
44,cpu,model_only,512,36,512,0.0073193,7.3193,14.2955078125,69952.04459442843,10,2026-07-25T20:12:26.387755+00:00,,
44,cpu,model_only,512,37,512,0.0075129,7.5129,14.673632812500001,68149.44961333173,10,2026-07-25T20:12:26.387755+00:00,,
44,cpu,model_only,512,38,512,0.0069794,6.9794,13.631640625000001,73358.74143909218,10,2026-07-25T20:12:26.387755+00:00,,
44,cpu,model_only,512,39,512,0.0070541,7.0541,13.777539062499999,72581.90272323896,10,2026-07-25T20:12:26.387755+00:00,,
44,cpu,model_only,512,40,512,0.0073669,7.3669,14.3884765625,69500.06108403807,10,2026-07-25T20:12:26.387755+00:00,,
44,cpu,model_only,512,41,512,0.0074815,7.4815000000000005,14.6123046875,68435.47416961839,10,2026-07-25T20:12:26.387755+00:00,,
44,cpu,model_only,512,42,512,0.0069062,6.9062,13.488671875000001,74136.28333960788,10,2026-07-25T20:12:26.387755+00:00,,
44,cpu,model_only,512,43,512,0.0073441,7.3441,14.3439453125,69715.82630955461,10,2026-07-25T20:12:26.387755+00:00,,
44,cpu,model_only,512,44,512,0.0070316,7.0316,13.733593749999999,72814.15325103817,10,2026-07-25T20:12:26.387755+00:00,,
44,cpu,model_only,512,45,512,0.0075875,7.5874999999999995,14.8193359375,67479.40691927513,10,2026-07-25T20:12:26.387755+00:00,,
44,cpu,model_only,512,46,512,0.0067982,6.7982,13.277734375,75314.05372010238,10,2026-07-25T20:12:26.387755+00:00,,
44,cpu,model_only,512,47,512,0.0071944,7.1944,14.051562500000001,71166.46280440342,10,2026-07-25T20:12:26.387755+00:00,,
44,cpu,model_only,512,48,512,0.0070646,7.0645999999999995,13.798046874999999,72474.02542252923,10,2026-07-25T20:12:26.387755+00:00,,
44,cpu,model_only,512,49,512,0.0077695,7.769500000000001,15.1748046875,65898.70648046849,10,2026-07-25T20:12:26.387755+00:00,,
44,cpu,model_only,512,50,512,0.0070143,7.0143,13.6998046875,72993.74135694225,10,2026-07-25T20:12:26.387755+00:00,,
44,cpu,model_only,512,51,512,0.0069125,6.9125000000000005,13.5009765625,74068.71609403254,10,2026-07-25T20:12:26.387755+00:00,,
44,cpu,model_only,512,52,512,0.0069461,6.9461,13.5666015625,73710.4274340997,10,2026-07-25T20:12:26.387755+00:00,,
44,cpu,model_only,512,53,512,0.0069488,6.948799999999999,13.571875,73681.7867833295,10,2026-07-25T20:12:26.387755+00:00,,
44,cpu,model_only,512,54,512,0.0071338,7.1338,13.933203125,71771.00563514537,10,2026-07-25T20:12:26.387755+00:00,,
44,cpu,model_only,512,55,512,0.0070832,7.083200000000001,13.834375000000001,72283.71357578495,10,2026-07-25T20:12:26.387755+00:00,,
44,cpu,model_only,512,56,512,0.0073163,7.3163,14.2896484375,69980.72796358814,10,2026-07-25T20:12:26.387755+00:00,,
44,cpu,model_only,512,57,512,0.0067344,6.7344,13.153125,76027.55999049656,10,2026-07-25T20:12:26.387755+00:00,,
44,cpu,model_only,512,58,512,0.0062361,6.2360999999999995,12.179882812499999,82102.59617389074,10,2026-07-25T20:12:26.387755+00:00,,
44,cpu,model_only,512,59,512,0.0072709,7.2709,14.200976562500001,70417.69244522686,10,2026-07-25T20:12:26.387755+00:00,,
44,cpu,model_only,512,60,512,0.0070399,7.0399,13.7498046875,72728.3057997983,10,2026-07-25T20:12:26.387755+00:00,,
44,cpu,model_only,512,61,512,0.0075594,7.5594,14.764453125,67730.24314099003,10,2026-07-25T20:12:26.387755+00:00,,
44,cpu,model_only,512,62,512,0.0072859,7.2859,14.2302734375,70272.71853854707,10,2026-07-25T20:12:26.387755+00:00,,
44,cpu,model_only,512,63,512,0.0069928,6.992800000000001,13.6578125,73218.16725775083,10,2026-07-25T20:12:26.387755+00:00,,
44,cpu,model_only,512,64,512,0.0067389,6.7389,13.1619140625,75976.79146448233,10,2026-07-25T20:12:26.387755+00:00,,
44,cpu,model_only,512,65,512,0.0071626,7.1626,13.989453124999999,71482.42258397788,10,2026-07-25T20:12:26.387755+00:00,,
44,cpu,model_only,512,66,512,0.0075051,7.5051,14.658398437499999,68220.27687838937,10,2026-07-25T20:12:26.387755+00:00,,
44,cpu,model_only,512,67,512,0.0067138,6.7138,13.112890625,76260.8358902559,10,2026-07-25T20:12:26.387755+00:00,,
44,cpu,model_only,512,68,512,0.0069148,6.9148,13.505468749999999,74044.07936599758,10,2026-07-25T20:12:26.387755+00:00,,
44,cpu,model_only,512,69,512,0.0067772,6.7772,13.23671875,75547.42371480848,10,2026-07-25T20:12:26.387755+00:00,,
44,cpu,model_only,512,70,512,0.0074739,7.4739,14.597460937500001,68505.06429039725,10,2026-07-25T20:12:26.387755+00:00,,
44,cpu,model_only,512,71,512,0.007048,7.047999999999999,13.765625,72644.72190692395,10,2026-07-25T20:12:26.387755+00:00,,
44,cpu,model_only,512,72,512,0.0072913,7.2913,14.240820312499999,70220.67395389026,10,2026-07-25T20:12:26.387755+00:00,,
44,cpu,model_only,512,73,512,0.0072706,7.2706,14.200390625,70420.59802492229,10,2026-07-25T20:12:26.387755+00:00,,
44,cpu,model_only,512,74,512,0.0065602,6.5602,12.812890625000001,78046.401024359,10,2026-07-25T20:12:26.387755+00:00,,
44,cpu,model_only,512,75,512,0.0071563,7.1563,13.9771484375,71545.35164819809,10,2026-07-25T20:12:26.387755+00:00,,
44,cpu,model_only,512,76,512,0.0070867,7.0866999999999996,13.8412109375,72248.01388516517,10,2026-07-25T20:12:26.387755+00:00,,
44,cpu,model_only,512,77,512,0.0074441,7.444100000000001,14.5392578125,68779.30172888596,10,2026-07-25T20:12:26.387755+00:00,,
44,cpu,model_only,512,78,512,0.006771,6.771,13.224609375,75616.60020676414,10,2026-07-25T20:12:26.387755+00:00,,
44,cpu,model_only,512,79,512,0.0071514,7.1514,13.967578125,71594.37312973684,10,2026-07-25T20:12:26.387755+00:00,,
44,cpu,model_only,512,80,512,0.0069982,6.998200000000001,13.668359375000001,73161.67014375125,10,2026-07-25T20:12:26.387755+00:00,,
44,cpu,model_only,512,81,512,0.0076994,7.699400000000001,15.037890625000001,66498.68820947087,10,2026-07-25T20:12:26.387755+00:00,,
44,cpu,model_only,512,82,512,0.0068508,6.8508,13.38046875,74735.79727914988,10,2026-07-25T20:12:26.387755+00:00,,
44,cpu,model_only,512,83,512,0.0068874,6.8874,13.451953125000001,74338.64738508,10,2026-07-25T20:12:26.387755+00:00,,
44,cpu,model_only,512,84,512,0.006683,6.683,13.052734375,76612.29986532994,10,2026-07-25T20:12:26.387755+00:00,,
44,cpu,model_only,512,85,512,0.0068486,6.8486,13.376171874999999,74759.80492363403,10,2026-07-25T20:12:26.387755+00:00,,
44,cpu,model_only,512,86,512,0.0072479,7.2479,14.1560546875,70641.15123001146,10,2026-07-25T20:12:26.387755+00:00,,
44,cpu,model_only,512,87,512,0.0069845,6.984500000000001,13.6416015625,73305.17574629537,10,2026-07-25T20:12:26.387755+00:00,,
44,cpu,model_only,512,88,512,0.0074517,7.451700000000001,14.554101562500001,68709.1536159534,10,2026-07-25T20:12:26.387755+00:00,,
44,cpu,model_only,512,89,512,0.0064676,6.4676,12.63203125,79163.83202424392,10,2026-07-25T20:12:26.387755+00:00,,
44,cpu,model_only,512,90,512,0.0063463,6.3463,12.3951171875,80676.92986464554,10,2026-07-25T20:12:26.387755+00:00,,
44,cpu,model_only,512,91,512,0.0065624,6.5624,12.817187500000001,78020.23649884188,10,2026-07-25T20:12:26.387755+00:00,,
44,cpu,model_only,512,92,512,0.0064549,6.4549,12.607226562500001,79319.58667059134,10,2026-07-25T20:12:26.387755+00:00,,
44,cpu,model_only,512,93,512,0.0068101,6.8101,13.3009765625,75182.44959692222,10,2026-07-25T20:12:26.387755+00:00,,
44,cpu,model_only,512,94,512,0.0066131,6.6131,12.9162109375,77422.08646474422,10,2026-07-25T20:12:26.387755+00:00,,
44,cpu,model_only,512,95,512,0.0072544,7.2544,14.168750000000001,70577.85619761799,10,2026-07-25T20:12:26.387755+00:00,,
44,cpu,model_only,512,96,512,0.0070471,7.0470999999999995,13.763867187499999,72653.99951753204,10,2026-07-25T20:12:26.387755+00:00,,
44,cpu,model_only,512,97,512,0.0070118,7.0118,13.694921875,73019.76667902678,10,2026-07-25T20:12:26.387755+00:00,,
44,cpu,model_only,512,98,512,0.0069212,6.9212,13.51796875,73975.61116569382,10,2026-07-25T20:12:26.387755+00:00,,
44,cpu,model_only,512,99,512,0.0067831,6.7831,13.2482421875,75481.71190163789,10,2026-07-25T20:12:26.387755+00:00,,
44,cpu,end_to_end,512,0,512,0.0067919,6.7919,13.2654296875,75383.91319071247,10,2026-07-25T20:12:26.387755+00:00,,
44,cpu,end_to_end,512,1,512,0.0074498,7.449800000000001,14.550390625,68726.67722623426,10,2026-07-25T20:12:26.387755+00:00,,
44,cpu,end_to_end,512,2,512,0.0068444,6.844399999999999,13.36796875,74805.68055636725,10,2026-07-25T20:12:26.387755+00:00,,
44,cpu,end_to_end,512,3,512,0.0071871,7.1871,14.0373046875,71238.74719984416,10,2026-07-25T20:12:26.387755+00:00,,
44,cpu,end_to_end,512,4,512,0.0070138,7.0138,13.698828124999999,72998.94493712396,10,2026-07-25T20:12:26.387755+00:00,,
44,cpu,end_to_end,512,5,512,0.0072098,7.2097999999999995,14.081640624999999,71014.45255069488,10,2026-07-25T20:12:26.387755+00:00,,
44,cpu,end_to_end,512,6,512,0.0074267,7.426699999999999,14.5052734375,68940.44461200802,10,2026-07-25T20:12:26.387755+00:00,,
44,cpu,end_to_end,512,7,512,0.006722,6.7219999999999995,13.12890625,76167.80720023802,10,2026-07-25T20:12:26.387755+00:00,,
44,cpu,end_to_end,512,8,512,0.0077641,7.7641,15.1642578125,65944.53961180303,10,2026-07-25T20:12:26.387755+00:00,,
44,cpu,end_to_end,512,9,512,0.008271,8.271,16.154296875,61903.03469955265,10,2026-07-25T20:12:26.387755+00:00,,
44,cpu,end_to_end,512,10,512,0.0077467,7.7467,15.1302734375,66092.65880955762,10,2026-07-25T20:12:26.387755+00:00,,
44,cpu,end_to_end,512,11,512,0.0074913,7.4913,14.6314453125,68345.94796630758,10,2026-07-25T20:12:26.387755+00:00,,
44,cpu,end_to_end,512,12,512,0.0070964,7.0964,13.860156250000001,72149.25877909925,10,2026-07-25T20:12:26.387755+00:00,,
44,cpu,end_to_end,512,13,512,0.0076941,7.6941,15.027539062499999,66544.4951326341,10,2026-07-25T20:12:26.387755+00:00,,
44,cpu,end_to_end,512,14,512,0.0076767,7.676699999999999,14.9935546875,66695.32481404771,10,2026-07-25T20:12:26.387755+00:00,,
44,cpu,end_to_end,512,15,512,0.0073892,7.389200000000001,14.432031250000001,69290.31559573431,10,2026-07-25T20:12:26.387755+00:00,,
44,cpu,end_to_end,512,16,512,0.0072731,7.2731,14.2052734375,70396.39218490053,10,2026-07-25T20:12:26.387755+00:00,,
44,cpu,end_to_end,512,17,512,0.0080341,8.0341,15.6916015625,63728.35787455968,10,2026-07-25T20:12:26.387755+00:00,,
44,cpu,end_to_end,512,18,512,0.0069302,6.9302,13.535546875,73879.54171596779,10,2026-07-25T20:12:26.387755+00:00,,
44,cpu,end_to_end,512,19,512,0.0066544,6.654400000000001,12.996875000000001,76941.57249338782,10,2026-07-25T20:12:26.387755+00:00,,
44,cpu,end_to_end,512,20,512,0.0074994,7.4994,14.647265625,68272.12843694162,10,2026-07-25T20:12:26.387755+00:00,,
44,cpu,end_to_end,512,21,512,0.0073856,7.3856,14.425,69324.09012131716,10,2026-07-25T20:12:26.387755+00:00,,
44,cpu,end_to_end,512,22,512,0.0078953,7.895299999999999,15.420507812499999,64848.70745886794,10,2026-07-25T20:12:26.387755+00:00,,
44,cpu,end_to_end,512,23,512,0.0074496,7.4496,14.549999999999999,68728.52233676976,10,2026-07-25T20:12:26.387755+00:00,,
44,cpu,end_to_end,512,24,512,0.0071892,7.1892,14.04140625,71217.93801813832,10,2026-07-25T20:12:26.387755+00:00,,
44,cpu,end_to_end,512,25,512,0.0072148,7.2148,14.09140625,70965.23812163885,10,2026-07-25T20:12:26.387755+00:00,,
44,cpu,end_to_end,512,26,512,0.007354,7.354,14.36328125,69621.97443568126,10,2026-07-25T20:12:26.387755+00:00,,
44,cpu,end_to_end,512,27,512,0.0070399,7.0399,13.7498046875,72728.3057997983,10,2026-07-25T20:12:26.387755+00:00,,
44,cpu,end_to_end,512,28,512,0.0073285,7.3285,14.3134765625,69864.22869618612,10,2026-07-25T20:12:26.387755+00:00,,
44,cpu,end_to_end,512,29,512,0.0073749,7.3749,14.404101562500001,69424.67016501918,10,2026-07-25T20:12:26.387755+00:00,,
44,cpu,end_to_end,512,30,512,0.0072207,7.2207,14.1029296875,70907.25275942775,10,2026-07-25T20:12:26.387755+00:00,,
44,cpu,end_to_end,512,31,512,0.0067115,6.7115,13.1083984375,76286.9701259033,10,2026-07-25T20:12:26.387755+00:00,,
44,cpu,end_to_end,512,32,512,0.0073263,7.3263,14.3091796875,69885.20808593696,10,2026-07-25T20:12:26.387755+00:00,,
44,cpu,end_to_end,512,33,512,0.0076952,7.6952,15.0296875,66534.98284644974,10,2026-07-25T20:12:26.387755+00:00,,
44,cpu,end_to_end,512,34,512,0.0076872,7.6872,15.0140625,66604.22520553648,10,2026-07-25T20:12:26.387755+00:00,,
44,cpu,end_to_end,512,35,512,0.0086595,8.659500000000001,16.9130859375,59125.81557826664,10,2026-07-25T20:12:26.387755+00:00,,
44,cpu,end_to_end,512,36,512,0.0076586,7.6586,14.958203124999999,66852.94962525788,10,2026-07-25T20:12:26.387755+00:00,,
44,cpu,end_to_end,512,37,512,0.0077432,7.743200000000001,15.123437500000001,66122.5333195578,10,2026-07-25T20:12:26.387755+00:00,,
44,cpu,end_to_end,512,38,512,0.0072961,7.2961,14.250195312499999,70174.4767752635,10,2026-07-25T20:12:26.387755+00:00,,
44,cpu,end_to_end,512,39,512,0.0069687,6.9687,13.610742187500001,73471.37916684603,10,2026-07-25T20:12:26.387755+00:00,,
44,cpu,end_to_end,512,40,512,0.0071499,7.1499,13.9646484375,71609.39313836557,10,2026-07-25T20:12:26.387755+00:00,,
44,cpu,end_to_end,512,41,512,0.0071384,7.1384,13.9421875,71724.7562478987,10,2026-07-25T20:12:26.387755+00:00,,
44,cpu,end_to_end,512,42,512,0.007617,7.617,14.876953125,67218.06485492976,10,2026-07-25T20:12:26.387755+00:00,,
44,cpu,end_to_end,512,43,512,0.0075064,7.5064,14.6609375,68208.46211233082,10,2026-07-25T20:12:26.387755+00:00,,
44,cpu,end_to_end,512,44,512,0.0071477,7.1476999999999995,13.9603515625,71631.43388782405,10,2026-07-25T20:12:26.387755+00:00,,
44,cpu,end_to_end,512,45,512,0.0076193,7.6193,14.8814453125,67197.7740737338,10,2026-07-25T20:12:26.387755+00:00,,
44,cpu,end_to_end,512,46,512,0.0071913,7.1913,14.0455078125,71197.14098980713,10,2026-07-25T20:12:26.387755+00:00,,
44,cpu,end_to_end,512,47,512,0.0072162,7.2162,14.094140625,70951.47030292952,10,2026-07-25T20:12:26.387755+00:00,,
44,cpu,end_to_end,512,48,512,0.0071591,7.1591,13.982617187499999,71517.36950175301,10,2026-07-25T20:12:26.387755+00:00,,
44,cpu,end_to_end,512,49,512,0.0070238,7.0238000000000005,13.718359375,72895.01409493436,10,2026-07-25T20:12:26.387755+00:00,,
44,cpu,end_to_end,512,50,512,0.0077953,7.7953,15.2251953125,65680.60241427527,10,2026-07-25T20:12:26.387755+00:00,,
44,cpu,end_to_end,512,51,512,0.0067831,6.7831,13.2482421875,75481.71190163789,10,2026-07-25T20:12:26.387755+00:00,,
44,cpu,end_to_end,512,52,512,0.007646,7.646,14.93359375,66963.11797018048,10,2026-07-25T20:12:26.387755+00:00,,
44,cpu,end_to_end,512,53,512,0.0071662,7.1662,13.996484375,71446.51279618207,10,2026-07-25T20:12:26.387755+00:00,,
44,cpu,end_to_end,512,54,512,0.0073111,7.3111,14.2794921875,70030.50156611181,10,2026-07-25T20:12:26.387755+00:00,,
44,cpu,end_to_end,512,55,512,0.0068929,6.8929,13.462695312500001,74279.33090571457,10,2026-07-25T20:12:26.387755+00:00,,
44,cpu,end_to_end,512,56,512,0.0072884,7.288399999999999,14.23515625,70248.61423632073,10,2026-07-25T20:12:26.387755+00:00,,
44,cpu,end_to_end,512,57,512,0.0068268,6.8268,13.33359375,74998.53518485968,10,2026-07-25T20:12:26.387755+00:00,,
44,cpu,end_to_end,512,58,512,0.0070885,7.0885,13.8447265625,72229.66777174296,10,2026-07-25T20:12:26.387755+00:00,,
44,cpu,end_to_end,512,59,512,0.0070226,7.022600000000001,13.716015625,72907.47016774413,10,2026-07-25T20:12:26.387755+00:00,,
44,cpu,end_to_end,512,60,512,0.0064576,6.4576,12.6125,79286.42220019821,10,2026-07-25T20:12:26.387755+00:00,,
44,cpu,end_to_end,512,61,512,0.0074277,7.4277,14.5072265625,68931.16307874578,10,2026-07-25T20:12:26.387755+00:00,,
44,cpu,end_to_end,512,62,512,0.0072271,7.2271,14.1154296875,70844.46043364558,10,2026-07-25T20:12:26.387755+00:00,,
44,cpu,end_to_end,512,63,512,0.0080729,8.072899999999999,15.767382812499998,63422.06641975004,10,2026-07-25T20:12:26.387755+00:00,,
44,cpu,end_to_end,512,64,512,0.0075411,7.5411,14.7287109375,67894.60423545637,10,2026-07-25T20:12:26.387755+00:00,,
44,cpu,end_to_end,512,65,512,0.0071641,7.1640999999999995,13.992382812499999,71467.45578649097,10,2026-07-25T20:12:26.387755+00:00,,
44,cpu,end_to_end,512,66,512,0.0071939,7.193899999999999,14.0505859375,71171.4091104964,10,2026-07-25T20:12:26.387755+00:00,,
44,cpu,end_to_end,512,67,512,0.0072626,7.2626,14.184765625,70498.16869991463,10,2026-07-25T20:12:26.387755+00:00,,
44,cpu,end_to_end,512,68,512,0.0070389,7.0389,13.7478515625,72738.63813948202,10,2026-07-25T20:12:26.387755+00:00,,
44,cpu,end_to_end,512,69,512,0.0071364,7.1364,13.938281250000001,71744.85735104534,10,2026-07-25T20:12:26.387755+00:00,,
44,cpu,end_to_end,512,70,512,0.006976,6.976000000000001,13.625,73394.49541284403,10,2026-07-25T20:12:26.387755+00:00,,
44,cpu,end_to_end,512,71,512,0.0072823,7.2823,14.2232421875,70307.45780865935,10,2026-07-25T20:12:26.387755+00:00,,
44,cpu,end_to_end,512,72,512,0.0070013,7.0013000000000005,13.6744140625,73129.27599160156,10,2026-07-25T20:12:26.387755+00:00,,
44,cpu,end_to_end,512,73,512,0.0077747,7.7747,15.1849609375,65854.63104685712,10,2026-07-25T20:12:26.387755+00:00,,
44,cpu,end_to_end,512,74,512,0.0067689,6.7688999999999995,13.2205078125,75640.0596847346,10,2026-07-25T20:12:26.387755+00:00,,
44,cpu,end_to_end,512,75,512,0.0071962,7.1962,14.055078125,71148.66179372447,10,2026-07-25T20:12:26.387755+00:00,,
44,cpu,end_to_end,512,76,512,0.0069417,6.9417,13.558007812500001,73757.14882521573,10,2026-07-25T20:12:26.387755+00:00,,
44,cpu,end_to_end,512,77,512,0.0072152,7.215199999999999,14.0921875,70961.30391395942,10,2026-07-25T20:12:26.387755+00:00,,
44,cpu,end_to_end,512,78,512,0.0069873,6.9873,13.6470703125,73275.80038069068,10,2026-07-25T20:12:26.387755+00:00,,
44,cpu,end_to_end,512,79,512,0.0073089,7.3089,14.275195312500001,70051.58094925365,10,2026-07-25T20:12:26.387755+00:00,,
44,cpu,end_to_end,512,80,512,0.0071407,7.1407,13.9466796875,71701.65389947765,10,2026-07-25T20:12:26.387755+00:00,,
44,cpu,end_to_end,512,81,512,0.0073687,7.3687,14.3919921875,69483.08385468264,10,2026-07-25T20:12:26.387755+00:00,,
44,cpu,end_to_end,512,82,512,0.0070506,7.050599999999999,13.770703124999999,72617.93322554108,10,2026-07-25T20:12:26.387755+00:00,,
44,cpu,end_to_end,512,83,512,0.0069809,6.9809,13.6345703125,73342.97869902162,10,2026-07-25T20:12:26.387755+00:00,,
44,cpu,end_to_end,512,84,512,0.007435,7.435,14.521484375,68863.48352387357,10,2026-07-25T20:12:26.387755+00:00,,
44,cpu,end_to_end,512,85,512,0.0068513,6.8513,13.3814453125,74730.34314655613,10,2026-07-25T20:12:26.387755+00:00,,
44,cpu,end_to_end,512,86,512,0.007044,7.044,13.7578125,72685.97387847814,10,2026-07-25T20:12:26.387755+00:00,,
44,cpu,end_to_end,512,87,512,0.0069525,6.952500000000001,13.5791015625,73642.57461344839,10,2026-07-25T20:12:26.387755+00:00,,
44,cpu,end_to_end,512,88,512,0.0071107,7.1107000000000005,13.8880859375,72004.16274065844,10,2026-07-25T20:12:26.387755+00:00,,
44,cpu,end_to_end,512,89,512,0.0069019,6.9018999999999995,13.4802734375,74182.4714933569,10,2026-07-25T20:12:26.387755+00:00,,
44,cpu,end_to_end,512,90,512,0.0069991,6.9991,13.6701171875,73152.26243374147,10,2026-07-25T20:12:26.387755+00:00,,
44,cpu,end_to_end,512,91,512,0.0076073,7.6073,14.8580078125,67303.77400654634,10,2026-07-25T20:12:26.387755+00:00,,
44,cpu,end_to_end,512,92,512,0.0069153,6.9153,13.5064453125,74038.72572411898,10,2026-07-25T20:12:26.387755+00:00,,
44,cpu,end_to_end,512,93,512,0.0074512,7.4512,14.553125,68713.7642258965,10,2026-07-25T20:12:26.387755+00:00,,
44,cpu,end_to_end,512,94,512,0.0068343,6.8343,13.3482421875,74916.23136239265,10,2026-07-25T20:12:26.387755+00:00,,
44,cpu,end_to_end,512,95,512,0.0076069,7.6068999999999996,14.8572265625,67307.31309731954,10,2026-07-25T20:12:26.387755+00:00,,
44,cpu,end_to_end,512,96,512,0.006839,6.8389999999999995,13.357421875,74864.74630793976,10,2026-07-25T20:12:26.387755+00:00,,
44,cpu,end_to_end,512,97,512,0.0070448,7.0448,13.759375,72677.71973654327,10,2026-07-25T20:12:26.387755+00:00,,
44,cpu,end_to_end,512,98,512,0.0068476,6.8476,13.374218749999999,74770.72258893627,10,2026-07-25T20:12:26.387755+00:00,,
44,cpu,end_to_end,512,99,512,0.0065885,6.5885,12.8681640625,77711.16339075663,10,2026-07-25T20:12:26.387755+00:00,,
44,cpu,model_only,4096,0,4096,0.0106638,10.6638,2.603466796875,384103.2277424558,10,2026-07-25T20:12:26.387755+00:00,,
44,cpu,model_only,4096,1,4096,0.0110688,11.0688,2.70234375,370049.14715235616,10,2026-07-25T20:12:26.387755+00:00,,
44,cpu,model_only,4096,2,4096,0.0107936,10.7936,2.63515625,379484.1387488882,10,2026-07-25T20:12:26.387755+00:00,,
44,cpu,model_only,4096,3,4096,0.0109879,10.9879,2.6825927734375,372773.68741979817,10,2026-07-25T20:12:26.387755+00:00,,
44,cpu,model_only,4096,4,4096,0.0109241,10.924100000000001,2.6670166015625,374950.796861984,10,2026-07-25T20:12:26.387755+00:00,,
44,cpu,model_only,4096,5,4096,0.0104282,10.4282,2.545947265625,392781.11275196105,10,2026-07-25T20:12:26.387755+00:00,,
44,cpu,model_only,4096,6,4096,0.010861,10.861,2.651611328125,377129.1777921001,10,2026-07-25T20:12:26.387755+00:00,,
44,cpu,model_only,4096,7,4096,0.0114439,11.4439,2.7939208984375,357919.9398806351,10,2026-07-25T20:12:26.387755+00:00,,
44,cpu,model_only,4096,8,4096,0.0108816,10.8816,2.656640625,376415.23305396264,10,2026-07-25T20:12:26.387755+00:00,,
44,cpu,model_only,4096,9,4096,0.0104859,10.485899999999999,2.5600341796875,390619.7846632144,10,2026-07-25T20:12:26.387755+00:00,,
44,cpu,model_only,4096,10,4096,0.0106616,10.6616,2.6029296875,384182.48668117356,10,2026-07-25T20:12:26.387755+00:00,,
44,cpu,model_only,4096,11,4096,0.0108095,10.8095,2.6390380859375,378925.9447708035,10,2026-07-25T20:12:26.387755+00:00,,
44,cpu,model_only,4096,12,4096,0.0107958,10.7958,2.635693359375,379406.80635061784,10,2026-07-25T20:12:26.387755+00:00,,
44,cpu,model_only,4096,13,4096,0.0101897,10.1897,2.4877197265624997,401974.5429207926,10,2026-07-25T20:12:26.387755+00:00,,
44,cpu,model_only,4096,14,4096,0.0108665,10.8665,2.6529541015625,376938.2965996411,10,2026-07-25T20:12:26.387755+00:00,,
44,cpu,model_only,4096,15,4096,0.010939,10.939,2.670654296875,374440.0767894688,10,2026-07-25T20:12:26.387755+00:00,,
44,cpu,model_only,4096,16,4096,0.0106541,10.6541,2.6010986328125,384452.93361241213,10,2026-07-25T20:12:26.387755+00:00,,
44,cpu,model_only,4096,17,4096,0.0111297,11.1297,2.7172119140624997,368024.295353873,10,2026-07-25T20:12:26.387755+00:00,,
44,cpu,model_only,4096,18,4096,0.0107371,10.7371,2.6213623046874996,381481.03305361787,10,2026-07-25T20:12:26.387755+00:00,,
44,cpu,model_only,4096,19,4096,0.0111116,11.1116,2.7127929687499996,368623.78055365564,10,2026-07-25T20:12:26.387755+00:00,,
44,cpu,model_only,4096,20,4096,0.0109261,10.9261,2.6675048828124996,374882.1628943539,10,2026-07-25T20:12:26.387755+00:00,,
44,cpu,model_only,4096,21,4096,0.0104657,10.4657,2.5551025390624997,391373.72559886106,10,2026-07-25T20:12:26.387755+00:00,,
44,cpu,model_only,4096,22,4096,0.0108047,10.8047,2.6378662109375,379094.2830434903,10,2026-07-25T20:12:26.387755+00:00,,
44,cpu,model_only,4096,23,4096,0.0110912,11.0912,2.7078125,369301.7888055395,10,2026-07-25T20:12:26.387755+00:00,,
44,cpu,model_only,4096,24,4096,0.011054,11.054,2.69873046875,370544.5992400941,10,2026-07-25T20:12:26.387755+00:00,,
44,cpu,model_only,4096,25,4096,0.0103736,10.3736,2.5326171875,394848.46147913934,10,2026-07-25T20:12:26.387755+00:00,,
44,cpu,model_only,4096,26,4096,0.0106945,10.6945,2.6109619140625,383000.6077890505,10,2026-07-25T20:12:26.387755+00:00,,
44,cpu,model_only,4096,27,4096,0.0110093,11.0093,2.6878173828125,372049.08577293745,10,2026-07-25T20:12:26.387755+00:00,,
44,cpu,model_only,4096,28,4096,0.0104185,10.4185,2.5435791015625,393146.8061621154,10,2026-07-25T20:12:26.387755+00:00,,
44,cpu,model_only,4096,29,4096,0.0120508,12.0508,2.9420898437500003,339894.44684170344,10,2026-07-25T20:12:26.387755+00:00,,
44,cpu,model_only,4096,30,4096,0.0107694,10.769400000000001,2.629248046875,380336.8804204505,10,2026-07-25T20:12:26.387755+00:00,,
44,cpu,model_only,4096,31,4096,0.0109956,10.9956,2.68447265625,372512.6414202045,10,2026-07-25T20:12:26.387755+00:00,,
44,cpu,model_only,4096,32,4096,0.0112126,11.2126,2.737451171875,365303.31947987084,10,2026-07-25T20:12:26.387755+00:00,,
44,cpu,model_only,4096,33,4096,0.0103727,10.3727,2.5323974609375,394882.7209887493,10,2026-07-25T20:12:26.387755+00:00,,
44,cpu,model_only,4096,34,4096,0.0105345,10.534500000000001,2.5718994140625,388817.69424272625,10,2026-07-25T20:12:26.387755+00:00,,
44,cpu,model_only,4096,35,4096,0.0108791,10.8791,2.6560302734374996,376501.73268009303,10,2026-07-25T20:12:26.387755+00:00,,
44,cpu,model_only,4096,36,4096,0.0109841,10.9841,2.6816650390625,372902.6501943719,10,2026-07-25T20:12:26.387755+00:00,,
44,cpu,model_only,4096,37,4096,0.0109564,10.9564,2.67490234375,373845.4236793107,10,2026-07-25T20:12:26.387755+00:00,,
44,cpu,model_only,4096,38,4096,0.010492,10.491999999999999,2.5615234375,390392.68013724743,10,2026-07-25T20:12:26.387755+00:00,,
44,cpu,model_only,4096,39,4096,0.0110985,11.098500000000001,2.7095947265625,369058.88183087803,10,2026-07-25T20:12:26.387755+00:00,,
44,cpu,model_only,4096,40,4096,0.0105898,10.5898,2.585400390625,386787.2858788646,10,2026-07-25T20:12:26.387755+00:00,,
44,cpu,model_only,4096,41,4096,0.0107333,10.7333,2.6204345703125,381616.0919754409,10,2026-07-25T20:12:26.387755+00:00,,
44,cpu,model_only,4096,42,4096,0.0108122,10.812199999999999,2.6396972656249997,378831.3201753575,10,2026-07-25T20:12:26.387755+00:00,,
44,cpu,model_only,4096,43,4096,0.010268,10.267999999999999,2.5068359375,398909.2325671991,10,2026-07-25T20:12:26.387755+00:00,,
44,cpu,model_only,4096,44,4096,0.0123656,12.365599999999999,3.0189453124999996,331241.5087015592,10,2026-07-25T20:12:26.387755+00:00,,
44,cpu,model_only,4096,45,4096,0.0107982,10.798200000000001,2.636279296875,379322.479672538,10,2026-07-25T20:12:26.387755+00:00,,
44,cpu,model_only,4096,46,4096,0.0107561,10.7561,2.6260009765624996,380807.1698849955,10,2026-07-25T20:12:26.387755+00:00,,
44,cpu,model_only,4096,47,4096,0.011835,11.835,2.889404296875,346092.099704267,10,2026-07-25T20:12:26.387755+00:00,,
44,cpu,model_only,4096,48,4096,0.0118624,11.862400000000001,2.89609375,345292.6895063394,10,2026-07-25T20:12:26.387755+00:00,,
44,cpu,model_only,4096,49,4096,0.0110058,11.005799999999999,2.686962890625,372167.4026422432,10,2026-07-25T20:12:26.387755+00:00,,
44,cpu,model_only,4096,50,4096,0.0106988,10.6988,2.61201171875,382846.6743933899,10,2026-07-25T20:12:26.387755+00:00,,
44,cpu,model_only,4096,51,4096,0.0110243,11.0243,2.6914794921875003,371542.8643995537,10,2026-07-25T20:12:26.387755+00:00,,
44,cpu,model_only,4096,52,4096,0.0109305,10.930499999999999,2.6685791015625,374731.25657563703,10,2026-07-25T20:12:26.387755+00:00,,
44,cpu,model_only,4096,53,4096,0.0103226,10.3226,2.520166015625,396799.256001395,10,2026-07-25T20:12:26.387755+00:00,,
44,cpu,model_only,4096,54,4096,0.0111399,11.139899999999999,2.7197021484375,367687.32214831375,10,2026-07-25T20:12:26.387755+00:00,,
44,cpu,model_only,4096,55,4096,0.0114783,11.4783,2.8023193359375003,356847.26832370646,10,2026-07-25T20:12:26.387755+00:00,,
44,cpu,model_only,4096,56,4096,0.011385,11.385,2.779541015625,359771.62933684676,10,2026-07-25T20:12:26.387755+00:00,,
44,cpu,model_only,4096,57,4096,0.0105795,10.579500000000001,2.5828857421875,387163.85462450964,10,2026-07-25T20:12:26.387755+00:00,,
44,cpu,model_only,4096,58,4096,0.0105471,10.5471,2.5749755859375,388353.19661328703,10,2026-07-25T20:12:26.387755+00:00,,
44,cpu,model_only,4096,59,4096,0.0107407,10.7407,2.6222412109375,381353.1706499576,10,2026-07-25T20:12:26.387755+00:00,,
44,cpu,model_only,4096,60,4096,0.0111137,11.113700000000001,2.7133056640625,368554.126888435,10,2026-07-25T20:12:26.387755+00:00,,
44,cpu,model_only,4096,61,4096,0.0102664,10.2664,2.5064453125,398971.4018545936,10,2026-07-25T20:12:26.387755+00:00,,
44,cpu,model_only,4096,62,4096,0.0105444,10.544400000000001,2.5743164062500004,388452.63836728496,10,2026-07-25T20:12:26.387755+00:00,,
44,cpu,model_only,4096,63,4096,0.0106346,10.634599999999999,2.5963378906249996,385157.8808793937,10,2026-07-25T20:12:26.387755+00:00,,
44,cpu,model_only,4096,64,4096,0.0108592,10.8592,2.6511718749999997,377191.6899955798,10,2026-07-25T20:12:26.387755+00:00,,
44,cpu,model_only,4096,65,4096,0.0107664,10.7664,2.6285156250000004,380442.8592658641,10,2026-07-25T20:12:26.387755+00:00,,
44,cpu,model_only,4096,66,4096,0.011195,11.195,2.733154296875,365877.62393925857,10,2026-07-25T20:12:26.387755+00:00,,
44,cpu,model_only,4096,67,4096,0.0105117,10.511700000000001,2.5663330078125,389661.04436009395,10,2026-07-25T20:12:26.387755+00:00,,
44,cpu,model_only,4096,68,4096,0.0110442,11.0442,2.696337890625,370873.3996124663,10,2026-07-25T20:12:26.387755+00:00,,
44,cpu,model_only,4096,69,4096,0.0108849,10.8849,2.6574462890625,376301.1143878217,10,2026-07-25T20:12:26.387755+00:00,,
44,cpu,model_only,4096,70,4096,0.0103144,10.3144,2.5181640625,397114.71341037774,10,2026-07-25T20:12:26.387755+00:00,,
44,cpu,model_only,4096,71,4096,0.0111662,11.1662,2.7261230468749997,366821.29999462666,10,2026-07-25T20:12:26.387755+00:00,,
44,cpu,model_only,4096,72,4096,0.0111689,11.1689,2.7267822265625004,366732.6236245288,10,2026-07-25T20:12:26.387755+00:00,,
44,cpu,model_only,4096,73,4096,0.0110969,11.0969,2.7092041015625,369112.09436869755,10,2026-07-25T20:12:26.387755+00:00,,
44,cpu,model_only,4096,74,4096,0.0105767,10.576699999999999,2.5822021484374997,387266.34961755556,10,2026-07-25T20:12:26.387755+00:00,,
44,cpu,model_only,4096,75,4096,0.0106519,10.651900000000001,2.6005615234375004,384532.3369539706,10,2026-07-25T20:12:26.387755+00:00,,
44,cpu,model_only,4096,76,4096,0.0108055,10.805499999999999,2.6380615234375,379066.21627874696,10,2026-07-25T20:12:26.387755+00:00,,
44,cpu,model_only,4096,77,4096,0.0109168,10.9168,2.6652343750000003,375201.52425619226,10,2026-07-25T20:12:26.387755+00:00,,
44,cpu,model_only,4096,78,4096,0.0113071,11.3071,2.7605224609375,362250.26753102033,10,2026-07-25T20:12:26.387755+00:00,,
44,cpu,model_only,4096,79,4096,0.0107519,10.7519,2.6249755859375,380955.9240692343,10,2026-07-25T20:12:26.387755+00:00,,
44,cpu,model_only,4096,80,4096,0.0107623,10.762300000000002,2.6275146484375003,380587.7925722197,10,2026-07-25T20:12:26.387755+00:00,,
44,cpu,model_only,4096,81,4096,0.0108269,10.8269,2.6432861328125,378316.9697697402,10,2026-07-25T20:12:26.387755+00:00,,
44,cpu,model_only,4096,82,4096,0.0105088,10.5088,2.5656250000000003,389768.574908648,10,2026-07-25T20:12:26.387755+00:00,,
44,cpu,model_only,4096,83,4096,0.0109218,10.921800000000001,2.6664550781250003,375029.7569997619,10,2026-07-25T20:12:26.387755+00:00,,
44,cpu,model_only,4096,84,4096,0.0113487,11.3487,2.7706787109374997,360922.39639782533,10,2026-07-25T20:12:26.387755+00:00,,
44,cpu,model_only,4096,85,4096,0.0106971,10.697099999999999,2.6115966796874996,382907.51699058624,10,2026-07-25T20:12:26.387755+00:00,,
44,cpu,model_only,4096,86,4096,0.0104445,10.444500000000001,2.5499267578125,392168.1267652831,10,2026-07-25T20:12:26.387755+00:00,,
44,cpu,model_only,4096,87,4096,0.0107716,10.7716,2.6297851562499996,380259.200118831,10,2026-07-25T20:12:26.387755+00:00,,
44,cpu,model_only,4096,88,4096,0.0103122,10.3122,2.517626953125,397199.43368049496,10,2026-07-25T20:12:26.387755+00:00,,
44,cpu,model_only,4096,89,4096,0.0111822,11.1822,2.7300292968749997,366296.43540627067,10,2026-07-25T20:12:26.387755+00:00,,
44,cpu,model_only,4096,90,4096,0.0107888,10.7888,2.633984375,379652.9734539523,10,2026-07-25T20:12:26.387755+00:00,,
44,cpu,model_only,4096,91,4096,0.0105454,10.5454,2.574560546875,388415.80215070077,10,2026-07-25T20:12:26.387755+00:00,,
44,cpu,model_only,4096,92,4096,0.0122795,12.2795,2.9979248046875,333564.07019829797,10,2026-07-25T20:12:26.387755+00:00,,
44,cpu,model_only,4096,93,4096,0.0111564,11.1564,2.72373046875,367143.523000251,10,2026-07-25T20:12:26.387755+00:00,,
44,cpu,model_only,4096,94,4096,0.0110014,11.0014,2.685888671875,372316.25065900706,10,2026-07-25T20:12:26.387755+00:00,,
44,cpu,model_only,4096,95,4096,0.0101786,10.1786,2.4850097656249996,402412.9055076337,10,2026-07-25T20:12:26.387755+00:00,,
44,cpu,model_only,4096,96,4096,0.0109266,10.9266,2.667626953125,374865.00832829974,10,2026-07-25T20:12:26.387755+00:00,,
44,cpu,model_only,4096,97,4096,0.0107928,10.7928,2.6349609375,379512.26743755094,10,2026-07-25T20:12:26.387755+00:00,,
44,cpu,model_only,4096,98,4096,0.0110245,11.0245,2.6915283203125,371536.1240872602,10,2026-07-25T20:12:26.387755+00:00,,
44,cpu,model_only,4096,99,4096,0.0111408,11.140799999999999,2.719921875,367657.618842453,10,2026-07-25T20:12:26.387755+00:00,,
44,cpu,end_to_end,4096,0,4096,0.0112229,11.2229,2.7399658203125,364968.05638471345,10,2026-07-25T20:12:26.387755+00:00,,
44,cpu,end_to_end,4096,1,4096,0.0105467,10.546700000000001,2.5748779296875,388367.9255122455,10,2026-07-25T20:12:26.387755+00:00,,
44,cpu,end_to_end,4096,2,4096,0.0114814,11.481399999999999,2.803076171875,356750.9188774888,10,2026-07-25T20:12:26.387755+00:00,,
44,cpu,end_to_end,4096,3,4096,0.0117356,11.7356,2.86513671875,349023.4840996626,10,2026-07-25T20:12:26.387755+00:00,,
44,cpu,end_to_end,4096,4,4096,0.011062,11.062000000000001,2.70068359375,370276.62267221115,10,2026-07-25T20:12:26.387755+00:00,,
44,cpu,end_to_end,4096,5,4096,0.0112912,11.2912,2.7566406249999997,362760.3797647726,10,2026-07-25T20:12:26.387755+00:00,,
44,cpu,end_to_end,4096,6,4096,0.0108271,10.8271,2.6433349609374996,378309.98143547215,10,2026-07-25T20:12:26.387755+00:00,,
44,cpu,end_to_end,4096,7,4096,0.0112792,11.2792,2.7537109374999997,363146.3224342152,10,2026-07-25T20:12:26.387755+00:00,,
44,cpu,end_to_end,4096,8,4096,0.0109713,10.9713,2.6785400390625,373337.7083846035,10,2026-07-25T20:12:26.387755+00:00,,
44,cpu,end_to_end,4096,9,4096,0.0114778,11.4778,2.802197265625,356862.81343114533,10,2026-07-25T20:12:26.387755+00:00,,
44,cpu,end_to_end,4096,10,4096,0.0109651,10.9651,2.6770263671875,373548.80484446103,10,2026-07-25T20:12:26.387755+00:00,,
44,cpu,end_to_end,4096,11,4096,0.0116068,11.6068,2.8336914062500003,352896.57786814624,10,2026-07-25T20:12:26.387755+00:00,,
44,cpu,end_to_end,4096,12,4096,0.0119099,11.909899999999999,2.9076904296875,343915.5660416964,10,2026-07-25T20:12:26.387755+00:00,,
44,cpu,end_to_end,4096,13,4096,0.0113174,11.3174,2.763037109375,361920.5824659374,10,2026-07-25T20:12:26.387755+00:00,,
44,cpu,end_to_end,4096,14,4096,0.0119031,11.9031,2.9060302734375,344112.03804051044,10,2026-07-25T20:12:26.387755+00:00,,
44,cpu,end_to_end,4096,15,4096,0.0109484,10.948400000000001,2.67294921875,374118.5926710752,10,2026-07-25T20:12:26.387755+00:00,,
44,cpu,end_to_end,4096,16,4096,0.0110063,11.0063,2.6870849609375,372150.4956252328,10,2026-07-25T20:12:26.387755+00:00,,
44,cpu,end_to_end,4096,17,4096,0.010564,10.564,2.5791015625,387731.91972737596,10,2026-07-25T20:12:26.387755+00:00,,
44,cpu,end_to_end,4096,18,4096,0.011345,11.344999999999999,2.769775390625,361040.1057734685,10,2026-07-25T20:12:26.387755+00:00,,
44,cpu,end_to_end,4096,19,4096,0.011647,11.647,2.843505859375,351678.54383102944,10,2026-07-25T20:12:26.387755+00:00,,
44,cpu,end_to_end,4096,20,4096,0.0107719,10.771899999999999,2.6298583984375,380248.6098088545,10,2026-07-25T20:12:26.387755+00:00,,
44,cpu,end_to_end,4096,21,4096,0.0107936,10.7936,2.63515625,379484.1387488882,10,2026-07-25T20:12:26.387755+00:00,,
44,cpu,end_to_end,4096,22,4096,0.0116307,11.630700000000001,2.8395263671875,352171.4084276956,10,2026-07-25T20:12:26.387755+00:00,,
44,cpu,end_to_end,4096,23,4096,0.0108956,10.8956,2.66005859375,375931.5687066339,10,2026-07-25T20:12:26.387755+00:00,,
44,cpu,end_to_end,4096,24,4096,0.0121506,12.150599999999999,2.9664550781249996,337102.6945171432,10,2026-07-25T20:12:26.387755+00:00,,
44,cpu,end_to_end,4096,25,4096,0.0113181,11.3181,2.7632080078124996,361898.1984608724,10,2026-07-25T20:12:26.387755+00:00,,
44,cpu,end_to_end,4096,26,4096,0.0112734,11.273399999999999,2.752294921875,363333.1559245658,10,2026-07-25T20:12:26.387755+00:00,,
44,cpu,end_to_end,4096,27,4096,0.0109926,10.9926,2.683740234375,372614.3041682587,10,2026-07-25T20:12:26.387755+00:00,,
44,cpu,end_to_end,4096,28,4096,0.0111368,11.136800000000001,2.7189453125000003,367789.6702823073,10,2026-07-25T20:12:26.387755+00:00,,
44,cpu,end_to_end,4096,29,4096,0.0111855,11.1855,2.7308349609375,366188.36887041264,10,2026-07-25T20:12:26.387755+00:00,,
44,cpu,end_to_end,4096,30,4096,0.0123993,12.3993,3.0271728515625003,330341.2289403434,10,2026-07-25T20:12:26.387755+00:00,,
44,cpu,end_to_end,4096,31,4096,0.0113611,11.3611,2.7737060546875,360528.4699544938,10,2026-07-25T20:12:26.387755+00:00,,
44,cpu,end_to_end,4096,32,4096,0.0113699,11.369900000000001,2.7758544921875,360249.4305139007,10,2026-07-25T20:12:26.387755+00:00,,
44,cpu,end_to_end,4096,33,4096,0.0110694,11.0694,2.702490234375,370029.08920086,10,2026-07-25T20:12:26.387755+00:00,,
44,cpu,end_to_end,4096,34,4096,0.011791,11.790999999999999,2.878662109375,347383.59765923163,10,2026-07-25T20:12:26.387755+00:00,,
44,cpu,end_to_end,4096,35,4096,0.0109219,10.9219,2.6664794921875,375026.32325877366,10,2026-07-25T20:12:26.387755+00:00,,
44,cpu,end_to_end,4096,36,4096,0.012205,12.205,2.979736328125,335600.1638672675,10,2026-07-25T20:12:26.387755+00:00,,
44,cpu,end_to_end,4096,37,4096,0.0120927,12.092699999999999,2.9523193359374997,338716.7464668767,10,2026-07-25T20:12:26.387755+00:00,,
44,cpu,end_to_end,4096,38,4096,0.0110285,11.0285,2.6925048828125,371401.3691798522,10,2026-07-25T20:12:26.387755+00:00,,
44,cpu,end_to_end,4096,39,4096,0.0110013,11.0013,2.6858642578125003,372319.6349522329,10,2026-07-25T20:12:26.387755+00:00,,
44,cpu,end_to_end,4096,40,4096,0.0110145,11.0145,2.6890869140625,371873.4395569477,10,2026-07-25T20:12:26.387755+00:00,,
44,cpu,end_to_end,4096,41,4096,0.0110756,11.0756,2.70400390625,369821.950955253,10,2026-07-25T20:12:26.387755+00:00,,
44,cpu,end_to_end,4096,42,4096,0.0112758,11.2758,2.7528808593750003,363255.82220330264,10,2026-07-25T20:12:26.387755+00:00,,
44,cpu,end_to_end,4096,43,4096,0.0116162,11.616200000000001,2.835986328125,352611.0087636232,10,2026-07-25T20:12:26.387755+00:00,,
44,cpu,end_to_end,4096,44,4096,0.0119182,11.9182,2.909716796875,343676.0584652045,10,2026-07-25T20:12:26.387755+00:00,,
44,cpu,end_to_end,4096,45,4096,0.0110162,11.0162,2.689501953125,371816.05272235436,10,2026-07-25T20:12:26.387755+00:00,,
44,cpu,end_to_end,4096,46,4096,0.010927,10.927,2.667724609375,374851.28580580215,10,2026-07-25T20:12:26.387755+00:00,,
44,cpu,end_to_end,4096,47,4096,0.0111406,11.140600000000001,2.719873046875,367664.2191623431,10,2026-07-25T20:12:26.387755+00:00,,
44,cpu,end_to_end,4096,48,4096,0.0110805,11.0805,2.7052001953125,369658.4089165651,10,2026-07-25T20:12:26.387755+00:00,,
44,cpu,end_to_end,4096,49,4096,0.0109885,10.9885,2.6827392578125,372753.3330299859,10,2026-07-25T20:12:26.387755+00:00,,
44,cpu,end_to_end,4096,50,4096,0.0113533,11.3533,2.7718017578125003,360776.16199695243,10,2026-07-25T20:12:26.387755+00:00,,
44,cpu,end_to_end,4096,51,4096,0.0112555,11.2555,2.7479248046875,363910.9768557594,10,2026-07-25T20:12:26.387755+00:00,,
44,cpu,end_to_end,4096,52,4096,0.0110691,11.0691,2.7024169921875,370039.117904798,10,2026-07-25T20:12:26.387755+00:00,,
44,cpu,end_to_end,4096,53,4096,0.0110915,11.0915,2.7078857421875,369291.8000270477,10,2026-07-25T20:12:26.387755+00:00,,
44,cpu,end_to_end,4096,54,4096,0.0108386,10.8386,2.646142578125,377908.5859797391,10,2026-07-25T20:12:26.387755+00:00,,
44,cpu,end_to_end,4096,55,4096,0.0106739,10.6739,2.6059326171875,383739.77646408527,10,2026-07-25T20:12:26.387755+00:00,,
44,cpu,end_to_end,4096,56,4096,0.0113527,11.3527,2.7716552734375,360795.22932870593,10,2026-07-25T20:12:26.387755+00:00,,
44,cpu,end_to_end,4096,57,4096,0.0111013,11.1013,2.7102783203125,368965.79679857317,10,2026-07-25T20:12:26.387755+00:00,,
44,cpu,end_to_end,4096,58,4096,0.010611,10.611,2.590576171875,386014.5132409763,10,2026-07-25T20:12:26.387755+00:00,,
44,cpu,end_to_end,4096,59,4096,0.0111091,11.1091,2.7121826171875,368706.73591920134,10,2026-07-25T20:12:26.387755+00:00,,
44,cpu,end_to_end,4096,60,4096,0.0114355,11.4355,2.7918701171875,358182.8516461895,10,2026-07-25T20:12:26.387755+00:00,,
44,cpu,end_to_end,4096,61,4096,0.0111602,11.1602,2.724658203125,367018.51221304276,10,2026-07-25T20:12:26.387755+00:00,,
44,cpu,end_to_end,4096,62,4096,0.0111747,11.1747,2.7281982421874997,366542.2785399161,10,2026-07-25T20:12:26.387755+00:00,,
44,cpu,end_to_end,4096,63,4096,0.0128968,12.8968,3.1486328125,317598.163885615,10,2026-07-25T20:12:26.387755+00:00,,
44,cpu,end_to_end,4096,64,4096,0.0109628,10.9628,2.67646484375,373627.1755390958,10,2026-07-25T20:12:26.387755+00:00,,
44,cpu,end_to_end,4096,65,4096,0.0107659,10.7659,2.6283935546875,380460.52814906323,10,2026-07-25T20:12:26.387755+00:00,,
44,cpu,end_to_end,4096,66,4096,0.0112431,11.2431,2.7448974609375,364312.33378694486,10,2026-07-25T20:12:26.387755+00:00,,
44,cpu,end_to_end,4096,67,4096,0.0111066,11.1066,2.711572265625,368789.7286298237,10,2026-07-25T20:12:26.387755+00:00,,
44,cpu,end_to_end,4096,68,4096,0.010789,10.789,2.634033203125,379645.93567522475,10,2026-07-25T20:12:26.387755+00:00,,
44,cpu,end_to_end,4096,69,4096,0.011362,11.362,2.77392578125,360499.91198732617,10,2026-07-25T20:12:26.387755+00:00,,
44,cpu,end_to_end,4096,70,4096,0.0112531,11.2531,2.7473388671875,363988.58981080767,10,2026-07-25T20:12:26.387755+00:00,,
44,cpu,end_to_end,4096,71,4096,0.0114039,11.4039,2.7841552734375,359175.3698296197,10,2026-07-25T20:12:26.387755+00:00,,
44,cpu,end_to_end,4096,72,4096,0.0111498,11.149799999999999,2.722119140625,367360.84952196456,10,2026-07-25T20:12:26.387755+00:00,,
44,cpu,end_to_end,4096,73,4096,0.0108427,10.8427,2.6471435546875,377765.68566869874,10,2026-07-25T20:12:26.387755+00:00,,
44,cpu,end_to_end,4096,74,4096,0.0112859,11.2859,2.7553466796875,362930.7365828157,10,2026-07-25T20:12:26.387755+00:00,,
44,cpu,end_to_end,4096,75,4096,0.0112976,11.2976,2.758203125,362554.8789123354,10,2026-07-25T20:12:26.387755+00:00,,
44,cpu,end_to_end,4096,76,4096,0.0125125,12.5125,3.0548095703125,327352.6473526474,10,2026-07-25T20:12:26.387755+00:00,,
44,cpu,end_to_end,4096,77,4096,0.011254,11.254,2.74755859375,363959.4810733961,10,2026-07-25T20:12:26.387755+00:00,,
44,cpu,end_to_end,4096,78,4096,0.0109026,10.9026,2.661767578125,375690.2023370572,10,2026-07-25T20:12:26.387755+00:00,,
44,cpu,end_to_end,4096,79,4096,0.0108948,10.8948,2.65986328125,375959.1731835371,10,2026-07-25T20:12:26.387755+00:00,,
44,cpu,end_to_end,4096,80,4096,0.0116708,11.6708,2.8493164062500003,350961.3736847517,10,2026-07-25T20:12:26.387755+00:00,,
44,cpu,end_to_end,4096,81,4096,0.0110434,11.0434,2.696142578125,370900.26622235903,10,2026-07-25T20:12:26.387755+00:00,,
44,cpu,end_to_end,4096,82,4096,0.0113745,11.3745,2.7769775390625,360103.7408237725,10,2026-07-25T20:12:26.387755+00:00,,
44,cpu,end_to_end,4096,83,4096,0.0106897,10.6897,2.6097900390625,383172.5866956042,10,2026-07-25T20:12:26.387755+00:00,,
44,cpu,end_to_end,4096,84,4096,0.0112974,11.297400000000001,2.7581542968750004,362561.29728964187,10,2026-07-25T20:12:26.387755+00:00,,
44,cpu,end_to_end,4096,85,4096,0.0106796,10.679599999999999,2.6073242187499996,383534.96385632426,10,2026-07-25T20:12:26.387755+00:00,,
44,cpu,end_to_end,4096,86,4096,0.0108276,10.8276,2.64345703125,378292.5117292844,10,2026-07-25T20:12:26.387755+00:00,,
44,cpu,end_to_end,4096,87,4096,0.0114913,11.491299999999999,2.8054931640625,356443.57035322377,10,2026-07-25T20:12:26.387755+00:00,,
44,cpu,end_to_end,4096,88,4096,0.0109435,10.9435,2.6717529296875,374286.1059076164,10,2026-07-25T20:12:26.387755+00:00,,
44,cpu,end_to_end,4096,89,4096,0.0110259,11.0259,2.6918701171875,371488.948747948,10,2026-07-25T20:12:26.387755+00:00,,
44,cpu,end_to_end,4096,90,4096,0.0112687,11.268699999999999,2.7511474609374997,363484.6965488477,10,2026-07-25T20:12:26.387755+00:00,,
44,cpu,end_to_end,4096,91,4096,0.0111731,11.1731,2.7278076171875,366594.7677904968,10,2026-07-25T20:12:26.387755+00:00,,
44,cpu,end_to_end,4096,92,4096,0.0115648,11.5648,2.8234375,354178.1959048146,10,2026-07-25T20:12:26.387755+00:00,,
44,cpu,end_to_end,4096,93,4096,0.0108265,10.8265,2.6431884765625,378330.94721285737,10,2026-07-25T20:12:26.387755+00:00,,
44,cpu,end_to_end,4096,94,4096,0.0112031,11.203100000000001,2.7351318359375,365613.0892342298,10,2026-07-25T20:12:26.387755+00:00,,
44,cpu,end_to_end,4096,95,4096,0.0116949,11.694899999999999,2.8552001953125,350238.1379917742,10,2026-07-25T20:12:26.387755+00:00,,
44,cpu,end_to_end,4096,96,4096,0.0120956,12.0956,2.95302734375,338635.5368894474,10,2026-07-25T20:12:26.387755+00:00,,
44,cpu,end_to_end,4096,97,4096,0.0113327,11.332699999999999,2.7667724609374997,361431.962374368,10,2026-07-25T20:12:26.387755+00:00,,
44,cpu,end_to_end,4096,98,4096,0.0116182,11.6182,2.836474609375,352550.3089979515,10,2026-07-25T20:12:26.387755+00:00,,
44,cpu,end_to_end,4096,99,4096,0.0111205,11.1205,2.7149658203125,368328.76219594444,10,2026-07-25T20:12:26.387755+00:00,,
44,cpu,full_test_end_to_end,4096,0,1614182,18.6053453,18605.3453,11.526175672879514,86759.04553085612,1,2026-07-25T20:12:46.969407+00:00,4096.0,end_to_end
44,cpu,full_test_end_to_end,4096,1,1614182,18.731962,18731.962,11.604615836380285,86172.60701254894,1,2026-07-25T20:12:46.969407+00:00,4096.0,end_to_end
44,cpu,full_test_end_to_end,4096,2,1614182,18.6060664,18606.0664,11.526622400695832,86755.68308194364,1,2026-07-25T20:12:46.969407+00:00,4096.0,end_to_end
44,cpu,full_test_end_to_end,4096,3,1614182,18.812411,18812.411,11.65445470213396,85804.10028252093,1,2026-07-25T20:12:46.969407+00:00,4096.0,end_to_end
44,cpu,full_test_end_to_end,4096,4,1614182,18.7450741,18745.0741,11.612738898092038,86112.32963864357,1,2026-07-25T20:12:46.969407+00:00,4096.0,end_to_end
