seed,device,benchmark_type,batch_size,repetition,number_of_flows,elapsed_seconds,batch_latency_ms,effective_time_per_flow_us,throughput_flows_per_second,warmup_iterations,timestamp_utc,warmup_batch_size,warmup_scope
42,cpu,model_only,1,0,1,0.0133251,13.325099999999999,13325.099999999999,75.04634111563891,10,2026-07-25T20:06:25.387258+00:00,,
42,cpu,model_only,1,1,1,0.013425,13.424999999999999,13425.0,74.487895716946,10,2026-07-25T20:06:25.387258+00:00,,
42,cpu,model_only,1,2,1,0.0118968,11.8968,11896.800000000001,84.05621679779436,10,2026-07-25T20:06:25.387258+00:00,,
42,cpu,model_only,1,3,1,0.0115839,11.5839,11583.9,86.32671207451722,10,2026-07-25T20:06:25.387258+00:00,,
42,cpu,model_only,1,4,1,0.0129614,12.9614,12961.4,77.1521594889441,10,2026-07-25T20:06:25.387258+00:00,,
42,cpu,model_only,1,5,1,0.0149819,14.9819,14981.9,66.74720829801294,10,2026-07-25T20:06:25.387258+00:00,,
42,cpu,model_only,1,6,1,0.0144727,14.4727,14472.699999999999,69.09560759222536,10,2026-07-25T20:06:25.387258+00:00,,
42,cpu,model_only,1,7,1,0.014092,14.092,14092.0,70.9622480840193,10,2026-07-25T20:06:25.387258+00:00,,
42,cpu,model_only,1,8,1,0.0129426,12.9426,12942.6,77.26422820762443,10,2026-07-25T20:06:25.387258+00:00,,
42,cpu,model_only,1,9,1,0.0130853,13.0853,13085.3,76.42163343599306,10,2026-07-25T20:06:25.387258+00:00,,
42,cpu,model_only,1,10,1,0.0135972,13.5972,13597.2,73.54455329038332,10,2026-07-25T20:06:25.387258+00:00,,
42,cpu,model_only,1,11,1,0.0141194,14.1194,14119.400000000001,70.82453928637194,10,2026-07-25T20:06:25.387258+00:00,,
42,cpu,model_only,1,12,1,0.0123584,12.3584,12358.4,80.91662351113412,10,2026-07-25T20:06:25.387258+00:00,,
42,cpu,model_only,1,13,1,0.0136694,13.6694,13669.4,73.15610048721963,10,2026-07-25T20:06:25.387258+00:00,,
42,cpu,model_only,1,14,1,0.0107541,10.754100000000001,10754.1,92.98779070308068,10,2026-07-25T20:06:25.387258+00:00,,
42,cpu,model_only,1,15,1,0.0122584,12.2584,12258.4,81.5767147425439,10,2026-07-25T20:06:25.387258+00:00,,
42,cpu,model_only,1,16,1,0.0127118,12.7118,12711.800000000001,78.6670652464639,10,2026-07-25T20:06:25.387258+00:00,,
42,cpu,model_only,1,17,1,0.0126869,12.6869,12686.9,78.82146150753928,10,2026-07-25T20:06:25.387258+00:00,,
42,cpu,model_only,1,18,1,0.0134853,13.4853,13485.300000000001,74.15482043410232,10,2026-07-25T20:06:25.387258+00:00,,
42,cpu,model_only,1,19,1,0.0130719,13.0719,13071.9,76.49997322500937,10,2026-07-25T20:06:25.387258+00:00,,
42,cpu,model_only,1,20,1,0.013376,13.376000000000001,13376.0,74.76076555023923,10,2026-07-25T20:06:25.387258+00:00,,
42,cpu,model_only,1,21,1,0.0138543,13.8543,13854.3,72.17975646550168,10,2026-07-25T20:06:25.387258+00:00,,
42,cpu,model_only,1,22,1,0.0126207,12.620700000000001,12620.7,79.23490773094994,10,2026-07-25T20:06:25.387258+00:00,,
42,cpu,model_only,1,23,1,0.0163507,16.3507,16350.699999999999,61.159461062829116,10,2026-07-25T20:06:25.387258+00:00,,
42,cpu,model_only,1,24,1,0.0141886,14.188600000000001,14188.6,70.47911703762175,10,2026-07-25T20:06:25.387258+00:00,,
42,cpu,model_only,1,25,1,0.0135796,13.579600000000001,13579.6,73.63987157206398,10,2026-07-25T20:06:25.387258+00:00,,
42,cpu,model_only,1,26,1,0.0132815,13.2815,13281.5,75.29270037269887,10,2026-07-25T20:06:25.387258+00:00,,
42,cpu,model_only,1,27,1,0.0118002,11.8002,11800.2,84.7443263673497,10,2026-07-25T20:06:25.387258+00:00,,
42,cpu,model_only,1,28,1,0.01324,13.24,13240.0,75.52870090634441,10,2026-07-25T20:06:25.387258+00:00,,
42,cpu,model_only,1,29,1,0.01294,12.94,12940.0,77.27975270479135,10,2026-07-25T20:06:25.387258+00:00,,
42,cpu,model_only,1,30,1,0.0129406,12.9406,12940.6,77.27616957482651,10,2026-07-25T20:06:25.387258+00:00,,
42,cpu,model_only,1,31,1,0.0137075,13.7075,13707.5,72.95276308590188,10,2026-07-25T20:06:25.387258+00:00,,
42,cpu,model_only,1,32,1,0.010703,10.703000000000001,10703.0,93.4317481080071,10,2026-07-25T20:06:25.387258+00:00,,
42,cpu,model_only,1,33,1,0.0135954,13.5954,13595.4,73.5542904217603,10,2026-07-25T20:06:25.387258+00:00,,
42,cpu,model_only,1,34,1,0.0136207,13.6207,13620.699999999999,73.41766575873487,10,2026-07-25T20:06:25.387258+00:00,,
42,cpu,model_only,1,35,1,0.0131945,13.1945,13194.5,75.78915457198075,10,2026-07-25T20:06:25.387258+00:00,,
42,cpu,model_only,1,36,1,0.0130786,13.0786,13078.599999999999,76.46078326426377,10,2026-07-25T20:06:25.387258+00:00,,
42,cpu,model_only,1,37,1,0.0127796,12.7796,12779.6,78.24971047607124,10,2026-07-25T20:06:25.387258+00:00,,
42,cpu,model_only,1,38,1,0.0136942,13.6942,13694.2,73.0236158373618,10,2026-07-25T20:06:25.387258+00:00,,
42,cpu,model_only,1,39,1,0.012804,12.804,12804.0,78.1005935645111,10,2026-07-25T20:06:25.387258+00:00,,
42,cpu,model_only,1,40,1,0.012534,12.534,12534.0,79.78299026647518,10,2026-07-25T20:06:25.387258+00:00,,
42,cpu,model_only,1,41,1,0.0118284,11.828399999999998,11828.4,84.54228805248385,10,2026-07-25T20:06:25.387258+00:00,,
42,cpu,model_only,1,42,1,0.0116701,11.6701,11670.099999999999,85.6890686455129,10,2026-07-25T20:06:25.387258+00:00,,
42,cpu,model_only,1,43,1,0.0121166,12.1166,12116.6,82.53140319891719,10,2026-07-25T20:06:25.387258+00:00,,
42,cpu,model_only,1,44,1,0.0134273,13.427299999999999,13427.3,74.47513647568759,10,2026-07-25T20:06:25.387258+00:00,,
42,cpu,model_only,1,45,1,0.0139614,13.961400000000001,13961.400000000001,71.62605469365536,10,2026-07-25T20:06:25.387258+00:00,,
42,cpu,model_only,1,46,1,0.0133559,13.3559,13355.9,74.87327697871352,10,2026-07-25T20:06:25.387258+00:00,,
42,cpu,model_only,1,47,1,0.0124567,12.4567,12456.699999999999,80.2780832804836,10,2026-07-25T20:06:25.387258+00:00,,
42,cpu,model_only,1,48,1,0.0132263,13.2263,13226.3,75.60693466804776,10,2026-07-25T20:06:25.387258+00:00,,
42,cpu,model_only,1,49,1,0.0141243,14.1243,14124.3,70.7999688480137,10,2026-07-25T20:06:25.387258+00:00,,
42,cpu,model_only,1,50,1,0.0129953,12.9953,12995.3,76.95089763222089,10,2026-07-25T20:06:25.387258+00:00,,
42,cpu,model_only,1,51,1,0.0118802,11.8802,11880.2,84.17366710998131,10,2026-07-25T20:06:25.387258+00:00,,
42,cpu,model_only,1,52,1,0.010458,10.458,10458.0,95.6205775482884,10,2026-07-25T20:06:25.387258+00:00,,
42,cpu,model_only,1,53,1,0.0127785,12.7785,12778.5,78.25644637477012,10,2026-07-25T20:06:25.387258+00:00,,
42,cpu,model_only,1,54,1,0.010706,10.706,10706.0,93.40556697179152,10,2026-07-25T20:06:25.387258+00:00,,
42,cpu,model_only,1,55,1,0.0132041,13.2041,13204.1,75.73405230193652,10,2026-07-25T20:06:25.387258+00:00,,
42,cpu,model_only,1,56,1,0.0119038,11.9038,11903.800000000001,84.00678774845007,10,2026-07-25T20:06:25.387258+00:00,,
42,cpu,model_only,1,57,1,0.0132366,13.2366,13236.599999999999,75.54810147620991,10,2026-07-25T20:06:25.387258+00:00,,
42,cpu,model_only,1,58,1,0.0151777,15.1777,15177.7,65.88613558048979,10,2026-07-25T20:06:25.387258+00:00,,
42,cpu,model_only,1,59,1,0.0132831,13.283100000000001,13283.1,75.28363108009425,10,2026-07-25T20:06:25.387258+00:00,,
42,cpu,model_only,1,60,1,0.0137842,13.7842,13784.2,72.54682897810537,10,2026-07-25T20:06:25.387258+00:00,,
42,cpu,model_only,1,61,1,0.013351,13.351,13351.0,74.90075649764063,10,2026-07-25T20:06:25.387258+00:00,,
42,cpu,model_only,1,62,1,0.0131194,13.1194,13119.4,76.22299800295745,10,2026-07-25T20:06:25.387258+00:00,,
42,cpu,model_only,1,63,1,0.0127961,12.7961,12796.1,78.14881096584116,10,2026-07-25T20:06:25.387258+00:00,,
42,cpu,model_only,1,64,1,0.0130795,13.079500000000001,13079.5,76.45552200007646,10,2026-07-25T20:06:25.387258+00:00,,
42,cpu,model_only,1,65,1,0.0125768,12.5768,12576.800000000001,79.51148145792251,10,2026-07-25T20:06:25.387258+00:00,,
42,cpu,model_only,1,66,1,0.0104851,10.485100000000001,10485.1,95.37343468350325,10,2026-07-25T20:06:25.387258+00:00,,
42,cpu,model_only,1,67,1,0.0126309,12.6309,12630.9,79.17092210372974,10,2026-07-25T20:06:25.387258+00:00,,
42,cpu,model_only,1,68,1,0.0133842,13.3842,13384.2,74.7149624183739,10,2026-07-25T20:06:25.387258+00:00,,
42,cpu,model_only,1,69,1,0.0128376,12.8376,12837.599999999999,77.8961799713342,10,2026-07-25T20:06:25.387258+00:00,,
42,cpu,model_only,1,70,1,0.013504,13.504,13504.0,74.0521327014218,10,2026-07-25T20:06:25.387258+00:00,,
42,cpu,model_only,1,71,1,0.0123315,12.3315,12331.5,81.0931354660828,10,2026-07-25T20:06:25.387258+00:00,,
42,cpu,model_only,1,72,1,0.0138996,13.8996,13899.6,71.94451638896084,10,2026-07-25T20:06:25.387258+00:00,,
42,cpu,model_only,1,73,1,0.0124009,12.4009,12400.9,80.63930843729085,10,2026-07-25T20:06:25.387258+00:00,,
42,cpu,model_only,1,74,1,0.0126797,12.6797,12679.7,78.86621923231623,10,2026-07-25T20:06:25.387258+00:00,,
42,cpu,model_only,1,75,1,0.0115379,11.5379,11537.9,86.67088464971962,10,2026-07-25T20:06:25.387258+00:00,,
42,cpu,model_only,1,76,1,0.0136187,13.618699999999999,13618.699999999999,73.42844764918826,10,2026-07-25T20:06:25.387258+00:00,,
42,cpu,model_only,1,77,1,0.0158908,15.8908,15890.8,62.92949379515191,10,2026-07-25T20:06:25.387258+00:00,,
42,cpu,model_only,1,78,1,0.0155681,15.5681,15568.1,64.23391422203095,10,2026-07-25T20:06:25.387258+00:00,,
42,cpu,model_only,1,79,1,0.0141989,14.1989,14198.9,70.42799090070358,10,2026-07-25T20:06:25.387258+00:00,,
42,cpu,model_only,1,80,1,0.011755,11.754999999999999,11755.0,85.07018290089324,10,2026-07-25T20:06:25.387258+00:00,,
42,cpu,model_only,1,81,1,0.0124493,12.4493,12449.3,80.32580145068397,10,2026-07-25T20:06:25.387258+00:00,,
42,cpu,model_only,1,82,1,0.0120403,12.0403,12040.300000000001,83.05440894329875,10,2026-07-25T20:06:25.387258+00:00,,
42,cpu,model_only,1,83,1,0.0133011,13.3011,13301.1,75.18175188518244,10,2026-07-25T20:06:25.387258+00:00,,
42,cpu,model_only,1,84,1,0.0146364,14.6364,14636.400000000001,68.3228116203438,10,2026-07-25T20:06:25.387258+00:00,,
42,cpu,model_only,1,85,1,0.0144024,14.4024,14402.4,69.43287229906127,10,2026-07-25T20:06:25.387258+00:00,,
42,cpu,model_only,1,86,1,0.0141043,14.1043,14104.3,70.90036371886588,10,2026-07-25T20:06:25.387258+00:00,,
42,cpu,model_only,1,87,1,0.0127656,12.765600000000001,12765.6,78.33552672808172,10,2026-07-25T20:06:25.387258+00:00,,
42,cpu,model_only,1,88,1,0.013333,13.333,13333.0,75.00187504687618,10,2026-07-25T20:06:25.387258+00:00,,
42,cpu,model_only,1,89,1,0.0129318,12.9318,12931.800000000001,77.32875547100944,10,2026-07-25T20:06:25.387258+00:00,,
42,cpu,model_only,1,90,1,0.0139653,13.9653,13965.3,71.60605214352717,10,2026-07-25T20:06:25.387258+00:00,,
42,cpu,model_only,1,91,1,0.0132296,13.2296,13229.599999999999,75.58807522525247,10,2026-07-25T20:06:25.387258+00:00,,
42,cpu,model_only,1,92,1,0.013196,13.196,13196.0,75.78053955744166,10,2026-07-25T20:06:25.387258+00:00,,
42,cpu,model_only,1,93,1,0.0135271,13.5271,13527.1,73.92567512622809,10,2026-07-25T20:06:25.387258+00:00,,
42,cpu,model_only,1,94,1,0.0113534,11.353399999999999,11353.4,88.07934187115754,10,2026-07-25T20:06:25.387258+00:00,,
42,cpu,model_only,1,95,1,0.0131866,13.1866,13186.6,75.83455932537576,10,2026-07-25T20:06:25.387258+00:00,,
42,cpu,model_only,1,96,1,0.0132598,13.2598,13259.800000000001,75.41591879213864,10,2026-07-25T20:06:25.387258+00:00,,
42,cpu,model_only,1,97,1,0.0140838,14.0838,14083.800000000001,71.00356437893181,10,2026-07-25T20:06:25.387258+00:00,,
42,cpu,model_only,1,98,1,0.0140046,14.0046,14004.6,71.40510974965368,10,2026-07-25T20:06:25.387258+00:00,,
42,cpu,model_only,1,99,1,0.0131857,13.1857,13185.7,75.83973547100268,10,2026-07-25T20:06:25.387258+00:00,,
42,cpu,model_only,1,100,1,0.0128798,12.8798,12879.800000000001,77.64095715771984,10,2026-07-25T20:06:25.387258+00:00,,
42,cpu,model_only,1,101,1,0.0137855,13.785499999999999,13785.5,72.5399876682021,10,2026-07-25T20:06:25.387258+00:00,,
42,cpu,model_only,1,102,1,0.0173245,17.3245,17324.5,57.72172357066582,10,2026-07-25T20:06:25.387258+00:00,,
42,cpu,model_only,1,103,1,0.0143898,14.3898,14389.8,69.49366912674256,10,2026-07-25T20:06:25.387258+00:00,,
42,cpu,model_only,1,104,1,0.0125839,12.5839,12583.9,79.46662004624957,10,2026-07-25T20:06:25.387258+00:00,,
42,cpu,model_only,1,105,1,0.012674,12.674,12674.0,78.90168849613381,10,2026-07-25T20:06:25.387258+00:00,,
42,cpu,model_only,1,106,1,0.011846,11.846,11846.0,84.41668073611345,10,2026-07-25T20:06:25.387258+00:00,,
42,cpu,model_only,1,107,1,0.013493,13.493,13493.0,74.11250277921886,10,2026-07-25T20:06:25.387258+00:00,,
42,cpu,model_only,1,108,1,0.013987,13.987,13987.0,71.49495960534783,10,2026-07-25T20:06:25.387258+00:00,,
42,cpu,model_only,1,109,1,0.0159447,15.9447,15944.699999999999,62.71676481840361,10,2026-07-25T20:06:25.387258+00:00,,
42,cpu,model_only,1,110,1,0.0155161,15.5161,15516.1,64.44918504005517,10,2026-07-25T20:06:25.387258+00:00,,
42,cpu,model_only,1,111,1,0.0125669,12.5669,12566.900000000001,79.5741193134345,10,2026-07-25T20:06:25.387258+00:00,,
42,cpu,model_only,1,112,1,0.0128242,12.8242,12824.199999999999,77.97757364981831,10,2026-07-25T20:06:25.387258+00:00,,
42,cpu,model_only,1,113,1,0.0130699,13.0699,13069.900000000001,76.51167950787688,10,2026-07-25T20:06:25.387258+00:00,,
42,cpu,model_only,1,114,1,0.0115242,11.5242,11524.2,86.77391923083599,10,2026-07-25T20:06:25.387258+00:00,,
42,cpu,model_only,1,115,1,0.0130182,13.0182,13018.2,76.81553517383355,10,2026-07-25T20:06:25.387258+00:00,,
42,cpu,model_only,1,116,1,0.0141778,14.177800000000001,14177.800000000001,70.53280480751597,10,2026-07-25T20:06:25.387258+00:00,,
42,cpu,model_only,1,117,1,0.0132912,13.2912,13291.199999999999,75.23775129408932,10,2026-07-25T20:06:25.387258+00:00,,
42,cpu,model_only,1,118,1,0.0124697,12.4697,12469.7,80.19439120427917,10,2026-07-25T20:06:25.387258+00:00,,
42,cpu,model_only,1,119,1,0.0108951,10.8951,10895.1,91.78438013418877,10,2026-07-25T20:06:25.387258+00:00,,
42,cpu,model_only,1,120,1,0.0137669,13.7669,13766.9,72.63799402915689,10,2026-07-25T20:06:25.387258+00:00,,
42,cpu,model_only,1,121,1,0.013016,13.016,13016.0,76.82851874615858,10,2026-07-25T20:06:25.387258+00:00,,
42,cpu,model_only,1,122,1,0.0132249,13.2249,13224.9,75.61493848724754,10,2026-07-25T20:06:25.387258+00:00,,
42,cpu,model_only,1,123,1,0.0117094,11.7094,11709.4,85.40147232138283,10,2026-07-25T20:06:25.387258+00:00,,
42,cpu,model_only,1,124,1,0.0129819,12.9819,12981.9,77.03032683967679,10,2026-07-25T20:06:25.387258+00:00,,
42,cpu,model_only,1,125,1,0.0125013,12.5013,12501.3,79.99168086519002,10,2026-07-25T20:06:25.387258+00:00,,
42,cpu,model_only,1,126,1,0.0127921,12.792100000000001,12792.1,78.17324755122301,10,2026-07-25T20:06:25.387258+00:00,,
42,cpu,model_only,1,127,1,0.0137158,13.7158,13715.800000000001,72.9086163402791,10,2026-07-25T20:06:25.387258+00:00,,
42,cpu,model_only,1,128,1,0.0134795,13.4795,13479.5,74.1867279943618,10,2026-07-25T20:06:25.387258+00:00,,
42,cpu,model_only,1,129,1,0.0135811,13.581100000000001,13581.1,73.63173822444426,10,2026-07-25T20:06:25.387258+00:00,,
42,cpu,model_only,1,130,1,0.0123955,12.3955,12395.5,80.6744383042233,10,2026-07-25T20:06:25.387258+00:00,,
42,cpu,model_only,1,131,1,0.0137487,13.748700000000001,13748.7,72.73414941048972,10,2026-07-25T20:06:25.387258+00:00,,
42,cpu,model_only,1,132,1,0.0161114,16.1114,16111.400000000001,62.06785257643656,10,2026-07-25T20:06:25.387258+00:00,,
42,cpu,model_only,1,133,1,0.0142001,14.2001,14200.1,70.4220392814135,10,2026-07-25T20:06:25.387258+00:00,,
42,cpu,model_only,1,134,1,0.0121717,12.171700000000001,12171.7,82.1577922558065,10,2026-07-25T20:06:25.387258+00:00,,
42,cpu,model_only,1,135,1,0.0132112,13.2112,13211.199999999999,75.69335109603973,10,2026-07-25T20:06:25.387258+00:00,,
42,cpu,model_only,1,136,1,0.0140634,14.0634,14063.4,71.10656029125246,10,2026-07-25T20:06:25.387258+00:00,,
42,cpu,model_only,1,137,1,0.0114607,11.460700000000001,11460.7,87.25470520997844,10,2026-07-25T20:06:25.387258+00:00,,
42,cpu,model_only,1,138,1,0.0129272,12.9272,12927.199999999999,77.35627204653754,10,2026-07-25T20:06:25.387258+00:00,,
42,cpu,model_only,1,139,1,0.014702,14.702,14702.0,68.0179567405795,10,2026-07-25T20:06:25.387258+00:00,,
42,cpu,model_only,1,140,1,0.0136659,13.6659,13665.9,73.17483663717721,10,2026-07-25T20:06:25.387258+00:00,,
42,cpu,model_only,1,141,1,0.0119651,11.9651,11965.099999999999,83.57640136730993,10,2026-07-25T20:06:25.387258+00:00,,
42,cpu,model_only,1,142,1,0.0163744,16.3744,16374.400000000001,61.07094000390854,10,2026-07-25T20:06:25.387258+00:00,,
42,cpu,model_only,1,143,1,0.0149127,14.9127,14912.699999999999,67.05693804609494,10,2026-07-25T20:06:25.387258+00:00,,
42,cpu,model_only,1,144,1,0.0144718,14.4718,14471.8,69.09990464213159,10,2026-07-25T20:06:25.387258+00:00,,
42,cpu,model_only,1,145,1,0.012209,12.209,12209.0,81.90679007289705,10,2026-07-25T20:06:25.387258+00:00,,
42,cpu,model_only,1,146,1,0.014131,14.131,14131.0,70.76640011322624,10,2026-07-25T20:06:25.387258+00:00,,
42,cpu,model_only,1,147,1,0.0125054,12.5054,12505.4,79.96545492347306,10,2026-07-25T20:06:25.387258+00:00,,
42,cpu,model_only,1,148,1,0.0128202,12.8202,12820.2,78.00190324643921,10,2026-07-25T20:06:25.387258+00:00,,
42,cpu,model_only,1,149,1,0.0128671,12.867099999999999,12867.099999999999,77.71758982210444,10,2026-07-25T20:06:25.387258+00:00,,
42,cpu,model_only,1,150,1,0.011121,11.121,11121.0,89.9199712256092,10,2026-07-25T20:06:25.387258+00:00,,
42,cpu,model_only,1,151,1,0.0127248,12.7248,12724.8,78.58669684395825,10,2026-07-25T20:06:25.387258+00:00,,
42,cpu,model_only,1,152,1,0.0127925,12.7925,12792.5,78.17080320500293,10,2026-07-25T20:06:25.387258+00:00,,
42,cpu,model_only,1,153,1,0.0138838,13.8838,13883.8,72.02639046946801,10,2026-07-25T20:06:25.387258+00:00,,
42,cpu,model_only,1,154,1,0.0137263,13.7263,13726.300000000001,72.85284453931503,10,2026-07-25T20:06:25.387258+00:00,,
42,cpu,model_only,1,155,1,0.0121977,12.197700000000001,12197.7,81.98266886380219,10,2026-07-25T20:06:25.387258+00:00,,
42,cpu,model_only,1,156,1,0.0133863,13.3863,13386.300000000001,74.7032413736432,10,2026-07-25T20:06:25.387258+00:00,,
42,cpu,model_only,1,157,1,0.0141719,14.171899999999999,14171.9,70.56216879882021,10,2026-07-25T20:06:25.387258+00:00,,
42,cpu,model_only,1,158,1,0.0167755,16.775499999999997,16775.5,59.6107418556824,10,2026-07-25T20:06:25.387258+00:00,,
42,cpu,model_only,1,159,1,0.0119566,11.9566,11956.6,83.63581620193033,10,2026-07-25T20:06:25.387258+00:00,,
42,cpu,model_only,1,160,1,0.0130258,13.0258,13025.800000000001,76.77071657786854,10,2026-07-25T20:06:25.387258+00:00,,
42,cpu,model_only,1,161,1,0.0123571,12.357099999999999,12357.099999999999,80.92513615654158,10,2026-07-25T20:06:25.387258+00:00,,
42,cpu,model_only,1,162,1,0.011639,11.639,11639.0,85.91803419537761,10,2026-07-25T20:06:25.387258+00:00,,
42,cpu,model_only,1,163,1,0.0152061,15.2061,15206.1,65.76308192107115,10,2026-07-25T20:06:25.387258+00:00,,
42,cpu,model_only,1,164,1,0.0146976,14.6976,14697.6,68.03831918136295,10,2026-07-25T20:06:25.387258+00:00,,
42,cpu,model_only,1,165,1,0.0134232,13.4232,13423.199999999999,74.49788426008702,10,2026-07-25T20:06:25.387258+00:00,,
42,cpu,model_only,1,166,1,0.0135132,13.5132,13513.199999999999,74.00171683983069,10,2026-07-25T20:06:25.387258+00:00,,
42,cpu,model_only,1,167,1,0.0134839,13.4839,13483.9,74.16251974577088,10,2026-07-25T20:06:25.387258+00:00,,
42,cpu,model_only,1,168,1,0.0137313,13.731300000000001,13731.3,72.82631651773684,10,2026-07-25T20:06:25.387258+00:00,,
42,cpu,model_only,1,169,1,0.0121886,12.188600000000001,12188.6,82.0438770654546,10,2026-07-25T20:06:25.387258+00:00,,
42,cpu,model_only,1,170,1,0.0122499,12.249899999999998,12249.9,81.63331945566902,10,2026-07-25T20:06:25.387258+00:00,,
42,cpu,model_only,1,171,1,0.0119024,11.9024,11902.4,84.01666890711117,10,2026-07-25T20:06:25.387258+00:00,,
42,cpu,model_only,1,172,1,0.0132171,13.2171,13217.1,75.65956223377292,10,2026-07-25T20:06:25.387258+00:00,,
42,cpu,model_only,1,173,1,0.0131463,13.1463,13146.3,76.06703026707135,10,2026-07-25T20:06:25.387258+00:00,,
42,cpu,model_only,1,174,1,0.0123224,12.3224,12322.400000000001,81.15302213854443,10,2026-07-25T20:06:25.387258+00:00,,
42,cpu,model_only,1,175,1,0.0142451,14.2451,14245.1,70.19957739854406,10,2026-07-25T20:06:25.387258+00:00,,
42,cpu,model_only,1,176,1,0.0128565,12.8565,12856.5,77.78166686112084,10,2026-07-25T20:06:25.387258+00:00,,
42,cpu,model_only,1,177,1,0.0124248,12.4248,12424.8,80.48419290451355,10,2026-07-25T20:06:25.387258+00:00,,
42,cpu,model_only,1,178,1,0.0107291,10.7291,10729.1,93.2044626296707,10,2026-07-25T20:06:25.387258+00:00,,
42,cpu,model_only,1,179,1,0.0127532,12.7532,12753.199999999999,78.41169275162312,10,2026-07-25T20:06:25.387258+00:00,,
42,cpu,model_only,1,180,1,0.0140124,14.0124,14012.4,71.36536210784733,10,2026-07-25T20:06:25.387258+00:00,,
42,cpu,model_only,1,181,1,0.0125742,12.574200000000001,12574.2,79.5279222535032,10,2026-07-25T20:06:25.387258+00:00,,
42,cpu,model_only,1,182,1,0.0135959,13.595899999999999,13595.9,73.55158540442339,10,2026-07-25T20:06:25.387258+00:00,,
42,cpu,model_only,1,183,1,0.0125997,12.5997,12599.7,79.36696905481877,10,2026-07-25T20:06:25.387258+00:00,,
42,cpu,model_only,1,184,1,0.0139884,13.9884,13988.4,71.48780418060679,10,2026-07-25T20:06:25.387258+00:00,,
42,cpu,model_only,1,185,1,0.0120948,12.0948,12094.8,82.6801600687899,10,2026-07-25T20:06:25.387258+00:00,,
42,cpu,model_only,1,186,1,0.013738,13.738,13738.0,72.79079924297568,10,2026-07-25T20:06:25.387258+00:00,,
42,cpu,model_only,1,187,1,0.0133802,13.3802,13380.2,74.73729839613758,10,2026-07-25T20:06:25.387258+00:00,,
42,cpu,model_only,1,188,1,0.010987,10.987,10987.0,91.01665604805679,10,2026-07-25T20:06:25.387258+00:00,,
42,cpu,model_only,1,189,1,0.01395,13.950000000000001,13950.0,71.68458781362007,10,2026-07-25T20:06:25.387258+00:00,,
42,cpu,model_only,1,190,1,0.0143084,14.3084,14308.400000000001,69.88901624220738,10,2026-07-25T20:06:25.387258+00:00,,
42,cpu,model_only,1,191,1,0.0132295,13.2295,13229.5,75.58864658528289,10,2026-07-25T20:06:25.387258+00:00,,
42,cpu,model_only,1,192,1,0.0121723,12.1723,12172.300000000001,82.15374251374021,10,2026-07-25T20:06:25.387258+00:00,,
42,cpu,model_only,1,193,1,0.0130091,13.009099999999998,13009.099999999999,76.8692684351723,10,2026-07-25T20:06:25.387258+00:00,,
42,cpu,model_only,1,194,1,0.0132643,13.2643,13264.3,75.39033345144486,10,2026-07-25T20:06:25.387258+00:00,,
42,cpu,model_only,1,195,1,0.0137129,13.7129,13712.9,72.92403503270643,10,2026-07-25T20:06:25.387258+00:00,,
42,cpu,model_only,1,196,1,0.0106469,10.6469,10646.900000000001,93.9240530107355,10,2026-07-25T20:06:25.387258+00:00,,
42,cpu,model_only,1,197,1,0.0127363,12.7363,12736.300000000001,78.51573847977826,10,2026-07-25T20:06:25.387258+00:00,,
42,cpu,model_only,1,198,1,0.0110585,11.0585,11058.5,90.4281774200841,10,2026-07-25T20:06:25.387258+00:00,,
42,cpu,model_only,1,199,1,0.0135751,13.575099999999999,13575.1,73.664282399393,10,2026-07-25T20:06:25.387258+00:00,,
42,cpu,model_only,1,200,1,0.0122369,12.2369,12236.9,81.72004347506312,10,2026-07-25T20:06:25.387258+00:00,,
42,cpu,model_only,1,201,1,0.010123,10.123,10123.0,98.78494517435543,10,2026-07-25T20:06:25.387258+00:00,,
42,cpu,model_only,1,202,1,0.0112114,11.2114,11211.4,89.19492659257541,10,2026-07-25T20:06:25.387258+00:00,,
42,cpu,model_only,1,203,1,0.0115633,11.5633,11563.300000000001,86.48050297060527,10,2026-07-25T20:06:25.387258+00:00,,
42,cpu,model_only,1,204,1,0.0127935,12.7935,12793.5,78.16469300816821,10,2026-07-25T20:06:25.387258+00:00,,
42,cpu,model_only,1,205,1,0.011258,11.258000000000001,11258.0,88.82572392965002,10,2026-07-25T20:06:25.387258+00:00,,
42,cpu,model_only,1,206,1,0.0147185,14.7185,14718.5,67.94170601623806,10,2026-07-25T20:06:25.387258+00:00,,
42,cpu,model_only,1,207,1,0.0117098,11.7098,11709.8,85.39855505644844,10,2026-07-25T20:06:25.387258+00:00,,
42,cpu,model_only,1,208,1,0.013747,13.747,13747.0,72.7431439586819,10,2026-07-25T20:06:25.387258+00:00,,
42,cpu,model_only,1,209,1,0.0140469,14.046899999999999,14046.9,71.19008464501064,10,2026-07-25T20:06:25.387258+00:00,,
42,cpu,model_only,1,210,1,0.0139164,13.916400000000001,13916.400000000001,71.85766433847834,10,2026-07-25T20:06:25.387258+00:00,,
42,cpu,model_only,1,211,1,0.0121527,12.152700000000001,12152.7,82.28624091765616,10,2026-07-25T20:06:25.387258+00:00,,
42,cpu,model_only,1,212,1,0.0128307,12.8307,12830.7,77.9380704092528,10,2026-07-25T20:06:25.387258+00:00,,
42,cpu,model_only,1,213,1,0.0142897,14.2897,14289.7,69.98047544735019,10,2026-07-25T20:06:25.387258+00:00,,
42,cpu,model_only,1,214,1,0.0138808,13.8808,13880.800000000001,72.04195723589419,10,2026-07-25T20:06:25.387258+00:00,,
42,cpu,model_only,1,215,1,0.0128858,12.8858,12885.8,77.60480528954353,10,2026-07-25T20:06:25.387258+00:00,,
42,cpu,model_only,1,216,1,0.012828,12.828000000000001,12828.0,77.95447458684129,10,2026-07-25T20:06:25.387258+00:00,,
42,cpu,model_only,1,217,1,0.0124691,12.469100000000001,12469.1,80.19825007418338,10,2026-07-25T20:06:25.387258+00:00,,
42,cpu,model_only,1,218,1,0.0101112,10.1112,10111.2,98.90022944853231,10,2026-07-25T20:06:25.387258+00:00,,
42,cpu,model_only,1,219,1,0.011406,11.405999999999999,11406.0,87.6731544800982,10,2026-07-25T20:06:25.387258+00:00,,
42,cpu,model_only,1,220,1,0.013564,13.564,13564.0,73.72456502506635,10,2026-07-25T20:06:25.387258+00:00,,
42,cpu,model_only,1,221,1,0.0149152,14.9152,14915.2,67.04569834799399,10,2026-07-25T20:06:25.387258+00:00,,
42,cpu,model_only,1,222,1,0.0132284,13.228399999999999,13228.4,75.59493211575096,10,2026-07-25T20:06:25.387258+00:00,,
42,cpu,model_only,1,223,1,0.0133406,13.340599999999998,13340.599999999999,74.95914726474072,10,2026-07-25T20:06:25.387258+00:00,,
42,cpu,model_only,1,224,1,0.01355,13.549999999999999,13550.0,73.80073800738008,10,2026-07-25T20:06:25.387258+00:00,,
42,cpu,model_only,1,225,1,0.0154525,15.452499999999999,15452.5,64.71444750040448,10,2026-07-25T20:06:25.387258+00:00,,
42,cpu,model_only,1,226,1,0.0132321,13.2321,13232.1,75.57379403118175,10,2026-07-25T20:06:25.387258+00:00,,
42,cpu,model_only,1,227,1,0.0141226,14.1226,14122.6,70.8084913542832,10,2026-07-25T20:06:25.387258+00:00,,
42,cpu,model_only,1,228,1,0.0134721,13.472100000000001,13472.1,74.22747752763118,10,2026-07-25T20:06:25.387258+00:00,,
42,cpu,model_only,1,229,1,0.012026,12.026,12026.0,83.15316813570597,10,2026-07-25T20:06:25.387258+00:00,,
42,cpu,model_only,1,230,1,0.0128494,12.849400000000001,12849.4,77.8246455087397,10,2026-07-25T20:06:25.387258+00:00,,
42,cpu,model_only,1,231,1,0.0124353,12.4353,12435.3,80.41623442940661,10,2026-07-25T20:06:25.387258+00:00,,
42,cpu,model_only,1,232,1,0.0131854,13.1854,13185.4,75.84146100990489,10,2026-07-25T20:06:25.387258+00:00,,
42,cpu,model_only,1,233,1,0.0114486,11.448599999999999,11448.6,87.34692451478783,10,2026-07-25T20:06:25.387258+00:00,,
42,cpu,model_only,1,234,1,0.0108569,10.8569,10856.9,92.10732345328778,10,2026-07-25T20:06:25.387258+00:00,,
42,cpu,model_only,1,235,1,0.0124574,12.4574,12457.4,80.27357233451603,10,2026-07-25T20:06:25.387258+00:00,,
42,cpu,model_only,1,236,1,0.0134561,13.456100000000001,13456.1,74.31573784380318,10,2026-07-25T20:06:25.387258+00:00,,
42,cpu,model_only,1,237,1,0.01373,13.729999999999999,13730.0,72.83321194464676,10,2026-07-25T20:06:25.387258+00:00,,
42,cpu,model_only,1,238,1,0.0128693,12.8693,12869.300000000001,77.70430404140085,10,2026-07-25T20:06:25.387258+00:00,,
42,cpu,model_only,1,239,1,0.014188,14.187999999999999,14188.0,70.482097547223,10,2026-07-25T20:06:25.387258+00:00,,
42,cpu,model_only,1,240,1,0.0122041,12.2041,12204.1,81.93967601052105,10,2026-07-25T20:06:25.387258+00:00,,
42,cpu,model_only,1,241,1,0.012025,12.024999999999999,12025.0,83.16008316008316,10,2026-07-25T20:06:25.387258+00:00,,
42,cpu,model_only,1,242,1,0.0137948,13.794799999999999,13794.8,72.4910835967176,10,2026-07-25T20:06:25.387258+00:00,,
42,cpu,model_only,1,243,1,0.0114295,11.4295,11429.5,87.49289120258979,10,2026-07-25T20:06:25.387258+00:00,,
42,cpu,model_only,1,244,1,0.0114866,11.4866,11486.6,87.05796319189317,10,2026-07-25T20:06:25.387258+00:00,,
42,cpu,model_only,1,245,1,0.0129019,12.9019,12901.9,77.50796394329518,10,2026-07-25T20:06:25.387258+00:00,,
42,cpu,model_only,1,246,1,0.011595,11.594999999999999,11595.0,86.244070720138,10,2026-07-25T20:06:25.387258+00:00,,
42,cpu,model_only,1,247,1,0.0130024,13.002400000000002,13002.400000000001,76.90887836091798,10,2026-07-25T20:06:25.387258+00:00,,
42,cpu,model_only,1,248,1,0.0131533,13.1533,13153.3,76.02654847072598,10,2026-07-25T20:06:25.387258+00:00,,
42,cpu,model_only,1,249,1,0.0122088,12.2088,12208.800000000001,81.908131839329,10,2026-07-25T20:06:25.387258+00:00,,
42,cpu,model_only,1,250,1,0.0127382,12.738199999999999,12738.2,78.50402725659826,10,2026-07-25T20:06:25.387258+00:00,,
42,cpu,model_only,1,251,1,0.0123902,12.3902,12390.2,80.70894739390809,10,2026-07-25T20:06:25.387258+00:00,,
42,cpu,model_only,1,252,1,0.0119811,11.9811,11981.1,83.46479037817896,10,2026-07-25T20:06:25.387258+00:00,,
42,cpu,model_only,1,253,1,0.0115093,11.5093,11509.3,86.88625720069857,10,2026-07-25T20:06:25.387258+00:00,,
42,cpu,model_only,1,254,1,0.0111354,11.1354,11135.4,89.80368913554969,10,2026-07-25T20:06:25.387258+00:00,,
42,cpu,model_only,1,255,1,0.0104361,10.4361,10436.1,95.82123590230067,10,2026-07-25T20:06:25.387258+00:00,,
42,cpu,model_only,1,256,1,0.0135031,13.5031,13503.1,74.05706837689122,10,2026-07-25T20:06:25.387258+00:00,,
42,cpu,model_only,1,257,1,0.01251,12.51,12510.0,79.93605115907275,10,2026-07-25T20:06:25.387258+00:00,,
42,cpu,model_only,1,258,1,0.0127734,12.7734,12773.400000000001,78.2876916091252,10,2026-07-25T20:06:25.387258+00:00,,
42,cpu,model_only,1,259,1,0.0135507,13.5507,13550.7,73.79692562007867,10,2026-07-25T20:06:25.387258+00:00,,
42,cpu,model_only,1,260,1,0.0134769,13.4769,13476.9,74.20104029858499,10,2026-07-25T20:06:25.387258+00:00,,
42,cpu,model_only,1,261,1,0.0119178,11.9178,11917.8,83.90810384466933,10,2026-07-25T20:06:25.387258+00:00,,
42,cpu,model_only,1,262,1,0.0136987,13.698699999999999,13698.699999999999,72.99962770189872,10,2026-07-25T20:06:25.387258+00:00,,
42,cpu,model_only,1,263,1,0.0112959,11.2959,11295.9,88.52769588965909,10,2026-07-25T20:06:25.387258+00:00,,
42,cpu,model_only,1,264,1,0.0130242,13.0242,13024.199999999999,76.78014772500423,10,2026-07-25T20:06:25.387258+00:00,,
42,cpu,model_only,1,265,1,0.0117818,11.7818,11781.800000000001,84.87667419239844,10,2026-07-25T20:06:25.387258+00:00,,
42,cpu,model_only,1,266,1,0.0124127,12.412700000000001,12412.7,80.5626495444182,10,2026-07-25T20:06:25.387258+00:00,,
42,cpu,model_only,1,267,1,0.0147817,14.7817,14781.7,67.65121738365681,10,2026-07-25T20:06:25.387258+00:00,,
42,cpu,model_only,1,268,1,0.0130824,13.0824,13082.4,76.43857396196417,10,2026-07-25T20:06:25.387258+00:00,,
42,cpu,model_only,1,269,1,0.0116112,11.6112,11611.2,86.12374259335813,10,2026-07-25T20:06:25.387258+00:00,,
42,cpu,model_only,1,270,1,0.0117341,11.734100000000002,11734.1,85.22170426364185,10,2026-07-25T20:06:25.387258+00:00,,
42,cpu,model_only,1,271,1,0.0137595,13.7595,13759.5,72.67705948617319,10,2026-07-25T20:06:25.387258+00:00,,
42,cpu,model_only,1,272,1,0.0132977,13.2977,13297.7,75.20097460463087,10,2026-07-25T20:06:25.387258+00:00,,
42,cpu,model_only,1,273,1,0.0118641,11.8641,11864.1,84.28789372982358,10,2026-07-25T20:06:25.387258+00:00,,
42,cpu,model_only,1,274,1,0.0121918,12.191799999999999,12191.8,82.02234288620221,10,2026-07-25T20:06:25.387258+00:00,,
42,cpu,model_only,1,275,1,0.0126513,12.6513,12651.300000000001,79.043260376404,10,2026-07-25T20:06:25.387258+00:00,,
42,cpu,model_only,1,276,1,0.0115605,11.5605,11560.5,86.50144889926906,10,2026-07-25T20:06:25.387258+00:00,,
42,cpu,model_only,1,277,1,0.0123581,12.3581,12358.1,80.91858780880555,10,2026-07-25T20:06:25.387258+00:00,,
42,cpu,model_only,1,278,1,0.0100587,10.0587,10058.7,99.41642558183463,10,2026-07-25T20:06:25.387258+00:00,,
42,cpu,model_only,1,279,1,0.0131168,13.1168,13116.8,76.23810685533057,10,2026-07-25T20:06:25.387258+00:00,,
42,cpu,model_only,1,280,1,0.0134849,13.4849,13484.9,74.15702007430534,10,2026-07-25T20:06:25.387258+00:00,,
42,cpu,model_only,1,281,1,0.0132529,13.2529,13252.9,75.45518339382323,10,2026-07-25T20:06:25.387258+00:00,,
42,cpu,model_only,1,282,1,0.01128,11.28,11280.0,88.65248226950355,10,2026-07-25T20:06:25.387258+00:00,,
42,cpu,model_only,1,283,1,0.012955,12.955,12955.0,77.19027402547279,10,2026-07-25T20:06:25.387258+00:00,,
42,cpu,model_only,1,284,1,0.0123872,12.3872,12387.199999999999,80.72849392921727,10,2026-07-25T20:06:25.387258+00:00,,
42,cpu,model_only,1,285,1,0.0095928,9.5928,9592.800000000001,104.24485030439496,10,2026-07-25T20:06:25.387258+00:00,,
42,cpu,model_only,1,286,1,0.0116102,11.610199999999999,11610.199999999999,86.13116053125701,10,2026-07-25T20:06:25.387258+00:00,,
42,cpu,model_only,1,287,1,0.0138233,13.8233,13823.3,72.34162609507136,10,2026-07-25T20:06:25.387258+00:00,,
42,cpu,model_only,1,288,1,0.0137907,13.7907,13790.699999999999,72.51263532670568,10,2026-07-25T20:06:25.387258+00:00,,
42,cpu,model_only,1,289,1,0.0127224,12.7224,12722.4,78.6015217254606,10,2026-07-25T20:06:25.387258+00:00,,
42,cpu,model_only,1,290,1,0.0132689,13.2689,13268.9,75.36419748434308,10,2026-07-25T20:06:25.387258+00:00,,
42,cpu,model_only,1,291,1,0.0125219,12.5219,12521.900000000001,79.86008513085075,10,2026-07-25T20:06:25.387258+00:00,,
42,cpu,model_only,1,292,1,0.0127471,12.747100000000001,12747.1,78.44921590008707,10,2026-07-25T20:06:25.387258+00:00,,
42,cpu,model_only,1,293,1,0.0123241,12.3241,12324.099999999999,81.14182780081305,10,2026-07-25T20:06:25.387258+00:00,,
42,cpu,model_only,1,294,1,0.0130285,13.0285,13028.5,76.75480676977395,10,2026-07-25T20:06:25.387258+00:00,,
42,cpu,model_only,1,295,1,0.0128246,12.8246,12824.6,77.97514152488186,10,2026-07-25T20:06:25.387258+00:00,,
42,cpu,model_only,1,296,1,0.0130404,13.0404,13040.400000000001,76.68476427103462,10,2026-07-25T20:06:25.387258+00:00,,
42,cpu,model_only,1,297,1,0.0132287,13.2287,13228.699999999999,75.59321777650109,10,2026-07-25T20:06:25.387258+00:00,,
42,cpu,model_only,1,298,1,0.0121647,12.1647,12164.7,82.20506876454002,10,2026-07-25T20:06:25.387258+00:00,,
42,cpu,model_only,1,299,1,0.0137828,13.7828,13782.8,72.55419798589547,10,2026-07-25T20:06:25.387258+00:00,,
42,cpu,model_only,1,300,1,0.0133353,13.3353,13335.3,74.9889391314781,10,2026-07-25T20:06:25.387258+00:00,,
42,cpu,model_only,1,301,1,0.0133125,13.3125,13312.5,75.11737089201878,10,2026-07-25T20:06:25.387258+00:00,,
42,cpu,model_only,1,302,1,0.013667,13.667,13667.0,73.16894709885125,10,2026-07-25T20:06:25.387258+00:00,,
42,cpu,model_only,1,303,1,0.0139548,13.9548,13954.8,71.65993063318714,10,2026-07-25T20:06:25.387258+00:00,,
42,cpu,model_only,1,304,1,0.0145656,14.5656,14565.6,68.65491294557039,10,2026-07-25T20:06:25.387258+00:00,,
42,cpu,model_only,1,305,1,0.0134274,13.4274,13427.400000000001,74.47458182522304,10,2026-07-25T20:06:25.387258+00:00,,
42,cpu,model_only,1,306,1,0.0138074,13.8074,13807.4,72.42493155843968,10,2026-07-25T20:06:25.387258+00:00,,
42,cpu,model_only,1,307,1,0.0134178,13.4178,13417.800000000001,74.52786596908584,10,2026-07-25T20:06:25.387258+00:00,,
42,cpu,model_only,1,308,1,0.0128913,12.8913,12891.3,77.571695639695,10,2026-07-25T20:06:25.387258+00:00,,
42,cpu,model_only,1,309,1,0.0140034,14.0034,14003.4,71.41122870160105,10,2026-07-25T20:06:25.387258+00:00,,
42,cpu,model_only,1,310,1,0.0128727,12.8727,12872.7,77.68378040348955,10,2026-07-25T20:06:25.387258+00:00,,
42,cpu,model_only,1,311,1,0.0126551,12.655100000000001,12655.1,79.0195257248066,10,2026-07-25T20:06:25.387258+00:00,,
42,cpu,model_only,1,312,1,0.0133311,13.331100000000001,13331.1,75.01256460457127,10,2026-07-25T20:06:25.387258+00:00,,
42,cpu,model_only,1,313,1,0.0119489,11.9489,11948.9,83.68971202370092,10,2026-07-25T20:06:25.387258+00:00,,
42,cpu,model_only,1,314,1,0.0114739,11.4739,11473.9,87.15432416179328,10,2026-07-25T20:06:25.387258+00:00,,
42,cpu,model_only,1,315,1,0.0136281,13.6281,13628.1,73.37780028030319,10,2026-07-25T20:06:25.387258+00:00,,
42,cpu,model_only,1,316,1,0.0139644,13.9644,13964.4,71.61066712497494,10,2026-07-25T20:06:25.387258+00:00,,
42,cpu,model_only,1,317,1,0.0113862,11.3862,11386.2,87.82561346191002,10,2026-07-25T20:06:25.387258+00:00,,
42,cpu,model_only,1,318,1,0.0131884,13.1884,13188.4,75.82420915349853,10,2026-07-25T20:06:25.387258+00:00,,
42,cpu,model_only,1,319,1,0.0132479,13.2479,13247.9,75.48366156145502,10,2026-07-25T20:06:25.387258+00:00,,
42,cpu,model_only,1,320,1,0.0136879,13.687899999999999,13687.9,73.05722572491032,10,2026-07-25T20:06:25.387258+00:00,,
42,cpu,model_only,1,321,1,0.0128916,12.8916,12891.6,77.56989047131465,10,2026-07-25T20:06:25.387258+00:00,,
42,cpu,model_only,1,322,1,0.0135184,13.5184,13518.4,73.97325127233992,10,2026-07-25T20:06:25.387258+00:00,,
42,cpu,model_only,1,323,1,0.0112614,11.2614,11261.4,88.79890599747812,10,2026-07-25T20:06:25.387258+00:00,,
42,cpu,model_only,1,324,1,0.0132392,13.2392,13239.199999999999,75.53326484983987,10,2026-07-25T20:06:25.387258+00:00,,
42,cpu,model_only,1,325,1,0.0120435,12.0435,12043.5,83.03234109685722,10,2026-07-25T20:06:25.387258+00:00,,
42,cpu,model_only,1,326,1,0.0117719,11.7719,11771.9,84.94805426481706,10,2026-07-25T20:06:25.387258+00:00,,
42,cpu,model_only,1,327,1,0.0152637,15.2637,15263.7,65.51491447027917,10,2026-07-25T20:06:25.387258+00:00,,
42,cpu,model_only,1,328,1,0.0130899,13.0899,13089.9,76.39477765299964,10,2026-07-25T20:06:25.387258+00:00,,
42,cpu,model_only,1,329,1,0.0107175,10.7175,10717.5,93.30534173081409,10,2026-07-25T20:06:25.387258+00:00,,
42,cpu,model_only,1,330,1,0.0116543,11.6543,11654.3,85.8052392679097,10,2026-07-25T20:06:25.387258+00:00,,
42,cpu,model_only,1,331,1,0.0126226,12.6226,12622.599999999999,79.22298100232916,10,2026-07-25T20:06:25.387258+00:00,,
42,cpu,model_only,1,332,1,0.0127811,12.7811,12781.1,78.24052702819006,10,2026-07-25T20:06:25.387258+00:00,,
42,cpu,model_only,1,333,1,0.0139625,13.962499999999999,13962.5,71.62041181736795,10,2026-07-25T20:06:25.387258+00:00,,
42,cpu,model_only,1,334,1,0.0136945,13.6945,13694.5,73.02201613786556,10,2026-07-25T20:06:25.387258+00:00,,
42,cpu,model_only,1,335,1,0.0126162,12.6162,12616.199999999999,79.263169575625,10,2026-07-25T20:06:25.387258+00:00,,
42,cpu,model_only,1,336,1,0.0113921,11.392100000000001,11392.1,87.78012833454763,10,2026-07-25T20:06:25.387258+00:00,,
42,cpu,model_only,1,337,1,0.0132005,13.2005,13200.5,75.75470626112647,10,2026-07-25T20:06:25.387258+00:00,,
42,cpu,model_only,1,338,1,0.0125791,12.579099999999999,12579.099999999999,79.49694334252848,10,2026-07-25T20:06:25.387258+00:00,,
42,cpu,model_only,1,339,1,0.0119427,11.9427,11942.7,83.73315916836226,10,2026-07-25T20:06:25.387258+00:00,,
42,cpu,model_only,1,340,1,0.0115844,11.5844,11584.4,86.32298608473464,10,2026-07-25T20:06:25.387258+00:00,,
42,cpu,model_only,1,341,1,0.0125561,12.5561,12556.1,79.64256417199607,10,2026-07-25T20:06:25.387258+00:00,,
42,cpu,model_only,1,342,1,0.0121336,12.1336,12133.6,82.41577108195425,10,2026-07-25T20:06:25.387258+00:00,,
42,cpu,model_only,1,343,1,0.0157781,15.7781,15778.1,63.37898733054043,10,2026-07-25T20:06:25.387258+00:00,,
42,cpu,model_only,1,344,1,0.0140057,14.0057,14005.699999999999,71.39950163147861,10,2026-07-25T20:06:25.387258+00:00,,
42,cpu,model_only,1,345,1,0.0139307,13.9307,13930.7,71.7839017421953,10,2026-07-25T20:06:25.387258+00:00,,
42,cpu,model_only,1,346,1,0.0135443,13.5443,13544.300000000001,73.83179640143824,10,2026-07-25T20:06:25.387258+00:00,,
42,cpu,model_only,1,347,1,0.0134711,13.4711,13471.1,74.23298765505416,10,2026-07-25T20:06:25.387258+00:00,,
42,cpu,model_only,1,348,1,0.013168,13.168,13168.0,75.94167679222357,10,2026-07-25T20:06:25.387258+00:00,,
42,cpu,model_only,1,349,1,0.0137381,13.7381,13738.1,72.79026939678704,10,2026-07-25T20:06:25.387258+00:00,,
42,cpu,model_only,1,350,1,0.01158,11.58,11580.0,86.35578583765113,10,2026-07-25T20:06:25.387258+00:00,,
42,cpu,model_only,1,351,1,0.0134503,13.4503,13450.3,74.34778406429596,10,2026-07-25T20:06:25.387258+00:00,,
42,cpu,model_only,1,352,1,0.0138312,13.8312,13831.2,72.30030655329979,10,2026-07-25T20:06:25.387258+00:00,,
42,cpu,model_only,1,353,1,0.0129172,12.9172,12917.2,77.4161583005605,10,2026-07-25T20:06:25.387258+00:00,,
42,cpu,model_only,1,354,1,0.0158125,15.8125,15812.5,63.241106719367586,10,2026-07-25T20:06:25.387258+00:00,,
42,cpu,model_only,1,355,1,0.0113979,11.3979,11397.900000000001,87.73546004088472,10,2026-07-25T20:06:25.387258+00:00,,
42,cpu,model_only,1,356,1,0.0126368,12.636800000000001,12636.8,79.13395796404153,10,2026-07-25T20:06:25.387258+00:00,,
42,cpu,model_only,1,357,1,0.0130175,13.0175,13017.5,76.81966583445362,10,2026-07-25T20:06:25.387258+00:00,,
42,cpu,model_only,1,358,1,0.0133414,13.3414,13341.4,74.95465243527666,10,2026-07-25T20:06:25.387258+00:00,,
42,cpu,model_only,1,359,1,0.0156414,15.641399999999999,15641.4,63.93289603232447,10,2026-07-25T20:06:25.387258+00:00,,
42,cpu,model_only,1,360,1,0.0157212,15.721200000000001,15721.2,63.60837595094522,10,2026-07-25T20:06:25.387258+00:00,,
42,cpu,model_only,1,361,1,0.0136527,13.6527,13652.7,73.24558512235674,10,2026-07-25T20:06:25.387258+00:00,,
42,cpu,model_only,1,362,1,0.0131691,13.1691,13169.1,75.93533347001694,10,2026-07-25T20:06:25.387258+00:00,,
42,cpu,model_only,1,363,1,0.0123011,12.3011,12301.1,81.29354285389111,10,2026-07-25T20:06:25.387258+00:00,,
42,cpu,model_only,1,364,1,0.0124691,12.469100000000001,12469.1,80.19825007418338,10,2026-07-25T20:06:25.387258+00:00,,
42,cpu,model_only,1,365,1,0.0129134,12.913400000000001,12913.4,77.43893939628603,10,2026-07-25T20:06:25.387258+00:00,,
42,cpu,model_only,1,366,1,0.0128297,12.829699999999999,12829.699999999999,77.94414522553139,10,2026-07-25T20:06:25.387258+00:00,,
42,cpu,model_only,1,367,1,0.0129659,12.965900000000001,12965.900000000001,77.12538273471182,10,2026-07-25T20:06:25.387258+00:00,,
42,cpu,model_only,1,368,1,0.0128959,12.8959,12895.9,77.54402562054607,10,2026-07-25T20:06:25.387258+00:00,,
42,cpu,model_only,1,369,1,0.0130337,13.0337,13033.7,76.72418423011118,10,2026-07-25T20:06:25.387258+00:00,,
42,cpu,model_only,1,370,1,0.0137278,13.7278,13727.8,72.8448841037894,10,2026-07-25T20:06:25.387258+00:00,,
42,cpu,model_only,1,371,1,0.0156931,15.693100000000001,15693.100000000002,63.72227284602786,10,2026-07-25T20:06:25.387258+00:00,,
42,cpu,model_only,1,372,1,0.0147968,14.796800000000001,14796.800000000001,67.58217993079585,10,2026-07-25T20:06:25.387258+00:00,,
42,cpu,model_only,1,373,1,0.0137687,13.7687,13768.7,72.62849797003348,10,2026-07-25T20:06:25.387258+00:00,,
42,cpu,model_only,1,374,1,0.0122003,12.2003,12200.300000000001,81.96519757710875,10,2026-07-25T20:06:25.387258+00:00,,
42,cpu,model_only,1,375,1,0.0130541,13.0541,13054.1,76.60428524371653,10,2026-07-25T20:06:25.387258+00:00,,
42,cpu,model_only,1,376,1,0.0140088,14.0088,14008.8,71.38370167323397,10,2026-07-25T20:06:25.387258+00:00,,
42,cpu,model_only,1,377,1,0.0132953,13.2953,13295.3,75.21454950245575,10,2026-07-25T20:06:25.387258+00:00,,
42,cpu,model_only,1,378,1,0.0143263,14.3263,14326.3,69.80169338908162,10,2026-07-25T20:06:25.387258+00:00,,
42,cpu,model_only,1,379,1,0.0135092,13.5092,13509.2,74.02362834216682,10,2026-07-25T20:06:25.387258+00:00,,
42,cpu,model_only,1,380,1,0.0146702,14.6702,14670.199999999999,68.16539651811155,10,2026-07-25T20:06:25.387258+00:00,,
42,cpu,model_only,1,381,1,0.0155478,15.5478,15547.800000000001,64.31778129381648,10,2026-07-25T20:06:25.387258+00:00,,
42,cpu,model_only,1,382,1,0.0124489,12.4489,12448.900000000001,80.32838242736305,10,2026-07-25T20:06:25.387258+00:00,,
42,cpu,model_only,1,383,1,0.0105212,10.5212,10521.199999999999,95.04619244953048,10,2026-07-25T20:06:25.387258+00:00,,
42,cpu,model_only,1,384,1,0.0121263,12.126299999999999,12126.3,82.46538515458137,10,2026-07-25T20:06:25.387258+00:00,,
42,cpu,model_only,1,385,1,0.0128903,12.8903,12890.300000000001,77.57771347447306,10,2026-07-25T20:06:25.387258+00:00,,
42,cpu,model_only,1,386,1,0.0132983,13.298300000000001,13298.300000000001,75.19758164577426,10,2026-07-25T20:06:25.387258+00:00,,
42,cpu,model_only,1,387,1,0.0121161,12.1161,12116.099999999999,82.53480905571925,10,2026-07-25T20:06:25.387258+00:00,,
42,cpu,model_only,1,388,1,0.013673,13.673,13673.0,73.13683902581731,10,2026-07-25T20:06:25.387258+00:00,,
42,cpu,model_only,1,389,1,0.0146053,14.6053,14605.3,68.46829575565035,10,2026-07-25T20:06:25.387258+00:00,,
42,cpu,model_only,1,390,1,0.0132341,13.2341,13234.1,75.56237296076046,10,2026-07-25T20:06:25.387258+00:00,,
42,cpu,model_only,1,391,1,0.0129896,12.989600000000001,12989.6,76.98466465480077,10,2026-07-25T20:06:25.387258+00:00,,
42,cpu,model_only,1,392,1,0.0142156,14.2156,14215.6,70.34525450913081,10,2026-07-25T20:06:25.387258+00:00,,
42,cpu,model_only,1,393,1,0.0117765,11.7765,11776.5,84.91487283997792,10,2026-07-25T20:06:25.387258+00:00,,
42,cpu,model_only,1,394,1,0.0114966,11.496599999999999,11496.599999999999,86.98223822695407,10,2026-07-25T20:06:25.387258+00:00,,
42,cpu,model_only,1,395,1,0.0124289,12.4289,12428.9,80.4576430738038,10,2026-07-25T20:06:25.387258+00:00,,
42,cpu,model_only,1,396,1,0.0129717,12.971699999999998,12971.699999999999,77.09089787768758,10,2026-07-25T20:06:25.387258+00:00,,
42,cpu,model_only,1,397,1,0.0131494,13.1494,13149.4,76.04909729721508,10,2026-07-25T20:06:25.387258+00:00,,
42,cpu,model_only,1,398,1,0.0146205,14.6205,14620.5,68.39711364180431,10,2026-07-25T20:06:25.387258+00:00,,
42,cpu,model_only,1,399,1,0.012769,12.769,12769.0,78.31466833737959,10,2026-07-25T20:06:25.387258+00:00,,
42,cpu,model_only,1,400,1,0.0123683,12.3683,12368.300000000001,80.85185514581632,10,2026-07-25T20:06:25.387258+00:00,,
42,cpu,model_only,1,401,1,0.0113376,11.3376,11337.6,88.20208862545866,10,2026-07-25T20:06:25.387258+00:00,,
42,cpu,model_only,1,402,1,0.0124445,12.444500000000001,12444.5,80.35678412149946,10,2026-07-25T20:06:25.387258+00:00,,
42,cpu,model_only,1,403,1,0.0140039,14.0039,14003.9,71.40867901084698,10,2026-07-25T20:06:25.387258+00:00,,
42,cpu,model_only,1,404,1,0.0137577,13.7577,13757.699999999999,72.68656824905327,10,2026-07-25T20:06:25.387258+00:00,,
42,cpu,model_only,1,405,1,0.0135369,13.5369,13536.9,73.87215684536342,10,2026-07-25T20:06:25.387258+00:00,,
42,cpu,model_only,1,406,1,0.0131028,13.1028,13102.8,76.31956528375615,10,2026-07-25T20:06:25.387258+00:00,,
42,cpu,model_only,1,407,1,0.0138195,13.8195,13819.5,72.36151814465067,10,2026-07-25T20:06:25.387258+00:00,,
42,cpu,model_only,1,408,1,0.0135653,13.5653,13565.300000000001,73.71749979727687,10,2026-07-25T20:06:25.387258+00:00,,
42,cpu,model_only,1,409,1,0.0131753,13.1753,13175.3,75.89960000910796,10,2026-07-25T20:06:25.387258+00:00,,
42,cpu,model_only,1,410,1,0.0139195,13.9195,13919.5,71.84166097920185,10,2026-07-25T20:06:25.387258+00:00,,
42,cpu,model_only,1,411,1,0.0138899,13.8899,13889.9,71.9947587815607,10,2026-07-25T20:06:25.387258+00:00,,
42,cpu,model_only,1,412,1,0.0161678,16.1678,16167.8,61.851334133277255,10,2026-07-25T20:06:25.387258+00:00,,
42,cpu,model_only,1,413,1,0.0131393,13.1393,13139.3,76.10755519700442,10,2026-07-25T20:06:25.387258+00:00,,
42,cpu,model_only,1,414,1,0.013467,13.467,13467.0,74.2555877329769,10,2026-07-25T20:06:25.387258+00:00,,
42,cpu,model_only,1,415,1,0.0139412,13.9412,13941.2,71.72983674289156,10,2026-07-25T20:06:25.387258+00:00,,
42,cpu,model_only,1,416,1,0.0122193,12.2193,12219.300000000001,81.83774847986382,10,2026-07-25T20:06:25.387258+00:00,,
42,cpu,model_only,1,417,1,0.0118493,11.8493,11849.3,84.3931709046104,10,2026-07-25T20:06:25.387258+00:00,,
42,cpu,model_only,1,418,1,0.0127301,12.7301,12730.099999999999,78.55397836623436,10,2026-07-25T20:06:25.387258+00:00,,
42,cpu,model_only,1,419,1,0.0158436,15.843599999999999,15843.599999999999,63.116968365775456,10,2026-07-25T20:06:25.387258+00:00,,
42,cpu,model_only,1,420,1,0.0151584,15.1584,15158.400000000001,65.97002322144817,10,2026-07-25T20:06:25.387258+00:00,,
42,cpu,model_only,1,421,1,0.0138765,13.8765,13876.5,72.06428133895434,10,2026-07-25T20:06:25.387258+00:00,,
42,cpu,model_only,1,422,1,0.0119132,11.9132,11913.2,83.9405029714938,10,2026-07-25T20:06:25.387258+00:00,,
42,cpu,model_only,1,423,1,0.0120139,12.0139,12013.9,83.23691723753319,10,2026-07-25T20:06:25.387258+00:00,,
42,cpu,model_only,1,424,1,0.0129057,12.905700000000001,12905.7,77.48514222397854,10,2026-07-25T20:06:25.387258+00:00,,
42,cpu,model_only,1,425,1,0.0110479,11.047899999999998,11047.9,90.51493949076296,10,2026-07-25T20:06:25.387258+00:00,,
42,cpu,model_only,1,426,1,0.0104315,10.4315,10431.5,95.8634903896851,10,2026-07-25T20:06:25.387258+00:00,,
42,cpu,model_only,1,427,1,0.0125042,12.5042,12504.2,79.97312902864637,10,2026-07-25T20:06:25.387258+00:00,,
42,cpu,model_only,1,428,1,0.0140345,14.0345,14034.5,71.25298371869322,10,2026-07-25T20:06:25.387258+00:00,,
42,cpu,model_only,1,429,1,0.0150951,15.0951,15095.1,66.24666282436023,10,2026-07-25T20:06:25.387258+00:00,,
42,cpu,model_only,1,430,1,0.0132071,13.207099999999999,13207.099999999999,75.71684927046816,10,2026-07-25T20:06:25.387258+00:00,,
42,cpu,model_only,1,431,1,0.0158319,15.8319,15831.9,63.163612705992335,10,2026-07-25T20:06:25.387258+00:00,,
42,cpu,model_only,1,432,1,0.0139957,13.9957,13995.699999999999,71.45051694449009,10,2026-07-25T20:06:25.387258+00:00,,
42,cpu,model_only,1,433,1,0.0135386,13.538599999999999,13538.6,73.86288094780849,10,2026-07-25T20:06:25.387258+00:00,,
42,cpu,model_only,1,434,1,0.013088,13.088000000000001,13088.0,76.40586797066014,10,2026-07-25T20:06:25.387258+00:00,,
42,cpu,model_only,1,435,1,0.0133886,13.3886,13388.6,74.69040825777154,10,2026-07-25T20:06:25.387258+00:00,,
42,cpu,model_only,1,436,1,0.0129397,12.9397,12939.7,77.28154439438318,10,2026-07-25T20:06:25.387258+00:00,,
42,cpu,model_only,1,437,1,0.0125457,12.5457,12545.7,79.7085854117347,10,2026-07-25T20:06:25.387258+00:00,,
42,cpu,model_only,1,438,1,0.0110225,11.022499999999999,11022.5,90.72352007257882,10,2026-07-25T20:06:25.387258+00:00,,
42,cpu,model_only,1,439,1,0.0123766,12.3766,12376.6,80.7976342452693,10,2026-07-25T20:06:25.387258+00:00,,
42,cpu,model_only,1,440,1,0.012998,12.998,12998.0,76.93491306354824,10,2026-07-25T20:06:25.387258+00:00,,
42,cpu,model_only,1,441,1,0.0142005,14.2005,14200.5,70.42005563184395,10,2026-07-25T20:06:25.387258+00:00,,
42,cpu,model_only,1,442,1,0.014012,14.012,14012.0,71.36739937196688,10,2026-07-25T20:06:25.387258+00:00,,
42,cpu,model_only,1,443,1,0.013471,13.471,13471.0,74.23353871279043,10,2026-07-25T20:06:25.387258+00:00,,
42,cpu,model_only,1,444,1,0.013017,13.017000000000001,13017.0,76.82261657832065,10,2026-07-25T20:06:25.387258+00:00,,
42,cpu,model_only,1,445,1,0.013343,13.343,13343.0,74.94566439331484,10,2026-07-25T20:06:25.387258+00:00,,
42,cpu,model_only,1,446,1,0.014117,14.116999999999999,14117.0,70.83658000991713,10,2026-07-25T20:06:25.387258+00:00,,
42,cpu,model_only,1,447,1,0.0135526,13.5526,13552.6,73.78657969688473,10,2026-07-25T20:06:25.387258+00:00,,
42,cpu,model_only,1,448,1,0.0138314,13.8314,13831.400000000001,72.29926110155154,10,2026-07-25T20:06:25.387258+00:00,,
42,cpu,model_only,1,449,1,0.0132175,13.2175,13217.5,75.65727255532438,10,2026-07-25T20:06:25.387258+00:00,,
42,cpu,model_only,1,450,1,0.0130251,13.0251,13025.1,76.77484241963593,10,2026-07-25T20:06:25.387258+00:00,,
42,cpu,model_only,1,451,1,0.0134997,13.4997,13499.7,74.07572020118965,10,2026-07-25T20:06:25.387258+00:00,,
42,cpu,model_only,1,452,1,0.0132557,13.255700000000001,13255.7,75.439245004036,10,2026-07-25T20:06:25.387258+00:00,,
42,cpu,model_only,1,453,1,0.0116824,11.682400000000001,11682.400000000001,85.59884955146202,10,2026-07-25T20:06:25.387258+00:00,,
42,cpu,model_only,1,454,1,0.0140185,14.0185,14018.5,71.33430823554589,10,2026-07-25T20:06:25.387258+00:00,,
42,cpu,model_only,1,455,1,0.0124402,12.4402,12440.2,80.38455973376634,10,2026-07-25T20:06:25.387258+00:00,,
42,cpu,model_only,1,456,1,0.0134737,13.4737,13473.7,74.21866302500426,10,2026-07-25T20:06:25.387258+00:00,,
42,cpu,model_only,1,457,1,0.01362,13.620000000000001,13620.0,73.42143906020559,10,2026-07-25T20:06:25.387258+00:00,,
42,cpu,model_only,1,458,1,0.0138146,13.8146,13814.6,72.38718457284322,10,2026-07-25T20:06:25.387258+00:00,,
42,cpu,model_only,1,459,1,0.0142451,14.2451,14245.1,70.19957739854406,10,2026-07-25T20:06:25.387258+00:00,,
42,cpu,model_only,1,460,1,0.0120947,12.0947,12094.7,82.68084367532886,10,2026-07-25T20:06:25.387258+00:00,,
42,cpu,model_only,1,461,1,0.0141907,14.1907,14190.7,70.46868723882542,10,2026-07-25T20:06:25.387258+00:00,,
42,cpu,model_only,1,462,1,0.0122134,12.2134,12213.4,81.87728232924493,10,2026-07-25T20:06:25.387258+00:00,,
42,cpu,model_only,1,463,1,0.0130931,13.0931,13093.1,76.3761064988429,10,2026-07-25T20:06:25.387258+00:00,,
42,cpu,model_only,1,464,1,0.013504,13.504,13504.0,74.0521327014218,10,2026-07-25T20:06:25.387258+00:00,,
42,cpu,model_only,1,465,1,0.0122036,12.2036,12203.6,81.94303320331706,10,2026-07-25T20:06:25.387258+00:00,,
42,cpu,model_only,1,466,1,0.0102976,10.297600000000001,10297.6,97.1100062150404,10,2026-07-25T20:06:25.387258+00:00,,
42,cpu,model_only,1,467,1,0.0116636,11.663599999999999,11663.6,85.73682225042012,10,2026-07-25T20:06:25.387258+00:00,,
42,cpu,model_only,1,468,1,0.0152742,15.2742,15274.2,65.46987730944993,10,2026-07-25T20:06:25.387258+00:00,,
42,cpu,model_only,1,469,1,0.0121909,12.1909,12190.9,82.02839823146773,10,2026-07-25T20:06:25.387258+00:00,,
42,cpu,model_only,1,470,1,0.0107101,10.7101,10710.1,93.36980980569743,10,2026-07-25T20:06:25.387258+00:00,,
42,cpu,model_only,1,471,1,0.0128637,12.8637,12863.7,77.73813133079906,10,2026-07-25T20:06:25.387258+00:00,,
42,cpu,model_only,1,472,1,0.0124422,12.4422,12442.2,80.37163845622156,10,2026-07-25T20:06:25.387258+00:00,,
42,cpu,model_only,1,473,1,0.0119002,11.9002,11900.199999999999,84.03220113947665,10,2026-07-25T20:06:25.387258+00:00,,
42,cpu,model_only,1,474,1,0.0123185,12.3185,12318.5,81.17871494094248,10,2026-07-25T20:06:25.387258+00:00,,
42,cpu,model_only,1,475,1,0.0127057,12.7057,12705.7,78.70483326381073,10,2026-07-25T20:06:25.387258+00:00,,
42,cpu,model_only,1,476,1,0.0139375,13.9375,13937.5,71.74887892376681,10,2026-07-25T20:06:25.387258+00:00,,
42,cpu,model_only,1,477,1,0.0120642,12.064200000000001,12064.2,82.88987251537607,10,2026-07-25T20:06:25.387258+00:00,,
42,cpu,model_only,1,478,1,0.0135712,13.571200000000001,13571.2,73.68545154444706,10,2026-07-25T20:06:25.387258+00:00,,
42,cpu,model_only,1,479,1,0.0116829,11.6829,11682.9,85.59518612673223,10,2026-07-25T20:06:25.387258+00:00,,
42,cpu,model_only,1,480,1,0.0138579,13.857899999999999,13857.9,72.16100563577454,10,2026-07-25T20:06:25.387258+00:00,,
42,cpu,model_only,1,481,1,0.0153756,15.3756,15375.6,65.03811233382763,10,2026-07-25T20:06:25.387258+00:00,,
42,cpu,model_only,1,482,1,0.0136497,13.649700000000001,13649.7,73.26168340696132,10,2026-07-25T20:06:25.387258+00:00,,
42,cpu,model_only,1,483,1,0.0129377,12.9377,12937.7,77.2934911151132,10,2026-07-25T20:06:25.387258+00:00,,
42,cpu,model_only,1,484,1,0.0135746,13.574599999999998,13574.599999999999,73.66699571258086,10,2026-07-25T20:06:25.387258+00:00,,
42,cpu,model_only,1,485,1,0.0129026,12.9026,12902.6,77.50375893230822,10,2026-07-25T20:06:25.387258+00:00,,
42,cpu,model_only,1,486,1,0.0115738,11.5738,11573.800000000001,86.40204600044929,10,2026-07-25T20:06:25.387258+00:00,,
42,cpu,model_only,1,487,1,0.0133468,13.3468,13346.800000000001,74.92432643030538,10,2026-07-25T20:06:25.387258+00:00,,
42,cpu,model_only,1,488,1,0.0133288,13.3288,13328.8,75.0255086729488,10,2026-07-25T20:06:25.387258+00:00,,
42,cpu,model_only,1,489,1,0.0124024,12.402399999999998,12402.4,80.6295555698897,10,2026-07-25T20:06:25.387258+00:00,,
42,cpu,model_only,1,490,1,0.0157276,15.7276,15727.600000000002,63.58249192502352,10,2026-07-25T20:06:25.387258+00:00,,
42,cpu,model_only,1,491,1,0.0150334,15.0334,15033.400000000001,66.51855202415953,10,2026-07-25T20:06:25.387258+00:00,,
42,cpu,model_only,1,492,1,0.0127954,12.7954,12795.4,78.15308626537661,10,2026-07-25T20:06:25.387258+00:00,,
42,cpu,model_only,1,493,1,0.0111226,11.1226,11122.6,89.90703612464712,10,2026-07-25T20:06:25.387258+00:00,,
42,cpu,model_only,1,494,1,0.0121195,12.1195,12119.5,82.51165477123644,10,2026-07-25T20:06:25.387258+00:00,,
42,cpu,model_only,1,495,1,0.0128692,12.869200000000001,12869.2,77.70490784197929,10,2026-07-25T20:06:25.387258+00:00,,
42,cpu,model_only,1,496,1,0.0127264,12.7264,12726.400000000001,78.57681669600201,10,2026-07-25T20:06:25.387258+00:00,,
42,cpu,model_only,1,497,1,0.0116689,11.668899999999999,11668.9,85.6978806914105,10,2026-07-25T20:06:25.387258+00:00,,
42,cpu,model_only,1,498,1,0.0125799,12.5799,12579.9,79.49188785284461,10,2026-07-25T20:06:25.387258+00:00,,
42,cpu,model_only,1,499,1,0.0139677,13.967699999999999,13967.699999999999,71.59374843388676,10,2026-07-25T20:06:25.387258+00:00,,
42,cpu,model_only,1,500,1,0.0131554,13.1554,13155.4,76.01441233257826,10,2026-07-25T20:06:25.387258+00:00,,
42,cpu,model_only,1,501,1,0.0108838,10.8838,10883.800000000001,91.87967437843399,10,2026-07-25T20:06:25.387258+00:00,,
42,cpu,model_only,1,502,1,0.0133284,13.3284,13328.400000000001,75.02776027130038,10,2026-07-25T20:06:25.387258+00:00,,
42,cpu,model_only,1,503,1,0.0120229,12.0229,12022.9,83.1746084555307,10,2026-07-25T20:06:25.387258+00:00,,
42,cpu,model_only,1,504,1,0.0138805,13.8805,13880.5,72.0435142826267,10,2026-07-25T20:06:25.387258+00:00,,
42,cpu,model_only,1,505,1,0.0125211,12.5211,12521.1,79.865187563393,10,2026-07-25T20:06:25.387258+00:00,,
42,cpu,model_only,1,506,1,0.012516,12.516,12516.0,79.89773090444231,10,2026-07-25T20:06:25.387258+00:00,,
42,cpu,model_only,1,507,1,0.0141233,14.1233,14123.3,70.80498183852215,10,2026-07-25T20:06:25.387258+00:00,,
42,cpu,model_only,1,508,1,0.0133634,13.363399999999999,13363.4,74.8312555188051,10,2026-07-25T20:06:25.387258+00:00,,
42,cpu,model_only,1,509,1,0.0123655,12.365499999999999,12365.5,80.87016295337835,10,2026-07-25T20:06:25.387258+00:00,,
42,cpu,model_only,1,510,1,0.0137944,13.7944,13794.4,72.49318564054978,10,2026-07-25T20:06:25.387258+00:00,,
42,cpu,model_only,1,511,1,0.0138318,13.8318,13831.8,72.2971702887549,10,2026-07-25T20:06:25.387258+00:00,,
42,cpu,model_only,1,512,1,0.0154074,15.407399999999999,15407.4,64.90387735763335,10,2026-07-25T20:06:25.387258+00:00,,
42,cpu,model_only,1,513,1,0.0145358,14.5358,14535.8,68.79566312139683,10,2026-07-25T20:06:25.387258+00:00,,
42,cpu,model_only,1,514,1,0.0159784,15.9784,15978.4,62.58448906023131,10,2026-07-25T20:06:25.387258+00:00,,
42,cpu,model_only,1,515,1,0.0179258,17.9258,17925.8,55.78551584866506,10,2026-07-25T20:06:25.387258+00:00,,
42,cpu,model_only,1,516,1,0.0115569,11.5569,11556.9,86.52839429258711,10,2026-07-25T20:06:25.387258+00:00,,
42,cpu,model_only,1,517,1,0.0108429,10.8429,10842.900000000001,92.22624943511421,10,2026-07-25T20:06:25.387258+00:00,,
42,cpu,model_only,1,518,1,0.0123083,12.3083,12308.3,81.24598847931884,10,2026-07-25T20:06:25.387258+00:00,,
42,cpu,model_only,1,519,1,0.0138389,13.838899999999999,13838.9,72.26007847444522,10,2026-07-25T20:06:25.387258+00:00,,
42,cpu,model_only,1,520,1,0.0139586,13.9586,13958.6,71.64042239193043,10,2026-07-25T20:06:25.387258+00:00,,
42,cpu,model_only,1,521,1,0.0147185,14.7185,14718.5,67.94170601623806,10,2026-07-25T20:06:25.387258+00:00,,
42,cpu,model_only,1,522,1,0.0135689,13.5689,13568.9,73.69794161649065,10,2026-07-25T20:06:25.387258+00:00,,
42,cpu,model_only,1,523,1,0.0119062,11.9062,11906.2,83.9898540256337,10,2026-07-25T20:06:25.387258+00:00,,
42,cpu,model_only,1,524,1,0.0126675,12.6675,12667.5,78.9421748569173,10,2026-07-25T20:06:25.387258+00:00,,
42,cpu,model_only,1,525,1,0.0122549,12.254900000000001,12254.900000000001,81.60001305600208,10,2026-07-25T20:06:25.387258+00:00,,
42,cpu,model_only,1,526,1,0.0135144,13.5144,13514.4,73.99514591842775,10,2026-07-25T20:06:25.387258+00:00,,
42,cpu,model_only,1,527,1,0.0162801,16.280099999999997,16280.099999999999,61.424684123561896,10,2026-07-25T20:06:25.387258+00:00,,
42,cpu,model_only,1,528,1,0.0142654,14.2654,14265.4,70.09968174744488,10,2026-07-25T20:06:25.387258+00:00,,
42,cpu,model_only,1,529,1,0.0114251,11.4251,11425.1,87.52658620055841,10,2026-07-25T20:06:25.387258+00:00,,
42,cpu,model_only,1,530,1,0.0128911,12.891100000000002,12891.1,77.57289913195925,10,2026-07-25T20:06:25.387258+00:00,,
42,cpu,model_only,1,531,1,0.0118077,11.8077,11807.7,84.6904985729651,10,2026-07-25T20:06:25.387258+00:00,,
42,cpu,model_only,1,532,1,0.012168,12.168,12168.0,82.1827744904668,10,2026-07-25T20:06:25.387258+00:00,,
42,cpu,model_only,1,533,1,0.0129588,12.9588,12958.8,77.16763897891781,10,2026-07-25T20:06:25.387258+00:00,,
42,cpu,model_only,1,534,1,0.0112956,11.295599999999999,11295.599999999999,88.53004709798506,10,2026-07-25T20:06:25.387258+00:00,,
42,cpu,model_only,1,535,1,0.0125145,12.5145,12514.5,79.907307523273,10,2026-07-25T20:06:25.387258+00:00,,
42,cpu,model_only,1,536,1,0.012819,12.819,12819.0,78.00920508620017,10,2026-07-25T20:06:25.387258+00:00,,
42,cpu,model_only,1,537,1,0.0128206,12.820599999999999,12820.6,77.9994696036067,10,2026-07-25T20:06:25.387258+00:00,,
42,cpu,model_only,1,538,1,0.0121622,12.1622,12162.199999999999,82.22196642054891,10,2026-07-25T20:06:25.387258+00:00,,
42,cpu,model_only,1,539,1,0.0129628,12.9628,12962.8,77.14382695096738,10,2026-07-25T20:06:25.387258+00:00,,
42,cpu,model_only,1,540,1,0.0142858,14.2858,14285.8,69.99958000251999,10,2026-07-25T20:06:25.387258+00:00,,
42,cpu,model_only,1,541,1,0.0126348,12.6348,12634.8,79.14648431316681,10,2026-07-25T20:06:25.387258+00:00,,
42,cpu,model_only,1,542,1,0.0119206,11.9206,11920.6,83.88839487945238,10,2026-07-25T20:06:25.387258+00:00,,
42,cpu,model_only,1,543,1,0.0121515,12.1515,12151.5,82.29436695058223,10,2026-07-25T20:06:25.387258+00:00,,
42,cpu,model_only,1,544,1,0.0163624,16.3624,16362.4,61.115728743949546,10,2026-07-25T20:06:25.387258+00:00,,
42,cpu,model_only,1,545,1,0.0139686,13.968599999999999,13968.599999999999,71.58913563277638,10,2026-07-25T20:06:25.387258+00:00,,
42,cpu,model_only,1,546,1,0.0139912,13.991200000000001,13991.2,71.47349762707988,10,2026-07-25T20:06:25.387258+00:00,,
42,cpu,model_only,1,547,1,0.0124944,12.494399999999999,12494.4,80.03585606351646,10,2026-07-25T20:06:25.387258+00:00,,
42,cpu,model_only,1,548,1,0.0123092,12.309199999999999,12309.199999999999,81.24004809410847,10,2026-07-25T20:06:25.387258+00:00,,
42,cpu,model_only,1,549,1,0.0133403,13.3403,13340.3,74.9608329647759,10,2026-07-25T20:06:25.387258+00:00,,
42,cpu,model_only,1,550,1,0.0110272,11.027199999999999,11027.199999999999,90.68485200232153,10,2026-07-25T20:06:25.387258+00:00,,
42,cpu,model_only,1,551,1,0.0115567,11.5567,11556.699999999999,86.52989175110542,10,2026-07-25T20:06:25.387258+00:00,,
42,cpu,model_only,1,552,1,0.0122384,12.2384,12238.4,81.71002745456923,10,2026-07-25T20:06:25.387258+00:00,,
42,cpu,model_only,1,553,1,0.0128314,12.8314,12831.4,77.93381860124383,10,2026-07-25T20:06:25.387258+00:00,,
42,cpu,model_only,1,554,1,0.0128088,12.8088,12808.800000000001,78.07132596340016,10,2026-07-25T20:06:25.387258+00:00,,
42,cpu,model_only,1,555,1,0.0141134,14.1134,14113.4,70.85464877350603,10,2026-07-25T20:06:25.387258+00:00,,
42,cpu,model_only,1,556,1,0.0134073,13.407300000000001,13407.300000000001,74.58623287313627,10,2026-07-25T20:06:25.387258+00:00,,
42,cpu,model_only,1,557,1,0.0125611,12.5611,12561.1,79.61086210602575,10,2026-07-25T20:06:25.387258+00:00,,
42,cpu,model_only,1,558,1,0.0129868,12.9868,12986.8,77.00126282071027,10,2026-07-25T20:06:25.387258+00:00,,
42,cpu,model_only,1,559,1,0.0116867,11.6867,11686.699999999999,85.56735434297107,10,2026-07-25T20:06:25.387258+00:00,,
42,cpu,model_only,1,560,1,0.0137951,13.7951,13795.099999999999,72.48950714384094,10,2026-07-25T20:06:25.387258+00:00,,
42,cpu,model_only,1,561,1,0.0135712,13.571200000000001,13571.2,73.68545154444706,10,2026-07-25T20:06:25.387258+00:00,,
42,cpu,model_only,1,562,1,0.0137948,13.794799999999999,13794.8,72.4910835967176,10,2026-07-25T20:06:25.387258+00:00,,
42,cpu,model_only,1,563,1,0.0143146,14.3146,14314.6,69.8587456163637,10,2026-07-25T20:06:25.387258+00:00,,
42,cpu,model_only,1,564,1,0.0121752,12.1752,12175.2,82.13417438727906,10,2026-07-25T20:06:25.387258+00:00,,
42,cpu,model_only,1,565,1,0.012908,12.908,12908.0,77.47133560582584,10,2026-07-25T20:06:25.387258+00:00,,
42,cpu,model_only,1,566,1,0.0129025,12.902500000000002,12902.5,77.50435962022863,10,2026-07-25T20:06:25.387258+00:00,,
42,cpu,model_only,1,567,1,0.0135735,13.573500000000001,13573.5,73.67296570523446,10,2026-07-25T20:06:25.387258+00:00,,
42,cpu,model_only,1,568,1,0.0140813,14.0813,14081.3,71.01617038199598,10,2026-07-25T20:06:25.387258+00:00,,
42,cpu,model_only,1,569,1,0.0139716,13.9716,13971.6,71.57376392109708,10,2026-07-25T20:06:25.387258+00:00,,
42,cpu,model_only,1,570,1,0.0126745,12.6745,12674.5,78.89857588070535,10,2026-07-25T20:06:25.387258+00:00,,
42,cpu,model_only,1,571,1,0.0130453,13.0453,13045.3,76.65596038419967,10,2026-07-25T20:06:25.387258+00:00,,
42,cpu,model_only,1,572,1,0.0139707,13.9707,13970.7,71.57837474142312,10,2026-07-25T20:06:25.387258+00:00,,
42,cpu,model_only,1,573,1,0.0131527,13.1527,13152.699999999999,76.03001665057364,10,2026-07-25T20:06:25.387258+00:00,,
42,cpu,model_only,1,574,1,0.0134847,13.4847,13484.7,74.1581199433432,10,2026-07-25T20:06:25.387258+00:00,,
42,cpu,model_only,1,575,1,0.0130126,13.012599999999999,13012.599999999999,76.84859290226396,10,2026-07-25T20:06:25.387258+00:00,,
42,cpu,model_only,1,576,1,0.0131438,13.1438,13143.800000000001,76.08149850119447,10,2026-07-25T20:06:25.387258+00:00,,
42,cpu,model_only,1,577,1,0.0119994,11.9994,11999.4,83.33750020834376,10,2026-07-25T20:06:25.387258+00:00,,
42,cpu,model_only,1,578,1,0.0132249,13.2249,13224.9,75.61493848724754,10,2026-07-25T20:06:25.387258+00:00,,
42,cpu,model_only,1,579,1,0.0125706,12.570599999999999,12570.6,79.55069765961848,10,2026-07-25T20:06:25.387258+00:00,,
42,cpu,model_only,1,580,1,0.0141727,14.1727,14172.7,70.5581858079265,10,2026-07-25T20:06:25.387258+00:00,,
42,cpu,model_only,1,581,1,0.011427,11.427,11427.0,87.51203290452437,10,2026-07-25T20:06:25.387258+00:00,,
42,cpu,model_only,1,582,1,0.013491,13.491,13491.0,74.12348973389668,10,2026-07-25T20:06:25.387258+00:00,,
42,cpu,model_only,1,583,1,0.0129458,12.9458,12945.800000000001,77.24512969457275,10,2026-07-25T20:06:25.387258+00:00,,
42,cpu,model_only,1,584,1,0.012525,12.525,12525.0,79.84031936127745,10,2026-07-25T20:06:25.387258+00:00,,
42,cpu,model_only,1,585,1,0.0128019,12.8019,12801.9,78.11340504143917,10,2026-07-25T20:06:25.387258+00:00,,
42,cpu,model_only,1,586,1,0.0104277,10.4277,10427.699999999999,95.89842438888729,10,2026-07-25T20:06:25.387258+00:00,,
42,cpu,model_only,1,587,1,0.0128736,12.873600000000001,12873.6,77.67834949043002,10,2026-07-25T20:06:25.387258+00:00,,
42,cpu,model_only,1,588,1,0.0121332,12.1332,12133.2,82.41848811525401,10,2026-07-25T20:06:25.387258+00:00,,
42,cpu,model_only,1,589,1,0.0128903,12.8903,12890.300000000001,77.57771347447306,10,2026-07-25T20:06:25.387258+00:00,,
42,cpu,model_only,1,590,1,0.0120943,12.0943,12094.300000000001,82.68357821453081,10,2026-07-25T20:06:25.387258+00:00,,
42,cpu,model_only,1,591,1,0.0134478,13.447799999999999,13447.8,74.36160561578846,10,2026-07-25T20:06:25.387258+00:00,,
42,cpu,model_only,1,592,1,0.0129577,12.9577,12957.7,77.1741898639419,10,2026-07-25T20:06:25.387258+00:00,,
42,cpu,model_only,1,593,1,0.0124432,12.4432,12443.199999999999,80.36517937508037,10,2026-07-25T20:06:25.387258+00:00,,
42,cpu,model_only,1,594,1,0.0138871,13.8871,13887.099999999999,72.00927479459355,10,2026-07-25T20:06:25.387258+00:00,,
42,cpu,model_only,1,595,1,0.0126655,12.6655,12665.5,78.95464055899886,10,2026-07-25T20:06:25.387258+00:00,,
42,cpu,model_only,1,596,1,0.0130882,13.088199999999999,13088.199999999999,76.40470041716966,10,2026-07-25T20:06:25.387258+00:00,,
42,cpu,model_only,1,597,1,0.0102535,10.2535,10253.5,97.5276734773492,10,2026-07-25T20:06:25.387258+00:00,,
42,cpu,model_only,1,598,1,0.0114508,11.450800000000001,11450.800000000001,87.33014287211374,10,2026-07-25T20:06:25.387258+00:00,,
42,cpu,model_only,1,599,1,0.0134351,13.4351,13435.1,74.43189853443592,10,2026-07-25T20:06:25.387258+00:00,,
42,cpu,model_only,1,600,1,0.0137552,13.7552,13755.2,72.69977899267187,10,2026-07-25T20:06:25.387258+00:00,,
42,cpu,model_only,1,601,1,0.0109374,10.9374,10937.4,91.42940735458153,10,2026-07-25T20:06:25.387258+00:00,,
42,cpu,model_only,1,602,1,0.011547,11.547,11547.0,86.60258075690656,10,2026-07-25T20:06:25.387258+00:00,,
42,cpu,model_only,1,603,1,0.0122205,12.220500000000001,12220.5,81.82971236856102,10,2026-07-25T20:06:25.387258+00:00,,
42,cpu,model_only,1,604,1,0.0120912,12.0912,12091.2,82.70477702792114,10,2026-07-25T20:06:25.387258+00:00,,
42,cpu,model_only,1,605,1,0.0135534,13.5534,13553.4,73.7822243865008,10,2026-07-25T20:06:25.387258+00:00,,
42,cpu,model_only,1,606,1,0.0121824,12.1824,12182.4,82.0856317310218,10,2026-07-25T20:06:25.387258+00:00,,
42,cpu,model_only,1,607,1,0.0131561,13.1561,13156.1,76.01036781416985,10,2026-07-25T20:06:25.387258+00:00,,
42,cpu,model_only,1,608,1,0.0127628,12.7628,12762.8,78.3527125709092,10,2026-07-25T20:06:25.387258+00:00,,
42,cpu,model_only,1,609,1,0.012189,12.189,12189.0,82.0411846747067,10,2026-07-25T20:06:25.387258+00:00,,
42,cpu,model_only,1,610,1,0.0113247,11.3247,11324.7,88.30255989121125,10,2026-07-25T20:06:25.387258+00:00,,
42,cpu,model_only,1,611,1,0.0119738,11.973799999999999,11973.8,83.515675892365,10,2026-07-25T20:06:25.387258+00:00,,
42,cpu,model_only,1,612,1,0.0132785,13.278500000000001,13278.5,75.30971118725759,10,2026-07-25T20:06:25.387258+00:00,,
42,cpu,model_only,1,613,1,0.0126606,12.660599999999999,12660.599999999999,78.98519817386222,10,2026-07-25T20:06:25.387258+00:00,,
42,cpu,model_only,1,614,1,0.0131209,13.120899999999999,13120.9,76.21428408112249,10,2026-07-25T20:06:25.387258+00:00,,
42,cpu,model_only,1,615,1,0.0134314,13.4314,13431.4,74.45240257903123,10,2026-07-25T20:06:25.387258+00:00,,
42,cpu,model_only,1,616,1,0.0123712,12.3712,12371.2,80.83290222452146,10,2026-07-25T20:06:25.387258+00:00,,
42,cpu,model_only,1,617,1,0.0133584,13.3584,13358.4,74.85926458258474,10,2026-07-25T20:06:25.387258+00:00,,
42,cpu,model_only,1,618,1,0.0139058,13.9058,13905.8,71.9124394137698,10,2026-07-25T20:06:25.387258+00:00,,
42,cpu,model_only,1,619,1,0.0130102,13.0102,13010.199999999999,76.86276921184917,10,2026-07-25T20:06:25.387258+00:00,,
42,cpu,model_only,1,620,1,0.0126033,12.603299999999999,12603.3,79.3442987154158,10,2026-07-25T20:06:25.387258+00:00,,
42,cpu,model_only,1,621,1,0.0138004,13.800400000000002,13800.400000000001,72.46166777774557,10,2026-07-25T20:06:25.387258+00:00,,
42,cpu,model_only,1,622,1,0.0137974,13.7974,13797.4,72.47742328264746,10,2026-07-25T20:06:25.387258+00:00,,
42,cpu,model_only,1,623,1,0.0145704,14.570400000000001,14570.400000000001,68.63229561302366,10,2026-07-25T20:06:25.387258+00:00,,
42,cpu,model_only,1,624,1,0.0139105,13.910499999999999,13910.5,71.8881420509687,10,2026-07-25T20:06:25.387258+00:00,,
42,cpu,model_only,1,625,1,0.0123215,12.3215,12321.5,81.15894980318954,10,2026-07-25T20:06:25.387258+00:00,,
42,cpu,model_only,1,626,1,0.0126367,12.636700000000001,12636.7,79.13458418732738,10,2026-07-25T20:06:25.387258+00:00,,
42,cpu,model_only,1,627,1,0.013082,13.082,13082.0,76.44091117566121,10,2026-07-25T20:06:25.387258+00:00,,
42,cpu,model_only,1,628,1,0.0120909,12.0909,12090.9,82.70682910287903,10,2026-07-25T20:06:25.387258+00:00,,
42,cpu,model_only,1,629,1,0.0144873,14.4873,14487.3,69.02597447419464,10,2026-07-25T20:06:25.387258+00:00,,
42,cpu,model_only,1,630,1,0.0134605,13.4605,13460.5,74.29144534006909,10,2026-07-25T20:06:25.387258+00:00,,
42,cpu,model_only,1,631,1,0.0124011,12.4011,12401.1,80.63800791865238,10,2026-07-25T20:06:25.387258+00:00,,
42,cpu,model_only,1,632,1,0.013201,13.200999999999999,13201.0,75.75183698204683,10,2026-07-25T20:06:25.387258+00:00,,
42,cpu,model_only,1,633,1,0.0117894,11.7894,11789.4,84.8219587086705,10,2026-07-25T20:06:25.387258+00:00,,
42,cpu,model_only,1,634,1,0.0125475,12.5475,12547.5,79.69715082685794,10,2026-07-25T20:06:25.387258+00:00,,
42,cpu,model_only,1,635,1,0.0131616,13.1616,13161.6,75.97860442499392,10,2026-07-25T20:06:25.387258+00:00,,
42,cpu,model_only,1,636,1,0.0139084,13.9084,13908.4,71.8989962900118,10,2026-07-25T20:06:25.387258+00:00,,
42,cpu,model_only,1,637,1,0.0132426,13.2426,13242.6,75.51387189826771,10,2026-07-25T20:06:25.387258+00:00,,
42,cpu,model_only,1,638,1,0.0119033,11.9033,11903.300000000001,84.01031646686212,10,2026-07-25T20:06:25.387258+00:00,,
42,cpu,model_only,1,639,1,0.0122796,12.2796,12279.6,81.435877390143,10,2026-07-25T20:06:25.387258+00:00,,
42,cpu,model_only,1,640,1,0.0108798,10.8798,10879.800000000001,91.91345429143918,10,2026-07-25T20:06:25.387258+00:00,,
42,cpu,model_only,1,641,1,0.0131748,13.174800000000001,13174.800000000001,75.90248049306251,10,2026-07-25T20:06:25.387258+00:00,,
42,cpu,model_only,1,642,1,0.0134301,13.4301,13430.1,74.45960938488916,10,2026-07-25T20:06:25.387258+00:00,,
42,cpu,model_only,1,643,1,0.0129496,12.9496,12949.6,77.22246246988324,10,2026-07-25T20:06:25.387258+00:00,,
42,cpu,model_only,1,644,1,0.0131898,13.1898,13189.8,75.81616097287298,10,2026-07-25T20:06:25.387258+00:00,,
42,cpu,model_only,1,645,1,0.0140733,14.0733,14073.300000000001,71.05653968863024,10,2026-07-25T20:06:25.387258+00:00,,
42,cpu,model_only,1,646,1,0.014547,14.546999999999999,14547.0,68.7426960885406,10,2026-07-25T20:06:25.387258+00:00,,
42,cpu,model_only,1,647,1,0.0119237,11.9237,11923.7,83.86658503652389,10,2026-07-25T20:06:25.387258+00:00,,
42,cpu,model_only,1,648,1,0.0136779,13.6779,13677.9,73.11063832898326,10,2026-07-25T20:06:25.387258+00:00,,
42,cpu,model_only,1,649,1,0.0139255,13.9255,13925.5,71.81070697641017,10,2026-07-25T20:06:25.387258+00:00,,
42,cpu,model_only,1,650,1,0.0131656,13.1656,13165.6,75.9555204472261,10,2026-07-25T20:06:25.387258+00:00,,
42,cpu,model_only,1,651,1,0.0133766,13.3766,13376.6,74.75741219741937,10,2026-07-25T20:06:25.387258+00:00,,
42,cpu,model_only,1,652,1,0.012557,12.557,12557.0,79.6368559369276,10,2026-07-25T20:06:25.387258+00:00,,
42,cpu,model_only,1,653,1,0.0133592,13.3592,13359.2,74.8547817234565,10,2026-07-25T20:06:25.387258+00:00,,
42,cpu,model_only,1,654,1,0.0124231,12.4231,12423.099999999999,80.4952065104523,10,2026-07-25T20:06:25.387258+00:00,,
42,cpu,model_only,1,655,1,0.0114819,11.4819,11481.9,87.09359949137338,10,2026-07-25T20:06:25.387258+00:00,,
42,cpu,model_only,1,656,1,0.0122432,12.2432,12243.199999999999,81.67799268165186,10,2026-07-25T20:06:25.387258+00:00,,
42,cpu,model_only,1,657,1,0.0127756,12.775599999999999,12775.6,78.27421021321895,10,2026-07-25T20:06:25.387258+00:00,,
42,cpu,model_only,1,658,1,0.0119142,11.9142,11914.199999999999,83.93345755485052,10,2026-07-25T20:06:25.387258+00:00,,
42,cpu,model_only,1,659,1,0.0120466,12.0466,12046.599999999999,83.01097405076952,10,2026-07-25T20:06:25.387258+00:00,,
42,cpu,model_only,1,660,1,0.0119612,11.9612,11961.2,83.60365180751096,10,2026-07-25T20:06:25.387258+00:00,,
42,cpu,model_only,1,661,1,0.0132473,13.2473,13247.3,75.4870803861919,10,2026-07-25T20:06:25.387258+00:00,,
42,cpu,model_only,1,662,1,0.0132733,13.2733,13273.3,75.3392148147032,10,2026-07-25T20:06:25.387258+00:00,,
42,cpu,model_only,1,663,1,0.0117438,11.7438,11743.800000000001,85.15131388477324,10,2026-07-25T20:06:25.387258+00:00,,
42,cpu,model_only,1,664,1,0.0125606,12.560599999999999,12560.6,79.61403117685461,10,2026-07-25T20:06:25.387258+00:00,,
42,cpu,model_only,1,665,1,0.0110046,11.0046,11004.6,90.87109027134107,10,2026-07-25T20:06:25.387258+00:00,,
42,cpu,model_only,1,666,1,0.0142435,14.2435,14243.5,70.20746305332257,10,2026-07-25T20:06:25.387258+00:00,,
42,cpu,model_only,1,667,1,0.0118224,11.8224,11822.4,84.5851942076059,10,2026-07-25T20:06:25.387258+00:00,,
42,cpu,model_only,1,668,1,0.0103125,10.3125,10312.5,96.96969696969697,10,2026-07-25T20:06:25.387258+00:00,,
42,cpu,model_only,1,669,1,0.0132267,13.2267,13226.699999999999,75.60464817376973,10,2026-07-25T20:06:25.387258+00:00,,
42,cpu,model_only,1,670,1,0.0135594,13.5594,13559.4,73.74957593993835,10,2026-07-25T20:06:25.387258+00:00,,
42,cpu,model_only,1,671,1,0.0125497,12.5497,12549.7,79.68317967760186,10,2026-07-25T20:06:25.387258+00:00,,
42,cpu,model_only,1,672,1,0.01152,11.520000000000001,11520.0,86.80555555555556,10,2026-07-25T20:06:25.387258+00:00,,
42,cpu,model_only,1,673,1,0.0128941,12.8941,12894.1,77.55485066813503,10,2026-07-25T20:06:25.387258+00:00,,
42,cpu,model_only,1,674,1,0.0114585,11.4585,11458.5,87.27145786970371,10,2026-07-25T20:06:25.387258+00:00,,
42,cpu,model_only,1,675,1,0.0126516,12.6516,12651.6,79.04138606974611,10,2026-07-25T20:06:25.387258+00:00,,
42,cpu,model_only,1,676,1,0.0110811,11.0811,11081.1,90.24374836433206,10,2026-07-25T20:06:25.387258+00:00,,
42,cpu,model_only,1,677,1,0.0107634,10.763399999999999,10763.4,92.9074456026906,10,2026-07-25T20:06:25.387258+00:00,,
42,cpu,model_only,1,678,1,0.0130496,13.0496,13049.6,76.63070132417852,10,2026-07-25T20:06:25.387258+00:00,,
42,cpu,model_only,1,679,1,0.013353,13.353,13353.0,74.88953793155096,10,2026-07-25T20:06:25.387258+00:00,,
42,cpu,model_only,1,680,1,0.0144262,14.4262,14426.2,69.31832360566192,10,2026-07-25T20:06:25.387258+00:00,,
42,cpu,model_only,1,681,1,0.0134504,13.4504,13450.4,74.34723130910605,10,2026-07-25T20:06:25.387258+00:00,,
42,cpu,model_only,1,682,1,0.0130485,13.048499999999999,13048.5,76.63716135954324,10,2026-07-25T20:06:25.387258+00:00,,
42,cpu,model_only,1,683,1,0.014064,14.064,14064.0,71.10352673492605,10,2026-07-25T20:06:25.387258+00:00,,
42,cpu,model_only,1,684,1,0.0128649,12.8649,12864.9,77.7308801467559,10,2026-07-25T20:06:25.387258+00:00,,
42,cpu,model_only,1,685,1,0.0135361,13.536100000000001,13536.1,73.87652277982579,10,2026-07-25T20:06:25.387258+00:00,,
42,cpu,model_only,1,686,1,0.0123262,12.3262,12326.2,81.12800376433937,10,2026-07-25T20:06:25.387258+00:00,,
42,cpu,model_only,1,687,1,0.0132184,13.2184,13218.4,75.65212128548085,10,2026-07-25T20:06:25.387258+00:00,,
42,cpu,model_only,1,688,1,0.0138611,13.861099999999999,13861.1,72.14434640829371,10,2026-07-25T20:06:25.387258+00:00,,
42,cpu,model_only,1,689,1,0.01365,13.65,13650.0,73.26007326007326,10,2026-07-25T20:06:25.387258+00:00,,
42,cpu,model_only,1,690,1,0.0113722,11.372200000000001,11372.2,87.93373313870667,10,2026-07-25T20:06:25.387258+00:00,,
42,cpu,model_only,1,691,1,0.0133079,13.3079,13307.9,75.14333591325453,10,2026-07-25T20:06:25.387258+00:00,,
42,cpu,model_only,1,692,1,0.0124242,12.424199999999999,12424.2,80.48807971539415,10,2026-07-25T20:06:25.387258+00:00,,
42,cpu,model_only,1,693,1,0.0124078,12.4078,12407.8,80.59446477215944,10,2026-07-25T20:06:25.387258+00:00,,
42,cpu,model_only,1,694,1,0.0139016,13.9016,13901.6,71.93416585141279,10,2026-07-25T20:06:25.387258+00:00,,
42,cpu,model_only,1,695,1,0.0131541,13.1541,13154.1,76.02192472309014,10,2026-07-25T20:06:25.387258+00:00,,
42,cpu,model_only,1,696,1,0.0127825,12.7825,12782.5,78.23195775474281,10,2026-07-25T20:06:25.387258+00:00,,
42,cpu,model_only,1,697,1,0.0148746,14.8746,14874.6,67.22869858685276,10,2026-07-25T20:06:25.387258+00:00,,
42,cpu,model_only,1,698,1,0.0135382,13.5382,13538.2,73.86506330235925,10,2026-07-25T20:06:25.387258+00:00,,
42,cpu,model_only,1,699,1,0.0138112,13.8112,13811.199999999999,72.4050046339203,10,2026-07-25T20:06:25.387258+00:00,,
42,cpu,model_only,1,700,1,0.0143807,14.3807,14380.699999999999,69.53764420368967,10,2026-07-25T20:06:25.387258+00:00,,
42,cpu,model_only,1,701,1,0.0138328,13.832799999999999,13832.8,72.29194378578451,10,2026-07-25T20:06:25.387258+00:00,,
42,cpu,model_only,1,702,1,0.0138214,13.821399999999999,13821.4,72.35157075260105,10,2026-07-25T20:06:25.387258+00:00,,
42,cpu,model_only,1,703,1,0.0140246,14.0246,14024.6,71.30328137700897,10,2026-07-25T20:06:25.387258+00:00,,
42,cpu,model_only,1,704,1,0.0140815,14.0815,14081.5,71.01516173703085,10,2026-07-25T20:06:25.387258+00:00,,
42,cpu,model_only,1,705,1,0.0118047,11.8047,11804.699999999999,84.71202148296865,10,2026-07-25T20:06:25.387258+00:00,,
42,cpu,model_only,1,706,1,0.0112293,11.229299999999999,11229.3,89.05274594142111,10,2026-07-25T20:06:25.387258+00:00,,
42,cpu,model_only,1,707,1,0.0125319,12.5319,12531.9,79.79635969007094,10,2026-07-25T20:06:25.387258+00:00,,
42,cpu,model_only,1,708,1,0.0126448,12.6448,12644.8,79.08389219283816,10,2026-07-25T20:06:25.387258+00:00,,
42,cpu,model_only,1,709,1,0.0118017,11.8017,11801.7,84.73355533524831,10,2026-07-25T20:06:25.387258+00:00,,
42,cpu,model_only,1,710,1,0.0131068,13.1068,13106.8,76.29627368999299,10,2026-07-25T20:06:25.387258+00:00,,
42,cpu,model_only,1,711,1,0.0125241,12.5241,12524.1,79.84605680248481,10,2026-07-25T20:06:25.387258+00:00,,
42,cpu,model_only,1,712,1,0.0106271,10.6271,10627.1,94.09904865861806,10,2026-07-25T20:06:25.387258+00:00,,
42,cpu,model_only,1,713,1,0.0112899,11.289900000000001,11289.9,88.57474379755357,10,2026-07-25T20:06:25.387258+00:00,,
42,cpu,model_only,1,714,1,0.0115116,11.5116,11511.6,86.86889745995343,10,2026-07-25T20:06:25.387258+00:00,,
42,cpu,model_only,1,715,1,0.0133469,13.3469,13346.9,74.92376506904225,10,2026-07-25T20:06:25.387258+00:00,,
42,cpu,model_only,1,716,1,0.0131321,13.132100000000001,13132.1,76.14928305450003,10,2026-07-25T20:06:25.387258+00:00,,
42,cpu,model_only,1,717,1,0.0136366,13.6366,13636.6,73.33206224425443,10,2026-07-25T20:06:25.387258+00:00,,
42,cpu,model_only,1,718,1,0.0128987,12.898700000000002,12898.7,77.52719266282648,10,2026-07-25T20:06:25.387258+00:00,,
42,cpu,model_only,1,719,1,0.01193,11.93,11930.0,83.82229673093043,10,2026-07-25T20:06:25.387258+00:00,,
42,cpu,model_only,1,720,1,0.0129018,12.9018,12901.8,77.50856469639895,10,2026-07-25T20:06:25.387258+00:00,,
42,cpu,model_only,1,721,1,0.0128682,12.8682,12868.199999999999,77.71094636390482,10,2026-07-25T20:06:25.387258+00:00,,
42,cpu,model_only,1,722,1,0.011835,11.835,11835.0,84.49514152936206,10,2026-07-25T20:06:25.387258+00:00,,
42,cpu,model_only,1,723,1,0.0129174,12.9174,12917.400000000001,77.41495966680601,10,2026-07-25T20:06:25.387258+00:00,,
42,cpu,model_only,1,724,1,0.0136765,13.676499999999999,13676.5,73.11812232661866,10,2026-07-25T20:06:25.387258+00:00,,
42,cpu,model_only,1,725,1,0.0133902,13.3902,13390.199999999999,74.68148347298771,10,2026-07-25T20:06:25.387258+00:00,,
42,cpu,model_only,1,726,1,0.0134214,13.4214,13421.4,74.5078754824385,10,2026-07-25T20:06:25.387258+00:00,,
42,cpu,model_only,1,727,1,0.0115471,11.547099999999999,11547.099999999999,86.60183076270233,10,2026-07-25T20:06:25.387258+00:00,,
42,cpu,model_only,1,728,1,0.0126351,12.6351,12635.1,79.14460510799282,10,2026-07-25T20:06:25.387258+00:00,,
42,cpu,model_only,1,729,1,0.0130986,13.0986,13098.6,76.3440367672881,10,2026-07-25T20:06:25.387258+00:00,,
42,cpu,model_only,1,730,1,0.0136782,13.6782,13678.199999999999,73.10903481452237,10,2026-07-25T20:06:25.387258+00:00,,
42,cpu,model_only,1,731,1,0.0127106,12.710600000000001,12710.6,78.67449215615312,10,2026-07-25T20:06:25.387258+00:00,,
42,cpu,model_only,1,732,1,0.0138567,13.8567,13856.699999999999,72.16725482979354,10,2026-07-25T20:06:25.387258+00:00,,
42,cpu,model_only,1,733,1,0.0132845,13.2845,13284.5,75.27569724114569,10,2026-07-25T20:06:25.387258+00:00,,
42,cpu,model_only,1,734,1,0.0131333,13.1333,13133.300000000001,76.142325234328,10,2026-07-25T20:06:25.387258+00:00,,
42,cpu,model_only,1,735,1,0.0127384,12.7384,12738.4,78.5027946994913,10,2026-07-25T20:06:25.387258+00:00,,
42,cpu,model_only,1,736,1,0.0128748,12.8748,12874.800000000001,77.67110945412745,10,2026-07-25T20:06:25.387258+00:00,,
42,cpu,model_only,1,737,1,0.0126716,12.6716,12671.6,78.91663246945926,10,2026-07-25T20:06:25.387258+00:00,,
42,cpu,model_only,1,738,1,0.0135602,13.5602,13560.199999999999,73.74522499668147,10,2026-07-25T20:06:25.387258+00:00,,
42,cpu,model_only,1,739,1,0.0128488,12.8488,12848.800000000001,77.82827968370587,10,2026-07-25T20:06:25.387258+00:00,,
42,cpu,model_only,1,740,1,0.0129226,12.9226,12922.599999999999,77.38380821196974,10,2026-07-25T20:06:25.387258+00:00,,
42,cpu,model_only,1,741,1,0.0133963,13.3963,13396.3,74.64747728850503,10,2026-07-25T20:06:25.387258+00:00,,
42,cpu,model_only,1,742,1,0.01326,13.26,13260.0,75.41478129713424,10,2026-07-25T20:06:25.387258+00:00,,
42,cpu,model_only,1,743,1,0.0134501,13.450099999999999,13450.1,74.34888959933383,10,2026-07-25T20:06:25.387258+00:00,,
42,cpu,model_only,1,744,1,0.0124433,12.443299999999999,12443.3,80.36453352406517,10,2026-07-25T20:06:25.387258+00:00,,
42,cpu,model_only,1,745,1,0.0137664,13.766399999999999,13766.4,72.64063226406323,10,2026-07-25T20:06:25.387258+00:00,,
42,cpu,model_only,1,746,1,0.0118953,11.895299999999999,11895.3,84.0668163055997,10,2026-07-25T20:06:25.387258+00:00,,
42,cpu,model_only,1,747,1,0.013895,13.895,13895.0,71.96833393306946,10,2026-07-25T20:06:25.387258+00:00,,
42,cpu,model_only,1,748,1,0.0122902,12.290199999999999,12290.199999999999,81.36564091715351,10,2026-07-25T20:06:25.387258+00:00,,
42,cpu,model_only,1,749,1,0.0116562,11.6562,11656.2,85.79125272387228,10,2026-07-25T20:06:25.387258+00:00,,
42,cpu,model_only,1,750,1,0.0147554,14.7554,14755.4,67.77179879908373,10,2026-07-25T20:06:25.387258+00:00,,
42,cpu,model_only,1,751,1,0.0187159,18.7159,18715.9,53.43050561287461,10,2026-07-25T20:06:25.387258+00:00,,
42,cpu,model_only,1,752,1,0.0177784,17.7784,17778.4,56.24803131890384,10,2026-07-25T20:06:25.387258+00:00,,
42,cpu,model_only,1,753,1,0.0244008,24.4008,24400.8,40.982262876627,10,2026-07-25T20:06:25.387258+00:00,,
42,cpu,model_only,1,754,1,0.0255038,25.503800000000002,25503.8,39.20984323904673,10,2026-07-25T20:06:25.387258+00:00,,
42,cpu,model_only,1,755,1,0.0180969,18.096899999999998,18096.899999999998,55.2580828760727,10,2026-07-25T20:06:25.387258+00:00,,
42,cpu,model_only,1,756,1,0.0189368,18.9368,18936.8,52.807232478560266,10,2026-07-25T20:06:25.387258+00:00,,
42,cpu,model_only,1,757,1,0.0179319,17.9319,17931.9,55.76653896129244,10,2026-07-25T20:06:25.387258+00:00,,
42,cpu,model_only,1,758,1,0.0167809,16.780900000000003,16780.9,59.59155945151928,10,2026-07-25T20:06:25.387258+00:00,,
42,cpu,model_only,1,759,1,0.0170661,17.066100000000002,17066.100000000002,58.59569556020414,10,2026-07-25T20:06:25.387258+00:00,,
42,cpu,model_only,1,760,1,0.0166509,16.6509,16650.9,60.05681374580353,10,2026-07-25T20:06:25.387258+00:00,,
42,cpu,model_only,1,761,1,0.0150972,15.097199999999999,15097.2,66.23744800360332,10,2026-07-25T20:06:25.387258+00:00,,
42,cpu,model_only,1,762,1,0.0127865,12.786499999999998,12786.5,78.20748445626246,10,2026-07-25T20:06:25.387258+00:00,,
42,cpu,model_only,1,763,1,0.0167012,16.7012,16701.2,59.87593705841497,10,2026-07-25T20:06:25.387258+00:00,,
42,cpu,model_only,1,764,1,0.0152956,15.2956,15295.6,65.37827872067784,10,2026-07-25T20:06:25.387258+00:00,,
42,cpu,model_only,1,765,1,0.0137603,13.760299999999999,13760.3,72.67283416785972,10,2026-07-25T20:06:25.387258+00:00,,
42,cpu,model_only,1,766,1,0.011908,11.908,11908.0,83.97715821296607,10,2026-07-25T20:06:25.387258+00:00,,
42,cpu,model_only,1,767,1,0.0128128,12.8128,12812.8,78.04695304695305,10,2026-07-25T20:06:25.387258+00:00,,
42,cpu,model_only,1,768,1,0.011517,11.517,11517.0,86.82816705739343,10,2026-07-25T20:06:25.387258+00:00,,
42,cpu,model_only,1,769,1,0.0164034,16.403399999999998,16403.399999999998,60.962971091359115,10,2026-07-25T20:06:25.387258+00:00,,
42,cpu,model_only,1,770,1,0.0169567,16.9567,16956.7,58.97373899402596,10,2026-07-25T20:06:25.387258+00:00,,
42,cpu,model_only,1,771,1,0.0128283,12.8283,12828.300000000001,77.95265155944278,10,2026-07-25T20:06:25.387258+00:00,,
42,cpu,model_only,1,772,1,0.0160765,16.0765,16076.5,62.20259384816347,10,2026-07-25T20:06:25.387258+00:00,,
42,cpu,model_only,1,773,1,0.0145649,14.5649,14564.9,68.65821255209441,10,2026-07-25T20:06:25.387258+00:00,,
42,cpu,model_only,1,774,1,0.0173226,17.3226,17322.600000000002,57.72805468001339,10,2026-07-25T20:06:25.387258+00:00,,
42,cpu,model_only,1,775,1,0.0169324,16.9324,16932.4,59.05837329616593,10,2026-07-25T20:06:25.387258+00:00,,
42,cpu,model_only,1,776,1,0.0176621,17.6621,17662.1,56.61840890947283,10,2026-07-25T20:06:25.387258+00:00,,
42,cpu,model_only,1,777,1,0.0200435,20.043499999999998,20043.5,49.89148601791105,10,2026-07-25T20:06:25.387258+00:00,,
42,cpu,model_only,1,778,1,0.0155306,15.5306,15530.6,64.38901265887989,10,2026-07-25T20:06:25.387258+00:00,,
42,cpu,model_only,1,779,1,0.0170718,17.071800000000003,17071.800000000003,58.576131397977946,10,2026-07-25T20:06:25.387258+00:00,,
42,cpu,model_only,1,780,1,0.0109744,10.974400000000001,10974.4,91.1211546872722,10,2026-07-25T20:06:25.387258+00:00,,
42,cpu,model_only,1,781,1,0.015401,15.401,15401.0,64.9308486461918,10,2026-07-25T20:06:25.387258+00:00,,
42,cpu,model_only,1,782,1,0.0154549,15.4549,15454.900000000001,64.7043979579292,10,2026-07-25T20:06:25.387258+00:00,,
42,cpu,model_only,1,783,1,0.0133596,13.359599999999999,13359.599999999999,74.85254049522442,10,2026-07-25T20:06:25.387258+00:00,,
42,cpu,model_only,1,784,1,0.0154044,15.4044,15404.4,64.91651735867674,10,2026-07-25T20:06:25.387258+00:00,,
42,cpu,model_only,1,785,1,0.0159919,15.9919,15991.9,62.53165665117966,10,2026-07-25T20:06:25.387258+00:00,,
42,cpu,model_only,1,786,1,0.014947,14.947000000000001,14947.0,66.90305746972636,10,2026-07-25T20:06:25.387258+00:00,,
42,cpu,model_only,1,787,1,0.0155211,15.521099999999999,15521.1,64.42842324319797,10,2026-07-25T20:06:25.387258+00:00,,
42,cpu,model_only,1,788,1,0.016313,16.313000000000002,16313.000000000002,61.300803040519824,10,2026-07-25T20:06:25.387258+00:00,,
42,cpu,model_only,1,789,1,0.0142736,14.273599999999998,14273.599999999999,70.05941038000225,10,2026-07-25T20:06:25.387258+00:00,,
42,cpu,model_only,1,790,1,0.0170495,17.0495,17049.5,58.65274641485088,10,2026-07-25T20:06:25.387258+00:00,,
42,cpu,model_only,1,791,1,0.0161243,16.1243,16124.300000000001,62.0181961387471,10,2026-07-25T20:06:25.387258+00:00,,
42,cpu,model_only,1,792,1,0.0143636,14.3636,14363.6,69.62042941880865,10,2026-07-25T20:06:25.387258+00:00,,
42,cpu,model_only,1,793,1,0.0119088,11.908800000000001,11908.800000000001,83.97151686148058,10,2026-07-25T20:06:25.387258+00:00,,
42,cpu,model_only,1,794,1,0.0125787,12.5787,12578.7,79.49947132851567,10,2026-07-25T20:06:25.387258+00:00,,
42,cpu,model_only,1,795,1,0.0132751,13.2751,13275.1,75.32899940490091,10,2026-07-25T20:06:25.387258+00:00,,
42,cpu,model_only,1,796,1,0.0124795,12.4795,12479.5,80.1314155214552,10,2026-07-25T20:06:25.387258+00:00,,
42,cpu,model_only,1,797,1,0.0135925,13.592500000000001,13592.5,73.56998344675372,10,2026-07-25T20:06:25.387258+00:00,,
42,cpu,model_only,1,798,1,0.0128343,12.8343,12834.3,77.91620890893932,10,2026-07-25T20:06:25.387258+00:00,,
42,cpu,model_only,1,799,1,0.0129535,12.9535,12953.5,77.19921256803181,10,2026-07-25T20:06:25.387258+00:00,,
42,cpu,model_only,1,800,1,0.0109852,10.9852,10985.2,91.03156974838873,10,2026-07-25T20:06:25.387258+00:00,,
42,cpu,model_only,1,801,1,0.0140872,14.0872,14087.199999999999,70.98642739508206,10,2026-07-25T20:06:25.387258+00:00,,
42,cpu,model_only,1,802,1,0.016075,16.075,16074.999999999998,62.20839813374806,10,2026-07-25T20:06:25.387258+00:00,,
42,cpu,model_only,1,803,1,0.0128845,12.884500000000001,12884.5,77.61263533703287,10,2026-07-25T20:06:25.387258+00:00,,
42,cpu,model_only,1,804,1,0.0139823,13.9823,13982.3,71.51899186829063,10,2026-07-25T20:06:25.387258+00:00,,
42,cpu,model_only,1,805,1,0.011327,11.327,11327.0,88.28462964597864,10,2026-07-25T20:06:25.387258+00:00,,
42,cpu,model_only,1,806,1,0.0132332,13.2332,13233.2,75.56751201523441,10,2026-07-25T20:06:25.387258+00:00,,
42,cpu,model_only,1,807,1,0.0129223,12.9223,12922.3,77.38560472980816,10,2026-07-25T20:06:25.387258+00:00,,
42,cpu,model_only,1,808,1,0.0134144,13.4144,13414.4,74.54675572519083,10,2026-07-25T20:06:25.387258+00:00,,
42,cpu,model_only,1,809,1,0.0130728,13.0728,13072.800000000001,76.49470656630561,10,2026-07-25T20:06:25.387258+00:00,,
42,cpu,model_only,1,810,1,0.0132916,13.2916,13291.6,75.23548707454331,10,2026-07-25T20:06:25.387258+00:00,,
42,cpu,model_only,1,811,1,0.0134355,13.4355,13435.5,74.4296825574039,10,2026-07-25T20:06:25.387258+00:00,,
42,cpu,model_only,1,812,1,0.0135868,13.5868,13586.8,73.6008478817676,10,2026-07-25T20:06:25.387258+00:00,,
42,cpu,model_only,1,813,1,0.0126729,12.6729,12672.900000000001,78.90853711463042,10,2026-07-25T20:06:25.387258+00:00,,
42,cpu,model_only,1,814,1,0.0124794,12.4794,12479.4,80.13205763097585,10,2026-07-25T20:06:25.387258+00:00,,
42,cpu,model_only,1,815,1,0.0146289,14.6289,14628.9,68.35783961883668,10,2026-07-25T20:06:25.387258+00:00,,
42,cpu,model_only,1,816,1,0.013231,13.231,13231.0,75.58007709167863,10,2026-07-25T20:06:25.387258+00:00,,
42,cpu,model_only,1,817,1,0.0117825,11.782499999999999,11782.5,84.87163165711861,10,2026-07-25T20:06:25.387258+00:00,,
42,cpu,model_only,1,818,1,0.0136978,13.697799999999999,13697.8,73.00442406809853,10,2026-07-25T20:06:25.387258+00:00,,
42,cpu,model_only,1,819,1,0.0126647,12.6647,12664.699999999999,78.95962794223314,10,2026-07-25T20:06:25.387258+00:00,,
42,cpu,model_only,1,820,1,0.0121985,12.1985,12198.5,81.97729229003566,10,2026-07-25T20:06:25.387258+00:00,,
42,cpu,model_only,1,821,1,0.0122731,12.2731,12273.1,81.47900693386349,10,2026-07-25T20:06:25.387258+00:00,,
42,cpu,model_only,1,822,1,0.0127762,12.7762,12776.199999999999,78.27053427466696,10,2026-07-25T20:06:25.387258+00:00,,
42,cpu,model_only,1,823,1,0.0135067,13.5067,13506.7,74.0373296215952,10,2026-07-25T20:06:25.387258+00:00,,
42,cpu,model_only,1,824,1,0.0128438,12.8438,12843.800000000001,77.85857767950294,10,2026-07-25T20:06:25.387258+00:00,,
42,cpu,model_only,1,825,1,0.0117647,11.7647,11764.699999999999,85.00004250002125,10,2026-07-25T20:06:25.387258+00:00,,
42,cpu,model_only,1,826,1,0.0138017,13.8017,13801.7,72.45484251939979,10,2026-07-25T20:06:25.387258+00:00,,
42,cpu,model_only,1,827,1,0.0130669,13.066899999999999,13066.9,76.52924565122562,10,2026-07-25T20:06:25.387258+00:00,,
42,cpu,model_only,1,828,1,0.012941,12.940999999999999,12941.0,77.27378100610463,10,2026-07-25T20:06:25.387258+00:00,,
42,cpu,model_only,1,829,1,0.0130736,13.073599999999999,13073.6,76.49002570064864,10,2026-07-25T20:06:25.387258+00:00,,
42,cpu,model_only,1,830,1,0.0121187,12.1187,12118.699999999999,82.51710166932097,10,2026-07-25T20:06:25.387258+00:00,,
42,cpu,model_only,1,831,1,0.012889,12.889,12889.0,77.58553805570642,10,2026-07-25T20:06:25.387258+00:00,,
42,cpu,model_only,1,832,1,0.0134958,13.495800000000001,13495.800000000001,74.0971265134338,10,2026-07-25T20:06:25.387258+00:00,,
42,cpu,model_only,1,833,1,0.0137343,13.7343,13734.3,72.81040897606722,10,2026-07-25T20:06:25.387258+00:00,,
42,cpu,model_only,1,834,1,0.0136585,13.6585,13658.5,73.21448182450489,10,2026-07-25T20:06:25.387258+00:00,,
42,cpu,model_only,1,835,1,0.0122468,12.2468,12246.800000000001,81.6539830812947,10,2026-07-25T20:06:25.387258+00:00,,
42,cpu,model_only,1,836,1,0.014106,14.106,14106.0,70.8918190840777,10,2026-07-25T20:06:25.387258+00:00,,
42,cpu,model_only,1,837,1,0.0108469,10.8469,10846.9,92.19223925729932,10,2026-07-25T20:06:25.387258+00:00,,
42,cpu,model_only,1,838,1,0.0140161,14.0161,14016.1,71.34652292720514,10,2026-07-25T20:06:25.387258+00:00,,
42,cpu,model_only,1,839,1,0.0131722,13.1722,13172.2,75.91746253473224,10,2026-07-25T20:06:25.387258+00:00,,
42,cpu,model_only,1,840,1,0.0134038,13.4038,13403.800000000001,74.60570882883958,10,2026-07-25T20:06:25.387258+00:00,,
42,cpu,model_only,1,841,1,0.0123321,12.3321,12332.1,81.08919000008109,10,2026-07-25T20:06:25.387258+00:00,,
42,cpu,model_only,1,842,1,0.0133221,13.3221,13322.1,75.06324078035745,10,2026-07-25T20:06:25.387258+00:00,,
42,cpu,model_only,1,843,1,0.0116197,11.6197,11619.7,86.06074167147172,10,2026-07-25T20:06:25.387258+00:00,,
42,cpu,model_only,1,844,1,0.0130257,13.025699999999999,13025.699999999999,76.77130595668564,10,2026-07-25T20:06:25.387258+00:00,,
42,cpu,model_only,1,845,1,0.0136159,13.6159,13615.9,73.4435476171241,10,2026-07-25T20:06:25.387258+00:00,,
42,cpu,model_only,1,846,1,0.0128775,12.8775,12877.5,77.65482430596,10,2026-07-25T20:06:25.387258+00:00,,
42,cpu,model_only,1,847,1,0.010951,10.951,10951.0,91.31586156515387,10,2026-07-25T20:06:25.387258+00:00,,
42,cpu,model_only,1,848,1,0.0121638,12.1638,12163.800000000001,82.21115112053799,10,2026-07-25T20:06:25.387258+00:00,,
42,cpu,model_only,1,849,1,0.0116749,11.674900000000001,11674.9,85.65383857677581,10,2026-07-25T20:06:25.387258+00:00,,
42,cpu,model_only,1,850,1,0.0127885,12.788499999999999,12788.5,78.19525354810963,10,2026-07-25T20:06:25.387258+00:00,,
42,cpu,model_only,1,851,1,0.0137428,13.742799999999999,13742.8,72.76537532380593,10,2026-07-25T20:06:25.387258+00:00,,
42,cpu,model_only,1,852,1,0.0124965,12.496500000000001,12496.5,80.02240627375664,10,2026-07-25T20:06:25.387258+00:00,,
42,cpu,model_only,1,853,1,0.0113305,11.3305,11330.5,88.25735845726138,10,2026-07-25T20:06:25.387258+00:00,,
42,cpu,model_only,1,854,1,0.0110564,11.0564,11056.4,90.4453529177671,10,2026-07-25T20:06:25.387258+00:00,,
42,cpu,model_only,1,855,1,0.0130132,13.013200000000001,13013.2,76.84504964190207,10,2026-07-25T20:06:25.387258+00:00,,
42,cpu,model_only,1,856,1,0.0131638,13.1638,13163.8,75.96590650116228,10,2026-07-25T20:06:25.387258+00:00,,
42,cpu,model_only,1,857,1,0.0139037,13.9037,13903.699999999999,71.92330099182232,10,2026-07-25T20:06:25.387258+00:00,,
42,cpu,model_only,1,858,1,0.0123272,12.3272,12327.2,81.12142254526576,10,2026-07-25T20:06:25.387258+00:00,,
42,cpu,model_only,1,859,1,0.0120864,12.086400000000001,12086.400000000001,82.73762245168122,10,2026-07-25T20:06:25.387258+00:00,,
42,cpu,model_only,1,860,1,0.0132284,13.228399999999999,13228.4,75.59493211575096,10,2026-07-25T20:06:25.387258+00:00,,
42,cpu,model_only,1,861,1,0.0145954,14.5954,14595.4,68.51473752004057,10,2026-07-25T20:06:25.387258+00:00,,
42,cpu,model_only,1,862,1,0.0123859,12.3859,12385.9,80.73696703509636,10,2026-07-25T20:06:25.387258+00:00,,
42,cpu,model_only,1,863,1,0.0131099,13.109900000000001,13109.900000000001,76.27823248079694,10,2026-07-25T20:06:25.387258+00:00,,
42,cpu,model_only,1,864,1,0.013119,13.119,13119.0,76.22532205198567,10,2026-07-25T20:06:25.387258+00:00,,
42,cpu,model_only,1,865,1,0.0114643,11.4643,11464.300000000001,87.22730563575621,10,2026-07-25T20:06:25.387258+00:00,,
42,cpu,model_only,1,866,1,0.0111511,11.151100000000001,11151.1,89.67725157159383,10,2026-07-25T20:06:25.387258+00:00,,
42,cpu,model_only,1,867,1,0.0121305,12.130500000000001,12130.5,82.43683277688471,10,2026-07-25T20:06:25.387258+00:00,,
42,cpu,model_only,1,868,1,0.0136009,13.600900000000001,13600.900000000001,73.52454616973877,10,2026-07-25T20:06:25.387258+00:00,,
42,cpu,model_only,1,869,1,0.0125342,12.5342,12534.2,79.78171722168148,10,2026-07-25T20:06:25.387258+00:00,,
42,cpu,model_only,1,870,1,0.013846,13.846,13846.0,72.22302470027445,10,2026-07-25T20:06:25.387258+00:00,,
42,cpu,model_only,1,871,1,0.0124371,12.4371,12437.1,80.40459592670317,10,2026-07-25T20:06:25.387258+00:00,,
42,cpu,model_only,1,872,1,0.0119748,11.9748,11974.800000000001,83.50870160670742,10,2026-07-25T20:06:25.387258+00:00,,
42,cpu,model_only,1,873,1,0.0131474,13.1474,13147.4,76.06066598719138,10,2026-07-25T20:06:25.387258+00:00,,
42,cpu,model_only,1,874,1,0.0133047,13.304699999999999,13304.699999999999,75.1614091260983,10,2026-07-25T20:06:25.387258+00:00,,
42,cpu,model_only,1,875,1,0.0126715,12.6715,12671.5,78.91725525786212,10,2026-07-25T20:06:25.387258+00:00,,
42,cpu,model_only,1,876,1,0.0124871,12.4871,12487.099999999999,80.08264528993922,10,2026-07-25T20:06:25.387258+00:00,,
42,cpu,model_only,1,877,1,0.0133477,13.3477,13347.7,74.91927448174592,10,2026-07-25T20:06:25.387258+00:00,,
42,cpu,model_only,1,878,1,0.010852,10.852,10852.0,92.14891264283081,10,2026-07-25T20:06:25.387258+00:00,,
42,cpu,model_only,1,879,1,0.0131335,13.1335,13133.5,76.14116572124719,10,2026-07-25T20:06:25.387258+00:00,,
42,cpu,model_only,1,880,1,0.0133875,13.3875,13387.5,74.69654528478058,10,2026-07-25T20:06:25.387258+00:00,,
42,cpu,model_only,1,881,1,0.0102602,10.260200000000001,10260.2,97.46398705678251,10,2026-07-25T20:06:25.387258+00:00,,
42,cpu,model_only,1,882,1,0.0127306,12.730599999999999,12730.6,78.55089312365482,10,2026-07-25T20:06:25.387258+00:00,,
42,cpu,model_only,1,883,1,0.0124786,12.4786,12478.599999999999,80.1371948776305,10,2026-07-25T20:06:25.387258+00:00,,
42,cpu,model_only,1,884,1,0.0122478,12.2478,12247.8,81.64731625271477,10,2026-07-25T20:06:25.387258+00:00,,
42,cpu,model_only,1,885,1,0.0134923,13.4923,13492.300000000001,74.1163478428437,10,2026-07-25T20:06:25.387258+00:00,,
42,cpu,model_only,1,886,1,0.0130861,13.0861,13086.1,76.4169615087765,10,2026-07-25T20:06:25.387258+00:00,,
42,cpu,model_only,1,887,1,0.0132862,13.2862,13286.199999999999,75.26606554168987,10,2026-07-25T20:06:25.387258+00:00,,
42,cpu,model_only,1,888,1,0.0124584,12.4584,12458.4,80.26712900532974,10,2026-07-25T20:06:25.387258+00:00,,
42,cpu,model_only,1,889,1,0.0132374,13.2374,13237.4,75.54353573964676,10,2026-07-25T20:06:25.387258+00:00,,
42,cpu,model_only,1,890,1,0.0119641,11.9641,11964.1,83.58338696600664,10,2026-07-25T20:06:25.387258+00:00,,
42,cpu,model_only,1,891,1,0.0118907,11.8907,11890.7,84.09933813820885,10,2026-07-25T20:06:25.387258+00:00,,
42,cpu,model_only,1,892,1,0.0120715,12.0715,12071.5,82.83974651037568,10,2026-07-25T20:06:25.387258+00:00,,
42,cpu,model_only,1,893,1,0.0133094,13.3094,13309.400000000001,75.13486708642012,10,2026-07-25T20:06:25.387258+00:00,,
42,cpu,model_only,1,894,1,0.0128617,12.8617,12861.7,77.75021964437049,10,2026-07-25T20:06:25.387258+00:00,,
42,cpu,model_only,1,895,1,0.0141763,14.1763,14176.3,70.54026791193753,10,2026-07-25T20:06:25.387258+00:00,,
42,cpu,model_only,1,896,1,0.0126667,12.666699999999999,12666.699999999999,78.94716066536667,10,2026-07-25T20:06:25.387258+00:00,,
42,cpu,model_only,1,897,1,0.0117512,11.751199999999999,11751.2,85.09769215058888,10,2026-07-25T20:06:25.387258+00:00,,
42,cpu,model_only,1,898,1,0.0126469,12.6469,12646.900000000001,79.07076042350299,10,2026-07-25T20:06:25.387258+00:00,,
42,cpu,model_only,1,899,1,0.0144917,14.4917,14491.699999999999,69.00501666471152,10,2026-07-25T20:06:25.387258+00:00,,
42,cpu,model_only,1,900,1,0.0137538,13.7538,13753.8,72.70717910686501,10,2026-07-25T20:06:25.387258+00:00,,
42,cpu,model_only,1,901,1,0.0130692,13.0692,13069.199999999999,76.5157775533315,10,2026-07-25T20:06:25.387258+00:00,,
42,cpu,model_only,1,902,1,0.0138031,13.8031,13803.1,72.44749367895618,10,2026-07-25T20:06:25.387258+00:00,,
42,cpu,model_only,1,903,1,0.0120696,12.0696,12069.6,82.85278716776033,10,2026-07-25T20:06:25.387258+00:00,,
42,cpu,model_only,1,904,1,0.0120349,12.034899999999999,12034.9,83.09167504507724,10,2026-07-25T20:06:25.387258+00:00,,
42,cpu,model_only,1,905,1,0.0114097,11.4097,11409.7,87.64472334943075,10,2026-07-25T20:06:25.387258+00:00,,
42,cpu,model_only,1,906,1,0.0126999,12.6999,12699.9,78.7407774864369,10,2026-07-25T20:06:25.387258+00:00,,
42,cpu,model_only,1,907,1,0.012633,12.633000000000001,12633.0,79.15776141850708,10,2026-07-25T20:06:25.387258+00:00,,
42,cpu,model_only,1,908,1,0.0124495,12.4495,12449.5,80.32451102453913,10,2026-07-25T20:06:25.387258+00:00,,
42,cpu,model_only,1,909,1,0.0127516,12.7516,12751.6,78.42153141566548,10,2026-07-25T20:06:25.387258+00:00,,
42,cpu,model_only,1,910,1,0.0132129,13.2129,13212.9,75.6836122274444,10,2026-07-25T20:06:25.387258+00:00,,
42,cpu,model_only,1,911,1,0.0140129,14.0129,14012.9,71.36281569125592,10,2026-07-25T20:06:25.387258+00:00,,
42,cpu,model_only,1,912,1,0.0118493,11.8493,11849.3,84.3931709046104,10,2026-07-25T20:06:25.387258+00:00,,
42,cpu,model_only,1,913,1,0.0116175,11.6175,11617.5,86.07703894986012,10,2026-07-25T20:06:25.387258+00:00,,
42,cpu,model_only,1,914,1,0.0130984,13.0984,13098.4,76.34520246747695,10,2026-07-25T20:06:25.387258+00:00,,
42,cpu,model_only,1,915,1,0.0133246,13.3246,13324.6,75.04915719796466,10,2026-07-25T20:06:25.387258+00:00,,
42,cpu,model_only,1,916,1,0.0118881,11.8881,11888.1,84.1177311765547,10,2026-07-25T20:06:25.387258+00:00,,
42,cpu,model_only,1,917,1,0.0130607,13.060699999999999,13060.699999999999,76.56557458635449,10,2026-07-25T20:06:25.387258+00:00,,
42,cpu,model_only,1,918,1,0.0120931,12.093100000000002,12093.1,82.69178291753148,10,2026-07-25T20:06:25.387258+00:00,,
42,cpu,model_only,1,919,1,0.0139137,13.913699999999999,13913.699999999999,71.87160855847115,10,2026-07-25T20:06:25.387258+00:00,,
42,cpu,model_only,1,920,1,0.013554,13.554,13554.0,73.77895824110963,10,2026-07-25T20:06:25.387258+00:00,,
42,cpu,model_only,1,921,1,0.0122767,12.2767,12276.699999999999,81.4551141593425,10,2026-07-25T20:06:25.387258+00:00,,
42,cpu,model_only,1,922,1,0.0131373,13.1373,13137.3,76.11914168055841,10,2026-07-25T20:06:25.387258+00:00,,
42,cpu,model_only,1,923,1,0.0139315,13.9315,13931.5,71.77977963607653,10,2026-07-25T20:06:25.387258+00:00,,
42,cpu,model_only,1,924,1,0.0140016,14.0016,14001.6,71.4204090961033,10,2026-07-25T20:06:25.387258+00:00,,
42,cpu,model_only,1,925,1,0.0134635,13.4635,13463.5,74.27489137297137,10,2026-07-25T20:06:25.387258+00:00,,
42,cpu,model_only,1,926,1,0.0121382,12.1382,12138.2,82.38453806989504,10,2026-07-25T20:06:25.387258+00:00,,
42,cpu,model_only,1,927,1,0.0138692,13.8692,13869.2,72.1022120958671,10,2026-07-25T20:06:25.387258+00:00,,
42,cpu,model_only,1,928,1,0.0133134,13.3134,13313.4,75.1122928778524,10,2026-07-25T20:06:25.387258+00:00,,
42,cpu,model_only,1,929,1,0.0136563,13.6563,13656.3,73.22627651706539,10,2026-07-25T20:06:25.387258+00:00,,
42,cpu,model_only,1,930,1,0.0127718,12.771799999999999,12771.8,78.29749917787626,10,2026-07-25T20:06:25.387258+00:00,,
42,cpu,model_only,1,931,1,0.0130866,13.0866,13086.6,76.41404184432932,10,2026-07-25T20:06:25.387258+00:00,,
42,cpu,model_only,1,932,1,0.0135719,13.5719,13571.9,73.68165105843691,10,2026-07-25T20:06:25.387258+00:00,,
42,cpu,model_only,1,933,1,0.0135155,13.5155,13515.5,73.98912359883097,10,2026-07-25T20:06:25.387258+00:00,,
42,cpu,model_only,1,934,1,0.0140549,14.0549,14054.9,71.14956349742795,10,2026-07-25T20:06:25.387258+00:00,,
42,cpu,model_only,1,935,1,0.0120641,12.0641,12064.1,82.89055959416783,10,2026-07-25T20:06:25.387258+00:00,,
42,cpu,model_only,1,936,1,0.0138294,13.8294,13829.4,72.30971697976774,10,2026-07-25T20:06:25.387258+00:00,,
42,cpu,model_only,1,937,1,0.0109812,10.9812,10981.2,91.06472880923761,10,2026-07-25T20:06:25.387258+00:00,,
42,cpu,model_only,1,938,1,0.0128057,12.8057,12805.699999999999,78.09022544648087,10,2026-07-25T20:06:25.387258+00:00,,
42,cpu,model_only,1,939,1,0.0133939,13.3939,13393.9,74.66085307490724,10,2026-07-25T20:06:25.387258+00:00,,
42,cpu,model_only,1,940,1,0.0150104,15.0104,15010.4,66.62047646964771,10,2026-07-25T20:06:25.387258+00:00,,
42,cpu,model_only,1,941,1,0.0132808,13.280800000000001,13280.800000000001,75.29666887536895,10,2026-07-25T20:06:25.387258+00:00,,
42,cpu,model_only,1,942,1,0.0119914,11.991399999999999,11991.4,83.39309838717749,10,2026-07-25T20:06:25.387258+00:00,,
42,cpu,model_only,1,943,1,0.0133498,13.3498,13349.800000000001,74.90748925077528,10,2026-07-25T20:06:25.387258+00:00,,
42,cpu,model_only,1,944,1,0.0128969,12.896899999999999,12896.9,77.53801301087859,10,2026-07-25T20:06:25.387258+00:00,,
42,cpu,model_only,1,945,1,0.0131445,13.1445,13144.5,76.07744684088402,10,2026-07-25T20:06:25.387258+00:00,,
42,cpu,model_only,1,946,1,0.013361,13.360999999999999,13361.0,74.84469725319961,10,2026-07-25T20:06:25.387258+00:00,,
42,cpu,model_only,1,947,1,0.0116926,11.692599999999999,11692.599999999999,85.52417768503156,10,2026-07-25T20:06:25.387258+00:00,,
42,cpu,model_only,1,948,1,0.0122635,12.2635,12263.5,81.54278957883149,10,2026-07-25T20:06:25.387258+00:00,,
42,cpu,model_only,1,949,1,0.0127533,12.753300000000001,12753.300000000001,78.41107791708812,10,2026-07-25T20:06:25.387258+00:00,,
42,cpu,model_only,1,950,1,0.0135401,13.540099999999999,13540.099999999999,73.85469826663024,10,2026-07-25T20:06:25.387258+00:00,,
42,cpu,model_only,1,951,1,0.0134673,13.4673,13467.3,74.25393360213258,10,2026-07-25T20:06:25.387258+00:00,,
42,cpu,model_only,1,952,1,0.0129013,12.901299999999999,12901.3,77.51156860161379,10,2026-07-25T20:06:25.387258+00:00,,
42,cpu,model_only,1,953,1,0.0105983,10.5983,10598.3,94.35475500787862,10,2026-07-25T20:06:25.387258+00:00,,
42,cpu,model_only,1,954,1,0.0131943,13.1943,13194.300000000001,75.79030338858446,10,2026-07-25T20:06:25.387258+00:00,,
42,cpu,model_only,1,955,1,0.0122629,12.2629,12262.9,81.54677930995115,10,2026-07-25T20:06:25.387258+00:00,,
42,cpu,model_only,1,956,1,0.0090551,9.0551,9055.1,110.43500347870261,10,2026-07-25T20:06:25.387258+00:00,,
42,cpu,model_only,1,957,1,0.010437,10.437,10437.0,95.81297307655457,10,2026-07-25T20:06:25.387258+00:00,,
42,cpu,model_only,1,958,1,0.0108393,10.8393,10839.3,92.25688005683024,10,2026-07-25T20:06:25.387258+00:00,,
42,cpu,model_only,1,959,1,0.013725,13.725,13725.0,72.85974499089254,10,2026-07-25T20:06:25.387258+00:00,,
42,cpu,model_only,1,960,1,0.0111577,11.1577,11157.699999999999,89.62420570547694,10,2026-07-25T20:06:25.387258+00:00,,
42,cpu,model_only,1,961,1,0.0127844,12.7844,12784.4,78.22033102844091,10,2026-07-25T20:06:25.387258+00:00,,
42,cpu,model_only,1,962,1,0.01507,15.07,15070.0,66.35700066357,10,2026-07-25T20:06:25.387258+00:00,,
42,cpu,model_only,1,963,1,0.0122427,12.242700000000001,12242.7,81.68132846512616,10,2026-07-25T20:06:25.387258+00:00,,
42,cpu,model_only,1,964,1,0.0124612,12.4612,12461.2,80.249093185247,10,2026-07-25T20:06:25.387258+00:00,,
42,cpu,model_only,1,965,1,0.0131479,13.1479,13147.900000000001,76.057773484739,10,2026-07-25T20:06:25.387258+00:00,,
42,cpu,model_only,1,966,1,0.0137161,13.7161,13716.1,72.90702167525754,10,2026-07-25T20:06:25.387258+00:00,,
42,cpu,model_only,1,967,1,0.0129577,12.9577,12957.7,77.1741898639419,10,2026-07-25T20:06:25.387258+00:00,,
42,cpu,model_only,1,968,1,0.0136257,13.6257,13625.699999999999,73.39072488018965,10,2026-07-25T20:06:25.387258+00:00,,
42,cpu,model_only,1,969,1,0.0132676,13.2676,13267.599999999999,75.3715818987609,10,2026-07-25T20:06:25.387258+00:00,,
42,cpu,model_only,1,970,1,0.0137364,13.7364,13736.4,72.79927783116392,10,2026-07-25T20:06:25.387258+00:00,,
42,cpu,model_only,1,971,1,0.0139766,13.976600000000001,13976.6,71.54815906586724,10,2026-07-25T20:06:25.387258+00:00,,
42,cpu,model_only,1,972,1,0.0134728,13.4728,13472.8,74.22362092512321,10,2026-07-25T20:06:25.387258+00:00,,
42,cpu,model_only,1,973,1,0.0149349,14.934899999999999,14934.9,66.9572611801887,10,2026-07-25T20:06:25.387258+00:00,,
42,cpu,model_only,1,974,1,0.0109576,10.9576,10957.6,91.26086004234504,10,2026-07-25T20:06:25.387258+00:00,,
42,cpu,model_only,1,975,1,0.0106272,10.6272,10627.2,94.09816320385426,10,2026-07-25T20:06:25.387258+00:00,,
42,cpu,model_only,1,976,1,0.0132255,13.2255,13225.5,75.61150807152849,10,2026-07-25T20:06:25.387258+00:00,,
42,cpu,model_only,1,977,1,0.0098527,9.8527,9852.7,101.49502166918712,10,2026-07-25T20:06:25.387258+00:00,,
42,cpu,model_only,1,978,1,0.0127761,12.7761,12776.1,78.27114690711562,10,2026-07-25T20:06:25.387258+00:00,,
42,cpu,model_only,1,979,1,0.0155824,15.5824,15582.4,64.17496662901735,10,2026-07-25T20:06:25.387258+00:00,,
42,cpu,model_only,1,980,1,0.0141283,14.1283,14128.3,70.77992398236164,10,2026-07-25T20:06:25.387258+00:00,,
42,cpu,model_only,1,981,1,0.0154494,15.4494,15449.4,64.72743278056106,10,2026-07-25T20:06:25.387258+00:00,,
42,cpu,model_only,1,982,1,0.0130645,13.064499999999999,13064.5,76.54330437444985,10,2026-07-25T20:06:25.387258+00:00,,
42,cpu,model_only,1,983,1,0.012397,12.397,12397.0,80.66467693796886,10,2026-07-25T20:06:25.387258+00:00,,
42,cpu,model_only,1,984,1,0.0144274,14.4274,14427.4,69.31255804926737,10,2026-07-25T20:06:25.387258+00:00,,
42,cpu,model_only,1,985,1,0.0146537,14.6537,14653.7,68.24215044664487,10,2026-07-25T20:06:25.387258+00:00,,
42,cpu,model_only,1,986,1,0.0140632,14.0632,14063.199999999999,71.10757153421696,10,2026-07-25T20:06:25.387258+00:00,,
42,cpu,model_only,1,987,1,0.0127232,12.7232,12723.2,78.59657947686117,10,2026-07-25T20:06:25.387258+00:00,,
42,cpu,model_only,1,988,1,0.0156795,15.679499999999999,15679.499999999998,63.77754392678338,10,2026-07-25T20:06:25.387258+00:00,,
42,cpu,model_only,1,989,1,0.0149401,14.9401,14940.1,66.93395626535298,10,2026-07-25T20:06:25.387258+00:00,,
42,cpu,model_only,1,990,1,0.0162111,16.2111,16211.099999999999,61.68612864025267,10,2026-07-25T20:06:25.387258+00:00,,
42,cpu,model_only,1,991,1,0.0156897,15.6897,15689.7,63.73608163317335,10,2026-07-25T20:06:25.387258+00:00,,
42,cpu,model_only,1,992,1,0.0151308,15.1308,15130.8,66.09035873846723,10,2026-07-25T20:06:25.387258+00:00,,
42,cpu,model_only,1,993,1,0.0145924,14.5924,14592.4,68.52882322304761,10,2026-07-25T20:06:25.387258+00:00,,
42,cpu,model_only,1,994,1,0.0157245,15.724499999999999,15724.499999999998,63.595026868898856,10,2026-07-25T20:06:25.387258+00:00,,
42,cpu,model_only,1,995,1,0.0159937,15.9937,15993.699999999999,62.52461906875833,10,2026-07-25T20:06:25.387258+00:00,,
42,cpu,model_only,1,996,1,0.0152252,15.2252,15225.199999999999,65.68058219268056,10,2026-07-25T20:06:25.387258+00:00,,
42,cpu,model_only,1,997,1,0.0132879,13.2879,13287.9,75.25643630671513,10,2026-07-25T20:06:25.387258+00:00,,
42,cpu,model_only,1,998,1,0.0159453,15.9453,15945.3,62.71440487165498,10,2026-07-25T20:06:25.387258+00:00,,
42,cpu,model_only,1,999,1,0.0151422,15.142199999999999,15142.199999999999,66.04060176196326,10,2026-07-25T20:06:25.387258+00:00,,
42,cpu,end_to_end,1,0,1,0.0120933,12.0933,12093.3,82.69041535395633,10,2026-07-25T20:06:25.387258+00:00,,
42,cpu,end_to_end,1,1,1,0.0106729,10.6729,10672.900000000001,93.6952468401278,10,2026-07-25T20:06:25.387258+00:00,,
42,cpu,end_to_end,1,2,1,0.0127955,12.795499999999999,12795.5,78.15247547966082,10,2026-07-25T20:06:25.387258+00:00,,
42,cpu,end_to_end,1,3,1,0.0119298,11.9298,11929.800000000001,83.82370198997468,10,2026-07-25T20:06:25.387258+00:00,,
42,cpu,end_to_end,1,4,1,0.0137371,13.7371,13737.1,72.79556820580763,10,2026-07-25T20:06:25.387258+00:00,,
42,cpu,end_to_end,1,5,1,0.0128203,12.8203,12820.3,78.00129482149404,10,2026-07-25T20:06:25.387258+00:00,,
42,cpu,end_to_end,1,6,1,0.0138746,13.874600000000001,13874.6,72.0741498854021,10,2026-07-25T20:06:25.387258+00:00,,
42,cpu,end_to_end,1,7,1,0.0134565,13.4565,13456.5,74.31352877791402,10,2026-07-25T20:06:25.387258+00:00,,
42,cpu,end_to_end,1,8,1,0.0142348,14.2348,14234.800000000001,70.25037232697333,10,2026-07-25T20:06:25.387258+00:00,,
42,cpu,end_to_end,1,9,1,0.0138056,13.8056,13805.6,72.43437445674219,10,2026-07-25T20:06:25.387258+00:00,,
42,cpu,end_to_end,1,10,1,0.0134955,13.4955,13495.5,74.09877366529584,10,2026-07-25T20:06:25.387258+00:00,,
42,cpu,end_to_end,1,11,1,0.012406,12.406,12406.0,80.60615831049492,10,2026-07-25T20:06:25.387258+00:00,,
42,cpu,end_to_end,1,12,1,0.0136412,13.6412,13641.199999999999,73.30733366565991,10,2026-07-25T20:06:25.387258+00:00,,
42,cpu,end_to_end,1,13,1,0.013912,13.912,13912.0,71.8803910293272,10,2026-07-25T20:06:25.387258+00:00,,
42,cpu,end_to_end,1,14,1,0.0137218,13.7218,13721.8,72.87673628824207,10,2026-07-25T20:06:25.387258+00:00,,
42,cpu,end_to_end,1,15,1,0.0137376,13.7376,13737.6,72.79291870486838,10,2026-07-25T20:06:25.387258+00:00,,
42,cpu,end_to_end,1,16,1,0.013094,13.094,13094.0,76.3708568810142,10,2026-07-25T20:06:25.387258+00:00,,
42,cpu,end_to_end,1,17,1,0.012408,12.408000000000001,12408.0,80.59316569954868,10,2026-07-25T20:06:25.387258+00:00,,
42,cpu,end_to_end,1,18,1,0.011923,11.923,11923.0,83.8715088484442,10,2026-07-25T20:06:25.387258+00:00,,
42,cpu,end_to_end,1,19,1,0.0132186,13.2186,13218.6,75.6509766541086,10,2026-07-25T20:06:25.387258+00:00,,
42,cpu,end_to_end,1,20,1,0.0135238,13.523800000000001,13523.800000000001,73.94371404486904,10,2026-07-25T20:06:25.387258+00:00,,
42,cpu,end_to_end,1,21,1,0.0129498,12.9498,12949.8,77.22126982656103,10,2026-07-25T20:06:25.387258+00:00,,
42,cpu,end_to_end,1,22,1,0.0137072,13.707199999999998,13707.199999999999,72.95435975253882,10,2026-07-25T20:06:25.387258+00:00,,
42,cpu,end_to_end,1,23,1,0.013848,13.847999999999999,13848.0,72.21259387637204,10,2026-07-25T20:06:25.387258+00:00,,
42,cpu,end_to_end,1,24,1,0.0137798,13.7798,13779.8,72.56999375898053,10,2026-07-25T20:06:25.387258+00:00,,
42,cpu,end_to_end,1,25,1,0.0141264,14.1264,14126.400000000001,70.78944387812889,10,2026-07-25T20:06:25.387258+00:00,,
42,cpu,end_to_end,1,26,1,0.0139535,13.9535,13953.5,71.6666069444942,10,2026-07-25T20:06:25.387258+00:00,,
42,cpu,end_to_end,1,27,1,0.0121316,12.131599999999999,12131.599999999999,82.42935804015958,10,2026-07-25T20:06:25.387258+00:00,,
42,cpu,end_to_end,1,28,1,0.0111995,11.199499999999999,11199.5,89.28970043305505,10,2026-07-25T20:06:25.387258+00:00,,
42,cpu,end_to_end,1,29,1,0.0125218,12.521799999999999,12521.8,79.86072289926369,10,2026-07-25T20:06:25.387258+00:00,,
42,cpu,end_to_end,1,30,1,0.0137607,13.7607,13760.7,72.67072169293714,10,2026-07-25T20:06:25.387258+00:00,,
42,cpu,end_to_end,1,31,1,0.013296,13.296000000000001,13296.0,75.21058965102286,10,2026-07-25T20:06:25.387258+00:00,,
42,cpu,end_to_end,1,32,1,0.0114024,11.4024,11402.4,87.70083491194836,10,2026-07-25T20:06:25.387258+00:00,,
42,cpu,end_to_end,1,33,1,0.0116596,11.659600000000001,11659.6,85.7662355483893,10,2026-07-25T20:06:25.387258+00:00,,
42,cpu,end_to_end,1,34,1,0.0125093,12.5093,12509.3,79.94052424995803,10,2026-07-25T20:06:25.387258+00:00,,
42,cpu,end_to_end,1,35,1,0.0136514,13.651399999999999,13651.4,73.25256017697819,10,2026-07-25T20:06:25.387258+00:00,,
42,cpu,end_to_end,1,36,1,0.0118145,11.8145,11814.5,84.64175377713826,10,2026-07-25T20:06:25.387258+00:00,,
42,cpu,end_to_end,1,37,1,0.0099867,9.986699999999999,9986.699999999999,100.13317712557702,10,2026-07-25T20:06:25.387258+00:00,,
42,cpu,end_to_end,1,38,1,0.0149486,14.948599999999999,14948.599999999999,66.8958966057022,10,2026-07-25T20:06:25.387258+00:00,,
42,cpu,end_to_end,1,39,1,0.0139587,13.958699999999999,13958.699999999999,71.6399091605952,10,2026-07-25T20:06:25.387258+00:00,,
42,cpu,end_to_end,1,40,1,0.0139035,13.9035,13903.5,71.92433559894991,10,2026-07-25T20:06:25.387258+00:00,,
42,cpu,end_to_end,1,41,1,0.0128812,12.8812,12881.2,77.63251870943701,10,2026-07-25T20:06:25.387258+00:00,,
42,cpu,end_to_end,1,42,1,0.0126175,12.6175,12617.5,79.25500297206261,10,2026-07-25T20:06:25.387258+00:00,,
42,cpu,end_to_end,1,43,1,0.0114485,11.448500000000001,11448.5,87.34768746997423,10,2026-07-25T20:06:25.387258+00:00,,
42,cpu,end_to_end,1,44,1,0.0133279,13.3279,13327.9,75.03057495929592,10,2026-07-25T20:06:25.387258+00:00,,
42,cpu,end_to_end,1,45,1,0.0115155,11.5155,11515.5,86.8394772263471,10,2026-07-25T20:06:25.387258+00:00,,
42,cpu,end_to_end,1,46,1,0.0111258,11.1258,11125.8,89.8811770838951,10,2026-07-25T20:06:25.387258+00:00,,
42,cpu,end_to_end,1,47,1,0.0137923,13.792300000000001,13792.300000000001,72.50422337101136,10,2026-07-25T20:06:25.387258+00:00,,
42,cpu,end_to_end,1,48,1,0.0137731,13.7731,13773.1,72.60529583027787,10,2026-07-25T20:06:25.387258+00:00,,
42,cpu,end_to_end,1,49,1,0.01449,14.49,14490.0,69.01311249137336,10,2026-07-25T20:06:25.387258+00:00,,
42,cpu,end_to_end,1,50,1,0.0126225,12.6225,12622.5,79.22360863537334,10,2026-07-25T20:06:25.387258+00:00,,
42,cpu,end_to_end,1,51,1,0.0140115,14.0115,14011.5,71.36994611569068,10,2026-07-25T20:06:25.387258+00:00,,
42,cpu,end_to_end,1,52,1,0.0139048,13.9048,13904.8,71.91761118462689,10,2026-07-25T20:06:25.387258+00:00,,
42,cpu,end_to_end,1,53,1,0.013544,13.544,13544.0,73.83343177790904,10,2026-07-25T20:06:25.387258+00:00,,
42,cpu,end_to_end,1,54,1,0.0137662,13.7662,13766.199999999999,72.64168761168659,10,2026-07-25T20:06:25.387258+00:00,,
42,cpu,end_to_end,1,55,1,0.0144378,14.437800000000001,14437.800000000001,69.2626300405879,10,2026-07-25T20:06:25.387258+00:00,,
42,cpu,end_to_end,1,56,1,0.0133012,13.3012,13301.199999999999,75.18118665985024,10,2026-07-25T20:06:25.387258+00:00,,
42,cpu,end_to_end,1,57,1,0.013463,13.463,13463.0,74.27764985515859,10,2026-07-25T20:06:25.387258+00:00,,
42,cpu,end_to_end,1,58,1,0.0113441,11.3441,11344.099999999999,88.15155014500931,10,2026-07-25T20:06:25.387258+00:00,,
42,cpu,end_to_end,1,59,1,0.0126495,12.6495,12649.5,79.05450808332346,10,2026-07-25T20:06:25.387258+00:00,,
42,cpu,end_to_end,1,60,1,0.0125979,12.597900000000001,12597.9,79.37830908325991,10,2026-07-25T20:06:25.387258+00:00,,
42,cpu,end_to_end,1,61,1,0.0122627,12.262699999999999,12262.699999999999,81.54810930708572,10,2026-07-25T20:06:25.387258+00:00,,
42,cpu,end_to_end,1,62,1,0.0141456,14.1456,14145.6,70.69336047958376,10,2026-07-25T20:06:25.387258+00:00,,
42,cpu,end_to_end,1,63,1,0.0136565,13.6565,13656.5,73.22520411525647,10,2026-07-25T20:06:25.387258+00:00,,
42,cpu,end_to_end,1,64,1,0.0126725,12.6725,12672.5,78.9110278161373,10,2026-07-25T20:06:25.387258+00:00,,
42,cpu,end_to_end,1,65,1,0.0119068,11.9068,11906.800000000001,83.98562166157154,10,2026-07-25T20:06:25.387258+00:00,,
42,cpu,end_to_end,1,66,1,0.014148,14.148000000000001,14148.0,70.68136839129205,10,2026-07-25T20:06:25.387258+00:00,,
42,cpu,end_to_end,1,67,1,0.0139533,13.9533,13953.3,71.6676341797281,10,2026-07-25T20:06:25.387258+00:00,,
42,cpu,end_to_end,1,68,1,0.0140204,14.0204,14020.400000000001,71.32464123705458,10,2026-07-25T20:06:25.387258+00:00,,
42,cpu,end_to_end,1,69,1,0.0127566,12.7566,12756.6,78.39079378517786,10,2026-07-25T20:06:25.387258+00:00,,
42,cpu,end_to_end,1,70,1,0.0133693,13.3693,13369.300000000001,74.79823176980096,10,2026-07-25T20:06:25.387258+00:00,,
42,cpu,end_to_end,1,71,1,0.0115857,11.585700000000001,11585.7,86.31330001639952,10,2026-07-25T20:06:25.387258+00:00,,
42,cpu,end_to_end,1,72,1,0.0131269,13.126900000000001,13126.9,76.17944830843535,10,2026-07-25T20:06:25.387258+00:00,,
42,cpu,end_to_end,1,73,1,0.0128518,12.8518,12851.8,77.8101122021818,10,2026-07-25T20:06:25.387258+00:00,,
42,cpu,end_to_end,1,74,1,0.0134917,13.4917,13491.7,74.11964392923056,10,2026-07-25T20:06:25.387258+00:00,,
42,cpu,end_to_end,1,75,1,0.0135229,13.5229,13522.9,73.94863527793595,10,2026-07-25T20:06:25.387258+00:00,,
42,cpu,end_to_end,1,76,1,0.0130331,13.033100000000001,13033.1,76.72771635297818,10,2026-07-25T20:06:25.387258+00:00,,
42,cpu,end_to_end,1,77,1,0.0114523,11.452300000000001,11452.300000000001,87.31870453969945,10,2026-07-25T20:06:25.387258+00:00,,
42,cpu,end_to_end,1,78,1,0.0122562,12.2562,12256.2,81.59135784337722,10,2026-07-25T20:06:25.387258+00:00,,
42,cpu,end_to_end,1,79,1,0.0115762,11.5762,11576.2,86.38413296245746,10,2026-07-25T20:06:25.387258+00:00,,
42,cpu,end_to_end,1,80,1,0.0113762,11.376199999999999,11376.199999999999,87.90281464812503,10,2026-07-25T20:06:25.387258+00:00,,
42,cpu,end_to_end,1,81,1,0.0133376,13.3376,13337.6,74.9760076775432,10,2026-07-25T20:06:25.387258+00:00,,
42,cpu,end_to_end,1,82,1,0.0111501,11.1501,11150.1,89.68529430229326,10,2026-07-25T20:06:25.387258+00:00,,
42,cpu,end_to_end,1,83,1,0.0128236,12.823599999999999,12823.599999999999,77.9812221217131,10,2026-07-25T20:06:25.387258+00:00,,
42,cpu,end_to_end,1,84,1,0.01218,12.18,12180.0,82.10180623973727,10,2026-07-25T20:06:25.387258+00:00,,
42,cpu,end_to_end,1,85,1,0.0125158,12.5158,12515.800000000001,79.89900765432493,10,2026-07-25T20:06:25.387258+00:00,,
42,cpu,end_to_end,1,86,1,0.010138,10.138,10138.0,98.63878477017164,10,2026-07-25T20:06:25.387258+00:00,,
42,cpu,end_to_end,1,87,1,0.0109264,10.9264,10926.4,91.52145262849612,10,2026-07-25T20:06:25.387258+00:00,,
42,cpu,end_to_end,1,88,1,0.0130813,13.0813,13081.300000000001,76.44500164356754,10,2026-07-25T20:06:25.387258+00:00,,
42,cpu,end_to_end,1,89,1,0.0132766,13.2766,13276.6,75.32048867933055,10,2026-07-25T20:06:25.387258+00:00,,
42,cpu,end_to_end,1,90,1,0.0129102,12.9102,12910.2,77.45813387863859,10,2026-07-25T20:06:25.387258+00:00,,
42,cpu,end_to_end,1,91,1,0.0132684,13.2684,13268.4,75.36703747249103,10,2026-07-25T20:06:25.387258+00:00,,
42,cpu,end_to_end,1,92,1,0.0134248,13.424800000000001,13424.800000000001,74.4890054227996,10,2026-07-25T20:06:25.387258+00:00,,
42,cpu,end_to_end,1,93,1,0.0131694,13.1694,13169.4,75.93360365696236,10,2026-07-25T20:06:25.387258+00:00,,
42,cpu,end_to_end,1,94,1,0.0135712,13.571200000000001,13571.2,73.68545154444706,10,2026-07-25T20:06:25.387258+00:00,,
42,cpu,end_to_end,1,95,1,0.0127096,12.7096,12709.6,78.68068231887707,10,2026-07-25T20:06:25.387258+00:00,,
42,cpu,end_to_end,1,96,1,0.0133741,13.3741,13374.1,74.7713864858196,10,2026-07-25T20:06:25.387258+00:00,,
42,cpu,end_to_end,1,97,1,0.0136421,13.642100000000001,13642.1,73.30249741608696,10,2026-07-25T20:06:25.387258+00:00,,
42,cpu,end_to_end,1,98,1,0.0117344,11.7344,11734.400000000001,85.21952549768203,10,2026-07-25T20:06:25.387258+00:00,,
42,cpu,end_to_end,1,99,1,0.0104617,10.4617,10461.7,95.5867593220987,10,2026-07-25T20:06:25.387258+00:00,,
42,cpu,end_to_end,1,100,1,0.0120725,12.0725,12072.5,82.83288465520812,10,2026-07-25T20:06:25.387258+00:00,,
42,cpu,end_to_end,1,101,1,0.0134992,13.4992,13499.199999999999,74.07846390897238,10,2026-07-25T20:06:25.387258+00:00,,
42,cpu,end_to_end,1,102,1,0.0140467,14.046700000000001,14046.7,71.19109826507294,10,2026-07-25T20:06:25.387258+00:00,,
42,cpu,end_to_end,1,103,1,0.0161712,16.1712,16171.2,61.83832987038686,10,2026-07-25T20:06:25.387258+00:00,,
42,cpu,end_to_end,1,104,1,0.0135081,13.5081,13508.1,74.02965628030589,10,2026-07-25T20:06:25.387258+00:00,,
42,cpu,end_to_end,1,105,1,0.0109549,10.9549,10954.9,91.28335265497631,10,2026-07-25T20:06:25.387258+00:00,,
42,cpu,end_to_end,1,106,1,0.0117783,11.7783,11778.300000000001,84.90189585933453,10,2026-07-25T20:06:25.387258+00:00,,
42,cpu,end_to_end,1,107,1,0.0129785,12.9785,12978.5,77.05050660708093,10,2026-07-25T20:06:25.387258+00:00,,
42,cpu,end_to_end,1,108,1,0.0123727,12.3727,12372.7,80.82310247561162,10,2026-07-25T20:06:25.387258+00:00,,
42,cpu,end_to_end,1,109,1,0.0124315,12.4315,12431.5,80.44081566987089,10,2026-07-25T20:06:25.387258+00:00,,
42,cpu,end_to_end,1,110,1,0.0136243,13.6243,13624.300000000001,73.3982663329492,10,2026-07-25T20:06:25.387258+00:00,,
42,cpu,end_to_end,1,111,1,0.011924,11.924000000000001,11924.0,83.86447500838645,10,2026-07-25T20:06:25.387258+00:00,,
42,cpu,end_to_end,1,112,1,0.0123274,12.3274,12327.4,81.12010642957964,10,2026-07-25T20:06:25.387258+00:00,,
42,cpu,end_to_end,1,113,1,0.0130504,13.0504,13050.4,76.62600380064978,10,2026-07-25T20:06:25.387258+00:00,,
42,cpu,end_to_end,1,114,1,0.0130555,13.055499999999999,13055.5,76.59607062157711,10,2026-07-25T20:06:25.387258+00:00,,
42,cpu,end_to_end,1,115,1,0.0134047,13.4047,13404.7,74.60069975456369,10,2026-07-25T20:06:25.387258+00:00,,
42,cpu,end_to_end,1,116,1,0.010555,10.555,10555.0,94.74182851729039,10,2026-07-25T20:06:25.387258+00:00,,
42,cpu,end_to_end,1,117,1,0.0123504,12.350399999999999,12350.4,80.96903744008291,10,2026-07-25T20:06:25.387258+00:00,,
42,cpu,end_to_end,1,118,1,0.0140602,14.0602,14060.2,71.12274363095831,10,2026-07-25T20:06:25.387258+00:00,,
42,cpu,end_to_end,1,119,1,0.0136772,13.677200000000001,13677.2,73.1143801362852,10,2026-07-25T20:06:25.387258+00:00,,
42,cpu,end_to_end,1,120,1,0.0114302,11.4302,11430.199999999999,87.48753302654372,10,2026-07-25T20:06:25.387258+00:00,,
42,cpu,end_to_end,1,121,1,0.0107019,10.7019,10701.9,93.4413515357086,10,2026-07-25T20:06:25.387258+00:00,,
42,cpu,end_to_end,1,122,1,0.0135752,13.5752,13575.2,73.66373976074017,10,2026-07-25T20:06:25.387258+00:00,,
42,cpu,end_to_end,1,123,1,0.0124668,12.4668,12466.8,80.213045849777,10,2026-07-25T20:06:25.387258+00:00,,
42,cpu,end_to_end,1,124,1,0.0115347,11.5347,11534.7,86.6949292135903,10,2026-07-25T20:06:25.387258+00:00,,
42,cpu,end_to_end,1,125,1,0.0130752,13.0752,13075.2,76.48066568771415,10,2026-07-25T20:06:25.387258+00:00,,
42,cpu,end_to_end,1,126,1,0.0126187,12.6187,12618.7,79.24746606227266,10,2026-07-25T20:06:25.387258+00:00,,
42,cpu,end_to_end,1,127,1,0.0103942,10.3942,10394.199999999999,96.20750033672626,10,2026-07-25T20:06:25.387258+00:00,,
42,cpu,end_to_end,1,128,1,0.0130164,13.016399999999999,13016.4,76.8261577701976,10,2026-07-25T20:06:25.387258+00:00,,
42,cpu,end_to_end,1,129,1,0.0125661,12.5661,12566.1,79.57918526830122,10,2026-07-25T20:06:25.387258+00:00,,
42,cpu,end_to_end,1,130,1,0.0136392,13.6392,13639.2,73.31808317203355,10,2026-07-25T20:06:25.387258+00:00,,
42,cpu,end_to_end,1,131,1,0.011578,11.578,11578.0,86.37070305752289,10,2026-07-25T20:06:25.387258+00:00,,
42,cpu,end_to_end,1,132,1,0.0137329,13.732899999999999,13732.9,72.8178316306097,10,2026-07-25T20:06:25.387258+00:00,,
42,cpu,end_to_end,1,133,1,0.0128584,12.858400000000001,12858.400000000001,77.77017358302743,10,2026-07-25T20:06:25.387258+00:00,,
42,cpu,end_to_end,1,134,1,0.0130501,13.0501,13050.1,76.62776530448042,10,2026-07-25T20:06:25.387258+00:00,,
42,cpu,end_to_end,1,135,1,0.0128576,12.8576,12857.6,77.77501244400199,10,2026-07-25T20:06:25.387258+00:00,,
42,cpu,end_to_end,1,136,1,0.0139031,13.9031,13903.1,71.92640490250376,10,2026-07-25T20:06:25.387258+00:00,,
42,cpu,end_to_end,1,137,1,0.0138054,13.8054,13805.400000000001,72.43542381966476,10,2026-07-25T20:06:25.387258+00:00,,
42,cpu,end_to_end,1,138,1,0.0115052,11.5052,11505.2,86.91722003963424,10,2026-07-25T20:06:25.387258+00:00,,
42,cpu,end_to_end,1,139,1,0.0135822,13.582199999999998,13582.199999999999,73.62577491128094,10,2026-07-25T20:06:25.387258+00:00,,
42,cpu,end_to_end,1,140,1,0.0142917,14.291699999999999,14291.699999999999,69.97068228412296,10,2026-07-25T20:06:25.387258+00:00,,
42,cpu,end_to_end,1,141,1,0.0145688,14.5688,14568.8,68.63983306792598,10,2026-07-25T20:06:25.387258+00:00,,
42,cpu,end_to_end,1,142,1,0.0156763,15.676300000000001,15676.300000000001,63.7905628241358,10,2026-07-25T20:06:25.387258+00:00,,
42,cpu,end_to_end,1,143,1,0.0161539,16.1539,16153.9,61.90455555624339,10,2026-07-25T20:06:25.387258+00:00,,
42,cpu,end_to_end,1,144,1,0.0150542,15.0542,15054.2,66.42664505586481,10,2026-07-25T20:06:25.387258+00:00,,
42,cpu,end_to_end,1,145,1,0.014988,14.988,14988.0,66.72004270082734,10,2026-07-25T20:06:25.387258+00:00,,
42,cpu,end_to_end,1,146,1,0.0163116,16.3116,16311.599999999999,61.30606439589005,10,2026-07-25T20:06:25.387258+00:00,,
42,cpu,end_to_end,1,147,1,0.0170996,17.0996,17099.6,58.480900138014924,10,2026-07-25T20:06:25.387258+00:00,,
42,cpu,end_to_end,1,148,1,0.0147706,14.7706,14770.6,67.70205678848524,10,2026-07-25T20:06:25.387258+00:00,,
42,cpu,end_to_end,1,149,1,0.0126539,12.653899999999998,12653.9,79.02701933791164,10,2026-07-25T20:06:25.387258+00:00,,
42,cpu,end_to_end,1,150,1,0.0142067,14.2067,14206.699999999999,70.38932334743467,10,2026-07-25T20:06:25.387258+00:00,,
42,cpu,end_to_end,1,151,1,0.0125183,12.5183,12518.3,79.88305121302413,10,2026-07-25T20:06:25.387258+00:00,,
42,cpu,end_to_end,1,152,1,0.0140826,14.082600000000001,14082.6,71.00961470183063,10,2026-07-25T20:06:25.387258+00:00,,
42,cpu,end_to_end,1,153,1,0.0125558,12.555800000000001,12555.800000000001,79.64446709887063,10,2026-07-25T20:06:25.387258+00:00,,
42,cpu,end_to_end,1,154,1,0.0152018,15.2018,15201.8,65.78168374797721,10,2026-07-25T20:06:25.387258+00:00,,
42,cpu,end_to_end,1,155,1,0.0144372,14.4372,14437.2,69.26550854736375,10,2026-07-25T20:06:25.387258+00:00,,
42,cpu,end_to_end,1,156,1,0.0181789,18.178900000000002,18178.9,55.00882891704118,10,2026-07-25T20:06:25.387258+00:00,,
42,cpu,end_to_end,1,157,1,0.0180193,18.019299999999998,18019.3,55.49605145593891,10,2026-07-25T20:06:25.387258+00:00,,
42,cpu,end_to_end,1,158,1,0.0198005,19.8005,19800.5,50.503775157193004,10,2026-07-25T20:06:25.387258+00:00,,
42,cpu,end_to_end,1,159,1,0.018267,18.267,18267.0,54.74352657798216,10,2026-07-25T20:06:25.387258+00:00,,
42,cpu,end_to_end,1,160,1,0.0162242,16.2242,16224.2,61.636321051269086,10,2026-07-25T20:06:25.387258+00:00,,
42,cpu,end_to_end,1,161,1,0.0162698,16.2698,16269.800000000001,61.463570541739905,10,2026-07-25T20:06:25.387258+00:00,,
42,cpu,end_to_end,1,162,1,0.0124928,12.4928,12492.8,80.04610655737704,10,2026-07-25T20:06:25.387258+00:00,,
42,cpu,end_to_end,1,163,1,0.0139993,13.9993,13999.3,71.43214303572321,10,2026-07-25T20:06:25.387258+00:00,,
42,cpu,end_to_end,1,164,1,0.01426,14.26,14260.0,70.12622720897616,10,2026-07-25T20:06:25.387258+00:00,,
42,cpu,end_to_end,1,165,1,0.0127663,12.7663,12766.3,78.33123144528956,10,2026-07-25T20:06:25.387258+00:00,,
42,cpu,end_to_end,1,166,1,0.0148238,14.8238,14823.8,67.459086064302,10,2026-07-25T20:06:25.387258+00:00,,
42,cpu,end_to_end,1,167,1,0.0138961,13.8961,13896.1,71.96263699887018,10,2026-07-25T20:06:25.387258+00:00,,
42,cpu,end_to_end,1,168,1,0.0124465,12.446499999999999,12446.5,80.34387177118066,10,2026-07-25T20:06:25.387258+00:00,,
42,cpu,end_to_end,1,169,1,0.015322,15.322000000000001,15322.0,65.26563111865292,10,2026-07-25T20:06:25.387258+00:00,,
42,cpu,end_to_end,1,170,1,0.012822,12.822,12822.0,77.99095304944626,10,2026-07-25T20:06:25.387258+00:00,,
42,cpu,end_to_end,1,171,1,0.0144414,14.4414,14441.4,69.24536402287866,10,2026-07-25T20:06:25.387258+00:00,,
42,cpu,end_to_end,1,172,1,0.01386,13.860000000000001,13860.0,72.15007215007215,10,2026-07-25T20:06:25.387258+00:00,,
42,cpu,end_to_end,1,173,1,0.013002,13.001999999999999,13002.0,76.91124442393478,10,2026-07-25T20:06:25.387258+00:00,,
42,cpu,end_to_end,1,174,1,0.0137777,13.777700000000001,13777.7,72.58105489305181,10,2026-07-25T20:06:25.387258+00:00,,
42,cpu,end_to_end,1,175,1,0.0128828,12.8828,12882.8,77.62287701431366,10,2026-07-25T20:06:25.387258+00:00,,
42,cpu,end_to_end,1,176,1,0.0138521,13.852099999999998,13852.099999999999,72.19122010381098,10,2026-07-25T20:06:25.387258+00:00,,
42,cpu,end_to_end,1,177,1,0.0117307,11.7307,11730.7,85.24640473288039,10,2026-07-25T20:06:25.387258+00:00,,
42,cpu,end_to_end,1,178,1,0.0149734,14.9734,14973.4,66.78509890873148,10,2026-07-25T20:06:25.387258+00:00,,
42,cpu,end_to_end,1,179,1,0.0133325,13.332500000000001,13332.5,75.00468779298706,10,2026-07-25T20:06:25.387258+00:00,,
42,cpu,end_to_end,1,180,1,0.0132276,13.2276,13227.6,75.59950406725332,10,2026-07-25T20:06:25.387258+00:00,,
42,cpu,end_to_end,1,181,1,0.0140022,14.0022,14002.199999999999,71.41734870234677,10,2026-07-25T20:06:25.387258+00:00,,
42,cpu,end_to_end,1,182,1,0.0131428,13.1428,13142.8,76.08728733603189,10,2026-07-25T20:06:25.387258+00:00,,
42,cpu,end_to_end,1,183,1,0.0127163,12.7163,12716.3,78.63922681912192,10,2026-07-25T20:06:25.387258+00:00,,
42,cpu,end_to_end,1,184,1,0.0112508,11.2508,11250.8,88.88256835069507,10,2026-07-25T20:06:25.387258+00:00,,
42,cpu,end_to_end,1,185,1,0.0131569,13.156899999999998,13156.9,76.0057460344002,10,2026-07-25T20:06:25.387258+00:00,,
42,cpu,end_to_end,1,186,1,0.0120378,12.037799999999999,12037.8,83.071657611856,10,2026-07-25T20:06:25.387258+00:00,,
42,cpu,end_to_end,1,187,1,0.0110998,11.0998,11099.8,90.09171336420476,10,2026-07-25T20:06:25.387258+00:00,,
42,cpu,end_to_end,1,188,1,0.011947,11.947,11947.0,83.70302167908262,10,2026-07-25T20:06:25.387258+00:00,,
42,cpu,end_to_end,1,189,1,0.0107808,10.7808,10780.8,92.7574948055803,10,2026-07-25T20:06:25.387258+00:00,,
42,cpu,end_to_end,1,190,1,0.0116378,11.6378,11637.800000000001,85.92689339909604,10,2026-07-25T20:06:25.387258+00:00,,
42,cpu,end_to_end,1,191,1,0.0111727,11.1727,11172.7,89.5038799931977,10,2026-07-25T20:06:25.387258+00:00,,
42,cpu,end_to_end,1,192,1,0.0123767,12.3767,12376.699999999999,80.79698142477397,10,2026-07-25T20:06:25.387258+00:00,,
42,cpu,end_to_end,1,193,1,0.0129466,12.9466,12946.6,77.2403565414858,10,2026-07-25T20:06:25.387258+00:00,,
42,cpu,end_to_end,1,194,1,0.0122878,12.287799999999999,12287.8,81.38153290255376,10,2026-07-25T20:06:25.387258+00:00,,
42,cpu,end_to_end,1,195,1,0.012779,12.779,12779.0,78.25338445887785,10,2026-07-25T20:06:25.387258+00:00,,
42,cpu,end_to_end,1,196,1,0.0115003,11.5003,11500.3,86.95425336730347,10,2026-07-25T20:06:25.387258+00:00,,
42,cpu,end_to_end,1,197,1,0.0116889,11.6889,11688.9,85.55124947599859,10,2026-07-25T20:06:25.387258+00:00,,
42,cpu,end_to_end,1,198,1,0.0111496,11.149600000000001,11149.6,89.68931620865322,10,2026-07-25T20:06:25.387258+00:00,,
42,cpu,end_to_end,1,199,1,0.0117061,11.706100000000001,11706.1,85.42554736419473,10,2026-07-25T20:06:25.387258+00:00,,
42,cpu,end_to_end,1,200,1,0.0139566,13.9566,13956.6,71.6506885631171,10,2026-07-25T20:06:25.387258+00:00,,
42,cpu,end_to_end,1,201,1,0.0137339,13.7339,13733.9,72.81252958009014,10,2026-07-25T20:06:25.387258+00:00,,
42,cpu,end_to_end,1,202,1,0.0121763,12.1763,12176.3,82.12675443279157,10,2026-07-25T20:06:25.387258+00:00,,
42,cpu,end_to_end,1,203,1,0.0141721,14.1721,14172.1,70.5611730089401,10,2026-07-25T20:06:25.387258+00:00,,
42,cpu,end_to_end,1,204,1,0.0137112,13.7112,13711.199999999999,72.93307660890368,10,2026-07-25T20:06:25.387258+00:00,,
42,cpu,end_to_end,1,205,1,0.0131552,13.1552,13155.2,76.01556798832401,10,2026-07-25T20:06:25.387258+00:00,,
42,cpu,end_to_end,1,206,1,0.0136881,13.6881,13688.1,73.05615826886127,10,2026-07-25T20:06:25.387258+00:00,,
42,cpu,end_to_end,1,207,1,0.0136639,13.6639,13663.9,73.18554731811562,10,2026-07-25T20:06:25.387258+00:00,,
42,cpu,end_to_end,1,208,1,0.0146546,14.6546,14654.6,68.23795941206174,10,2026-07-25T20:06:25.387258+00:00,,
42,cpu,end_to_end,1,209,1,0.0161732,16.173199999999998,16173.199999999999,61.830682858061486,10,2026-07-25T20:06:25.387258+00:00,,
42,cpu,end_to_end,1,210,1,0.0132284,13.228399999999999,13228.4,75.59493211575096,10,2026-07-25T20:06:25.387258+00:00,,
42,cpu,end_to_end,1,211,1,0.0126167,12.6167,12616.699999999999,79.26002837509016,10,2026-07-25T20:06:25.387258+00:00,,
42,cpu,end_to_end,1,212,1,0.0113362,11.3362,11336.199999999999,88.21298142234612,10,2026-07-25T20:06:25.387258+00:00,,
42,cpu,end_to_end,1,213,1,0.0117923,11.792300000000001,11792.300000000001,84.80109902224332,10,2026-07-25T20:06:25.387258+00:00,,
42,cpu,end_to_end,1,214,1,0.0116291,11.6291,11629.1,85.99117730520848,10,2026-07-25T20:06:25.387258+00:00,,
42,cpu,end_to_end,1,215,1,0.0134679,13.4679,13467.9,74.25062556152035,10,2026-07-25T20:06:25.387258+00:00,,
42,cpu,end_to_end,1,216,1,0.0143331,14.3331,14333.1,69.7685776280079,10,2026-07-25T20:06:25.387258+00:00,,
42,cpu,end_to_end,1,217,1,0.0139148,13.9148,13914.8,71.8659269267255,10,2026-07-25T20:06:25.387258+00:00,,
42,cpu,end_to_end,1,218,1,0.0139762,13.976199999999999,13976.199999999999,71.5502067800976,10,2026-07-25T20:06:25.387258+00:00,,
42,cpu,end_to_end,1,219,1,0.0131485,13.1485,13148.5,76.05430277217933,10,2026-07-25T20:06:25.387258+00:00,,
42,cpu,end_to_end,1,220,1,0.0136554,13.6554,13655.4,73.23110271394467,10,2026-07-25T20:06:25.387258+00:00,,
42,cpu,end_to_end,1,221,1,0.0142828,14.2828,14282.8,70.0142829137144,10,2026-07-25T20:06:25.387258+00:00,,
42,cpu,end_to_end,1,222,1,0.0115903,11.5903,11590.3,86.27904368307982,10,2026-07-25T20:06:25.387258+00:00,,
42,cpu,end_to_end,1,223,1,0.0137683,13.7683,13768.300000000001,72.63060799081948,10,2026-07-25T20:06:25.387258+00:00,,
42,cpu,end_to_end,1,224,1,0.0150672,15.0672,15067.199999999999,66.36933205904216,10,2026-07-25T20:06:25.387258+00:00,,
42,cpu,end_to_end,1,225,1,0.0160683,16.0683,16068.300000000001,62.23433717319193,10,2026-07-25T20:06:25.387258+00:00,,
42,cpu,end_to_end,1,226,1,0.0135747,13.5747,13574.7,73.66645303395286,10,2026-07-25T20:06:25.387258+00:00,,
42,cpu,end_to_end,1,227,1,0.0142566,14.256599999999999,14256.6,70.14295133482037,10,2026-07-25T20:06:25.387258+00:00,,
42,cpu,end_to_end,1,228,1,0.0144246,14.4246,14424.599999999999,69.32601250641267,10,2026-07-25T20:06:25.387258+00:00,,
42,cpu,end_to_end,1,229,1,0.0138012,13.8012,13801.199999999999,72.45746746659711,10,2026-07-25T20:06:25.387258+00:00,,
42,cpu,end_to_end,1,230,1,0.0178341,17.8341,17834.1,56.07235576788288,10,2026-07-25T20:06:25.387258+00:00,,
42,cpu,end_to_end,1,231,1,0.0166522,16.6522,16652.2,60.052125244712414,10,2026-07-25T20:06:25.387258+00:00,,
42,cpu,end_to_end,1,232,1,0.0161511,16.151100000000003,16151.100000000002,61.915287503637515,10,2026-07-25T20:06:25.387258+00:00,,
42,cpu,end_to_end,1,233,1,0.0151621,15.162099999999999,15162.1,65.95392458828263,10,2026-07-25T20:06:25.387258+00:00,,
42,cpu,end_to_end,1,234,1,0.0152031,15.203100000000001,15203.1,65.77605883010702,10,2026-07-25T20:06:25.387258+00:00,,
42,cpu,end_to_end,1,235,1,0.0137187,13.7187,13718.7,72.89320416657554,10,2026-07-25T20:06:25.387258+00:00,,
42,cpu,end_to_end,1,236,1,0.0136006,13.6006,13600.599999999999,73.5261679631781,10,2026-07-25T20:06:25.387258+00:00,,
42,cpu,end_to_end,1,237,1,0.0144252,14.425199999999998,14425.199999999999,69.32312896874913,10,2026-07-25T20:06:25.387258+00:00,,
42,cpu,end_to_end,1,238,1,0.0129776,12.9776,12977.6,77.05585008013809,10,2026-07-25T20:06:25.387258+00:00,,
42,cpu,end_to_end,1,239,1,0.013991,13.991,13991.0,71.47451933385749,10,2026-07-25T20:06:25.387258+00:00,,
42,cpu,end_to_end,1,240,1,0.0144724,14.4724,14472.4,69.09703988281142,10,2026-07-25T20:06:25.387258+00:00,,
42,cpu,end_to_end,1,241,1,0.0154449,15.444899999999999,15444.9,64.7462916561454,10,2026-07-25T20:06:25.387258+00:00,,
42,cpu,end_to_end,1,242,1,0.013578,13.578,13578.0,73.64854912358227,10,2026-07-25T20:06:25.387258+00:00,,
42,cpu,end_to_end,1,243,1,0.0148436,14.8436,14843.6,67.36910183513433,10,2026-07-25T20:06:25.387258+00:00,,
42,cpu,end_to_end,1,244,1,0.0138507,13.8507,13850.7,72.19851704245994,10,2026-07-25T20:06:25.387258+00:00,,
42,cpu,end_to_end,1,245,1,0.0144732,14.4732,14473.2,69.09322057319736,10,2026-07-25T20:06:25.387258+00:00,,
42,cpu,end_to_end,1,246,1,0.0132728,13.2728,13272.8,75.34205292025797,10,2026-07-25T20:06:25.387258+00:00,,
42,cpu,end_to_end,1,247,1,0.0135687,13.5687,13568.699999999999,73.69902790982187,10,2026-07-25T20:06:25.387258+00:00,,
42,cpu,end_to_end,1,248,1,0.0151657,15.165700000000001,15165.7,65.93826859294329,10,2026-07-25T20:06:25.387258+00:00,,
42,cpu,end_to_end,1,249,1,0.0139868,13.9868,13986.800000000001,71.49598192581577,10,2026-07-25T20:06:25.387258+00:00,,
42,cpu,end_to_end,1,250,1,0.0132667,13.2667,13266.699999999999,75.37669503342957,10,2026-07-25T20:06:25.387258+00:00,,
42,cpu,end_to_end,1,251,1,0.0152759,15.2759,15275.9,65.46259140214325,10,2026-07-25T20:06:25.387258+00:00,,
42,cpu,end_to_end,1,252,1,0.0152494,15.2494,15249.4,65.57635054493947,10,2026-07-25T20:06:25.387258+00:00,,
42,cpu,end_to_end,1,253,1,0.0192541,19.2541,19254.1,51.93699004367901,10,2026-07-25T20:06:25.387258+00:00,,
42,cpu,end_to_end,1,254,1,0.0194072,19.4072,19407.2,51.5272682303475,10,2026-07-25T20:06:25.387258+00:00,,
42,cpu,end_to_end,1,255,1,0.0171759,17.175900000000002,17175.9,58.22111213968409,10,2026-07-25T20:06:25.387258+00:00,,
42,cpu,end_to_end,1,256,1,0.0160879,16.087899999999998,16087.9,62.15851664915869,10,2026-07-25T20:06:25.387258+00:00,,
42,cpu,end_to_end,1,257,1,0.0142846,14.2846,14284.6,70.00546042591323,10,2026-07-25T20:06:25.387258+00:00,,
42,cpu,end_to_end,1,258,1,0.0121456,12.1456,12145.599999999999,82.33434330127783,10,2026-07-25T20:06:25.387258+00:00,,
42,cpu,end_to_end,1,259,1,0.0160777,16.0777,16077.7,62.197951199487484,10,2026-07-25T20:06:25.387258+00:00,,
42,cpu,end_to_end,1,260,1,0.0151882,15.1882,15188.2,65.8405867713093,10,2026-07-25T20:06:25.387258+00:00,,
42,cpu,end_to_end,1,261,1,0.0127538,12.7538,12753.8,78.408003889037,10,2026-07-25T20:06:25.387258+00:00,,
42,cpu,end_to_end,1,262,1,0.0157639,15.763900000000001,15763.900000000001,63.436078635363074,10,2026-07-25T20:06:25.387258+00:00,,
42,cpu,end_to_end,1,263,1,0.0132172,13.2172,13217.2,75.65898980116818,10,2026-07-25T20:06:25.387258+00:00,,
42,cpu,end_to_end,1,264,1,0.0146457,14.6457,14645.699999999999,68.2794267259332,10,2026-07-25T20:06:25.387258+00:00,,
42,cpu,end_to_end,1,265,1,0.0142857,14.2857,14285.7,70.00007000007,10,2026-07-25T20:06:25.387258+00:00,,
42,cpu,end_to_end,1,266,1,0.0159808,15.9808,15980.8,62.57509010812976,10,2026-07-25T20:06:25.387258+00:00,,
42,cpu,end_to_end,1,267,1,0.0143613,14.3613,14361.300000000001,69.63157931385041,10,2026-07-25T20:06:25.387258+00:00,,
42,cpu,end_to_end,1,268,1,0.0145511,14.551100000000002,14551.1,68.72332675880173,10,2026-07-25T20:06:25.387258+00:00,,
42,cpu,end_to_end,1,269,1,0.0153149,15.3149,15314.9,65.29588831791263,10,2026-07-25T20:06:25.387258+00:00,,
42,cpu,end_to_end,1,270,1,0.0146096,14.6096,14609.6,68.44814368634323,10,2026-07-25T20:06:25.387258+00:00,,
42,cpu,end_to_end,1,271,1,0.0155255,15.5255,15525.5,64.41016392386719,10,2026-07-25T20:06:25.387258+00:00,,
42,cpu,end_to_end,1,272,1,0.0141932,14.1932,14193.199999999999,70.45627483583688,10,2026-07-25T20:06:25.387258+00:00,,
42,cpu,end_to_end,1,273,1,0.0145758,14.5758,14575.8,68.60686891971625,10,2026-07-25T20:06:25.387258+00:00,,
42,cpu,end_to_end,1,274,1,0.0118188,11.818800000000001,11818.800000000001,84.61095881138525,10,2026-07-25T20:06:25.387258+00:00,,
42,cpu,end_to_end,1,275,1,0.0137687,13.7687,13768.7,72.62849797003348,10,2026-07-25T20:06:25.387258+00:00,,
42,cpu,end_to_end,1,276,1,0.0154351,15.4351,15435.1,64.78740014641953,10,2026-07-25T20:06:25.387258+00:00,,
42,cpu,end_to_end,1,277,1,0.0138274,13.8274,13827.4,72.32017588266774,10,2026-07-25T20:06:25.387258+00:00,,
42,cpu,end_to_end,1,278,1,0.0140822,14.0822,14082.199999999999,71.01163170527333,10,2026-07-25T20:06:25.387258+00:00,,
42,cpu,end_to_end,1,279,1,0.0136734,13.6734,13673.4,73.13469948951979,10,2026-07-25T20:06:25.387258+00:00,,
42,cpu,end_to_end,1,280,1,0.0142967,14.296700000000001,14296.7,69.9462113634615,10,2026-07-25T20:06:25.387258+00:00,,
42,cpu,end_to_end,1,281,1,0.0148361,14.8361,14836.1,67.40315851200788,10,2026-07-25T20:06:25.387258+00:00,,
42,cpu,end_to_end,1,282,1,0.0156587,15.658700000000001,15658.7,63.86226187359104,10,2026-07-25T20:06:25.387258+00:00,,
42,cpu,end_to_end,1,283,1,0.0135433,13.543299999999999,13543.3,73.83724793809485,10,2026-07-25T20:06:25.387258+00:00,,
42,cpu,end_to_end,1,284,1,0.0141216,14.121599999999999,14121.6,70.81350555177883,10,2026-07-25T20:06:25.387258+00:00,,
42,cpu,end_to_end,1,285,1,0.014096,14.095999999999998,14096.0,70.94211123723042,10,2026-07-25T20:06:25.387258+00:00,,
42,cpu,end_to_end,1,286,1,0.0153314,15.3314,15331.4,65.22561540368133,10,2026-07-25T20:06:25.387258+00:00,,
42,cpu,end_to_end,1,287,1,0.0143967,14.396700000000001,14396.7,69.46036244417124,10,2026-07-25T20:06:25.387258+00:00,,
42,cpu,end_to_end,1,288,1,0.0150934,15.093399999999999,15093.4,66.25412431923887,10,2026-07-25T20:06:25.387258+00:00,,
42,cpu,end_to_end,1,289,1,0.0139566,13.9566,13956.6,71.6506885631171,10,2026-07-25T20:06:25.387258+00:00,,
42,cpu,end_to_end,1,290,1,0.0128013,12.8013,12801.3,78.11706623546046,10,2026-07-25T20:06:25.387258+00:00,,
42,cpu,end_to_end,1,291,1,0.0134979,13.4979,13497.9,74.08559850050749,10,2026-07-25T20:06:25.387258+00:00,,
42,cpu,end_to_end,1,292,1,0.0141838,14.1838,14183.8,70.50296817496016,10,2026-07-25T20:06:25.387258+00:00,,
42,cpu,end_to_end,1,293,1,0.0134821,13.4821,13482.1,74.17242121034556,10,2026-07-25T20:06:25.387258+00:00,,
42,cpu,end_to_end,1,294,1,0.0161108,16.1108,16110.800000000001,62.07016411351391,10,2026-07-25T20:06:25.387258+00:00,,
42,cpu,end_to_end,1,295,1,0.015911,15.911000000000001,15911.000000000002,62.849600905034244,10,2026-07-25T20:06:25.387258+00:00,,
42,cpu,end_to_end,1,296,1,0.0149548,14.9548,14954.800000000001,66.86816273036082,10,2026-07-25T20:06:25.387258+00:00,,
42,cpu,end_to_end,1,297,1,0.0130439,13.0439,13043.900000000001,76.66418785792592,10,2026-07-25T20:06:25.387258+00:00,,
42,cpu,end_to_end,1,298,1,0.01486,14.86,14860.0,67.29475100942126,10,2026-07-25T20:06:25.387258+00:00,,
42,cpu,end_to_end,1,299,1,0.0150366,15.0366,15036.6,66.50439594057167,10,2026-07-25T20:06:25.387258+00:00,,
42,cpu,end_to_end,1,300,1,0.0164875,16.487499999999997,16487.5,60.65200909780137,10,2026-07-25T20:06:25.387258+00:00,,
42,cpu,end_to_end,1,301,1,0.0152504,15.2504,15250.400000000001,65.5720505691654,10,2026-07-25T20:06:25.387258+00:00,,
42,cpu,end_to_end,1,302,1,0.0144374,14.4374,14437.4,69.26454901852134,10,2026-07-25T20:06:25.387258+00:00,,
42,cpu,end_to_end,1,303,1,0.0138002,13.8002,13800.2,72.46271793162418,10,2026-07-25T20:06:25.387258+00:00,,
42,cpu,end_to_end,1,304,1,0.0147833,14.783299999999999,14783.3,67.64389547665272,10,2026-07-25T20:06:25.387258+00:00,,
42,cpu,end_to_end,1,305,1,0.0139485,13.948500000000001,13948.5,71.69229666272359,10,2026-07-25T20:06:25.387258+00:00,,
42,cpu,end_to_end,1,306,1,0.0162994,16.2994,16299.399999999998,61.35195160558058,10,2026-07-25T20:06:25.387258+00:00,,
42,cpu,end_to_end,1,307,1,0.0168546,16.8546,16854.600000000002,59.3309838263738,10,2026-07-25T20:06:25.387258+00:00,,
42,cpu,end_to_end,1,308,1,0.0142283,14.228299999999999,14228.3,70.28246522775034,10,2026-07-25T20:06:25.387258+00:00,,
42,cpu,end_to_end,1,309,1,0.0128328,12.8328,12832.8,77.9253163767845,10,2026-07-25T20:06:25.387258+00:00,,
42,cpu,end_to_end,1,310,1,0.0163878,16.387800000000002,16387.8,61.021003429380386,10,2026-07-25T20:06:25.387258+00:00,,
42,cpu,end_to_end,1,311,1,0.0168587,16.858700000000002,16858.7,59.31655465723929,10,2026-07-25T20:06:25.387258+00:00,,
42,cpu,end_to_end,1,312,1,0.0179408,17.9408,17940.8,55.73887452064568,10,2026-07-25T20:06:25.387258+00:00,,
42,cpu,end_to_end,1,313,1,0.017757,17.756999999999998,17757.0,56.315819113589015,10,2026-07-25T20:06:25.387258+00:00,,
42,cpu,end_to_end,1,314,1,0.0148191,14.8191,14819.1,67.48048127079242,10,2026-07-25T20:06:25.387258+00:00,,
42,cpu,end_to_end,1,315,1,0.0157775,15.7775,15777.5,63.38139755981619,10,2026-07-25T20:06:25.387258+00:00,,
42,cpu,end_to_end,1,316,1,0.014009,14.009,14009.0,71.38268256121064,10,2026-07-25T20:06:25.387258+00:00,,
42,cpu,end_to_end,1,317,1,0.0126583,12.6583,12658.300000000001,78.9995497025667,10,2026-07-25T20:06:25.387258+00:00,,
42,cpu,end_to_end,1,318,1,0.0166406,16.6406,16640.6,60.09398699566122,10,2026-07-25T20:06:25.387258+00:00,,
42,cpu,end_to_end,1,319,1,0.0139725,13.9725,13972.5,71.56915369475756,10,2026-07-25T20:06:25.387258+00:00,,
42,cpu,end_to_end,1,320,1,0.0125203,12.5203,12520.3,79.87029064798767,10,2026-07-25T20:06:25.387258+00:00,,
42,cpu,end_to_end,1,321,1,0.0133883,13.388300000000001,13388.300000000001,74.69208189239859,10,2026-07-25T20:06:25.387258+00:00,,
42,cpu,end_to_end,1,322,1,0.0128036,12.8036,12803.6,78.10303352182198,10,2026-07-25T20:06:25.387258+00:00,,
42,cpu,end_to_end,1,323,1,0.0132437,13.2437,13243.7,75.50759983992388,10,2026-07-25T20:06:25.387258+00:00,,
42,cpu,end_to_end,1,324,1,0.0134503,13.4503,13450.3,74.34778406429596,10,2026-07-25T20:06:25.387258+00:00,,
42,cpu,end_to_end,1,325,1,0.011839,11.839,11839.0,84.46659346228566,10,2026-07-25T20:06:25.387258+00:00,,
42,cpu,end_to_end,1,326,1,0.0131329,13.1329,13132.9,76.14464436643848,10,2026-07-25T20:06:25.387258+00:00,,
42,cpu,end_to_end,1,327,1,0.0125741,12.5741,12574.1,79.52855472757494,10,2026-07-25T20:06:25.387258+00:00,,
42,cpu,end_to_end,1,328,1,0.0128187,12.8187,12818.7,78.01103075974943,10,2026-07-25T20:06:25.387258+00:00,,
42,cpu,end_to_end,1,329,1,0.0116309,11.6309,11630.9,85.9778692964431,10,2026-07-25T20:06:25.387258+00:00,,
42,cpu,end_to_end,1,330,1,0.0121567,12.156699999999999,12156.699999999999,82.2591657275412,10,2026-07-25T20:06:25.387258+00:00,,
42,cpu,end_to_end,1,331,1,0.0144311,14.4311,14431.1,69.2947869531775,10,2026-07-25T20:06:25.387258+00:00,,
42,cpu,end_to_end,1,332,1,0.0134203,13.4203,13420.3,74.51398254882528,10,2026-07-25T20:06:25.387258+00:00,,
42,cpu,end_to_end,1,333,1,0.0166684,16.6684,16668.4,59.99376064889252,10,2026-07-25T20:06:25.387258+00:00,,
42,cpu,end_to_end,1,334,1,0.0178677,17.8677,17867.7,55.966912361411936,10,2026-07-25T20:06:25.387258+00:00,,
42,cpu,end_to_end,1,335,1,0.0167404,16.740399999999998,16740.399999999998,59.735729134309814,10,2026-07-25T20:06:25.387258+00:00,,
42,cpu,end_to_end,1,336,1,0.0151342,15.1342,15134.2,66.07551109407831,10,2026-07-25T20:06:25.387258+00:00,,
42,cpu,end_to_end,1,337,1,0.0150996,15.099599999999999,15099.6,66.22691991840844,10,2026-07-25T20:06:25.387258+00:00,,
42,cpu,end_to_end,1,338,1,0.015219,15.219,15219.0,65.70733950982324,10,2026-07-25T20:06:25.387258+00:00,,
42,cpu,end_to_end,1,339,1,0.0169804,16.9804,16980.4,58.89142776377471,10,2026-07-25T20:06:25.387258+00:00,,
42,cpu,end_to_end,1,340,1,0.0166862,16.686200000000003,16686.2,59.92976231856264,10,2026-07-25T20:06:25.387258+00:00,,
42,cpu,end_to_end,1,341,1,0.0173341,17.334100000000003,17334.100000000002,57.68975603002174,10,2026-07-25T20:06:25.387258+00:00,,
42,cpu,end_to_end,1,342,1,0.0150707,15.070699999999999,15070.699999999999,66.35391853065883,10,2026-07-25T20:06:25.387258+00:00,,
42,cpu,end_to_end,1,343,1,0.0143765,14.3765,14376.5,69.55795916947797,10,2026-07-25T20:06:25.387258+00:00,,
42,cpu,end_to_end,1,344,1,0.0156554,15.6554,15655.4,63.87572339256742,10,2026-07-25T20:06:25.387258+00:00,,
42,cpu,end_to_end,1,345,1,0.0219878,21.9878,21987.8,45.479766052083434,10,2026-07-25T20:06:25.387258+00:00,,
42,cpu,end_to_end,1,346,1,0.0262923,26.2923,26292.3,38.03394910296931,10,2026-07-25T20:06:25.387258+00:00,,
42,cpu,end_to_end,1,347,1,0.0226879,22.6879,22687.9,44.07635788239546,10,2026-07-25T20:06:25.387258+00:00,,
42,cpu,end_to_end,1,348,1,0.0243612,24.3612,24361.2,41.04888100750374,10,2026-07-25T20:06:25.387258+00:00,,
42,cpu,end_to_end,1,349,1,0.0147151,14.7151,14715.1,67.9574042989854,10,2026-07-25T20:06:25.387258+00:00,,
42,cpu,end_to_end,1,350,1,0.0143698,14.3698,14369.800000000001,69.5903909588164,10,2026-07-25T20:06:25.387258+00:00,,
42,cpu,end_to_end,1,351,1,0.0134578,13.4578,13457.800000000001,74.30635022068985,10,2026-07-25T20:06:25.387258+00:00,,
42,cpu,end_to_end,1,352,1,0.0137581,13.7581,13758.1,72.68445497561436,10,2026-07-25T20:06:25.387258+00:00,,
42,cpu,end_to_end,1,353,1,0.016798,16.798000000000002,16798.0,59.53089653530182,10,2026-07-25T20:06:25.387258+00:00,,
42,cpu,end_to_end,1,354,1,0.0133752,13.3752,13375.2,74.76523715533226,10,2026-07-25T20:06:25.387258+00:00,,
42,cpu,end_to_end,1,355,1,0.0150227,15.0227,15022.7,66.56593022559194,10,2026-07-25T20:06:25.387258+00:00,,
42,cpu,end_to_end,1,356,1,0.0173927,17.3927,17392.7,57.49538599527388,10,2026-07-25T20:06:25.387258+00:00,,
42,cpu,end_to_end,1,357,1,0.0181071,18.107100000000003,18107.100000000002,55.22695517228048,10,2026-07-25T20:06:25.387258+00:00,,
42,cpu,end_to_end,1,358,1,0.0165288,16.5288,16528.8,60.50045980349451,10,2026-07-25T20:06:25.387258+00:00,,
42,cpu,end_to_end,1,359,1,0.016581,16.581,16581.0,60.30999336590074,10,2026-07-25T20:06:25.387258+00:00,,
42,cpu,end_to_end,1,360,1,0.0164418,16.4418,16441.8,60.82059141943096,10,2026-07-25T20:06:25.387258+00:00,,
42,cpu,end_to_end,1,361,1,0.0147345,14.734499999999999,14734.5,67.86792901014626,10,2026-07-25T20:06:25.387258+00:00,,
42,cpu,end_to_end,1,362,1,0.0134472,13.447199999999999,13447.199999999999,74.36492355285858,10,2026-07-25T20:06:25.387258+00:00,,
42,cpu,end_to_end,1,363,1,0.0148911,14.891100000000002,14891.1,67.15420620370557,10,2026-07-25T20:06:25.387258+00:00,,
42,cpu,end_to_end,1,364,1,0.0143607,14.360700000000001,14360.7,69.6344885694987,10,2026-07-25T20:06:25.387258+00:00,,
42,cpu,end_to_end,1,365,1,0.0124715,12.4715,12471.5,80.18281682235497,10,2026-07-25T20:06:25.387258+00:00,,
42,cpu,end_to_end,1,366,1,0.0112148,11.2148,11214.800000000001,89.16788529443235,10,2026-07-25T20:06:25.387258+00:00,,
42,cpu,end_to_end,1,367,1,0.0132522,13.2522,13252.2,75.4591690436305,10,2026-07-25T20:06:25.387258+00:00,,
42,cpu,end_to_end,1,368,1,0.0154001,15.4001,15400.1,64.93464328153713,10,2026-07-25T20:06:25.387258+00:00,,
42,cpu,end_to_end,1,369,1,0.0156006,15.6006,15600.599999999999,64.10009871415203,10,2026-07-25T20:06:25.387258+00:00,,
42,cpu,end_to_end,1,370,1,0.0144943,14.494299999999999,14494.3,68.9926384854736,10,2026-07-25T20:06:25.387258+00:00,,
42,cpu,end_to_end,1,371,1,0.0135092,13.5092,13509.2,74.02362834216682,10,2026-07-25T20:06:25.387258+00:00,,
42,cpu,end_to_end,1,372,1,0.0133781,13.3781,13378.1,74.74903013133404,10,2026-07-25T20:06:25.387258+00:00,,
42,cpu,end_to_end,1,373,1,0.0125237,12.5237,12523.7,79.84860704105017,10,2026-07-25T20:06:25.387258+00:00,,
42,cpu,end_to_end,1,374,1,0.0115456,11.5456,11545.6,86.6130820399113,10,2026-07-25T20:06:25.387258+00:00,,
42,cpu,end_to_end,1,375,1,0.0137344,13.7344,13734.400000000001,72.8098788443616,10,2026-07-25T20:06:25.387258+00:00,,
42,cpu,end_to_end,1,376,1,0.0133909,13.3909,13390.900000000001,74.67757955029161,10,2026-07-25T20:06:25.387258+00:00,,
42,cpu,end_to_end,1,377,1,0.013981,13.981,13981.0,71.52564194263644,10,2026-07-25T20:06:25.387258+00:00,,
42,cpu,end_to_end,1,378,1,0.0130316,13.031600000000001,13031.6,76.73654808312102,10,2026-07-25T20:06:25.387258+00:00,,
42,cpu,end_to_end,1,379,1,0.0145018,14.501800000000001,14501.800000000001,68.95695706739853,10,2026-07-25T20:06:25.387258+00:00,,
42,cpu,end_to_end,1,380,1,0.0125014,12.501399999999999,12501.4,79.99104100340762,10,2026-07-25T20:06:25.387258+00:00,,
42,cpu,end_to_end,1,381,1,0.0138118,13.811800000000002,13811.800000000001,72.4018592797463,10,2026-07-25T20:06:25.387258+00:00,,
42,cpu,end_to_end,1,382,1,0.0140653,14.065299999999999,14065.3,71.09695491742089,10,2026-07-25T20:06:25.387258+00:00,,
42,cpu,end_to_end,1,383,1,0.012748,12.748000000000001,12748.0,78.44367743959836,10,2026-07-25T20:06:25.387258+00:00,,
42,cpu,end_to_end,1,384,1,0.0115955,11.5955,11595.5,86.2403518606356,10,2026-07-25T20:06:25.387258+00:00,,
42,cpu,end_to_end,1,385,1,0.0174564,17.456400000000002,17456.4,57.28558007378383,10,2026-07-25T20:06:25.387258+00:00,,
42,cpu,end_to_end,1,386,1,0.0142979,14.2979,14297.9,69.94034088922149,10,2026-07-25T20:06:25.387258+00:00,,
42,cpu,end_to_end,1,387,1,0.0144028,14.402800000000001,14402.800000000001,69.43094398311439,10,2026-07-25T20:06:25.387258+00:00,,
42,cpu,end_to_end,1,388,1,0.0125069,12.5069,12506.9,79.9558643628717,10,2026-07-25T20:06:25.387258+00:00,,
42,cpu,end_to_end,1,389,1,0.0133692,13.3692,13369.199999999999,74.79879125153337,10,2026-07-25T20:06:25.387258+00:00,,
42,cpu,end_to_end,1,390,1,0.0138733,13.8733,13873.3,72.08090360620761,10,2026-07-25T20:06:25.387258+00:00,,
42,cpu,end_to_end,1,391,1,0.0144704,14.4704,14470.4,69.10659000442283,10,2026-07-25T20:06:25.387258+00:00,,
42,cpu,end_to_end,1,392,1,0.016714,16.714,16714.0,59.83008256551394,10,2026-07-25T20:06:25.387258+00:00,,
42,cpu,end_to_end,1,393,1,0.0161102,16.110200000000003,16110.2,62.07247582277066,10,2026-07-25T20:06:25.387258+00:00,,
42,cpu,end_to_end,1,394,1,0.0137924,13.7924,13792.4,72.50369768858212,10,2026-07-25T20:06:25.387258+00:00,,
42,cpu,end_to_end,1,395,1,0.0130434,13.0434,13043.4,76.66712666942668,10,2026-07-25T20:06:25.387258+00:00,,
42,cpu,end_to_end,1,396,1,0.0123466,12.346599999999999,12346.599999999999,80.99395785074434,10,2026-07-25T20:06:25.387258+00:00,,
42,cpu,end_to_end,1,397,1,0.0128147,12.8147,12814.7,78.03538124185506,10,2026-07-25T20:06:25.387258+00:00,,
42,cpu,end_to_end,1,398,1,0.0150192,15.0192,15019.2,66.58144242036859,10,2026-07-25T20:06:25.387258+00:00,,
42,cpu,end_to_end,1,399,1,0.0145459,14.5459,14545.9,68.747894595728,10,2026-07-25T20:06:25.387258+00:00,,
42,cpu,end_to_end,1,400,1,0.0138497,13.8497,13849.699999999999,72.20373004469411,10,2026-07-25T20:06:25.387258+00:00,,
42,cpu,end_to_end,1,401,1,0.0132075,13.207500000000001,13207.5,75.71455612341472,10,2026-07-25T20:06:25.387258+00:00,,
42,cpu,end_to_end,1,402,1,0.0118068,11.806799999999999,11806.8,84.69695429752346,10,2026-07-25T20:06:25.387258+00:00,,
42,cpu,end_to_end,1,403,1,0.0132124,13.212399999999999,13212.4,75.6864763404075,10,2026-07-25T20:06:25.387258+00:00,,
42,cpu,end_to_end,1,404,1,0.0153212,15.3212,15321.2,65.26903897867008,10,2026-07-25T20:06:25.387258+00:00,,
42,cpu,end_to_end,1,405,1,0.013733,13.733,13733.0,72.81730139081046,10,2026-07-25T20:06:25.387258+00:00,,
42,cpu,end_to_end,1,406,1,0.0149912,14.9912,14991.199999999999,66.70580073643204,10,2026-07-25T20:06:25.387258+00:00,,
42,cpu,end_to_end,1,407,1,0.0141183,14.1183,14118.300000000001,70.83005744317659,10,2026-07-25T20:06:25.387258+00:00,,
42,cpu,end_to_end,1,408,1,0.0141741,14.174100000000001,14174.1,70.55121665573122,10,2026-07-25T20:06:25.387258+00:00,,
42,cpu,end_to_end,1,409,1,0.014566,14.566,14566.0,68.65302759851708,10,2026-07-25T20:06:25.387258+00:00,,
42,cpu,end_to_end,1,410,1,0.0141064,14.1064,14106.4,70.88980888107525,10,2026-07-25T20:06:25.387258+00:00,,
42,cpu,end_to_end,1,411,1,0.0142637,14.2637,14263.7,70.10803648422218,10,2026-07-25T20:06:25.387258+00:00,,
42,cpu,end_to_end,1,412,1,0.0157794,15.779399999999999,15779.4,63.373765795911126,10,2026-07-25T20:06:25.387258+00:00,,
42,cpu,end_to_end,1,413,1,0.0134248,13.424800000000001,13424.800000000001,74.4890054227996,10,2026-07-25T20:06:25.387258+00:00,,
42,cpu,end_to_end,1,414,1,0.0129435,12.9435,12943.5,77.25885579634566,10,2026-07-25T20:06:25.387258+00:00,,
42,cpu,end_to_end,1,415,1,0.0126924,12.6924,12692.4,78.78730578929124,10,2026-07-25T20:06:25.387258+00:00,,
42,cpu,end_to_end,1,416,1,0.0134717,13.4717,13471.699999999999,74.22968148043677,10,2026-07-25T20:06:25.387258+00:00,,
42,cpu,end_to_end,1,417,1,0.0148274,14.827399999999999,14827.4,67.44270742004667,10,2026-07-25T20:06:25.387258+00:00,,
42,cpu,end_to_end,1,418,1,0.0136886,13.688600000000001,13688.6,73.05348976520608,10,2026-07-25T20:06:25.387258+00:00,,
42,cpu,end_to_end,1,419,1,0.0141352,14.135200000000001,14135.2,70.74537325258927,10,2026-07-25T20:06:25.387258+00:00,,
42,cpu,end_to_end,1,420,1,0.0131698,13.1698,13169.800000000001,75.93129736214672,10,2026-07-25T20:06:25.387258+00:00,,
42,cpu,end_to_end,1,421,1,0.0143762,14.3762,14376.2,69.55941069267261,10,2026-07-25T20:06:25.387258+00:00,,
42,cpu,end_to_end,1,422,1,0.0133049,13.3049,13304.9,75.16027929559786,10,2026-07-25T20:06:25.387258+00:00,,
42,cpu,end_to_end,1,423,1,0.0126469,12.6469,12646.900000000001,79.07076042350299,10,2026-07-25T20:06:25.387258+00:00,,
42,cpu,end_to_end,1,424,1,0.0148854,14.8854,14885.4,67.17992126513228,10,2026-07-25T20:06:25.387258+00:00,,
42,cpu,end_to_end,1,425,1,0.0125616,12.561599999999999,12561.599999999999,79.60769328747931,10,2026-07-25T20:06:25.387258+00:00,,
42,cpu,end_to_end,1,426,1,0.0132845,13.2845,13284.5,75.27569724114569,10,2026-07-25T20:06:25.387258+00:00,,
42,cpu,end_to_end,1,427,1,0.0146374,14.6374,14637.4,68.31814393266563,10,2026-07-25T20:06:25.387258+00:00,,
42,cpu,end_to_end,1,428,1,0.0126196,12.6196,12619.6,79.24181432058069,10,2026-07-25T20:06:25.387258+00:00,,
42,cpu,end_to_end,1,429,1,0.0127431,12.7431,12743.1,78.47384074518759,10,2026-07-25T20:06:25.387258+00:00,,
42,cpu,end_to_end,1,430,1,0.013049,13.049,13049.0,76.63422484481569,10,2026-07-25T20:06:25.387258+00:00,,
42,cpu,end_to_end,1,431,1,0.0144687,14.4687,14468.699999999999,69.11470968366197,10,2026-07-25T20:06:25.387258+00:00,,
42,cpu,end_to_end,1,432,1,0.0134505,13.4505,13450.5,74.34667856213524,10,2026-07-25T20:06:25.387258+00:00,,
42,cpu,end_to_end,1,433,1,0.0134379,13.437899999999999,13437.9,74.41638946561591,10,2026-07-25T20:06:25.387258+00:00,,
42,cpu,end_to_end,1,434,1,0.0135145,13.5145,13514.5,73.99459839431721,10,2026-07-25T20:06:25.387258+00:00,,
42,cpu,end_to_end,1,435,1,0.0140107,14.0107,14010.699999999999,71.37402128373316,10,2026-07-25T20:06:25.387258+00:00,,
42,cpu,end_to_end,1,436,1,0.0140363,14.0363,14036.3,71.24384631277474,10,2026-07-25T20:06:25.387258+00:00,,
42,cpu,end_to_end,1,437,1,0.013419,13.419,13419.0,74.52120128176466,10,2026-07-25T20:06:25.387258+00:00,,
42,cpu,end_to_end,1,438,1,0.0121562,12.1562,12156.2,82.26254915187312,10,2026-07-25T20:06:25.387258+00:00,,
42,cpu,end_to_end,1,439,1,0.0136911,13.691099999999999,13691.099999999999,73.04015017054876,10,2026-07-25T20:06:25.387258+00:00,,
42,cpu,end_to_end,1,440,1,0.0133836,13.383600000000001,13383.6,74.71831196389611,10,2026-07-25T20:06:25.387258+00:00,,
42,cpu,end_to_end,1,441,1,0.0135951,13.5951,13595.1,73.55591352766805,10,2026-07-25T20:06:25.387258+00:00,,
42,cpu,end_to_end,1,442,1,0.0139271,13.9271,13927.1,71.80245708008128,10,2026-07-25T20:06:25.387258+00:00,,
42,cpu,end_to_end,1,443,1,0.0148556,14.8556,14855.6,67.31468267858585,10,2026-07-25T20:06:25.387258+00:00,,
42,cpu,end_to_end,1,444,1,0.0139124,13.9124,13912.4,71.87832437250223,10,2026-07-25T20:06:25.387258+00:00,,
42,cpu,end_to_end,1,445,1,0.010965,10.965000000000002,10965.0,91.19927040583674,10,2026-07-25T20:06:25.387258+00:00,,
42,cpu,end_to_end,1,446,1,0.0125911,12.591099999999999,12591.099999999999,79.42117845144587,10,2026-07-25T20:06:25.387258+00:00,,
42,cpu,end_to_end,1,447,1,0.0136103,13.6103,13610.300000000001,73.47376619178122,10,2026-07-25T20:06:25.387258+00:00,,
42,cpu,end_to_end,1,448,1,0.0141947,14.1947,14194.699999999999,70.44882949269798,10,2026-07-25T20:06:25.387258+00:00,,
42,cpu,end_to_end,1,449,1,0.0119328,11.9328,11932.800000000001,83.80262805041566,10,2026-07-25T20:06:25.387258+00:00,,
42,cpu,end_to_end,1,450,1,0.0135583,13.558300000000001,13558.300000000001,73.75555932528414,10,2026-07-25T20:06:25.387258+00:00,,
42,cpu,end_to_end,1,451,1,0.0136147,13.614700000000001,13614.7,73.45002093325597,10,2026-07-25T20:06:25.387258+00:00,,
42,cpu,end_to_end,1,452,1,0.0119985,11.9985,11998.5,83.3437513022461,10,2026-07-25T20:06:25.387258+00:00,,
42,cpu,end_to_end,1,453,1,0.0122168,12.2168,12216.8,81.85449544889005,10,2026-07-25T20:06:25.387258+00:00,,
42,cpu,end_to_end,1,454,1,0.0134109,13.4109,13410.9,74.56621106711705,10,2026-07-25T20:06:25.387258+00:00,,
42,cpu,end_to_end,1,455,1,0.0122025,12.2025,12202.5,81.95041999590248,10,2026-07-25T20:06:25.387258+00:00,,
42,cpu,end_to_end,1,456,1,0.0130606,13.0606,13060.6,76.56616081956419,10,2026-07-25T20:06:25.387258+00:00,,
42,cpu,end_to_end,1,457,1,0.0133939,13.3939,13393.9,74.66085307490724,10,2026-07-25T20:06:25.387258+00:00,,
42,cpu,end_to_end,1,458,1,0.0142002,14.200199999999999,14200.199999999999,70.42154335854424,10,2026-07-25T20:06:25.387258+00:00,,
42,cpu,end_to_end,1,459,1,0.0136696,13.6696,13669.6,73.15503013987241,10,2026-07-25T20:06:25.387258+00:00,,
42,cpu,end_to_end,1,460,1,0.0127726,12.7726,12772.6,78.29259508635673,10,2026-07-25T20:06:25.387258+00:00,,
42,cpu,end_to_end,1,461,1,0.0138917,13.8917,13891.7,71.98543014893785,10,2026-07-25T20:06:25.387258+00:00,,
42,cpu,end_to_end,1,462,1,0.012109,12.109,12109.0,82.58320257659592,10,2026-07-25T20:06:25.387258+00:00,,
42,cpu,end_to_end,1,463,1,0.0128792,12.8792,12879.2,77.6445741971551,10,2026-07-25T20:06:25.387258+00:00,,
42,cpu,end_to_end,1,464,1,0.0166582,16.6582,16658.2,60.030495491709786,10,2026-07-25T20:06:25.387258+00:00,,
42,cpu,end_to_end,1,465,1,0.0218435,21.8435,21843.5,45.78020921555612,10,2026-07-25T20:06:25.387258+00:00,,
42,cpu,end_to_end,1,466,1,0.0132624,13.262400000000001,13262.400000000001,75.40113403305585,10,2026-07-25T20:06:25.387258+00:00,,
42,cpu,end_to_end,1,467,1,0.0108018,10.8018,10801.800000000001,92.57716306541502,10,2026-07-25T20:06:25.387258+00:00,,
42,cpu,end_to_end,1,468,1,0.013925,13.925,13925.0,71.8132854578097,10,2026-07-25T20:06:25.387258+00:00,,
42,cpu,end_to_end,1,469,1,0.0165109,16.5109,16510.899999999998,60.56605030616139,10,2026-07-25T20:06:25.387258+00:00,,
42,cpu,end_to_end,1,470,1,0.0138365,13.8365,13836.5,72.27261229357136,10,2026-07-25T20:06:25.387258+00:00,,
42,cpu,end_to_end,1,471,1,0.0149672,14.9672,14967.2,66.81276391041744,10,2026-07-25T20:06:25.387258+00:00,,
42,cpu,end_to_end,1,472,1,0.0154097,15.4097,15409.7,64.89419002316723,10,2026-07-25T20:06:25.387258+00:00,,
42,cpu,end_to_end,1,473,1,0.0115553,11.555299999999999,11555.3,86.54037541214855,10,2026-07-25T20:06:25.387258+00:00,,
42,cpu,end_to_end,1,474,1,0.0137527,13.752699999999999,13752.699999999999,72.71299453925411,10,2026-07-25T20:06:25.387258+00:00,,
42,cpu,end_to_end,1,475,1,0.0150594,15.0594,15059.400000000001,66.40370798305378,10,2026-07-25T20:06:25.387258+00:00,,
42,cpu,end_to_end,1,476,1,0.0225676,22.5676,22567.6,44.31131356457931,10,2026-07-25T20:06:25.387258+00:00,,
42,cpu,end_to_end,1,477,1,0.0206044,20.6044,20604.399999999998,48.53332297955777,10,2026-07-25T20:06:25.387258+00:00,,
42,cpu,end_to_end,1,478,1,0.0188538,18.8538,18853.8,53.03970552355493,10,2026-07-25T20:06:25.387258+00:00,,
42,cpu,end_to_end,1,479,1,0.0155066,15.5066,15506.6,64.48866934079682,10,2026-07-25T20:06:25.387258+00:00,,
42,cpu,end_to_end,1,480,1,0.0153367,15.3367,15336.7,65.20307497701592,10,2026-07-25T20:06:25.387258+00:00,,
42,cpu,end_to_end,1,481,1,0.0257527,25.7527,25752.7,38.83087986890695,10,2026-07-25T20:06:25.387258+00:00,,
42,cpu,end_to_end,1,482,1,0.0144552,14.4552,14455.199999999999,69.17925729149373,10,2026-07-25T20:06:25.387258+00:00,,
42,cpu,end_to_end,1,483,1,0.0131037,13.1037,13103.699999999999,76.3143234353656,10,2026-07-25T20:06:25.387258+00:00,,
42,cpu,end_to_end,1,484,1,0.0130502,13.0502,13050.199999999999,76.62717812753827,10,2026-07-25T20:06:25.387258+00:00,,
42,cpu,end_to_end,1,485,1,0.0123928,12.392800000000001,12392.800000000001,80.69201471822348,10,2026-07-25T20:06:25.387258+00:00,,
42,cpu,end_to_end,1,486,1,0.0124714,12.471400000000001,12471.4,80.18345975592155,10,2026-07-25T20:06:25.387258+00:00,,
42,cpu,end_to_end,1,487,1,0.0159235,15.9235,15923.5,62.80026376110779,10,2026-07-25T20:06:25.387258+00:00,,
42,cpu,end_to_end,1,488,1,0.0119025,11.9025,11902.5,84.01596303297626,10,2026-07-25T20:06:25.387258+00:00,,
42,cpu,end_to_end,1,489,1,0.0099395,9.9395,9939.5,100.60868252930227,10,2026-07-25T20:06:25.387258+00:00,,
42,cpu,end_to_end,1,490,1,0.0100077,10.0077,10007.699999999999,99.92305924438183,10,2026-07-25T20:06:25.387258+00:00,,
42,cpu,end_to_end,1,491,1,0.0119652,11.965200000000001,11965.2,83.57570287166115,10,2026-07-25T20:06:25.387258+00:00,,
42,cpu,end_to_end,1,492,1,0.012557,12.557,12557.0,79.6368559369276,10,2026-07-25T20:06:25.387258+00:00,,
42,cpu,end_to_end,1,493,1,0.0105302,10.5302,10530.2,94.96495793052364,10,2026-07-25T20:06:25.387258+00:00,,
42,cpu,end_to_end,1,494,1,0.0103156,10.3156,10315.599999999999,96.94055605102952,10,2026-07-25T20:06:25.387258+00:00,,
42,cpu,end_to_end,1,495,1,0.0083351,8.3351,8335.1,119.97456539213687,10,2026-07-25T20:06:25.387258+00:00,,
42,cpu,end_to_end,1,496,1,0.0105948,10.5948,10594.8,94.38592517083853,10,2026-07-25T20:06:25.387258+00:00,,
42,cpu,end_to_end,1,497,1,0.0107838,10.7838,10783.8,92.73169012778428,10,2026-07-25T20:06:25.387258+00:00,,
42,cpu,end_to_end,1,498,1,0.0127207,12.720699999999999,12720.699999999999,78.61202606774785,10,2026-07-25T20:06:25.387258+00:00,,
42,cpu,end_to_end,1,499,1,0.029802,29.802,29802.0,33.55479498020267,10,2026-07-25T20:06:25.387258+00:00,,
42,cpu,end_to_end,1,500,1,0.0233065,23.3065,23306.5,42.9064853152554,10,2026-07-25T20:06:25.387258+00:00,,
42,cpu,end_to_end,1,501,1,0.0171337,17.1337,17133.7,58.36450970893618,10,2026-07-25T20:06:25.387258+00:00,,
42,cpu,end_to_end,1,502,1,0.0101782,10.1782,10178.2,98.24919926902595,10,2026-07-25T20:06:25.387258+00:00,,
42,cpu,end_to_end,1,503,1,0.0089071,8.9071,8907.099999999999,112.26998686441155,10,2026-07-25T20:06:25.387258+00:00,,
42,cpu,end_to_end,1,504,1,0.0101341,10.1341,10134.1,98.67674485154083,10,2026-07-25T20:06:25.387258+00:00,,
42,cpu,end_to_end,1,505,1,0.0100553,10.055299999999999,10055.3,99.45004127176713,10,2026-07-25T20:06:25.387258+00:00,,
42,cpu,end_to_end,1,506,1,0.009201,9.201,9201.0,108.68383871318333,10,2026-07-25T20:06:25.387258+00:00,,
42,cpu,end_to_end,1,507,1,0.008554,8.554,8554.0,116.90437222352115,10,2026-07-25T20:06:25.387258+00:00,,
42,cpu,end_to_end,1,508,1,0.0094469,9.4469,9446.9,105.85483068519832,10,2026-07-25T20:06:25.387258+00:00,,
42,cpu,end_to_end,1,509,1,0.0082318,8.2318,8231.8,121.48011370538644,10,2026-07-25T20:06:25.387258+00:00,,
42,cpu,end_to_end,1,510,1,0.0087648,8.7648,8764.8,114.09273457466229,10,2026-07-25T20:06:25.387258+00:00,,
42,cpu,end_to_end,1,511,1,0.0085397,8.539700000000002,8539.7,117.10013232314951,10,2026-07-25T20:06:25.387258+00:00,,
42,cpu,end_to_end,1,512,1,0.0082769,8.2769,8276.9,120.81818071983471,10,2026-07-25T20:06:25.387258+00:00,,
42,cpu,end_to_end,1,513,1,0.0088961,8.8961,8896.1,112.40880835422263,10,2026-07-25T20:06:25.387258+00:00,,
42,cpu,end_to_end,1,514,1,0.009217,9.216999999999999,9217.0,108.49517196484757,10,2026-07-25T20:06:25.387258+00:00,,
42,cpu,end_to_end,1,515,1,0.0088027,8.8027,8802.7,113.60150862803458,10,2026-07-25T20:06:25.387258+00:00,,
42,cpu,end_to_end,1,516,1,0.0085873,8.5873,8587.300000000001,116.4510381610052,10,2026-07-25T20:06:25.387258+00:00,,
42,cpu,end_to_end,1,517,1,0.00843,8.43,8430.0,118.62396204033215,10,2026-07-25T20:06:25.387258+00:00,,
42,cpu,end_to_end,1,518,1,0.0082679,8.2679,8267.9,120.94969702100896,10,2026-07-25T20:06:25.387258+00:00,,
42,cpu,end_to_end,1,519,1,0.0082668,8.2668,8266.8,120.96579087434074,10,2026-07-25T20:06:25.387258+00:00,,
42,cpu,end_to_end,1,520,1,0.0087304,8.7304,8730.4,114.54228901310364,10,2026-07-25T20:06:25.387258+00:00,,
42,cpu,end_to_end,1,521,1,0.0084516,8.451600000000001,8451.6,118.3207913294524,10,2026-07-25T20:06:25.387258+00:00,,
42,cpu,end_to_end,1,522,1,0.0085866,8.5866,8586.6,116.46053152586589,10,2026-07-25T20:06:25.387258+00:00,,
42,cpu,end_to_end,1,523,1,0.008125,8.125,8125.0,123.07692307692307,10,2026-07-25T20:06:25.387258+00:00,,
42,cpu,end_to_end,1,524,1,0.0104235,10.4235,10423.5,95.93706528517292,10,2026-07-25T20:06:25.387258+00:00,,
42,cpu,end_to_end,1,525,1,0.0075933,7.5933,7593.3,131.69504694928423,10,2026-07-25T20:06:25.387258+00:00,,
42,cpu,end_to_end,1,526,1,0.0078879,7.8879,7887.9,126.77645507676314,10,2026-07-25T20:06:25.387258+00:00,,
42,cpu,end_to_end,1,527,1,0.0079107,7.910699999999999,7910.7,126.4110634962772,10,2026-07-25T20:06:25.387258+00:00,,
42,cpu,end_to_end,1,528,1,0.0082375,8.2375,8237.5,121.39605462822458,10,2026-07-25T20:06:25.387258+00:00,,
42,cpu,end_to_end,1,529,1,0.0081041,8.104099999999999,8104.099999999999,123.39433126442172,10,2026-07-25T20:06:25.387258+00:00,,
42,cpu,end_to_end,1,530,1,0.0077611,7.7611,7761.1,128.8477148857765,10,2026-07-25T20:06:25.387258+00:00,,
42,cpu,end_to_end,1,531,1,0.0082847,8.2847,8284.7,120.70443105966419,10,2026-07-25T20:06:25.387258+00:00,,
42,cpu,end_to_end,1,532,1,0.0088944,8.894400000000001,8894.4,112.43029321820471,10,2026-07-25T20:06:25.387258+00:00,,
42,cpu,end_to_end,1,533,1,0.0092228,9.2228,9222.8,108.4269419265299,10,2026-07-25T20:06:25.387258+00:00,,
42,cpu,end_to_end,1,534,1,0.0086993,8.699300000000001,8699.3,114.95177772924258,10,2026-07-25T20:06:25.387258+00:00,,
42,cpu,end_to_end,1,535,1,0.0105775,10.5775,10577.5,94.54029780193808,10,2026-07-25T20:06:25.387258+00:00,,
42,cpu,end_to_end,1,536,1,0.0102834,10.2834,10283.4,97.24410214520489,10,2026-07-25T20:06:25.387258+00:00,,
42,cpu,end_to_end,1,537,1,0.0084913,8.4913,8491.300000000001,117.76759742324496,10,2026-07-25T20:06:25.387258+00:00,,
42,cpu,end_to_end,1,538,1,0.009476,9.476,9476.0,105.52975939214859,10,2026-07-25T20:06:25.387258+00:00,,
42,cpu,end_to_end,1,539,1,0.0085732,8.5732,8573.199999999999,116.64256053748892,10,2026-07-25T20:06:25.387258+00:00,,
42,cpu,end_to_end,1,540,1,0.0083589,8.3589,8358.900000000001,119.63296606012752,10,2026-07-25T20:06:25.387258+00:00,,
42,cpu,end_to_end,1,541,1,0.0083755,8.375499999999999,8375.5,119.39585696376336,10,2026-07-25T20:06:25.387258+00:00,,
42,cpu,end_to_end,1,542,1,0.0092248,9.2248,9224.8,108.40343422079611,10,2026-07-25T20:06:25.387258+00:00,,
42,cpu,end_to_end,1,543,1,0.0088812,8.8812,8881.2,112.59739674818718,10,2026-07-25T20:06:25.387258+00:00,,
42,cpu,end_to_end,1,544,1,0.011406,11.405999999999999,11406.0,87.6731544800982,10,2026-07-25T20:06:25.387258+00:00,,
42,cpu,end_to_end,1,545,1,0.0229727,22.9727,22972.699999999997,43.5299290026858,10,2026-07-25T20:06:25.387258+00:00,,
42,cpu,end_to_end,1,546,1,0.0157565,15.756499999999999,15756.5,63.46587122774728,10,2026-07-25T20:06:25.387258+00:00,,
42,cpu,end_to_end,1,547,1,0.0085481,8.5481,8548.099999999999,116.98506100770932,10,2026-07-25T20:06:25.387258+00:00,,
42,cpu,end_to_end,1,548,1,0.0076013,7.6013,7601.3,131.55644429242366,10,2026-07-25T20:06:25.387258+00:00,,
42,cpu,end_to_end,1,549,1,0.0085406,8.540600000000001,8540.6,117.08779242676158,10,2026-07-25T20:06:25.387258+00:00,,
42,cpu,end_to_end,1,550,1,0.0069522,6.9522,6952.200000000001,143.83936020252582,10,2026-07-25T20:06:25.387258+00:00,,
42,cpu,end_to_end,1,551,1,0.0125059,12.5059,12505.9,79.96225781431164,10,2026-07-25T20:06:25.387258+00:00,,
42,cpu,end_to_end,1,552,1,0.009453,9.453,9453.0,105.78652279699567,10,2026-07-25T20:06:25.387258+00:00,,
42,cpu,end_to_end,1,553,1,0.0075546,7.5546,7554.599999999999,132.36968204802372,10,2026-07-25T20:06:25.387258+00:00,,
42,cpu,end_to_end,1,554,1,0.0076767,7.676699999999999,7676.7,130.26430627743693,10,2026-07-25T20:06:25.387258+00:00,,
42,cpu,end_to_end,1,555,1,0.0075196,7.5196000000000005,7519.6,132.9857971168679,10,2026-07-25T20:06:25.387258+00:00,,
42,cpu,end_to_end,1,556,1,0.0086168,8.616800000000001,8616.800000000001,116.05236282610713,10,2026-07-25T20:06:25.387258+00:00,,
42,cpu,end_to_end,1,557,1,0.0091448,9.1448,9144.8,109.35176275041555,10,2026-07-25T20:06:25.387258+00:00,,
42,cpu,end_to_end,1,558,1,0.0073997,7.3997,7399.700000000001,135.14061380866792,10,2026-07-25T20:06:25.387258+00:00,,
42,cpu,end_to_end,1,559,1,0.0095568,9.5568,9556.800000000001,104.63753557676209,10,2026-07-25T20:06:25.387258+00:00,,
42,cpu,end_to_end,1,560,1,0.0095076,9.5076,9507.6,105.17901468299046,10,2026-07-25T20:06:25.387258+00:00,,
42,cpu,end_to_end,1,561,1,0.0103439,10.3439,10343.9,96.67533522172488,10,2026-07-25T20:06:25.387258+00:00,,
42,cpu,end_to_end,1,562,1,0.0100561,10.0561,10056.1,99.44212965264865,10,2026-07-25T20:06:25.387258+00:00,,
42,cpu,end_to_end,1,563,1,0.0083546,8.3546,8354.6,119.6945395351064,10,2026-07-25T20:06:25.387258+00:00,,
42,cpu,end_to_end,1,564,1,0.0088304,8.830400000000001,8830.4,113.245153107447,10,2026-07-25T20:06:25.387258+00:00,,
42,cpu,end_to_end,1,565,1,0.0073785,7.3785,7378.5,135.52890153825305,10,2026-07-25T20:06:25.387258+00:00,,
42,cpu,end_to_end,1,566,1,0.0094583,9.4583,9458.3,105.72724485372636,10,2026-07-25T20:06:25.387258+00:00,,
42,cpu,end_to_end,1,567,1,0.0072446,7.2446,7244.6,138.03384589901444,10,2026-07-25T20:06:25.387258+00:00,,
42,cpu,end_to_end,1,568,1,0.01012,10.120000000000001,10120.0,98.81422924901186,10,2026-07-25T20:06:25.387258+00:00,,
42,cpu,end_to_end,1,569,1,0.0083496,8.3496,8349.6,119.7662163456932,10,2026-07-25T20:06:25.387258+00:00,,
42,cpu,end_to_end,1,570,1,0.0085591,8.5591,8559.1,116.83471393020294,10,2026-07-25T20:06:25.387258+00:00,,
42,cpu,end_to_end,1,571,1,0.0102357,10.2357,10235.7,97.69727522299402,10,2026-07-25T20:06:25.387258+00:00,,
42,cpu,end_to_end,1,572,1,0.0090482,9.0482,9048.199999999999,110.51921929223492,10,2026-07-25T20:06:25.387258+00:00,,
42,cpu,end_to_end,1,573,1,0.0081253,8.125300000000001,8125.3,123.07237886601109,10,2026-07-25T20:06:25.387258+00:00,,
42,cpu,end_to_end,1,574,1,0.0079953,7.9953,7995.3,125.07348066989356,10,2026-07-25T20:06:25.387258+00:00,,
42,cpu,end_to_end,1,575,1,0.0087888,8.7888,8788.8,113.78117604223559,10,2026-07-25T20:06:25.387258+00:00,,
42,cpu,end_to_end,1,576,1,0.0092512,9.251199999999999,9251.199999999999,108.09408509166379,10,2026-07-25T20:06:25.387258+00:00,,
42,cpu,end_to_end,1,577,1,0.0094091,9.4091,9409.1,106.28009055063715,10,2026-07-25T20:06:25.387258+00:00,,
42,cpu,end_to_end,1,578,1,0.0097063,9.706299999999999,9706.3,103.02586979590576,10,2026-07-25T20:06:25.387258+00:00,,
42,cpu,end_to_end,1,579,1,0.0099069,9.9069,9906.9,100.93974906378384,10,2026-07-25T20:06:25.387258+00:00,,
42,cpu,end_to_end,1,580,1,0.0096208,9.620800000000001,9620.800000000001,103.94146016963246,10,2026-07-25T20:06:25.387258+00:00,,
42,cpu,end_to_end,1,581,1,0.0095719,9.5719,9571.9,104.47246628151152,10,2026-07-25T20:06:25.387258+00:00,,
42,cpu,end_to_end,1,582,1,0.0097061,9.706100000000001,9706.1,103.02799270561812,10,2026-07-25T20:06:25.387258+00:00,,
42,cpu,end_to_end,1,583,1,0.0081718,8.1718,8171.8,122.37206001125823,10,2026-07-25T20:06:25.387258+00:00,,
42,cpu,end_to_end,1,584,1,0.0090847,9.0847,9084.699999999999,110.07518134886128,10,2026-07-25T20:06:25.387258+00:00,,
42,cpu,end_to_end,1,585,1,0.0083604,8.3604,8360.4,119.61150184201712,10,2026-07-25T20:06:25.387258+00:00,,
42,cpu,end_to_end,1,586,1,0.0084247,8.4247,8424.7,118.69858867378066,10,2026-07-25T20:06:25.387258+00:00,,
42,cpu,end_to_end,1,587,1,0.0095651,9.5651,9565.1,104.54673761905259,10,2026-07-25T20:06:25.387258+00:00,,
42,cpu,end_to_end,1,588,1,0.0084223,8.4223,8422.300000000001,118.73241276135971,10,2026-07-25T20:06:25.387258+00:00,,
42,cpu,end_to_end,1,589,1,0.010091,10.091,10091.0,99.09820632246557,10,2026-07-25T20:06:25.387258+00:00,,
42,cpu,end_to_end,1,590,1,0.0111268,11.1268,11126.8,89.87309918395226,10,2026-07-25T20:06:25.387258+00:00,,
42,cpu,end_to_end,1,591,1,0.0113214,11.3214,11321.400000000001,88.32829862031197,10,2026-07-25T20:06:25.387258+00:00,,
42,cpu,end_to_end,1,592,1,0.0144601,14.4601,14460.1,69.15581496670147,10,2026-07-25T20:06:25.387258+00:00,,
42,cpu,end_to_end,1,593,1,0.011752,11.752,11752.0,85.09189925119128,10,2026-07-25T20:06:25.387258+00:00,,
42,cpu,end_to_end,1,594,1,0.0114303,11.430299999999999,11430.3,87.48676762639651,10,2026-07-25T20:06:25.387258+00:00,,
42,cpu,end_to_end,1,595,1,0.0098183,9.8183,9818.300000000001,101.85062587209597,10,2026-07-25T20:06:25.387258+00:00,,
42,cpu,end_to_end,1,596,1,0.0086469,8.6469,8646.900000000001,115.64838265736853,10,2026-07-25T20:06:25.387258+00:00,,
42,cpu,end_to_end,1,597,1,0.0077674,7.767399999999999,7767.4,128.74320879573602,10,2026-07-25T20:06:25.387258+00:00,,
42,cpu,end_to_end,1,598,1,0.0088545,8.8545,8854.5,112.93692472753968,10,2026-07-25T20:06:25.387258+00:00,,
42,cpu,end_to_end,1,599,1,0.0083384,8.3384,8338.4,119.92708433272571,10,2026-07-25T20:06:25.387258+00:00,,
42,cpu,end_to_end,1,600,1,0.0078913,7.8913,7891.3,126.72183290459112,10,2026-07-25T20:06:25.387258+00:00,,
42,cpu,end_to_end,1,601,1,0.0069287,6.9287,6928.700000000001,144.327218670169,10,2026-07-25T20:06:25.387258+00:00,,
42,cpu,end_to_end,1,602,1,0.0072287,7.2287,7228.7,138.33746040090196,10,2026-07-25T20:06:25.387258+00:00,,
42,cpu,end_to_end,1,603,1,0.0080588,8.0588,8058.799999999999,124.0879535414702,10,2026-07-25T20:06:25.387258+00:00,,
42,cpu,end_to_end,1,604,1,0.0082289,8.228900000000001,8228.900000000001,121.5229252998578,10,2026-07-25T20:06:25.387258+00:00,,
42,cpu,end_to_end,1,605,1,0.0081392,8.139199999999999,8139.199999999999,122.86219775899353,10,2026-07-25T20:06:25.387258+00:00,,
42,cpu,end_to_end,1,606,1,0.0073108,7.3108,7310.8,136.78393609454506,10,2026-07-25T20:06:25.387258+00:00,,
42,cpu,end_to_end,1,607,1,0.0087798,8.779800000000002,8779.800000000001,113.8978108840748,10,2026-07-25T20:06:25.387258+00:00,,
42,cpu,end_to_end,1,608,1,0.0085153,8.5153,8515.3,117.43567460923279,10,2026-07-25T20:06:25.387258+00:00,,
42,cpu,end_to_end,1,609,1,0.0075031,7.503100000000001,7503.1,133.27824499206994,10,2026-07-25T20:06:25.387258+00:00,,
42,cpu,end_to_end,1,610,1,0.0083283,8.3283,8328.300000000001,120.07252380437784,10,2026-07-25T20:06:25.387258+00:00,,
42,cpu,end_to_end,1,611,1,0.0082427,8.242700000000001,8242.7,121.31947056183046,10,2026-07-25T20:06:25.387258+00:00,,
42,cpu,end_to_end,1,612,1,0.0070389,7.0389,7038.9,142.06765261617582,10,2026-07-25T20:06:25.387258+00:00,,
42,cpu,end_to_end,1,613,1,0.007155,7.155,7155.0,139.7624039133473,10,2026-07-25T20:06:25.387258+00:00,,
42,cpu,end_to_end,1,614,1,0.008565,8.565,8565.0,116.75423234092236,10,2026-07-25T20:06:25.387258+00:00,,
42,cpu,end_to_end,1,615,1,0.0088484,8.8484,8848.4,113.01478233352924,10,2026-07-25T20:06:25.387258+00:00,,
42,cpu,end_to_end,1,616,1,0.0096366,9.6366,9636.6,103.7710395782745,10,2026-07-25T20:06:25.387258+00:00,,
42,cpu,end_to_end,1,617,1,0.0078289,7.8289,7828.9,127.73186526842852,10,2026-07-25T20:06:25.387258+00:00,,
42,cpu,end_to_end,1,618,1,0.0080548,8.0548,8054.800000000001,124.1495754084521,10,2026-07-25T20:06:25.387258+00:00,,
42,cpu,end_to_end,1,619,1,0.0104148,10.4148,10414.8,96.01720628336598,10,2026-07-25T20:06:25.387258+00:00,,
42,cpu,end_to_end,1,620,1,0.0133679,13.3679,13367.9,74.80606527577255,10,2026-07-25T20:06:25.387258+00:00,,
42,cpu,end_to_end,1,621,1,0.0094104,9.4104,9410.4,106.26540848423022,10,2026-07-25T20:06:25.387258+00:00,,
42,cpu,end_to_end,1,622,1,0.0091158,9.1158,9115.800000000001,109.69964237916584,10,2026-07-25T20:06:25.387258+00:00,,
42,cpu,end_to_end,1,623,1,0.0075034,7.5034,7503.400000000001,133.27291627795398,10,2026-07-25T20:06:25.387258+00:00,,
42,cpu,end_to_end,1,624,1,0.0080586,8.0586,8058.600000000001,124.09103318194227,10,2026-07-25T20:06:25.387258+00:00,,
42,cpu,end_to_end,1,625,1,0.0077343,7.7343,7734.3,129.29418305470438,10,2026-07-25T20:06:25.387258+00:00,,
42,cpu,end_to_end,1,626,1,0.008662,8.661999999999999,8662.0,115.44677903486493,10,2026-07-25T20:06:25.387258+00:00,,
42,cpu,end_to_end,1,627,1,0.0080421,8.0421,8042.1,124.34563111625073,10,2026-07-25T20:06:25.387258+00:00,,
42,cpu,end_to_end,1,628,1,0.0086352,8.635200000000001,8635.2,115.80507689457104,10,2026-07-25T20:06:25.387258+00:00,,
42,cpu,end_to_end,1,629,1,0.008513,8.513,8513.0,117.46740279572418,10,2026-07-25T20:06:25.387258+00:00,,
42,cpu,end_to_end,1,630,1,0.0106821,10.6821,10682.1,93.61455144587674,10,2026-07-25T20:06:25.387258+00:00,,
42,cpu,end_to_end,1,631,1,0.009719,9.719,9719.0,102.89124395513942,10,2026-07-25T20:06:25.387258+00:00,,
42,cpu,end_to_end,1,632,1,0.0099787,9.9787,9978.7,100.21345465842244,10,2026-07-25T20:06:25.387258+00:00,,
42,cpu,end_to_end,1,633,1,0.0095518,9.5518,9551.8,104.69230930295862,10,2026-07-25T20:06:25.387258+00:00,,
42,cpu,end_to_end,1,634,1,0.008969,8.969,8969.0,111.4951499609767,10,2026-07-25T20:06:25.387258+00:00,,
42,cpu,end_to_end,1,635,1,0.0136183,13.6183,13618.3,73.43060440730488,10,2026-07-25T20:06:25.387258+00:00,,
42,cpu,end_to_end,1,636,1,0.0080652,8.065199999999999,8065.2,123.98948569161335,10,2026-07-25T20:06:25.387258+00:00,,
42,cpu,end_to_end,1,637,1,0.0071008,7.1008,7100.8,140.82920234339792,10,2026-07-25T20:06:25.387258+00:00,,
42,cpu,end_to_end,1,638,1,0.0070676,7.0676000000000005,7067.6,141.49074650517855,10,2026-07-25T20:06:25.387258+00:00,,
42,cpu,end_to_end,1,639,1,0.0073492,7.3492,7349.2,136.06923202525445,10,2026-07-25T20:06:25.387258+00:00,,
42,cpu,end_to_end,1,640,1,0.0067068,6.706799999999999,6706.8,149.1024035307449,10,2026-07-25T20:06:25.387258+00:00,,
42,cpu,end_to_end,1,641,1,0.0105586,10.5586,10558.6,94.70952588411343,10,2026-07-25T20:06:25.387258+00:00,,
42,cpu,end_to_end,1,642,1,0.0102308,10.2308,10230.8,97.74406693513704,10,2026-07-25T20:06:25.387258+00:00,,
42,cpu,end_to_end,1,643,1,0.00781,7.8100000000000005,7810.0,128.04097311139566,10,2026-07-25T20:06:25.387258+00:00,,
42,cpu,end_to_end,1,644,1,0.0076545,7.6545,7654.5,130.64210595074792,10,2026-07-25T20:06:25.387258+00:00,,
42,cpu,end_to_end,1,645,1,0.0072871,7.287100000000001,7287.1,137.2288015808758,10,2026-07-25T20:06:25.387258+00:00,,
42,cpu,end_to_end,1,646,1,0.0071351,7.1351,7135.1,140.1522052949503,10,2026-07-25T20:06:25.387258+00:00,,
42,cpu,end_to_end,1,647,1,0.0072471,7.2471000000000005,7247.1,137.98622897434836,10,2026-07-25T20:06:25.387258+00:00,,
42,cpu,end_to_end,1,648,1,0.0075853,7.585299999999999,7585.299999999999,131.83394196669875,10,2026-07-25T20:06:25.387258+00:00,,
42,cpu,end_to_end,1,649,1,0.0073156,7.3156,7315.6,136.6941877631363,10,2026-07-25T20:06:25.387258+00:00,,
42,cpu,end_to_end,1,650,1,0.0076332,7.6331999999999995,7633.2,131.00665513808102,10,2026-07-25T20:06:25.387258+00:00,,
42,cpu,end_to_end,1,651,1,0.007294,7.2940000000000005,7294.0,137.09898546750753,10,2026-07-25T20:06:25.387258+00:00,,
42,cpu,end_to_end,1,652,1,0.0087706,8.7706,8770.6,114.01728502040909,10,2026-07-25T20:06:25.387258+00:00,,
42,cpu,end_to_end,1,653,1,0.006991,6.991,6991.0,143.04105278214848,10,2026-07-25T20:06:25.387258+00:00,,
42,cpu,end_to_end,1,654,1,0.0075874,7.587400000000001,7587.400000000001,131.79745367319504,10,2026-07-25T20:06:25.387258+00:00,,
42,cpu,end_to_end,1,655,1,0.0076437,7.6437,7643.7,130.826693878619,10,2026-07-25T20:06:25.387258+00:00,,
42,cpu,end_to_end,1,656,1,0.0075251,7.5251,7525.099999999999,132.88859948705002,10,2026-07-25T20:06:25.387258+00:00,,
42,cpu,end_to_end,1,657,1,0.0073689,7.3689,7368.900000000001,135.70546485906988,10,2026-07-25T20:06:25.387258+00:00,,
42,cpu,end_to_end,1,658,1,0.0074774,7.4774,7477.400000000001,133.73632546072164,10,2026-07-25T20:06:25.387258+00:00,,
42,cpu,end_to_end,1,659,1,0.0076841,7.6841,7684.1,130.13885816165848,10,2026-07-25T20:06:25.387258+00:00,,
42,cpu,end_to_end,1,660,1,0.0073854,7.385400000000001,7385.400000000001,135.40228017439813,10,2026-07-25T20:06:25.387258+00:00,,
42,cpu,end_to_end,1,661,1,0.0075391,7.5391,7539.1,132.64182727381254,10,2026-07-25T20:06:25.387258+00:00,,
42,cpu,end_to_end,1,662,1,0.0072945,7.2945,7294.5,137.08958804578793,10,2026-07-25T20:06:25.387258+00:00,,
42,cpu,end_to_end,1,663,1,0.0072452,7.2452000000000005,7245.2,138.02241484017003,10,2026-07-25T20:06:25.387258+00:00,,
42,cpu,end_to_end,1,664,1,0.0072642,7.2642,7264.2,137.66140800088104,10,2026-07-25T20:06:25.387258+00:00,,
42,cpu,end_to_end,1,665,1,0.0098191,9.8191,9819.1,101.8423277082421,10,2026-07-25T20:06:25.387258+00:00,,
42,cpu,end_to_end,1,666,1,0.0076415,7.6415,7641.5,130.86435909180136,10,2026-07-25T20:06:25.387258+00:00,,
42,cpu,end_to_end,1,667,1,0.0083995,8.399500000000002,8399.5,119.0547056372403,10,2026-07-25T20:06:25.387258+00:00,,
42,cpu,end_to_end,1,668,1,0.0078315,7.8315,7831.5,127.68945923514013,10,2026-07-25T20:06:25.387258+00:00,,
42,cpu,end_to_end,1,669,1,0.0074479,7.447900000000001,7447.900000000001,134.26603472119658,10,2026-07-25T20:06:25.387258+00:00,,
42,cpu,end_to_end,1,670,1,0.0079706,7.970599999999999,7970.599999999999,125.46106943015583,10,2026-07-25T20:06:25.387258+00:00,,
42,cpu,end_to_end,1,671,1,0.007451,7.4510000000000005,7451.0,134.21017313112333,10,2026-07-25T20:06:25.387258+00:00,,
42,cpu,end_to_end,1,672,1,0.0076064,7.6064,7606.400000000001,131.46823727387462,10,2026-07-25T20:06:25.387258+00:00,,
42,cpu,end_to_end,1,673,1,0.007306,7.306,7306.0,136.8738023542294,10,2026-07-25T20:06:25.387258+00:00,,
42,cpu,end_to_end,1,674,1,0.0065933,6.5933,6593.3,151.66911865075153,10,2026-07-25T20:06:25.387258+00:00,,
42,cpu,end_to_end,1,675,1,0.0069142,6.9142,6914.2,144.6298921061005,10,2026-07-25T20:06:25.387258+00:00,,
42,cpu,end_to_end,1,676,1,0.0076838,7.6838,7683.8,130.1439391967516,10,2026-07-25T20:06:25.387258+00:00,,
42,cpu,end_to_end,1,677,1,0.0081421,8.1421,8142.099999999999,122.81843750383808,10,2026-07-25T20:06:25.387258+00:00,,
42,cpu,end_to_end,1,678,1,0.0074544,7.4544,7454.4,134.14895900407814,10,2026-07-25T20:06:25.387258+00:00,,
42,cpu,end_to_end,1,679,1,0.0080421,8.0421,8042.1,124.34563111625073,10,2026-07-25T20:06:25.387258+00:00,,
42,cpu,end_to_end,1,680,1,0.0068699,6.8699,6869.9,145.5625263832079,10,2026-07-25T20:06:25.387258+00:00,,
42,cpu,end_to_end,1,681,1,0.0084777,8.477699999999999,8477.699999999999,117.956521226276,10,2026-07-25T20:06:25.387258+00:00,,
42,cpu,end_to_end,1,682,1,0.0076921,7.6921,7692.1,130.00351009477257,10,2026-07-25T20:06:25.387258+00:00,,
42,cpu,end_to_end,1,683,1,0.0079447,7.944700000000001,7944.700000000001,125.87007690661697,10,2026-07-25T20:06:25.387258+00:00,,
42,cpu,end_to_end,1,684,1,0.0072785,7.2785,7278.5,137.39094593666277,10,2026-07-25T20:06:25.387258+00:00,,
42,cpu,end_to_end,1,685,1,0.0070969,7.0969,7096.9,140.9065930194874,10,2026-07-25T20:06:25.387258+00:00,,
42,cpu,end_to_end,1,686,1,0.0071998,7.1998,7199.8,138.89274702075056,10,2026-07-25T20:06:25.387258+00:00,,
42,cpu,end_to_end,1,687,1,0.0074651,7.4651,7465.099999999999,133.95667841020216,10,2026-07-25T20:06:25.387258+00:00,,
42,cpu,end_to_end,1,688,1,0.0077631,7.7631000000000006,7763.1,128.81451997269133,10,2026-07-25T20:06:25.387258+00:00,,
42,cpu,end_to_end,1,689,1,0.0074014,7.4014,7401.4,135.10957386440404,10,2026-07-25T20:06:25.387258+00:00,,
42,cpu,end_to_end,1,690,1,0.0078243,7.824299999999999,7824.299999999999,127.8069603670616,10,2026-07-25T20:06:25.387258+00:00,,
42,cpu,end_to_end,1,691,1,0.0064516,6.4516,6451.6,155.00031000062,10,2026-07-25T20:06:25.387258+00:00,,
42,cpu,end_to_end,1,692,1,0.006981,6.981,6981.0,143.2459533018192,10,2026-07-25T20:06:25.387258+00:00,,
42,cpu,end_to_end,1,693,1,0.006925,6.925,6925.0,144.4043321299639,10,2026-07-25T20:06:25.387258+00:00,,
42,cpu,end_to_end,1,694,1,0.0077994,7.7993999999999994,7799.4,128.21499089673566,10,2026-07-25T20:06:25.387258+00:00,,
42,cpu,end_to_end,1,695,1,0.00809,8.09,8090.0,123.60939431396787,10,2026-07-25T20:06:25.387258+00:00,,
42,cpu,end_to_end,1,696,1,0.0078237,7.8237,7823.7,127.81676189015428,10,2026-07-25T20:06:25.387258+00:00,,
42,cpu,end_to_end,1,697,1,0.0076339,7.6339,7633.9,130.99464231912916,10,2026-07-25T20:06:25.387258+00:00,,
42,cpu,end_to_end,1,698,1,0.0087367,8.7367,8736.7,114.45969301910333,10,2026-07-25T20:06:25.387258+00:00,,
42,cpu,end_to_end,1,699,1,0.0104396,10.4396,10439.6,95.78911069389632,10,2026-07-25T20:06:25.387258+00:00,,
42,cpu,end_to_end,1,700,1,0.0098493,9.8493,9849.3,101.5300579736631,10,2026-07-25T20:06:25.387258+00:00,,
42,cpu,end_to_end,1,701,1,0.0089077,8.9077,8907.699999999999,112.26242464384747,10,2026-07-25T20:06:25.387258+00:00,,
42,cpu,end_to_end,1,702,1,0.0110554,11.0554,11055.4,90.45353401957415,10,2026-07-25T20:06:25.387258+00:00,,
42,cpu,end_to_end,1,703,1,0.0125569,12.556899999999999,12556.9,79.63749014486059,10,2026-07-25T20:06:25.387258+00:00,,
42,cpu,end_to_end,1,704,1,0.0119888,11.988800000000001,11988.800000000001,83.41118377152009,10,2026-07-25T20:06:25.387258+00:00,,
42,cpu,end_to_end,1,705,1,0.0083692,8.369200000000001,8369.2,119.48573340343162,10,2026-07-25T20:06:25.387258+00:00,,
42,cpu,end_to_end,1,706,1,0.0140619,14.0619,14061.9,71.11414531464453,10,2026-07-25T20:06:25.387258+00:00,,
42,cpu,end_to_end,1,707,1,0.0129284,12.9284,12928.4,77.34909192166084,10,2026-07-25T20:06:25.387258+00:00,,
42,cpu,end_to_end,1,708,1,0.0132964,13.2964,13296.4,75.20832706597274,10,2026-07-25T20:06:25.387258+00:00,,
42,cpu,end_to_end,1,709,1,0.0142349,14.2349,14234.9,70.24987881895903,10,2026-07-25T20:06:25.387258+00:00,,
42,cpu,end_to_end,1,710,1,0.0150014,15.0014,15001.4,66.66044502513098,10,2026-07-25T20:06:25.387258+00:00,,
42,cpu,end_to_end,1,711,1,0.0137771,13.7771,13777.1,72.5842158364242,10,2026-07-25T20:06:25.387258+00:00,,
42,cpu,end_to_end,1,712,1,0.0135496,13.5496,13549.6,73.80291669126764,10,2026-07-25T20:06:25.387258+00:00,,
42,cpu,end_to_end,1,713,1,0.0131896,13.189599999999999,13189.599999999999,75.8173106083581,10,2026-07-25T20:06:25.387258+00:00,,
42,cpu,end_to_end,1,714,1,0.0114306,11.4306,11430.6,87.48447150630763,10,2026-07-25T20:06:25.387258+00:00,,
42,cpu,end_to_end,1,715,1,0.0122803,12.280299999999999,12280.3,81.43123539327216,10,2026-07-25T20:06:25.387258+00:00,,
42,cpu,end_to_end,1,716,1,0.0115857,11.585700000000001,11585.7,86.31330001639952,10,2026-07-25T20:06:25.387258+00:00,,
42,cpu,end_to_end,1,717,1,0.0101221,10.1221,10122.1,98.79372857411012,10,2026-07-25T20:06:25.387258+00:00,,
42,cpu,end_to_end,1,718,1,0.0116891,11.6891,11689.099999999999,85.54978569778683,10,2026-07-25T20:06:25.387258+00:00,,
42,cpu,end_to_end,1,719,1,0.0131628,13.1628,13162.800000000001,75.97167775853161,10,2026-07-25T20:06:25.387258+00:00,,
42,cpu,end_to_end,1,720,1,0.0140335,14.0335,14033.5,71.25806106815833,10,2026-07-25T20:06:25.387258+00:00,,
42,cpu,end_to_end,1,721,1,0.0122506,12.2506,12250.6,81.62865492302417,10,2026-07-25T20:06:25.387258+00:00,,
42,cpu,end_to_end,1,722,1,0.0138881,13.8881,13888.1,72.00408983230247,10,2026-07-25T20:06:25.387258+00:00,,
42,cpu,end_to_end,1,723,1,0.0174906,17.490599999999997,17490.6,57.173567516265884,10,2026-07-25T20:06:25.387258+00:00,,
42,cpu,end_to_end,1,724,1,0.0163568,16.3568,16356.800000000001,61.136652645994324,10,2026-07-25T20:06:25.387258+00:00,,
42,cpu,end_to_end,1,725,1,0.016877,16.877,16877.0,59.25223677193814,10,2026-07-25T20:06:25.387258+00:00,,
42,cpu,end_to_end,1,726,1,0.0121451,12.145100000000001,12145.1,82.33773291286197,10,2026-07-25T20:06:25.387258+00:00,,
42,cpu,end_to_end,1,727,1,0.0143401,14.3401,14340.1,69.7345206797721,10,2026-07-25T20:06:25.387258+00:00,,
42,cpu,end_to_end,1,728,1,0.0307704,30.7704,30770.4,32.49876504692822,10,2026-07-25T20:06:25.387258+00:00,,
42,cpu,end_to_end,1,729,1,0.0185998,18.5998,18599.8,53.764018967945894,10,2026-07-25T20:06:25.387258+00:00,,
42,cpu,end_to_end,1,730,1,0.0173488,17.3488,17348.8,57.64087429678133,10,2026-07-25T20:06:25.387258+00:00,,
42,cpu,end_to_end,1,731,1,0.0189943,18.9943,18994.3,52.64737315931622,10,2026-07-25T20:06:25.387258+00:00,,
42,cpu,end_to_end,1,732,1,0.0174772,17.4772,17477.199999999997,57.217403245371116,10,2026-07-25T20:06:25.387258+00:00,,
42,cpu,end_to_end,1,733,1,0.0170027,17.0027,17002.7,58.81418833479389,10,2026-07-25T20:06:25.387258+00:00,,
42,cpu,end_to_end,1,734,1,0.0187473,18.747300000000003,18747.300000000003,53.341014439412604,10,2026-07-25T20:06:25.387258+00:00,,
42,cpu,end_to_end,1,735,1,0.0161232,16.1232,16123.2,62.02242730971519,10,2026-07-25T20:06:25.387258+00:00,,
42,cpu,end_to_end,1,736,1,0.0171564,17.156399999999998,17156.399999999998,58.287286377095434,10,2026-07-25T20:06:25.387258+00:00,,
42,cpu,end_to_end,1,737,1,0.0163451,16.345100000000002,16345.100000000002,61.18041492557402,10,2026-07-25T20:06:25.387258+00:00,,
42,cpu,end_to_end,1,738,1,0.02153,21.53,21530.0,46.44681839294008,10,2026-07-25T20:06:25.387258+00:00,,
42,cpu,end_to_end,1,739,1,0.0148542,14.8542,14854.199999999999,67.32102704958866,10,2026-07-25T20:06:25.387258+00:00,,
42,cpu,end_to_end,1,740,1,0.0140139,14.0139,14013.9,71.35772340319255,10,2026-07-25T20:06:25.387258+00:00,,
42,cpu,end_to_end,1,741,1,0.0127455,12.7455,12745.5,78.45906398336668,10,2026-07-25T20:06:25.387258+00:00,,
42,cpu,end_to_end,1,742,1,0.0137789,13.7789,13778.9,72.57473383216367,10,2026-07-25T20:06:25.387258+00:00,,
42,cpu,end_to_end,1,743,1,0.0137726,13.772599999999999,13772.599999999999,72.60793169045787,10,2026-07-25T20:06:25.387258+00:00,,
42,cpu,end_to_end,1,744,1,0.0145628,14.562800000000001,14562.800000000001,68.66811327491965,10,2026-07-25T20:06:25.387258+00:00,,
42,cpu,end_to_end,1,745,1,0.0155074,15.507399999999999,15507.4,64.48534248165392,10,2026-07-25T20:06:25.387258+00:00,,
42,cpu,end_to_end,1,746,1,0.0203652,20.3652,20365.2,49.10337241961778,10,2026-07-25T20:06:25.387258+00:00,,
42,cpu,end_to_end,1,747,1,0.024564,24.564,24564.0,40.709982087607884,10,2026-07-25T20:06:25.387258+00:00,,
42,cpu,end_to_end,1,748,1,0.0187936,18.7936,18793.600000000002,53.20960326919802,10,2026-07-25T20:06:25.387258+00:00,,
42,cpu,end_to_end,1,749,1,0.0218196,21.8196,21819.600000000002,45.830354360299914,10,2026-07-25T20:06:25.387258+00:00,,
42,cpu,end_to_end,1,750,1,0.0190865,19.0865,19086.5,52.39305268121447,10,2026-07-25T20:06:25.387258+00:00,,
42,cpu,end_to_end,1,751,1,0.0190599,19.059900000000003,19059.9,52.46617243532232,10,2026-07-25T20:06:25.387258+00:00,,
42,cpu,end_to_end,1,752,1,0.0144982,14.498199999999999,14498.199999999999,68.97407954090853,10,2026-07-25T20:06:25.387258+00:00,,
42,cpu,end_to_end,1,753,1,0.0119533,11.9533,11953.3,83.65890590882853,10,2026-07-25T20:06:25.387258+00:00,,
42,cpu,end_to_end,1,754,1,0.0110898,11.0898,11089.800000000001,90.17295172140165,10,2026-07-25T20:06:25.387258+00:00,,
42,cpu,end_to_end,1,755,1,0.0118713,11.8713,11871.3,84.23677272076353,10,2026-07-25T20:06:25.387258+00:00,,
42,cpu,end_to_end,1,756,1,0.0129224,12.9224,12922.400000000001,77.38500588126044,10,2026-07-25T20:06:25.387258+00:00,,
42,cpu,end_to_end,1,757,1,0.0108263,10.8263,10826.300000000001,92.36766023479859,10,2026-07-25T20:06:25.387258+00:00,,
42,cpu,end_to_end,1,758,1,0.0103992,10.3992,10399.2,96.16124317255172,10,2026-07-25T20:06:25.387258+00:00,,
42,cpu,end_to_end,1,759,1,0.0106942,10.694199999999999,10694.199999999999,93.50863084662716,10,2026-07-25T20:06:25.387258+00:00,,
42,cpu,end_to_end,1,760,1,0.0119394,11.9394,11939.4,83.75630266177531,10,2026-07-25T20:06:25.387258+00:00,,
42,cpu,end_to_end,1,761,1,0.0116473,11.6473,11647.3,85.8568080155916,10,2026-07-25T20:06:25.387258+00:00,,
42,cpu,end_to_end,1,762,1,0.0081253,8.125300000000001,8125.3,123.07237886601109,10,2026-07-25T20:06:25.387258+00:00,,
42,cpu,end_to_end,1,763,1,0.0124619,12.4619,12461.9,80.24458549659361,10,2026-07-25T20:06:25.387258+00:00,,
42,cpu,end_to_end,1,764,1,0.0113104,11.3104,11310.4,88.41420285754704,10,2026-07-25T20:06:25.387258+00:00,,
42,cpu,end_to_end,1,765,1,0.0125896,12.589599999999999,12589.599999999999,79.43064116413548,10,2026-07-25T20:06:25.387258+00:00,,
42,cpu,end_to_end,1,766,1,0.0085424,8.5424,8542.4,117.0631204345383,10,2026-07-25T20:06:25.387258+00:00,,
42,cpu,end_to_end,1,767,1,0.008926,8.926,8926.0,112.03226529240422,10,2026-07-25T20:06:25.387258+00:00,,
42,cpu,end_to_end,1,768,1,0.0101385,10.1385,10138.5,98.63392020515856,10,2026-07-25T20:06:25.387258+00:00,,
42,cpu,end_to_end,1,769,1,0.0084668,8.4668,8466.8,118.10837624604336,10,2026-07-25T20:06:25.387258+00:00,,
42,cpu,end_to_end,1,770,1,0.011588,11.588,11588.0,86.29616845012082,10,2026-07-25T20:06:25.387258+00:00,,
42,cpu,end_to_end,1,771,1,0.0146123,14.6123,14612.3,68.43549612312914,10,2026-07-25T20:06:25.387258+00:00,,
42,cpu,end_to_end,1,772,1,0.0168706,16.8706,16870.6,59.27471459224924,10,2026-07-25T20:06:25.387258+00:00,,
42,cpu,end_to_end,1,773,1,0.0176748,17.6748,17674.8,56.5777264806391,10,2026-07-25T20:06:25.387258+00:00,,
42,cpu,end_to_end,1,774,1,0.0191666,19.1666,19166.6,52.174094518589634,10,2026-07-25T20:06:25.387258+00:00,,
42,cpu,end_to_end,1,775,1,0.021384,21.384,21384.0,46.76393565282454,10,2026-07-25T20:06:25.387258+00:00,,
42,cpu,end_to_end,1,776,1,0.0129891,12.9891,12989.1,76.98762808816623,10,2026-07-25T20:06:25.387258+00:00,,
42,cpu,end_to_end,1,777,1,0.0138086,13.8086,13808.6,72.41863766058833,10,2026-07-25T20:06:25.387258+00:00,,
42,cpu,end_to_end,1,778,1,0.0156466,15.6466,15646.6,63.91164853706236,10,2026-07-25T20:06:25.387258+00:00,,
42,cpu,end_to_end,1,779,1,0.0134725,13.4725,13472.5,74.2252737056968,10,2026-07-25T20:06:25.387258+00:00,,
42,cpu,end_to_end,1,780,1,0.0172434,17.243399999999998,17243.399999999998,57.99320319658536,10,2026-07-25T20:06:25.387258+00:00,,
42,cpu,end_to_end,1,781,1,0.0142876,14.2876,14287.599999999999,69.99076121951903,10,2026-07-25T20:06:25.387258+00:00,,
42,cpu,end_to_end,1,782,1,0.0112026,11.2026,11202.6,89.2649920554157,10,2026-07-25T20:06:25.387258+00:00,,
42,cpu,end_to_end,1,783,1,0.0125549,12.5549,12554.900000000001,79.65017642514077,10,2026-07-25T20:06:25.387258+00:00,,
42,cpu,end_to_end,1,784,1,0.0126995,12.6995,12699.5,78.74325760856726,10,2026-07-25T20:06:25.387258+00:00,,
42,cpu,end_to_end,1,785,1,0.0101372,10.1372,10137.2,98.64656907232765,10,2026-07-25T20:06:25.387258+00:00,,
42,cpu,end_to_end,1,786,1,0.010168,10.168,10168.0,98.3477576711251,10,2026-07-25T20:06:25.387258+00:00,,
42,cpu,end_to_end,1,787,1,0.0093372,9.337200000000001,9337.2,107.09848776935269,10,2026-07-25T20:06:25.387258+00:00,,
42,cpu,end_to_end,1,788,1,0.0091128,9.1128,9112.800000000001,109.7357562988324,10,2026-07-25T20:06:25.387258+00:00,,
42,cpu,end_to_end,1,789,1,0.0078159,7.815900000000001,7815.900000000001,127.94431863253111,10,2026-07-25T20:06:25.387258+00:00,,
42,cpu,end_to_end,1,790,1,0.008712,8.712,8712.0,114.78420569329661,10,2026-07-25T20:06:25.387258+00:00,,
42,cpu,end_to_end,1,791,1,0.0077801,7.7801,7780.099999999999,128.53305227439236,10,2026-07-25T20:06:25.387258+00:00,,
42,cpu,end_to_end,1,792,1,0.0093419,9.3419,9341.9,107.04460548710648,10,2026-07-25T20:06:25.387258+00:00,,
42,cpu,end_to_end,1,793,1,0.0096873,9.687299999999999,9687.3,103.22793760903451,10,2026-07-25T20:06:25.387258+00:00,,
42,cpu,end_to_end,1,794,1,0.0108765,10.8765,10876.5,91.94134142417137,10,2026-07-25T20:06:25.387258+00:00,,
42,cpu,end_to_end,1,795,1,0.0087398,8.7398,8739.800000000001,114.41909425844985,10,2026-07-25T20:06:25.387258+00:00,,
42,cpu,end_to_end,1,796,1,0.0081582,8.158199999999999,8158.199999999999,122.57605844426467,10,2026-07-25T20:06:25.387258+00:00,,
42,cpu,end_to_end,1,797,1,0.0093862,9.3862,9386.2,106.5393876116,10,2026-07-25T20:06:25.387258+00:00,,
42,cpu,end_to_end,1,798,1,0.0084424,8.4424,8442.4,118.44972993461576,10,2026-07-25T20:06:25.387258+00:00,,
42,cpu,end_to_end,1,799,1,0.0095895,9.589500000000001,9589.5,104.28072370822252,10,2026-07-25T20:06:25.387258+00:00,,
42,cpu,end_to_end,1,800,1,0.0088202,8.8202,8820.2,113.37611392031927,10,2026-07-25T20:06:25.387258+00:00,,
42,cpu,end_to_end,1,801,1,0.0124427,12.442699999999999,12442.699999999999,80.36840878587445,10,2026-07-25T20:06:25.387258+00:00,,
42,cpu,end_to_end,1,802,1,0.012115,12.115,12115.0,82.54230293025175,10,2026-07-25T20:06:25.387258+00:00,,
42,cpu,end_to_end,1,803,1,0.0092717,9.271700000000001,9271.7,107.85508590657592,10,2026-07-25T20:06:25.387258+00:00,,
42,cpu,end_to_end,1,804,1,0.0079743,7.9743,7974.3,125.4028566770751,10,2026-07-25T20:06:25.387258+00:00,,
42,cpu,end_to_end,1,805,1,0.0103161,10.3161,10316.1,96.93585754306376,10,2026-07-25T20:06:25.387258+00:00,,
42,cpu,end_to_end,1,806,1,0.0234619,23.4619,23461.9,42.62229401710859,10,2026-07-25T20:06:25.387258+00:00,,
42,cpu,end_to_end,1,807,1,0.0152629,15.2629,15262.9,65.51834841347319,10,2026-07-25T20:06:25.387258+00:00,,
42,cpu,end_to_end,1,808,1,0.0123991,12.399099999999999,12399.1,80.6510149930237,10,2026-07-25T20:06:25.387258+00:00,,
42,cpu,end_to_end,1,809,1,0.0108026,10.8026,10802.6,92.57030714827911,10,2026-07-25T20:06:25.387258+00:00,,
42,cpu,end_to_end,1,810,1,0.0145432,14.543199999999999,14543.199999999999,68.76065790197481,10,2026-07-25T20:06:25.387258+00:00,,
42,cpu,end_to_end,1,811,1,0.013359,13.359,13359.0,74.85590238790328,10,2026-07-25T20:06:25.387258+00:00,,
42,cpu,end_to_end,1,812,1,0.0150447,15.044699999999999,15044.699999999999,66.46859026766901,10,2026-07-25T20:06:25.387258+00:00,,
42,cpu,end_to_end,1,813,1,0.0140072,14.0072,14007.199999999999,71.3918556171112,10,2026-07-25T20:06:25.387258+00:00,,
42,cpu,end_to_end,1,814,1,0.0091743,9.1743,9174.3,109.00014170018422,10,2026-07-25T20:06:25.387258+00:00,,
42,cpu,end_to_end,1,815,1,0.0096315,9.631499999999999,9631.5,103.82598764470748,10,2026-07-25T20:06:25.387258+00:00,,
42,cpu,end_to_end,1,816,1,0.0088357,8.835700000000001,8835.7,113.1772242153989,10,2026-07-25T20:06:25.387258+00:00,,
42,cpu,end_to_end,1,817,1,0.008446,8.446,8446.0,118.39924224484963,10,2026-07-25T20:06:25.387258+00:00,,
42,cpu,end_to_end,1,818,1,0.0079832,7.983199999999999,7983.199999999999,125.26305241006114,10,2026-07-25T20:06:25.387258+00:00,,
42,cpu,end_to_end,1,819,1,0.008674,8.674,8674.0,115.28706479133042,10,2026-07-25T20:06:25.387258+00:00,,
42,cpu,end_to_end,1,820,1,0.01203,12.030000000000001,12030.0,83.12551953449709,10,2026-07-25T20:06:25.387258+00:00,,
42,cpu,end_to_end,1,821,1,0.0089097,8.909699999999999,8909.699999999999,112.23722459791014,10,2026-07-25T20:06:25.387258+00:00,,
42,cpu,end_to_end,1,822,1,0.0082334,8.2334,8233.4,121.45650642504918,10,2026-07-25T20:06:25.387258+00:00,,
42,cpu,end_to_end,1,823,1,0.0092853,9.2853,9285.3,107.69711264041011,10,2026-07-25T20:06:25.387258+00:00,,
42,cpu,end_to_end,1,824,1,0.009374,9.374,9374.0,106.67804565820354,10,2026-07-25T20:06:25.387258+00:00,,
42,cpu,end_to_end,1,825,1,0.0091479,9.1479,9147.9,109.31470610741262,10,2026-07-25T20:06:25.387258+00:00,,
42,cpu,end_to_end,1,826,1,0.0085525,8.5525,8552.5,116.9248757673195,10,2026-07-25T20:06:25.387258+00:00,,
42,cpu,end_to_end,1,827,1,0.01204,12.040000000000001,12040.0,83.05647840531562,10,2026-07-25T20:06:25.387258+00:00,,
42,cpu,end_to_end,1,828,1,0.0124897,12.4897,12489.699999999999,80.06597436287501,10,2026-07-25T20:06:25.387258+00:00,,
42,cpu,end_to_end,1,829,1,0.0110715,11.0715,11071.5,90.32199792259405,10,2026-07-25T20:06:25.387258+00:00,,
42,cpu,end_to_end,1,830,1,0.0095587,9.5587,9558.7,104.61673658551895,10,2026-07-25T20:06:25.387258+00:00,,
42,cpu,end_to_end,1,831,1,0.0089762,8.9762,8976.2,111.40571734141396,10,2026-07-25T20:06:25.387258+00:00,,
42,cpu,end_to_end,1,832,1,0.0103656,10.3656,10365.6,96.47294898510457,10,2026-07-25T20:06:25.387258+00:00,,
42,cpu,end_to_end,1,833,1,0.0097651,9.7651,9765.1,102.405505319966,10,2026-07-25T20:06:25.387258+00:00,,
42,cpu,end_to_end,1,834,1,0.0116041,11.604099999999999,11604.099999999999,86.17643763842091,10,2026-07-25T20:06:25.387258+00:00,,
42,cpu,end_to_end,1,835,1,0.0088454,8.8454,8845.4,113.05311235218306,10,2026-07-25T20:06:25.387258+00:00,,
42,cpu,end_to_end,1,836,1,0.0094755,9.4755,9475.5,105.53532795103162,10,2026-07-25T20:06:25.387258+00:00,,
42,cpu,end_to_end,1,837,1,0.0092635,9.263499999999999,9263.5,107.950558644141,10,2026-07-25T20:06:25.387258+00:00,,
42,cpu,end_to_end,1,838,1,0.0083526,8.3526,8352.6,119.72319996168858,10,2026-07-25T20:06:25.387258+00:00,,
42,cpu,end_to_end,1,839,1,0.0087561,8.7561,8756.099999999999,114.20609632142164,10,2026-07-25T20:06:25.387258+00:00,,
42,cpu,end_to_end,1,840,1,0.0097681,9.7681,9768.1,102.37405431967322,10,2026-07-25T20:06:25.387258+00:00,,
42,cpu,end_to_end,1,841,1,0.0093061,9.306099999999999,9306.099999999999,107.45639956587615,10,2026-07-25T20:06:25.387258+00:00,,
42,cpu,end_to_end,1,842,1,0.0089072,8.907200000000001,8907.2,112.26872642356744,10,2026-07-25T20:06:25.387258+00:00,,
42,cpu,end_to_end,1,843,1,0.0107073,10.7073,10707.3,93.39422636892587,10,2026-07-25T20:06:25.387258+00:00,,
42,cpu,end_to_end,1,844,1,0.0099671,9.9671,9967.1,100.33008598288369,10,2026-07-25T20:06:25.387258+00:00,,
42,cpu,end_to_end,1,845,1,0.0077904,7.7904,7790.400000000001,128.3631135756829,10,2026-07-25T20:06:25.387258+00:00,,
42,cpu,end_to_end,1,846,1,0.0110786,11.0786,11078.599999999999,90.26411279403536,10,2026-07-25T20:06:25.387258+00:00,,
42,cpu,end_to_end,1,847,1,0.0089623,8.962299999999999,8962.3,111.57850105441685,10,2026-07-25T20:06:25.387258+00:00,,
42,cpu,end_to_end,1,848,1,0.0116067,11.6067,11606.699999999999,86.1571333798582,10,2026-07-25T20:06:25.387258+00:00,,
42,cpu,end_to_end,1,849,1,0.0095781,9.578100000000001,9578.1,104.40484020839205,10,2026-07-25T20:06:25.387258+00:00,,
42,cpu,end_to_end,1,850,1,0.0077286,7.7286,7728.6,129.38954014957432,10,2026-07-25T20:06:25.387258+00:00,,
42,cpu,end_to_end,1,851,1,0.0078497,7.8496999999999995,7849.7,127.39340356956318,10,2026-07-25T20:06:25.387258+00:00,,
42,cpu,end_to_end,1,852,1,0.0075233,7.5233,7523.3,132.92039397604773,10,2026-07-25T20:06:25.387258+00:00,,
42,cpu,end_to_end,1,853,1,0.0078145,7.814500000000001,7814.5,127.96724038646106,10,2026-07-25T20:06:25.387258+00:00,,
42,cpu,end_to_end,1,854,1,0.0077768,7.776800000000001,7776.8,128.58759386894351,10,2026-07-25T20:06:25.387258+00:00,,
42,cpu,end_to_end,1,855,1,0.0077098,7.7098,7709.8,129.70505071467483,10,2026-07-25T20:06:25.387258+00:00,,
42,cpu,end_to_end,1,856,1,0.0085799,8.5799,8579.9,116.5514749589156,10,2026-07-25T20:06:25.387258+00:00,,
42,cpu,end_to_end,1,857,1,0.0085261,8.5261,8526.1,117.28691898992506,10,2026-07-25T20:06:25.387258+00:00,,
42,cpu,end_to_end,1,858,1,0.0087903,8.790299999999998,8790.3,113.76176012195262,10,2026-07-25T20:06:25.387258+00:00,,
42,cpu,end_to_end,1,859,1,0.0082005,8.2005,8200.5,121.94378391561492,10,2026-07-25T20:06:25.387258+00:00,,
42,cpu,end_to_end,1,860,1,0.0072458,7.2458,7245.8,138.01098567445968,10,2026-07-25T20:06:25.387258+00:00,,
42,cpu,end_to_end,1,861,1,0.0085799,8.5799,8579.9,116.5514749589156,10,2026-07-25T20:06:25.387258+00:00,,
42,cpu,end_to_end,1,862,1,0.0097065,9.7065,9706.5,103.02374697367743,10,2026-07-25T20:06:25.387258+00:00,,
42,cpu,end_to_end,1,863,1,0.0077237,7.7237,7723.7,129.47162629309787,10,2026-07-25T20:06:25.387258+00:00,,
42,cpu,end_to_end,1,864,1,0.0072524,7.2524,7252.4,137.8853896641112,10,2026-07-25T20:06:25.387258+00:00,,
42,cpu,end_to_end,1,865,1,0.0085132,8.5132,8513.2,117.46464314241413,10,2026-07-25T20:06:25.387258+00:00,,
42,cpu,end_to_end,1,866,1,0.0077308,7.7308,7730.8,129.35271899415326,10,2026-07-25T20:06:25.387258+00:00,,
42,cpu,end_to_end,1,867,1,0.0071407,7.1407,7140.7,140.04229277241728,10,2026-07-25T20:06:25.387258+00:00,,
42,cpu,end_to_end,1,868,1,0.0075872,7.587199999999999,7587.2,131.80092787853226,10,2026-07-25T20:06:25.387258+00:00,,
42,cpu,end_to_end,1,869,1,0.0078483,7.848300000000001,7848.300000000001,127.41612833352444,10,2026-07-25T20:06:25.387258+00:00,,
42,cpu,end_to_end,1,870,1,0.0074286,7.428599999999999,7428.599999999999,134.6148668658967,10,2026-07-25T20:06:25.387258+00:00,,
42,cpu,end_to_end,1,871,1,0.0074035,7.4035,7403.5,135.07125008441952,10,2026-07-25T20:06:25.387258+00:00,,
42,cpu,end_to_end,1,872,1,0.0074386,7.4386,7438.6,134.43389885193452,10,2026-07-25T20:06:25.387258+00:00,,
42,cpu,end_to_end,1,873,1,0.0071656,7.1656,7165.6,139.55565479513228,10,2026-07-25T20:06:25.387258+00:00,,
42,cpu,end_to_end,1,874,1,0.007126,7.126,7126.0,140.33118158854896,10,2026-07-25T20:06:25.387258+00:00,,
42,cpu,end_to_end,1,875,1,0.0065035,6.5035,6503.5,153.76335819174292,10,2026-07-25T20:06:25.387258+00:00,,
42,cpu,end_to_end,1,876,1,0.0076643,7.6643,7664.3,130.4750596923398,10,2026-07-25T20:06:25.387258+00:00,,
42,cpu,end_to_end,1,877,1,0.010361,10.361,10361.0,96.51578033008397,10,2026-07-25T20:06:25.387258+00:00,,
42,cpu,end_to_end,1,878,1,0.008008,8.008,8007.999999999999,124.87512487512488,10,2026-07-25T20:06:25.387258+00:00,,
42,cpu,end_to_end,1,879,1,0.0072184,7.2184,7218.4,138.534855369611,10,2026-07-25T20:06:25.387258+00:00,,
42,cpu,end_to_end,1,880,1,0.0082497,8.2497,8249.7,121.21652908590615,10,2026-07-25T20:06:25.387258+00:00,,
42,cpu,end_to_end,1,881,1,0.015564,15.564,15564.0,64.2508352608584,10,2026-07-25T20:06:25.387258+00:00,,
42,cpu,end_to_end,1,882,1,0.0225002,22.500200000000003,22500.2,44.444049386227675,10,2026-07-25T20:06:25.387258+00:00,,
42,cpu,end_to_end,1,883,1,0.019611,19.611,19611.0,50.991790321758195,10,2026-07-25T20:06:25.387258+00:00,,
42,cpu,end_to_end,1,884,1,0.0165002,16.5002,16500.2,60.605325996048535,10,2026-07-25T20:06:25.387258+00:00,,
42,cpu,end_to_end,1,885,1,0.0119474,11.9474,11947.4,83.70021929457455,10,2026-07-25T20:06:25.387258+00:00,,
42,cpu,end_to_end,1,886,1,0.0110678,11.067799999999998,11067.8,90.35219284772042,10,2026-07-25T20:06:25.387258+00:00,,
42,cpu,end_to_end,1,887,1,0.0075539,7.5539,7553.9,132.3819483975165,10,2026-07-25T20:06:25.387258+00:00,,
42,cpu,end_to_end,1,888,1,0.0081605,8.160499999999999,8160.499999999999,122.54151093682987,10,2026-07-25T20:06:25.387258+00:00,,
42,cpu,end_to_end,1,889,1,0.0077014,7.7014,7701.4,129.84652141169138,10,2026-07-25T20:06:25.387258+00:00,,
42,cpu,end_to_end,1,890,1,0.0112712,11.2712,11271.2,88.72169777840868,10,2026-07-25T20:06:25.387258+00:00,,
42,cpu,end_to_end,1,891,1,0.0131713,13.1713,13171.300000000001,75.92265000417575,10,2026-07-25T20:06:25.387258+00:00,,
42,cpu,end_to_end,1,892,1,0.0090287,9.0287,9028.7,110.75791642207626,10,2026-07-25T20:06:25.387258+00:00,,
42,cpu,end_to_end,1,893,1,0.0078478,7.8478,7847.8,127.42424628558322,10,2026-07-25T20:06:25.387258+00:00,,
42,cpu,end_to_end,1,894,1,0.0068022,6.8022,6802.200000000001,147.01126106259738,10,2026-07-25T20:06:25.387258+00:00,,
42,cpu,end_to_end,1,895,1,0.0081486,8.1486,8148.6,122.72046731953954,10,2026-07-25T20:06:25.387258+00:00,,
42,cpu,end_to_end,1,896,1,0.007694,7.694,7694.0,129.97140629061604,10,2026-07-25T20:06:25.387258+00:00,,
42,cpu,end_to_end,1,897,1,0.0085822,8.5822,8582.2,116.52023956561254,10,2026-07-25T20:06:25.387258+00:00,,
42,cpu,end_to_end,1,898,1,0.0094946,9.4946,9494.6,105.32302571988288,10,2026-07-25T20:06:25.387258+00:00,,
42,cpu,end_to_end,1,899,1,0.0079878,7.9878,7987.8,125.19091614712437,10,2026-07-25T20:06:25.387258+00:00,,
42,cpu,end_to_end,1,900,1,0.0094847,9.4847,9484.7,105.43296045209652,10,2026-07-25T20:06:25.387258+00:00,,
42,cpu,end_to_end,1,901,1,0.0096605,9.6605,9660.5,103.51431085347548,10,2026-07-25T20:06:25.387258+00:00,,
42,cpu,end_to_end,1,902,1,0.0084734,8.473400000000002,8473.400000000001,118.01638067363749,10,2026-07-25T20:06:25.387258+00:00,,
42,cpu,end_to_end,1,903,1,0.007412,7.412,7412.0,134.91635186184564,10,2026-07-25T20:06:25.387258+00:00,,
42,cpu,end_to_end,1,904,1,0.0080707,8.0707,8070.7,123.90498965393336,10,2026-07-25T20:06:25.387258+00:00,,
42,cpu,end_to_end,1,905,1,0.0124456,12.445599999999999,12445.599999999999,80.34968181526001,10,2026-07-25T20:06:25.387258+00:00,,
42,cpu,end_to_end,1,906,1,0.0085393,8.539299999999999,8539.3,117.10561755647419,10,2026-07-25T20:06:25.387258+00:00,,
42,cpu,end_to_end,1,907,1,0.0085371,8.5371,8537.1,117.13579552775532,10,2026-07-25T20:06:25.387258+00:00,,
42,cpu,end_to_end,1,908,1,0.0102996,10.299600000000002,10299.6,97.09114917084158,10,2026-07-25T20:06:25.387258+00:00,,
42,cpu,end_to_end,1,909,1,0.0089436,8.9436,8943.6,111.81179838096517,10,2026-07-25T20:06:25.387258+00:00,,
42,cpu,end_to_end,1,910,1,0.0084842,8.484200000000001,8484.2,117.86615119869874,10,2026-07-25T20:06:25.387258+00:00,,
42,cpu,end_to_end,1,911,1,0.0092914,9.2914,9291.4,107.62640721527434,10,2026-07-25T20:06:25.387258+00:00,,
42,cpu,end_to_end,1,912,1,0.0090024,9.002400000000002,9002.400000000001,111.08148938060961,10,2026-07-25T20:06:25.387258+00:00,,
42,cpu,end_to_end,1,913,1,0.0091684,9.1684,9168.4,109.07028489158414,10,2026-07-25T20:06:25.387258+00:00,,
42,cpu,end_to_end,1,914,1,0.0081232,8.1232,8123.200000000001,123.10419539097892,10,2026-07-25T20:06:25.387258+00:00,,
42,cpu,end_to_end,1,915,1,0.008995,8.995,8995.0,111.17287381878822,10,2026-07-25T20:06:25.387258+00:00,,
42,cpu,end_to_end,1,916,1,0.0106709,10.670900000000001,10670.9,93.71280772943237,10,2026-07-25T20:06:25.387258+00:00,,
42,cpu,end_to_end,1,917,1,0.0108695,10.8695,10869.5,92.00055200331201,10,2026-07-25T20:06:25.387258+00:00,,
42,cpu,end_to_end,1,918,1,0.0086079,8.6079,8607.9,116.17235330336086,10,2026-07-25T20:06:25.387258+00:00,,
42,cpu,end_to_end,1,919,1,0.0090086,9.0086,9008.6,111.00503962879914,10,2026-07-25T20:06:25.387258+00:00,,
42,cpu,end_to_end,1,920,1,0.008787,8.786999999999999,8787.0,113.80448389666553,10,2026-07-25T20:06:25.387258+00:00,,
42,cpu,end_to_end,1,921,1,0.0117715,11.771500000000001,11771.5,84.95094083166971,10,2026-07-25T20:06:25.387258+00:00,,
42,cpu,end_to_end,1,922,1,0.0081604,8.1604,8160.4,122.5430125974217,10,2026-07-25T20:06:25.387258+00:00,,
42,cpu,end_to_end,1,923,1,0.0086151,8.6151,8615.1,116.0752632006593,10,2026-07-25T20:06:25.387258+00:00,,
42,cpu,end_to_end,1,924,1,0.0091608,9.1608,9160.800000000001,109.16077198497948,10,2026-07-25T20:06:25.387258+00:00,,
42,cpu,end_to_end,1,925,1,0.0097489,9.748899999999999,9748.9,102.57567520438204,10,2026-07-25T20:06:25.387258+00:00,,
42,cpu,end_to_end,1,926,1,0.0099148,9.9148,9914.8,100.8593214184855,10,2026-07-25T20:06:25.387258+00:00,,
42,cpu,end_to_end,1,927,1,0.0100935,10.0935,10093.5,99.07366126715213,10,2026-07-25T20:06:25.387258+00:00,,
42,cpu,end_to_end,1,928,1,0.010198,10.198,10198.0,98.05844283192782,10,2026-07-25T20:06:25.387258+00:00,,
42,cpu,end_to_end,1,929,1,0.010139,10.139000000000001,10139.0,98.62905611993293,10,2026-07-25T20:06:25.387258+00:00,,
42,cpu,end_to_end,1,930,1,0.0122578,12.2578,12257.8,81.58070779422083,10,2026-07-25T20:06:25.387258+00:00,,
42,cpu,end_to_end,1,931,1,0.0098456,9.8456,9845.6,101.56821321199318,10,2026-07-25T20:06:25.387258+00:00,,
42,cpu,end_to_end,1,932,1,0.0097777,9.7777,9777.7,102.27354081225646,10,2026-07-25T20:06:25.387258+00:00,,
42,cpu,end_to_end,1,933,1,0.0103434,10.3434,10343.400000000001,96.68000850784074,10,2026-07-25T20:06:25.387258+00:00,,
42,cpu,end_to_end,1,934,1,0.0118462,11.8462,11846.199999999999,84.41525552497848,10,2026-07-25T20:06:25.387258+00:00,,
42,cpu,end_to_end,1,935,1,0.0095102,9.5102,9510.2,105.15025972114151,10,2026-07-25T20:06:25.387258+00:00,,
42,cpu,end_to_end,1,936,1,0.0104264,10.426400000000001,10426.400000000001,95.9103813396762,10,2026-07-25T20:06:25.387258+00:00,,
42,cpu,end_to_end,1,937,1,0.0110897,11.089699999999999,11089.699999999999,90.17376484485604,10,2026-07-25T20:06:25.387258+00:00,,
42,cpu,end_to_end,1,938,1,0.0131149,13.1149,13114.9,76.24915172818702,10,2026-07-25T20:06:25.387258+00:00,,
42,cpu,end_to_end,1,939,1,0.0127705,12.7705,12770.5,78.30546963705414,10,2026-07-25T20:06:25.387258+00:00,,
42,cpu,end_to_end,1,940,1,0.0117949,11.7949,11794.9,84.78240595511619,10,2026-07-25T20:06:25.387258+00:00,,
42,cpu,end_to_end,1,941,1,0.010621,10.621,10621.0,94.15309292910271,10,2026-07-25T20:06:25.387258+00:00,,
42,cpu,end_to_end,1,942,1,0.009261,9.261000000000001,9261.0,107.9796998164345,10,2026-07-25T20:06:25.387258+00:00,,
42,cpu,end_to_end,1,943,1,0.009705,9.705,9705.0,103.03967027305512,10,2026-07-25T20:06:25.387258+00:00,,
42,cpu,end_to_end,1,944,1,0.0090414,9.0414,9041.4,110.60234034552171,10,2026-07-25T20:06:25.387258+00:00,,
42,cpu,end_to_end,1,945,1,0.0090729,9.0729,9072.9,110.21834253656493,10,2026-07-25T20:06:25.387258+00:00,,
42,cpu,end_to_end,1,946,1,0.0083455,8.345500000000001,8345.5,119.82505541908813,10,2026-07-25T20:06:25.387258+00:00,,
42,cpu,end_to_end,1,947,1,0.0089003,8.9003,8900.3,112.35576328887791,10,2026-07-25T20:06:25.387258+00:00,,
42,cpu,end_to_end,1,948,1,0.0082556,8.2556,8255.6,121.12989970444305,10,2026-07-25T20:06:25.387258+00:00,,
42,cpu,end_to_end,1,949,1,0.0092456,9.2456,9245.6,108.15955697845462,10,2026-07-25T20:06:25.387258+00:00,,
42,cpu,end_to_end,1,950,1,0.0082658,8.2658,8265.800000000001,120.98042536717558,10,2026-07-25T20:06:25.387258+00:00,,
42,cpu,end_to_end,1,951,1,0.0079105,7.910500000000001,7910.500000000001,126.4142595284748,10,2026-07-25T20:06:25.387258+00:00,,
42,cpu,end_to_end,1,952,1,0.0094703,9.4703,9470.3,105.59327582019579,10,2026-07-25T20:06:25.387258+00:00,,
42,cpu,end_to_end,1,953,1,0.0075425,7.5424999999999995,7542.5,132.5820351342393,10,2026-07-25T20:06:25.387258+00:00,,
42,cpu,end_to_end,1,954,1,0.008187,8.187,8187.0,122.14486380847686,10,2026-07-25T20:06:25.387258+00:00,,
42,cpu,end_to_end,1,955,1,0.0121791,12.1791,12179.1,82.10787332397304,10,2026-07-25T20:06:25.387258+00:00,,
42,cpu,end_to_end,1,956,1,0.0107536,10.7536,10753.6,92.99211426871001,10,2026-07-25T20:06:25.387258+00:00,,
42,cpu,end_to_end,1,957,1,0.0120368,12.0368,12036.800000000001,83.07855908547121,10,2026-07-25T20:06:25.387258+00:00,,
42,cpu,end_to_end,1,958,1,0.0106804,10.680399999999999,10680.4,93.62945208044643,10,2026-07-25T20:06:25.387258+00:00,,
42,cpu,end_to_end,1,959,1,0.0126868,12.6868,12686.8,78.82208279471577,10,2026-07-25T20:06:25.387258+00:00,,
42,cpu,end_to_end,1,960,1,0.0133368,13.3368,13336.8,74.98050506868215,10,2026-07-25T20:06:25.387258+00:00,,
42,cpu,end_to_end,1,961,1,0.0248742,24.8742,24874.2,40.20229796335158,10,2026-07-25T20:06:25.387258+00:00,,
42,cpu,end_to_end,1,962,1,0.0139082,13.9082,13908.2,71.90003019801267,10,2026-07-25T20:06:25.387258+00:00,,
42,cpu,end_to_end,1,963,1,0.0099402,9.940199999999999,9940.199999999999,100.60159755336915,10,2026-07-25T20:06:25.387258+00:00,,
42,cpu,end_to_end,1,964,1,0.008201,8.201,8201.0,121.93634922570418,10,2026-07-25T20:06:25.387258+00:00,,
42,cpu,end_to_end,1,965,1,0.0086048,8.6048,8604.8,116.21420602454445,10,2026-07-25T20:06:25.387258+00:00,,
42,cpu,end_to_end,1,966,1,0.0076877,7.6876999999999995,7687.7,130.0779166720866,10,2026-07-25T20:06:25.387258+00:00,,
42,cpu,end_to_end,1,967,1,0.0077563,7.7562999999999995,7756.3,128.92745252246561,10,2026-07-25T20:06:25.387258+00:00,,
42,cpu,end_to_end,1,968,1,0.0081073,8.1073,8107.299999999999,123.34562678080249,10,2026-07-25T20:06:25.387258+00:00,,
42,cpu,end_to_end,1,969,1,0.0075702,7.5702,7570.2,132.09690629045468,10,2026-07-25T20:06:25.387258+00:00,,
42,cpu,end_to_end,1,970,1,0.0079463,7.9463,7946.3,125.84473276870997,10,2026-07-25T20:06:25.387258+00:00,,
42,cpu,end_to_end,1,971,1,0.00703,7.029999999999999,7030.0,142.2475106685633,10,2026-07-25T20:06:25.387258+00:00,,
42,cpu,end_to_end,1,972,1,0.0081591,8.1591,8159.1,122.5625375347771,10,2026-07-25T20:06:25.387258+00:00,,
42,cpu,end_to_end,1,973,1,0.0088496,8.849599999999999,8849.599999999999,112.99945760260351,10,2026-07-25T20:06:25.387258+00:00,,
42,cpu,end_to_end,1,974,1,0.0078505,7.8505,7850.5,127.3804216291956,10,2026-07-25T20:06:25.387258+00:00,,
42,cpu,end_to_end,1,975,1,0.0081493,8.1493,8149.3,122.70992600591462,10,2026-07-25T20:06:25.387258+00:00,,
42,cpu,end_to_end,1,976,1,0.0080081,8.0081,8008.1,124.87356551491614,10,2026-07-25T20:06:25.387258+00:00,,
42,cpu,end_to_end,1,977,1,0.0088156,8.8156,8815.6,113.43527383275104,10,2026-07-25T20:06:25.387258+00:00,,
42,cpu,end_to_end,1,978,1,0.009624,9.624,9624.0,103.90689941812136,10,2026-07-25T20:06:25.387258+00:00,,
42,cpu,end_to_end,1,979,1,0.0080189,8.0189,8018.900000000001,124.70538353140704,10,2026-07-25T20:06:25.387258+00:00,,
42,cpu,end_to_end,1,980,1,0.0075158,7.5158000000000005,7515.8,133.05303493972696,10,2026-07-25T20:06:25.387258+00:00,,
42,cpu,end_to_end,1,981,1,0.0069174,6.9174,6917.4,144.56298609304073,10,2026-07-25T20:06:25.387258+00:00,,
42,cpu,end_to_end,1,982,1,0.007798,7.798,7798.0,128.23800974608875,10,2026-07-25T20:06:25.387258+00:00,,
42,cpu,end_to_end,1,983,1,0.0067398,6.7398,6739.8,148.37235526276746,10,2026-07-25T20:06:25.387258+00:00,,
42,cpu,end_to_end,1,984,1,0.0067783,6.7783,6778.3,147.52961657052654,10,2026-07-25T20:06:25.387258+00:00,,
42,cpu,end_to_end,1,985,1,0.0063136,6.3136,6313.6,158.38824125696908,10,2026-07-25T20:06:25.387258+00:00,,
42,cpu,end_to_end,1,986,1,0.0074607,7.4607,7460.7,134.03568029809534,10,2026-07-25T20:06:25.387258+00:00,,
42,cpu,end_to_end,1,987,1,0.0067168,6.7168,6716.8,148.8804192472606,10,2026-07-25T20:06:25.387258+00:00,,
42,cpu,end_to_end,1,988,1,0.007842,7.842,7842.0,127.51849018107626,10,2026-07-25T20:06:25.387258+00:00,,
42,cpu,end_to_end,1,989,1,0.006927,6.927,6927.0,144.36263894904,10,2026-07-25T20:06:25.387258+00:00,,
42,cpu,end_to_end,1,990,1,0.0069107,6.910699999999999,6910.7,144.7031415052021,10,2026-07-25T20:06:25.387258+00:00,,
42,cpu,end_to_end,1,991,1,0.0073388,7.3388,7338.8,136.2620591922385,10,2026-07-25T20:06:25.387258+00:00,,
42,cpu,end_to_end,1,992,1,0.0066882,6.6882,6688.2,149.5170598965342,10,2026-07-25T20:06:25.387258+00:00,,
42,cpu,end_to_end,1,993,1,0.0069849,6.9849,6984.9,143.16597231170095,10,2026-07-25T20:06:25.387258+00:00,,
42,cpu,end_to_end,1,994,1,0.0083286,8.3286,8328.6,120.06819873688255,10,2026-07-25T20:06:25.387258+00:00,,
42,cpu,end_to_end,1,995,1,0.0068164,6.8164,6816.400000000001,146.70500557479022,10,2026-07-25T20:06:25.387258+00:00,,
42,cpu,end_to_end,1,996,1,0.0071594,7.1594,7159.4,139.67650920468196,10,2026-07-25T20:06:25.387258+00:00,,
42,cpu,end_to_end,1,997,1,0.0065742,6.574199999999999,6574.2,152.10976240455113,10,2026-07-25T20:06:25.387258+00:00,,
42,cpu,end_to_end,1,998,1,0.0067792,6.7792,6779.2,147.51003068208638,10,2026-07-25T20:06:25.387258+00:00,,
42,cpu,end_to_end,1,999,1,0.0068351,6.835100000000001,6835.1,146.30363857149126,10,2026-07-25T20:06:25.387258+00:00,,
42,cpu,model_only,32,0,32,0.0073131,7.3131,228.534375,4375.709343506857,10,2026-07-25T20:06:25.387258+00:00,,
42,cpu,model_only,32,1,32,0.0075542,7.5542,236.06875,4236.054115591327,10,2026-07-25T20:06:25.387258+00:00,,
42,cpu,model_only,32,2,32,0.0069156,6.9156,216.1125,4627.219619411187,10,2026-07-25T20:06:25.387258+00:00,,
42,cpu,model_only,32,3,32,0.0074938,7.4938,234.18125,4270.196695935307,10,2026-07-25T20:06:25.387258+00:00,,
42,cpu,model_only,32,4,32,0.0068092,6.8092,212.7875,4699.524173177466,10,2026-07-25T20:06:25.387258+00:00,,
42,cpu,model_only,32,5,32,0.0074387,7.438700000000001,232.45937500000002,4301.826932125236,10,2026-07-25T20:06:25.387258+00:00,,
42,cpu,model_only,32,6,32,0.0067401,6.7401,210.62812499999998,4747.704039999407,10,2026-07-25T20:06:25.387258+00:00,,
42,cpu,model_only,32,7,32,0.0062635,6.2635,195.734375,5108.964636385407,10,2026-07-25T20:06:25.387258+00:00,,
42,cpu,model_only,32,8,32,0.0072221,7.2221,225.690625,4430.844214286703,10,2026-07-25T20:06:25.387258+00:00,,
42,cpu,model_only,32,9,32,0.0068469,6.846900000000001,213.96562500000002,4673.647928259504,10,2026-07-25T20:06:25.387258+00:00,,
42,cpu,model_only,32,10,32,0.0069145,6.914499999999999,216.078125,4627.955745173187,10,2026-07-25T20:06:25.387258+00:00,,
42,cpu,model_only,32,11,32,0.0061772,6.1772,193.0375,5180.340607394936,10,2026-07-25T20:06:25.387258+00:00,,
42,cpu,model_only,32,12,32,0.0070653,7.0653,220.790625,4529.17781269019,10,2026-07-25T20:06:25.387258+00:00,,
42,cpu,model_only,32,13,32,0.0069705,6.9705,217.828125,4590.7754106592065,10,2026-07-25T20:06:25.387258+00:00,,
42,cpu,model_only,32,14,32,0.0068873,6.8873,215.228125,4646.232921464144,10,2026-07-25T20:06:25.387258+00:00,,
42,cpu,model_only,32,15,32,0.0071632,7.1632,223.85,4467.277194549922,10,2026-07-25T20:06:25.387258+00:00,,
42,cpu,model_only,32,16,32,0.0067216,6.7216000000000005,210.05,4760.77124494168,10,2026-07-25T20:06:25.387258+00:00,,
42,cpu,model_only,32,17,32,0.0071039,7.103899999999999,221.996875,4504.567913399682,10,2026-07-25T20:06:25.387258+00:00,,
42,cpu,model_only,32,18,32,0.0064389,6.4389,201.215625,4969.792977061299,10,2026-07-25T20:06:25.387258+00:00,,
42,cpu,model_only,32,19,32,0.0071347,7.1347,222.959375,4485.12200933466,10,2026-07-25T20:06:25.387258+00:00,,
42,cpu,model_only,32,20,32,0.0066182,6.6182,206.81875000000002,4835.1515517814505,10,2026-07-25T20:06:25.387258+00:00,,
42,cpu,model_only,32,21,32,0.0074054,7.4054,231.41875000000002,4321.171037351122,10,2026-07-25T20:06:25.387258+00:00,,
42,cpu,model_only,32,22,32,0.0078777,7.8777,246.178125,4062.099343717075,10,2026-07-25T20:06:25.387258+00:00,,
42,cpu,model_only,32,23,32,0.0070284,7.0283999999999995,219.6375,4552.956576176655,10,2026-07-25T20:06:25.387258+00:00,,
42,cpu,model_only,32,24,32,0.0065728,6.5728,205.4,4868.54917234664,10,2026-07-25T20:06:25.387258+00:00,,
42,cpu,model_only,32,25,32,0.0068988,6.8988000000000005,215.5875,4638.487852959935,10,2026-07-25T20:06:25.387258+00:00,,
42,cpu,model_only,32,26,32,0.0069202,6.9201999999999995,216.25625,4624.143810872519,10,2026-07-25T20:06:25.387258+00:00,,
42,cpu,model_only,32,27,32,0.0072453,7.245299999999999,226.41562499999998,4416.656315128428,10,2026-07-25T20:06:25.387258+00:00,,
42,cpu,model_only,32,28,32,0.0068697,6.8697,214.67812500000002,4658.136454284758,10,2026-07-25T20:06:25.387258+00:00,,
42,cpu,model_only,32,29,32,0.0070414,7.041399999999999,220.04375,4544.550799556907,10,2026-07-25T20:06:25.387258+00:00,,
42,cpu,model_only,32,30,32,0.0068143,6.814299999999999,212.94687499999998,4696.006926610217,10,2026-07-25T20:06:25.387258+00:00,,
42,cpu,model_only,32,31,32,0.0067191,6.7191,209.971875,4762.542602431873,10,2026-07-25T20:06:25.387258+00:00,,
42,cpu,model_only,32,32,32,0.0075818,7.581799999999999,236.93124999999998,4220.633622622597,10,2026-07-25T20:06:25.387258+00:00,,
42,cpu,model_only,32,33,32,0.0064643,6.4643,202.009375,4950.265303281098,10,2026-07-25T20:06:25.387258+00:00,,
42,cpu,model_only,32,34,32,0.0071652,7.1652000000000005,223.9125,4466.030257354993,10,2026-07-25T20:06:25.387258+00:00,,
42,cpu,model_only,32,35,32,0.0079964,7.9964,249.88750000000002,4001.800810364664,10,2026-07-25T20:06:25.387258+00:00,,
42,cpu,model_only,32,36,32,0.0073652,7.3652,230.1625,4344.756422093086,10,2026-07-25T20:06:25.387258+00:00,,
42,cpu,model_only,32,37,32,0.0066562,6.6562,208.00625,4807.547850124695,10,2026-07-25T20:06:25.387258+00:00,,
42,cpu,model_only,32,38,32,0.0070787,7.0787,221.209375,4520.604065718281,10,2026-07-25T20:06:25.387258+00:00,,
42,cpu,model_only,32,39,32,0.006724,6.724,210.125,4759.071980963712,10,2026-07-25T20:06:25.387258+00:00,,
42,cpu,model_only,32,40,32,0.0065063,6.5062999999999995,203.32187499999998,4918.309945744893,10,2026-07-25T20:06:25.387258+00:00,,
42,cpu,model_only,32,41,32,0.0068511,6.8511,214.09687499999998,4670.782794003882,10,2026-07-25T20:06:25.387258+00:00,,
42,cpu,model_only,32,42,32,0.0062019,6.2019,193.809375,5159.709121398281,10,2026-07-25T20:06:25.387258+00:00,,
42,cpu,model_only,32,43,32,0.0062791,6.279100000000001,196.221875,5096.271758691532,10,2026-07-25T20:06:25.387258+00:00,,
42,cpu,model_only,32,44,32,0.0069529,6.9529,217.278125,4602.396122481267,10,2026-07-25T20:06:25.387258+00:00,,
42,cpu,model_only,32,45,32,0.0078767,7.8767000000000005,246.14687500000002,4062.615054527911,10,2026-07-25T20:06:25.387258+00:00,,
42,cpu,model_only,32,46,32,0.0074205,7.4205,231.890625,4312.377872111044,10,2026-07-25T20:06:25.387258+00:00,,
42,cpu,model_only,32,47,32,0.0081845,8.184500000000002,255.76562500000003,3909.8295558677987,10,2026-07-25T20:06:25.387258+00:00,,
42,cpu,model_only,32,48,32,0.0092484,9.2484,289.0125,3460.0579559707626,10,2026-07-25T20:06:25.387258+00:00,,
42,cpu,model_only,32,49,32,0.0076486,7.6486,239.01875,4183.772193604058,10,2026-07-25T20:06:25.387258+00:00,,
42,cpu,model_only,32,50,32,0.0080426,8.0426,251.33125,3978.812821724318,10,2026-07-25T20:06:25.387258+00:00,,
42,cpu,model_only,32,51,32,0.0080997,8.0997,253.115625,3950.7636085287113,10,2026-07-25T20:06:25.387258+00:00,,
42,cpu,model_only,32,52,32,0.0066391,6.6391,207.471875,4819.930412254673,10,2026-07-25T20:06:25.387258+00:00,,
42,cpu,model_only,32,53,32,0.0074708,7.4708,233.46249999999998,4283.3431493280505,10,2026-07-25T20:06:25.387258+00:00,,
42,cpu,model_only,32,54,32,0.0083945,8.394499999999999,262.328125,3812.0197748525825,10,2026-07-25T20:06:25.387258+00:00,,
42,cpu,model_only,32,55,32,0.0076363,7.6363,238.634375,4190.511111402118,10,2026-07-25T20:06:25.387258+00:00,,
42,cpu,model_only,32,56,32,0.0070134,7.013400000000001,219.16875000000002,4562.694270967006,10,2026-07-25T20:06:25.387258+00:00,,
42,cpu,model_only,32,57,32,0.0071598,7.1598,223.74375,4469.3985865526965,10,2026-07-25T20:06:25.387258+00:00,,
42,cpu,model_only,32,58,32,0.007964,7.964,248.87500000000003,4018.081366147664,10,2026-07-25T20:06:25.387258+00:00,,
42,cpu,model_only,32,59,32,0.0075567,7.5567,236.14687500000002,4234.652692312782,10,2026-07-25T20:06:25.387258+00:00,,
42,cpu,model_only,32,60,32,0.0074177,7.4177,231.803125,4314.005689095003,10,2026-07-25T20:06:25.387258+00:00,,
42,cpu,model_only,32,61,32,0.0078562,7.8562,245.50625000000002,4073.216058654311,10,2026-07-25T20:06:25.387258+00:00,,
42,cpu,model_only,32,62,32,0.0074441,7.444100000000001,232.628125,4298.706358055372,10,2026-07-25T20:06:25.387258+00:00,,
42,cpu,model_only,32,63,32,0.0076494,7.6494,239.04375,4183.334640625409,10,2026-07-25T20:06:25.387258+00:00,,
42,cpu,model_only,32,64,32,0.0073064,7.3064,228.32500000000002,4379.721887660134,10,2026-07-25T20:06:25.387258+00:00,,
42,cpu,model_only,32,65,32,0.007398,7.398,231.1875,4325.493376588267,10,2026-07-25T20:06:25.387258+00:00,,
42,cpu,model_only,32,66,32,0.0073944,7.3944,231.075,4327.599264308125,10,2026-07-25T20:06:25.387258+00:00,,
42,cpu,model_only,32,67,32,0.0082636,8.2636,258.23749999999995,3872.4042790067288,10,2026-07-25T20:06:25.387258+00:00,,
42,cpu,model_only,32,68,32,0.0071773,7.1773,224.290625,4458.501107658869,10,2026-07-25T20:06:25.387258+00:00,,
42,cpu,model_only,32,69,32,0.0072792,7.2792,227.47500000000002,4396.087482140894,10,2026-07-25T20:06:25.387258+00:00,,
42,cpu,model_only,32,70,32,0.0072798,7.279800000000001,227.49375,4395.725157284541,10,2026-07-25T20:06:25.387258+00:00,,
42,cpu,model_only,32,71,32,0.0083398,8.3398,260.61875,3837.0224705628434,10,2026-07-25T20:06:25.387258+00:00,,
42,cpu,model_only,32,72,32,0.0076369,7.636900000000001,238.65312500000002,4190.181880082232,10,2026-07-25T20:06:25.387258+00:00,,
42,cpu,model_only,32,73,32,0.0074381,7.4380999999999995,232.44062499999998,4302.173942270204,10,2026-07-25T20:06:25.387258+00:00,,
42,cpu,model_only,32,74,32,0.0071588,7.1588,223.7125,4470.022908867408,10,2026-07-25T20:06:25.387258+00:00,,
42,cpu,model_only,32,75,32,0.007975,7.975,249.21874999999997,4012.5391849529783,10,2026-07-25T20:06:25.387258+00:00,,
42,cpu,model_only,32,76,32,0.0074587,7.4587,233.08437500000002,4290.291873919047,10,2026-07-25T20:06:25.387258+00:00,,
42,cpu,model_only,32,77,32,0.0067777,6.7777,211.803125,4721.365655015713,10,2026-07-25T20:06:25.387258+00:00,,
42,cpu,model_only,32,78,32,0.0066824,6.6823999999999995,208.825,4788.698671136119,10,2026-07-25T20:06:25.387258+00:00,,
42,cpu,model_only,32,79,32,0.007575,7.575,236.71875,4224.422442244224,10,2026-07-25T20:06:25.387258+00:00,,
42,cpu,model_only,32,80,32,0.0071923,7.1923,224.759375,4449.202619468042,10,2026-07-25T20:06:25.387258+00:00,,
42,cpu,model_only,32,81,32,0.0073172,7.317200000000001,228.6625,4373.25753020281,10,2026-07-25T20:06:25.387258+00:00,,
42,cpu,model_only,32,82,32,0.0074216,7.421600000000001,231.925,4311.738708634257,10,2026-07-25T20:06:25.387258+00:00,,
42,cpu,model_only,32,83,32,0.0071051,7.105099999999999,222.03437499999998,4503.807124459895,10,2026-07-25T20:06:25.387258+00:00,,
42,cpu,model_only,32,84,32,0.0072899,7.2899,227.80937500000002,4389.634974416658,10,2026-07-25T20:06:25.387258+00:00,,
42,cpu,model_only,32,85,32,0.007675,7.675000000000001,239.84375,4169.381107491857,10,2026-07-25T20:06:25.387258+00:00,,
42,cpu,model_only,32,86,32,0.0076261,7.6261,238.315625,4196.115970155125,10,2026-07-25T20:06:25.387258+00:00,,
42,cpu,model_only,32,87,32,0.0076562,7.6562,239.25625,4179.619132206578,10,2026-07-25T20:06:25.387258+00:00,,
42,cpu,model_only,32,88,32,0.0077763,7.7763,243.009375,4115.067577125368,10,2026-07-25T20:06:25.387258+00:00,,
42,cpu,model_only,32,89,32,0.0075983,7.5983,237.44687499999998,4211.468354763566,10,2026-07-25T20:06:25.387258+00:00,,
42,cpu,model_only,32,90,32,0.0074903,7.4903,234.071875,4272.192035031974,10,2026-07-25T20:06:25.387258+00:00,,
42,cpu,model_only,32,91,32,0.0086851,8.6851,271.40937499999995,3684.4711056867513,10,2026-07-25T20:06:25.387258+00:00,,
42,cpu,model_only,32,92,32,0.0064822,6.4822,202.56875,4936.595600259172,10,2026-07-25T20:06:25.387258+00:00,,
42,cpu,model_only,32,93,32,0.0077843,7.7843,243.259375,4110.838482586745,10,2026-07-25T20:06:25.387258+00:00,,
42,cpu,model_only,32,94,32,0.0076812,7.6812,240.0375,4166.015726709368,10,2026-07-25T20:06:25.387258+00:00,,
42,cpu,model_only,32,95,32,0.0069524,6.9524,217.2625,4602.727115816121,10,2026-07-25T20:06:25.387258+00:00,,
42,cpu,model_only,32,96,32,0.0065849,6.5849,205.77812500000002,4859.60303117739,10,2026-07-25T20:06:25.387258+00:00,,
42,cpu,model_only,32,97,32,0.0068135,6.8135,212.921875,4696.558303368312,10,2026-07-25T20:06:25.387258+00:00,,
42,cpu,model_only,32,98,32,0.0078398,7.839799999999999,244.99374999999998,4081.7367789994646,10,2026-07-25T20:06:25.387258+00:00,,
42,cpu,model_only,32,99,32,0.0067679,6.7679,211.49687500000002,4728.202248851195,10,2026-07-25T20:06:25.387258+00:00,,
42,cpu,end_to_end,32,0,32,0.0072475,7.2475,226.484375,4415.315626077958,10,2026-07-25T20:06:25.387258+00:00,,
42,cpu,end_to_end,32,1,32,0.0066179,6.617900000000001,206.80937500000002,4835.370736940721,10,2026-07-25T20:06:25.387258+00:00,,
42,cpu,end_to_end,32,2,32,0.0070329,7.0329,219.778125,4550.043367600848,10,2026-07-25T20:06:25.387258+00:00,,
42,cpu,end_to_end,32,3,32,0.0066845,6.684500000000001,208.890625,4787.194255366893,10,2026-07-25T20:06:25.387258+00:00,,
42,cpu,end_to_end,32,4,32,0.0077977,7.7977,243.67812500000002,4103.774189825204,10,2026-07-25T20:06:25.387258+00:00,,
42,cpu,end_to_end,32,5,32,0.0069122,6.9122,216.00625000000002,4629.495674314979,10,2026-07-25T20:06:25.387258+00:00,,
42,cpu,end_to_end,32,6,32,0.007944,7.944,248.25,4028.1973816717023,10,2026-07-25T20:06:25.387258+00:00,,
42,cpu,end_to_end,32,7,32,0.0068117,6.8117,212.86562500000002,4697.799374605458,10,2026-07-25T20:06:25.387258+00:00,,
42,cpu,end_to_end,32,8,32,0.0070795,7.0794999999999995,221.234375,4520.093226922805,10,2026-07-25T20:06:25.387258+00:00,,
42,cpu,end_to_end,32,9,32,0.0067191,6.7191,209.971875,4762.542602431873,10,2026-07-25T20:06:25.387258+00:00,,
42,cpu,end_to_end,32,10,32,0.0070231,7.0231,219.471875,4556.392476256923,10,2026-07-25T20:06:25.387258+00:00,,
42,cpu,end_to_end,32,11,32,0.0069635,6.9635,217.609375,4595.390249156315,10,2026-07-25T20:06:25.387258+00:00,,
42,cpu,end_to_end,32,12,32,0.0068174,6.8174,213.04375000000002,4693.871563939331,10,2026-07-25T20:06:25.387258+00:00,,
42,cpu,end_to_end,32,13,32,0.0070265,7.0264999999999995,219.578125,4554.187717924999,10,2026-07-25T20:06:25.387258+00:00,,
42,cpu,end_to_end,32,14,32,0.0067276,6.727600000000001,210.2375,4756.525358225816,10,2026-07-25T20:06:25.387258+00:00,,
42,cpu,end_to_end,32,15,32,0.0070069,7.0069,218.965625,4566.926886354879,10,2026-07-25T20:06:25.387258+00:00,,
42,cpu,end_to_end,32,16,32,0.0069315,6.9315,216.609375,4616.6053523768305,10,2026-07-25T20:06:25.387258+00:00,,
42,cpu,end_to_end,32,17,32,0.0072539,7.2539,226.684375,4411.420063689878,10,2026-07-25T20:06:25.387258+00:00,,
42,cpu,end_to_end,32,18,32,0.0068018,6.8018,212.55625,4704.637007850863,10,2026-07-25T20:06:25.387258+00:00,,
42,cpu,end_to_end,32,19,32,0.0071516,7.1516,223.4875,4474.523183623245,10,2026-07-25T20:06:25.387258+00:00,,
42,cpu,end_to_end,32,20,32,0.0078827,7.8827,246.334375,4059.5227523564263,10,2026-07-25T20:06:25.387258+00:00,,
42,cpu,end_to_end,32,21,32,0.0079643,7.964300000000001,248.884375,4017.9300126815915,10,2026-07-25T20:06:25.387258+00:00,,
42,cpu,end_to_end,32,22,32,0.0076909,7.6909,240.340625,4160.761419339739,10,2026-07-25T20:06:25.387258+00:00,,
42,cpu,end_to_end,32,23,32,0.0081068,8.106800000000002,253.33750000000003,3947.303498297725,10,2026-07-25T20:06:25.387258+00:00,,
42,cpu,end_to_end,32,24,32,0.0099287,9.928700000000001,310.271875,3222.9798463041484,10,2026-07-25T20:06:25.387258+00:00,,
42,cpu,end_to_end,32,25,32,0.0075496,7.5496,235.925,4238.635159478647,10,2026-07-25T20:06:25.387258+00:00,,
42,cpu,end_to_end,32,26,32,0.0069544,6.954400000000001,217.32500000000002,4601.4034280455535,10,2026-07-25T20:06:25.387258+00:00,,
42,cpu,end_to_end,32,27,32,0.0073501,7.3501,229.690625,4353.682262826356,10,2026-07-25T20:06:25.387258+00:00,,
42,cpu,end_to_end,32,28,32,0.0064306,6.4306,200.95624999999998,4976.207507853078,10,2026-07-25T20:06:25.387258+00:00,,
42,cpu,end_to_end,32,29,32,0.0071895,7.1895,224.671875,4450.935391890952,10,2026-07-25T20:06:25.387258+00:00,,
42,cpu,end_to_end,32,30,32,0.0068598,6.8598,214.36875,4664.859033791073,10,2026-07-25T20:06:25.387258+00:00,,
42,cpu,end_to_end,32,31,32,0.0078179,7.817899999999999,244.30937499999996,4093.1708003428034,10,2026-07-25T20:06:25.387258+00:00,,
42,cpu,end_to_end,32,32,32,0.0080494,8.0494,251.54375,3975.451586453649,10,2026-07-25T20:06:25.387258+00:00,,
42,cpu,end_to_end,32,33,32,0.0080561,8.0561,251.753125,3972.145330867293,10,2026-07-25T20:06:25.387258+00:00,,
42,cpu,end_to_end,32,34,32,0.0079013,7.9013,246.915625,4049.9664612152433,10,2026-07-25T20:06:25.387258+00:00,,
42,cpu,end_to_end,32,35,32,0.006941,6.941,216.90625,4610.286702204293,10,2026-07-25T20:06:25.387258+00:00,,
42,cpu,end_to_end,32,36,32,0.007187,7.186999999999999,224.59375,4452.483651036594,10,2026-07-25T20:06:25.387258+00:00,,
42,cpu,end_to_end,32,37,32,0.0068775,6.8774999999999995,214.921875,4652.85350781534,10,2026-07-25T20:06:25.387258+00:00,,
42,cpu,end_to_end,32,38,32,0.0067973,6.7973,212.415625,4707.751607255822,10,2026-07-25T20:06:25.387258+00:00,,
42,cpu,end_to_end,32,39,32,0.0085639,8.563899999999999,267.621875,3736.6153271289954,10,2026-07-25T20:06:25.387258+00:00,,
42,cpu,end_to_end,32,40,32,0.0072094,7.2094000000000005,225.29375000000002,4438.649540877188,10,2026-07-25T20:06:25.387258+00:00,,
42,cpu,end_to_end,32,41,32,0.0069239,6.923900000000001,216.37187500000002,4621.6727566833715,10,2026-07-25T20:06:25.387258+00:00,,
42,cpu,end_to_end,32,42,32,0.0068759,6.8759,214.871875,4653.936211986795,10,2026-07-25T20:06:25.387258+00:00,,
42,cpu,end_to_end,32,43,32,0.0075186,7.5186,234.95625,4256.111510121565,10,2026-07-25T20:06:25.387258+00:00,,
42,cpu,end_to_end,32,44,32,0.0076754,7.6754,239.85625,4169.163822080934,10,2026-07-25T20:06:25.387258+00:00,,
42,cpu,end_to_end,32,45,32,0.0069536,6.9536,217.29999999999998,4601.932811780948,10,2026-07-25T20:06:25.387258+00:00,,
42,cpu,end_to_end,32,46,32,0.0069022,6.9022,215.69375,4636.202949784127,10,2026-07-25T20:06:25.387258+00:00,,
42,cpu,end_to_end,32,47,32,0.0071595,7.1595,223.734375,4469.585864934702,10,2026-07-25T20:06:25.387258+00:00,,
42,cpu,end_to_end,32,48,32,0.0071264,7.126399999999999,222.7,4490.34575662326,10,2026-07-25T20:06:25.387258+00:00,,
42,cpu,end_to_end,32,49,32,0.0069379,6.9379,216.80937500000002,4612.346675506998,10,2026-07-25T20:06:25.387258+00:00,,
42,cpu,end_to_end,32,50,32,0.0076289,7.6289,238.403125,4194.575889053468,10,2026-07-25T20:06:25.387258+00:00,,
42,cpu,end_to_end,32,51,32,0.0065897,6.589700000000001,205.92812500000002,4856.063250223834,10,2026-07-25T20:06:25.387258+00:00,,
42,cpu,end_to_end,32,52,32,0.0077163,7.7162999999999995,241.13437499999998,4147.065303318948,10,2026-07-25T20:06:25.387258+00:00,,
42,cpu,end_to_end,32,53,32,0.0071674,7.1674,223.98125,4464.65943019784,10,2026-07-25T20:06:25.387258+00:00,,
42,cpu,end_to_end,32,54,32,0.0075515,7.5515,235.984375,4237.568694961266,10,2026-07-25T20:06:25.387258+00:00,,
42,cpu,end_to_end,32,55,32,0.0081248,8.1248,253.9,3938.558487593541,10,2026-07-25T20:06:25.387258+00:00,,
42,cpu,end_to_end,32,56,32,0.0069031,6.903099999999999,215.72187499999998,4635.598499224986,10,2026-07-25T20:06:25.387258+00:00,,
42,cpu,end_to_end,32,57,32,0.0068149,6.8149,212.965625,4695.593478994556,10,2026-07-25T20:06:25.387258+00:00,,
42,cpu,end_to_end,32,58,32,0.0073134,7.313400000000001,228.54375000000002,4375.529849317691,10,2026-07-25T20:06:25.387258+00:00,,
42,cpu,end_to_end,32,59,32,0.0077666,7.7666,242.70625,4120.20704040378,10,2026-07-25T20:06:25.387258+00:00,,
42,cpu,end_to_end,32,60,32,0.0067814,6.7814,211.91875,4718.789630459787,10,2026-07-25T20:06:25.387258+00:00,,
42,cpu,end_to_end,32,61,32,0.0078016,7.8016,243.79999999999998,4101.722723543889,10,2026-07-25T20:06:25.387258+00:00,,
42,cpu,end_to_end,32,62,32,0.0074906,7.4906,234.08125,4272.020932902571,10,2026-07-25T20:06:25.387258+00:00,,
42,cpu,end_to_end,32,63,32,0.0069263,6.9262999999999995,216.446875,4620.071322351039,10,2026-07-25T20:06:25.387258+00:00,,
42,cpu,end_to_end,32,64,32,0.0067315,6.7315,210.359375,4753.7695907301495,10,2026-07-25T20:06:25.387258+00:00,,
42,cpu,end_to_end,32,65,32,0.006884,6.884,215.125,4648.460197559558,10,2026-07-25T20:06:25.387258+00:00,,
42,cpu,end_to_end,32,66,32,0.0069598,6.9598,217.49375,4597.833271071007,10,2026-07-25T20:06:25.387258+00:00,,
42,cpu,end_to_end,32,67,32,0.0065406,6.5405999999999995,204.39374999999998,4892.517506039201,10,2026-07-25T20:06:25.387258+00:00,,
42,cpu,end_to_end,32,68,32,0.0069867,6.9867,218.334375,4580.130819986546,10,2026-07-25T20:06:25.387258+00:00,,
42,cpu,end_to_end,32,69,32,0.0078322,7.832199999999999,244.75624999999997,4085.6975051709614,10,2026-07-25T20:06:25.387258+00:00,,
42,cpu,end_to_end,32,70,32,0.0074691,7.4691,233.409375,4284.318057061761,10,2026-07-25T20:06:25.387258+00:00,,
42,cpu,end_to_end,32,71,32,0.0063933,6.3933,199.790625,5005.239860478939,10,2026-07-25T20:06:25.387258+00:00,,
42,cpu,end_to_end,32,72,32,0.0073571,7.3571,229.909375,4349.539900232428,10,2026-07-25T20:06:25.387258+00:00,,
42,cpu,end_to_end,32,73,32,0.0067548,6.7548,211.0875,4737.371942914668,10,2026-07-25T20:06:25.387258+00:00,,
42,cpu,end_to_end,32,74,32,0.0067719,6.7719,211.621875,4725.409412424873,10,2026-07-25T20:06:25.387258+00:00,,
42,cpu,end_to_end,32,75,32,0.0070861,7.0861,221.44062499999998,4515.883207970534,10,2026-07-25T20:06:25.387258+00:00,,
42,cpu,end_to_end,32,76,32,0.007135,7.135,222.96875,4484.933426769447,10,2026-07-25T20:06:25.387258+00:00,,
42,cpu,end_to_end,32,77,32,0.0069827,6.9826999999999995,218.209375,4582.754521889814,10,2026-07-25T20:06:25.387258+00:00,,
42,cpu,end_to_end,32,78,32,0.0073369,7.3369,229.27812500000002,4361.515081301367,10,2026-07-25T20:06:25.387258+00:00,,
42,cpu,end_to_end,32,79,32,0.0070207,7.020700000000001,219.39687500000002,4557.950061959634,10,2026-07-25T20:06:25.387258+00:00,,
42,cpu,end_to_end,32,80,32,0.0068593,6.859299999999999,214.35312499999998,4665.199072791685,10,2026-07-25T20:06:25.387258+00:00,,
42,cpu,end_to_end,32,81,32,0.0067065,6.7065,209.578125,4771.490345187505,10,2026-07-25T20:06:25.387258+00:00,,
42,cpu,end_to_end,32,82,32,0.0075236,7.5236,235.1125,4253.2830028178,10,2026-07-25T20:06:25.387258+00:00,,
42,cpu,end_to_end,32,83,32,0.0071554,7.1554,223.60625000000002,4472.146910025995,10,2026-07-25T20:06:25.387258+00:00,,
42,cpu,end_to_end,32,84,32,0.0071455,7.1455,223.296875,4478.343013085158,10,2026-07-25T20:06:25.387258+00:00,,
42,cpu,end_to_end,32,85,32,0.0075767,7.5767,236.771875,4223.47459975979,10,2026-07-25T20:06:25.387258+00:00,,
42,cpu,end_to_end,32,86,32,0.0069514,6.9514,217.23125,4603.389245331876,10,2026-07-25T20:06:25.387258+00:00,,
42,cpu,end_to_end,32,87,32,0.0078277,7.8277,244.615625,4088.046297124315,10,2026-07-25T20:06:25.387258+00:00,,
42,cpu,end_to_end,32,88,32,0.0065592,6.559200000000001,204.97500000000002,4878.643737041102,10,2026-07-25T20:06:25.387258+00:00,,
42,cpu,end_to_end,32,89,32,0.0070661,7.0661,220.81562499999998,4528.66503446031,10,2026-07-25T20:06:25.387258+00:00,,
42,cpu,end_to_end,32,90,32,0.0076427,7.6427,238.834375,4187.0019757415575,10,2026-07-25T20:06:25.387258+00:00,,
42,cpu,end_to_end,32,91,32,0.0074961,7.4961,234.253125,4268.8864876402395,10,2026-07-25T20:06:25.387258+00:00,,
42,cpu,end_to_end,32,92,32,0.0073015,7.3015,228.171875,4382.661097034856,10,2026-07-25T20:06:25.387258+00:00,,
42,cpu,end_to_end,32,93,32,0.0074883,7.4883,234.009375,4273.333066250017,10,2026-07-25T20:06:25.387258+00:00,,
42,cpu,end_to_end,32,94,32,0.0074782,7.4782,233.69375,4279.104597363002,10,2026-07-25T20:06:25.387258+00:00,,
42,cpu,end_to_end,32,95,32,0.0074247,7.4247000000000005,232.021875,4309.93844869153,10,2026-07-25T20:06:25.387258+00:00,,
42,cpu,end_to_end,32,96,32,0.0076155,7.6155,237.984375,4201.9565360120805,10,2026-07-25T20:06:25.387258+00:00,,
42,cpu,end_to_end,32,97,32,0.0081037,8.1037,253.240625,3948.8135049421867,10,2026-07-25T20:06:25.387258+00:00,,
42,cpu,end_to_end,32,98,32,0.0076501,7.6501,239.065625,4182.951856838473,10,2026-07-25T20:06:25.387258+00:00,,
42,cpu,end_to_end,32,99,32,0.0079466,7.9466,248.33124999999998,4026.8794201293636,10,2026-07-25T20:06:25.387258+00:00,,
42,cpu,model_only,256,0,256,0.0070781,7.0781,27.648828125,36167.898164761726,10,2026-07-25T20:06:25.387258+00:00,,
42,cpu,model_only,256,1,256,0.0067484,6.7484,26.3609375,37934.91790646672,10,2026-07-25T20:06:25.387258+00:00,,
42,cpu,model_only,256,2,256,0.0071996,7.199599999999999,28.123437499999998,35557.530973943,10,2026-07-25T20:06:25.387258+00:00,,
42,cpu,model_only,256,3,256,0.007469,7.469,29.17578125,34275.0033471683,10,2026-07-25T20:06:25.387258+00:00,,
42,cpu,model_only,256,4,256,0.0065452,6.5452,25.5671875,39112.63215791725,10,2026-07-25T20:06:25.387258+00:00,,
42,cpu,model_only,256,5,256,0.0075709,7.5709,29.573828125000002,33813.681332470376,10,2026-07-25T20:06:25.387258+00:00,,
42,cpu,model_only,256,6,256,0.0068011,6.8011,26.566796875,37640.96984311361,10,2026-07-25T20:06:25.387258+00:00,,
42,cpu,model_only,256,7,256,0.0070873,7.0873,27.684765625,36120.94873929423,10,2026-07-25T20:06:25.387258+00:00,,
42,cpu,model_only,256,8,256,0.0066031,6.6030999999999995,25.793359374999998,38769.668791931064,10,2026-07-25T20:06:25.387258+00:00,,
42,cpu,model_only,256,9,256,0.0072524,7.2524,28.3296875,35298.659754012464,10,2026-07-25T20:06:25.387258+00:00,,
42,cpu,model_only,256,10,256,0.0068538,6.853800000000001,26.77265625,37351.542210160784,10,2026-07-25T20:06:25.387258+00:00,,
42,cpu,model_only,256,11,256,0.0071629,7.1629,27.980078125,35739.714361501625,10,2026-07-25T20:06:25.387258+00:00,,
42,cpu,model_only,256,12,256,0.0071449,7.1449,27.909765625,35829.75269073045,10,2026-07-25T20:06:25.387258+00:00,,
42,cpu,model_only,256,13,256,0.0068471,6.8471,26.746484375,37388.09130872924,10,2026-07-25T20:06:25.387258+00:00,,
42,cpu,model_only,256,14,256,0.0076387,7.6387,29.838671875,33513.555971565846,10,2026-07-25T20:06:25.387258+00:00,,
42,cpu,model_only,256,15,256,0.0071355,7.1355,27.873046875,35876.953261859715,10,2026-07-25T20:06:25.387258+00:00,,
42,cpu,model_only,256,16,256,0.0071685,7.168500000000001,28.001953125,35711.79465718072,10,2026-07-25T20:06:25.387258+00:00,,
42,cpu,model_only,256,17,256,0.0068422,6.8422,26.72734375,37414.866563386044,10,2026-07-25T20:06:25.387258+00:00,,
42,cpu,model_only,256,18,256,0.007154,7.154,27.9453125,35784.17668437238,10,2026-07-25T20:06:25.387258+00:00,,
42,cpu,model_only,256,19,256,0.006826,6.826,26.6640625,37503.6624670378,10,2026-07-25T20:06:25.387258+00:00,,
42,cpu,model_only,256,20,256,0.0080239,8.023900000000001,31.343359375000002,31904.684754296537,10,2026-07-25T20:06:25.387258+00:00,,
42,cpu,model_only,256,21,256,0.0068827,6.882700000000001,26.885546875000003,37194.70556612957,10,2026-07-25T20:06:25.387258+00:00,,
42,cpu,model_only,256,22,256,0.0067178,6.7178,26.24140625,38107.71383488642,10,2026-07-25T20:06:25.387258+00:00,,
42,cpu,model_only,256,23,256,0.0072519,7.2519,28.327734375000002,35301.09350652932,10,2026-07-25T20:06:25.387258+00:00,,
42,cpu,model_only,256,24,256,0.0067568,6.7568,26.39375,37887.75751835188,10,2026-07-25T20:06:25.387258+00:00,,
42,cpu,model_only,256,25,256,0.0073898,7.3898,28.86640625,34642.34485371729,10,2026-07-25T20:06:25.387258+00:00,,
42,cpu,model_only,256,26,256,0.0067187,6.7187,26.244921875,38102.60913569589,10,2026-07-25T20:06:25.387258+00:00,,
42,cpu,model_only,256,27,256,0.0080019,8.0019,31.257421875,31992.40180457142,10,2026-07-25T20:06:25.387258+00:00,,
42,cpu,model_only,256,28,256,0.0087381,8.738100000000001,34.133203125,29296.98675913528,10,2026-07-25T20:06:25.387258+00:00,,
42,cpu,model_only,256,29,256,0.0083194,8.3194,32.49765625,30771.4498641729,10,2026-07-25T20:06:25.387258+00:00,,
42,cpu,model_only,256,30,256,0.0084553,8.455300000000001,33.028515625000004,30276.86776341466,10,2026-07-25T20:06:25.387258+00:00,,
42,cpu,model_only,256,31,256,0.0094219,9.4219,36.804296875,27170.740508814568,10,2026-07-25T20:06:25.387258+00:00,,
42,cpu,model_only,256,32,256,0.0086307,8.6307,33.713671875,29661.557000011588,10,2026-07-25T20:06:25.387258+00:00,,
42,cpu,model_only,256,33,256,0.0082351,8.235100000000001,32.168359375,31086.447037680173,10,2026-07-25T20:06:25.387258+00:00,,
42,cpu,model_only,256,34,256,0.0073413,7.3413,28.676953125,34871.20809665863,10,2026-07-25T20:06:25.387258+00:00,,
42,cpu,model_only,256,35,256,0.0082858,8.2858,32.36640625,30896.232107943713,10,2026-07-25T20:06:25.387258+00:00,,
42,cpu,model_only,256,36,256,0.007986,7.986,31.1953125,32056.09817180065,10,2026-07-25T20:06:25.387258+00:00,,
42,cpu,model_only,256,37,256,0.0075544,7.5544,29.509375000000002,33887.53574076035,10,2026-07-25T20:06:25.387258+00:00,,
42,cpu,model_only,256,38,256,0.0074802,7.4802,29.21953125,34223.68385872035,10,2026-07-25T20:06:25.387258+00:00,,
42,cpu,model_only,256,39,256,0.0072123,7.2123,28.173046874999997,35494.918403283285,10,2026-07-25T20:06:25.387258+00:00,,
42,cpu,model_only,256,40,256,0.0076997,7.6997,30.076953125000003,33248.04862527111,10,2026-07-25T20:06:25.387258+00:00,,
42,cpu,model_only,256,41,256,0.0078379,7.8379,30.616796875,32661.809923576468,10,2026-07-25T20:06:25.387258+00:00,,
42,cpu,model_only,256,42,256,0.0077207,7.7207,30.158984375,33157.615242141255,10,2026-07-25T20:06:25.387258+00:00,,
42,cpu,model_only,256,43,256,0.0075923,7.5923,29.657421875,33718.37256167433,10,2026-07-25T20:06:25.387258+00:00,,
42,cpu,model_only,256,44,256,0.0071666,7.166600000000001,27.99453125,35721.26252337231,10,2026-07-25T20:06:25.387258+00:00,,
42,cpu,model_only,256,45,256,0.0073812,7.3812,28.8328125,34682.70741884788,10,2026-07-25T20:06:25.387258+00:00,,
42,cpu,model_only,256,46,256,0.0081858,8.1858,31.97578125,31273.669036624397,10,2026-07-25T20:06:25.387258+00:00,,
42,cpu,model_only,256,47,256,0.0074787,7.4787,29.213671875,34230.548089908676,10,2026-07-25T20:06:25.387258+00:00,,
42,cpu,model_only,256,48,256,0.0079967,7.996700000000001,31.237109375000003,32013.205447246986,10,2026-07-25T20:06:25.387258+00:00,,
42,cpu,model_only,256,49,256,0.0083289,8.3289,32.534765625,30736.351739125213,10,2026-07-25T20:06:25.387258+00:00,,
42,cpu,model_only,256,50,256,0.007327,7.327,28.62109375,34939.26572949365,10,2026-07-25T20:06:25.387258+00:00,,
42,cpu,model_only,256,51,256,0.0069922,6.9921999999999995,27.31328125,36612.22505077086,10,2026-07-25T20:06:25.387258+00:00,,
42,cpu,model_only,256,52,256,0.0076264,7.6264,29.790625000000002,33567.60725899507,10,2026-07-25T20:06:25.387258+00:00,,
42,cpu,model_only,256,53,256,0.0069837,6.9837,27.280078125,36656.78651717571,10,2026-07-25T20:06:25.387258+00:00,,
42,cpu,model_only,256,54,256,0.0074102,7.4102,28.94609375,34546.97579012712,10,2026-07-25T20:06:25.387258+00:00,,
42,cpu,model_only,256,55,256,0.0066522,6.6522,25.98515625,38483.50921499654,10,2026-07-25T20:06:25.387258+00:00,,
42,cpu,model_only,256,56,256,0.0068921,6.8921,26.922265625,37143.97643678995,10,2026-07-25T20:06:25.387258+00:00,,
42,cpu,model_only,256,57,256,0.0067426,6.7425999999999995,26.338281249999998,37967.549609942755,10,2026-07-25T20:06:25.387258+00:00,,
42,cpu,model_only,256,58,256,0.0074974,7.497400000000001,29.286718750000002,34145.17032571291,10,2026-07-25T20:06:25.387258+00:00,,
42,cpu,model_only,256,59,256,0.0067502,6.7501999999999995,26.36796875,37924.80222808213,10,2026-07-25T20:06:25.387258+00:00,,
42,cpu,model_only,256,60,256,0.0076252,7.6252,29.785937500000003,33572.889891412684,10,2026-07-25T20:06:25.387258+00:00,,
42,cpu,model_only,256,61,256,0.0077546,7.7546,30.29140625,33012.6634513708,10,2026-07-25T20:06:25.387258+00:00,,
42,cpu,model_only,256,62,256,0.0065941,6.5941,25.758203125,38822.58382493441,10,2026-07-25T20:06:25.387258+00:00,,
42,cpu,model_only,256,63,256,0.0071555,7.1555,27.951171875,35776.675284746,10,2026-07-25T20:06:25.387258+00:00,,
42,cpu,model_only,256,64,256,0.0068634,6.8634,26.810156250000002,37299.29772416004,10,2026-07-25T20:06:25.387258+00:00,,
42,cpu,model_only,256,65,256,0.0068891,6.8891,26.910546875,37160.15154374301,10,2026-07-25T20:06:25.387258+00:00,,
42,cpu,model_only,256,66,256,0.0067464,6.7463999999999995,26.353125,37946.163879995256,10,2026-07-25T20:06:25.387258+00:00,,
42,cpu,model_only,256,67,256,0.0070118,7.0118,27.38984375,36509.88333951339,10,2026-07-25T20:06:25.387258+00:00,,
42,cpu,model_only,256,68,256,0.0070152,7.0152,27.403125,36492.188390922565,10,2026-07-25T20:06:25.387258+00:00,,
42,cpu,model_only,256,69,256,0.0071806,7.1806,28.049218749999998,35651.6168565301,10,2026-07-25T20:06:25.387258+00:00,,
42,cpu,model_only,256,70,256,0.007398,7.398,28.8984375,34603.947012706136,10,2026-07-25T20:06:25.387258+00:00,,
42,cpu,model_only,256,71,256,0.0069375,6.9375,27.099609375,36900.9009009009,10,2026-07-25T20:06:25.387258+00:00,,
42,cpu,model_only,256,72,256,0.0074892,7.489199999999999,29.2546875,34182.5562142819,10,2026-07-25T20:06:25.387258+00:00,,
42,cpu,model_only,256,73,256,0.0078616,7.8616,30.709374999999998,32563.34588378956,10,2026-07-25T20:06:25.387258+00:00,,
42,cpu,model_only,256,74,256,0.0080104,8.0104,31.290625000000002,31958.454009787274,10,2026-07-25T20:06:25.387258+00:00,,
42,cpu,model_only,256,75,256,0.0079194,7.9194,30.93515625,32325.681238477664,10,2026-07-25T20:06:25.387258+00:00,,
42,cpu,model_only,256,76,256,0.0079367,7.9367,31.002734375,32255.21942368995,10,2026-07-25T20:06:25.387258+00:00,,
42,cpu,model_only,256,77,256,0.0070562,7.0562000000000005,27.563281250000003,36280.15078937672,10,2026-07-25T20:06:25.387258+00:00,,
42,cpu,model_only,256,78,256,0.0081063,8.106300000000001,31.665234375,31580.37575712717,10,2026-07-25T20:06:25.387258+00:00,,
42,cpu,model_only,256,79,256,0.0079561,7.956100000000001,31.078515625,32176.56892195925,10,2026-07-25T20:06:25.387258+00:00,,
42,cpu,model_only,256,80,256,0.007647,7.647,29.87109375,33477.180593696874,10,2026-07-25T20:06:25.387258+00:00,,
42,cpu,model_only,256,81,256,0.0072391,7.2391,28.277734375,35363.512038789355,10,2026-07-25T20:06:25.387258+00:00,,
42,cpu,model_only,256,82,256,0.0070706,7.0706,27.619531249999998,36206.262551975786,10,2026-07-25T20:06:25.387258+00:00,,
42,cpu,model_only,256,83,256,0.0069825,6.9825,27.275390625,36663.086287146434,10,2026-07-25T20:06:25.387258+00:00,,
42,cpu,model_only,256,84,256,0.0075187,7.5187,29.369921875,34048.439224866,10,2026-07-25T20:06:25.387258+00:00,,
42,cpu,model_only,256,85,256,0.0068588,6.8588,26.7921875,37324.313290954684,10,2026-07-25T20:06:25.387258+00:00,,
42,cpu,model_only,256,86,256,0.0074035,7.4035,28.919921875,34578.2400216114,10,2026-07-25T20:06:25.387258+00:00,,
42,cpu,model_only,256,87,256,0.007003,7.003,27.35546875,36555.761816364415,10,2026-07-25T20:06:25.387258+00:00,,
42,cpu,model_only,256,88,256,0.0073345,7.3345,28.650390625,34903.53807348831,10,2026-07-25T20:06:25.387258+00:00,,
42,cpu,model_only,256,89,256,0.0067418,6.7418000000000005,26.33515625,37972.05494081699,10,2026-07-25T20:06:25.387258+00:00,,
42,cpu,model_only,256,90,256,0.0070304,7.0304,27.4625,36413.29085116067,10,2026-07-25T20:06:25.387258+00:00,,
42,cpu,model_only,256,91,256,0.0067514,6.7514,26.372656250000002,37918.061439108926,10,2026-07-25T20:06:25.387258+00:00,,
42,cpu,model_only,256,92,256,0.0064915,6.4915,25.357421875,39436.18578140646,10,2026-07-25T20:06:25.387258+00:00,,
42,cpu,model_only,256,93,256,0.0070107,7.0107,27.385546875,36515.61185045716,10,2026-07-25T20:06:25.387258+00:00,,
42,cpu,model_only,256,94,256,0.0068942,6.8942,26.93046875,37132.6622378231,10,2026-07-25T20:06:25.387258+00:00,,
42,cpu,model_only,256,95,256,0.0075179,7.5179,29.366796875000002,34052.062411045634,10,2026-07-25T20:06:25.387258+00:00,,
42,cpu,model_only,256,96,256,0.0069904,6.9904,27.30625,36621.65255207141,10,2026-07-25T20:06:25.387258+00:00,,
42,cpu,model_only,256,97,256,0.0073264,7.3264000000000005,28.618750000000002,34942.12710198733,10,2026-07-25T20:06:25.387258+00:00,,
42,cpu,model_only,256,98,256,0.0066116,6.611599999999999,25.826562499999998,38719.82576078408,10,2026-07-25T20:06:25.387258+00:00,,
42,cpu,model_only,256,99,256,0.006827,6.827,26.66796875,37498.1690347151,10,2026-07-25T20:06:25.387258+00:00,,
42,cpu,end_to_end,256,0,256,0.0075111,7.5111,29.340234374999998,34082.89065516369,10,2026-07-25T20:06:25.387258+00:00,,
42,cpu,end_to_end,256,1,256,0.0074857,7.4857,29.241015625,34198.53854682929,10,2026-07-25T20:06:25.387258+00:00,,
42,cpu,end_to_end,256,2,256,0.0079245,7.924499999999999,30.955078124999996,32304.87727932362,10,2026-07-25T20:06:25.387258+00:00,,
42,cpu,end_to_end,256,3,256,0.0075483,7.5483,29.485546875,33914.92124054423,10,2026-07-25T20:06:25.387258+00:00,,
42,cpu,end_to_end,256,4,256,0.0075605,7.5605,29.533203125,33860.19443158521,10,2026-07-25T20:06:25.387258+00:00,,
42,cpu,end_to_end,256,5,256,0.0082504,8.250399999999999,32.228125,31028.798603704065,10,2026-07-25T20:06:25.387258+00:00,,
42,cpu,end_to_end,256,6,256,0.0082139,8.213899999999999,32.085546875,31166.68087023217,10,2026-07-25T20:06:25.387258+00:00,,
42,cpu,end_to_end,256,7,256,0.0082587,8.258700000000001,32.260546875,30997.614636686158,10,2026-07-25T20:06:25.387258+00:00,,
42,cpu,end_to_end,256,8,256,0.008142,8.142,31.8046875,31441.906165561286,10,2026-07-25T20:06:25.387258+00:00,,
42,cpu,end_to_end,256,9,256,0.0089671,8.9671,35.027734375,28548.80619152234,10,2026-07-25T20:06:25.387258+00:00,,
42,cpu,end_to_end,256,10,256,0.0078261,7.826100000000001,30.570703125,32711.056592683453,10,2026-07-25T20:06:25.387258+00:00,,
42,cpu,end_to_end,256,11,256,0.0077887,7.7887,30.424609375,32868.12946961624,10,2026-07-25T20:06:25.387258+00:00,,
42,cpu,end_to_end,256,12,256,0.006983,6.983,27.27734375,36660.46111986253,10,2026-07-25T20:06:25.387258+00:00,,
42,cpu,end_to_end,256,13,256,0.0078291,7.8291,30.582421875,32698.52218007178,10,2026-07-25T20:06:25.387258+00:00,,
42,cpu,end_to_end,256,14,256,0.0087728,8.7728,34.268750000000004,29181.105234360748,10,2026-07-25T20:06:25.387258+00:00,,
42,cpu,end_to_end,256,15,256,0.0077964,7.7964,30.454687500000002,32835.66774408701,10,2026-07-25T20:06:25.387258+00:00,,
42,cpu,end_to_end,256,16,256,0.009578,9.578,37.4140625,26727.91814575068,10,2026-07-25T20:06:25.387258+00:00,,
42,cpu,end_to_end,256,17,256,0.0100596,10.0596,39.2953125,25448.327965326655,10,2026-07-25T20:06:25.387258+00:00,,
42,cpu,end_to_end,256,18,256,0.0079056,7.905600000000001,30.88125,32382.108884841124,10,2026-07-25T20:06:25.387258+00:00,,
42,cpu,end_to_end,256,19,256,0.0079566,7.956599999999999,31.080468749999998,32174.54691702486,10,2026-07-25T20:06:25.387258+00:00,,
42,cpu,end_to_end,256,20,256,0.0083819,8.3819,32.741796875,30542.00121690786,10,2026-07-25T20:06:25.387258+00:00,,
42,cpu,end_to_end,256,21,256,0.0085655,8.5655,33.458984375,29887.33874263032,10,2026-07-25T20:06:25.387258+00:00,,
42,cpu,end_to_end,256,22,256,0.0073214,7.3214,28.59921875,34965.99011118092,10,2026-07-25T20:06:25.387258+00:00,,
42,cpu,end_to_end,256,23,256,0.0079069,7.906899999999999,30.886328125,32376.784833499856,10,2026-07-25T20:06:25.387258+00:00,,
42,cpu,end_to_end,256,24,256,0.0072334,7.2334000000000005,28.25546875,35391.37888130063,10,2026-07-25T20:06:25.387258+00:00,,
42,cpu,end_to_end,256,25,256,0.0076975,7.697500000000001,30.068359375,33257.55115297174,10,2026-07-25T20:06:25.387258+00:00,,
42,cpu,end_to_end,256,26,256,0.0086519,8.651900000000001,33.796484375000006,29588.87643176643,10,2026-07-25T20:06:25.387258+00:00,,
42,cpu,end_to_end,256,27,256,0.0077457,7.7457,30.256640625000003,33050.59581445189,10,2026-07-25T20:06:25.387258+00:00,,
42,cpu,end_to_end,256,28,256,0.007598,7.598,29.6796875,33693.07712555936,10,2026-07-25T20:06:25.387258+00:00,,
42,cpu,end_to_end,256,29,256,0.0073436,7.3435999999999995,28.685937499999998,34860.28650797974,10,2026-07-25T20:06:25.387258+00:00,,
42,cpu,end_to_end,256,30,256,0.0076223,7.6223,29.774609375,33585.66312005562,10,2026-07-25T20:06:25.387258+00:00,,
42,cpu,end_to_end,256,31,256,0.0071809,7.180899999999999,28.050390625,35650.12742135387,10,2026-07-25T20:06:25.387258+00:00,,
42,cpu,end_to_end,256,32,256,0.007505,7.505000000000001,29.31640625,34110.59293804131,10,2026-07-25T20:06:25.387258+00:00,,
42,cpu,end_to_end,256,33,256,0.0080296,8.0296,31.365624999999998,31882.036465079207,10,2026-07-25T20:06:25.387258+00:00,,
42,cpu,end_to_end,256,34,256,0.0080957,8.0957,31.623828125000003,31621.725113331766,10,2026-07-25T20:06:25.387258+00:00,,
42,cpu,end_to_end,256,35,256,0.0079882,7.988200000000001,31.203906250000003,32047.26972284119,10,2026-07-25T20:06:25.387258+00:00,,
42,cpu,end_to_end,256,36,256,0.0076457,7.6457,29.866015625,33482.8727258459,10,2026-07-25T20:06:25.387258+00:00,,
42,cpu,end_to_end,256,37,256,0.0083097,8.3097,32.459765624999996,30807.369700470535,10,2026-07-25T20:06:25.387258+00:00,,
42,cpu,end_to_end,256,38,256,0.0076072,7.6072,29.715625,33652.32937217373,10,2026-07-25T20:06:25.387258+00:00,,
42,cpu,end_to_end,256,39,256,0.0075974,7.5973999999999995,29.67734375,33695.73801563693,10,2026-07-25T20:06:25.387258+00:00,,
42,cpu,end_to_end,256,40,256,0.0073423,7.342300000000001,28.680859375,34866.458739087204,10,2026-07-25T20:06:25.387258+00:00,,
42,cpu,end_to_end,256,41,256,0.0073741,7.374099999999999,28.805078124999998,34716.10094791229,10,2026-07-25T20:06:25.387258+00:00,,
42,cpu,end_to_end,256,42,256,0.0075968,7.5968,29.675,33698.39932603201,10,2026-07-25T20:06:25.387258+00:00,,
42,cpu,end_to_end,256,43,256,0.0078472,7.8472,30.653125000000003,32623.101233561014,10,2026-07-25T20:06:25.387258+00:00,,
42,cpu,end_to_end,256,44,256,0.0073474,7.3473999999999995,28.70078125,34842.25712496938,10,2026-07-25T20:06:25.387258+00:00,,
42,cpu,end_to_end,256,45,256,0.0077633,7.7633,30.325390625,32975.66756405137,10,2026-07-25T20:06:25.387258+00:00,,
42,cpu,end_to_end,256,46,256,0.0074361,7.436100000000001,29.047265625,34426.648377509715,10,2026-07-25T20:06:25.387258+00:00,,
42,cpu,end_to_end,256,47,256,0.0074377,7.4377,29.053515625,34419.242507764495,10,2026-07-25T20:06:25.387258+00:00,,
42,cpu,end_to_end,256,48,256,0.0075689,7.5689,29.566015625,33822.6162322134,10,2026-07-25T20:06:25.387258+00:00,,
42,cpu,end_to_end,256,49,256,0.0076968,7.6968000000000005,30.065625,33260.575823718944,10,2026-07-25T20:06:25.387258+00:00,,
42,cpu,end_to_end,256,50,256,0.0078413,7.8413,30.630078125000004,32647.64771147641,10,2026-07-25T20:06:25.387258+00:00,,
42,cpu,end_to_end,256,51,256,0.0080289,8.0289,31.362890625000002,31884.81610183213,10,2026-07-25T20:06:25.387258+00:00,,
42,cpu,end_to_end,256,52,256,0.0080378,8.037799999999999,31.397656249999997,31849.511060240366,10,2026-07-25T20:06:25.387258+00:00,,
42,cpu,end_to_end,256,53,256,0.0082081,8.2081,32.062890624999994,31188.70384132747,10,2026-07-25T20:06:25.387258+00:00,,
42,cpu,end_to_end,256,54,256,0.009221,9.221,36.01953125,27762.715540613815,10,2026-07-25T20:06:25.387258+00:00,,
42,cpu,end_to_end,256,55,256,0.0074055,7.4055,28.927734375,34568.901492134224,10,2026-07-25T20:06:25.387258+00:00,,
42,cpu,end_to_end,256,56,256,0.0076594,7.659400000000001,29.919531250000002,33422.98352351359,10,2026-07-25T20:06:25.387258+00:00,,
42,cpu,end_to_end,256,57,256,0.0075579,7.5579,29.523046875000002,33871.84270763043,10,2026-07-25T20:06:25.387258+00:00,,
42,cpu,end_to_end,256,58,256,0.0077919,7.7919,30.437109375,32854.631091261435,10,2026-07-25T20:06:25.387258+00:00,,
42,cpu,end_to_end,256,59,256,0.0083939,8.393899999999999,32.788671875,30498.33807884297,10,2026-07-25T20:06:25.387258+00:00,,
42,cpu,end_to_end,256,60,256,0.0071087,7.1087,27.768359375,36012.21039008539,10,2026-07-25T20:06:25.387258+00:00,,
42,cpu,end_to_end,256,61,256,0.0080342,8.0342,31.38359375,31863.782330536953,10,2026-07-25T20:06:25.387258+00:00,,
42,cpu,end_to_end,256,62,256,0.0076896,7.6896,30.0375,33291.71868497711,10,2026-07-25T20:06:25.387258+00:00,,
42,cpu,end_to_end,256,63,256,0.0073921,7.3921,28.875390625,34631.56613141056,10,2026-07-25T20:06:25.387258+00:00,,
42,cpu,end_to_end,256,64,256,0.007426,7.426,29.0078125,34473.47158631834,10,2026-07-25T20:06:25.387258+00:00,,
42,cpu,end_to_end,256,65,256,0.0072639,7.2639000000000005,28.374609375000002,35242.77591927202,10,2026-07-25T20:06:25.387258+00:00,,
42,cpu,end_to_end,256,66,256,0.0071102,7.1102,27.77421875,36004.61309105229,10,2026-07-25T20:06:25.387258+00:00,,
42,cpu,end_to_end,256,67,256,0.007261,7.261,28.36328125,35256.85167332323,10,2026-07-25T20:06:25.387258+00:00,,
42,cpu,end_to_end,256,68,256,0.0075116,7.5116000000000005,29.3421875,34080.62197135098,10,2026-07-25T20:06:25.387258+00:00,,
42,cpu,end_to_end,256,69,256,0.0077087,7.708699999999999,30.112109375,33209.23112846524,10,2026-07-25T20:06:25.387258+00:00,,
42,cpu,end_to_end,256,70,256,0.0082037,8.2037,32.045703124999996,31205.431695454492,10,2026-07-25T20:06:25.387258+00:00,,
42,cpu,end_to_end,256,71,256,0.0072059,7.205900000000001,28.148046875000002,35526.44360870953,10,2026-07-25T20:06:25.387258+00:00,,
42,cpu,end_to_end,256,72,256,0.0072981,7.2981,28.508203125,35077.62294295776,10,2026-07-25T20:06:25.387258+00:00,,
42,cpu,end_to_end,256,73,256,0.0075544,7.5544,29.509375000000002,33887.53574076035,10,2026-07-25T20:06:25.387258+00:00,,
42,cpu,end_to_end,256,74,256,0.0074372,7.4372,29.0515625,34421.55649975797,10,2026-07-25T20:06:25.387258+00:00,,
42,cpu,end_to_end,256,75,256,0.0072163,7.2163,28.188671875,35475.24354586145,10,2026-07-25T20:06:25.387258+00:00,,
42,cpu,end_to_end,256,76,256,0.006949,6.949000000000001,27.14453125,36839.8330695064,10,2026-07-25T20:06:25.387258+00:00,,
42,cpu,end_to_end,256,77,256,0.0071457,7.1457,27.912890625,35825.741354940736,10,2026-07-25T20:06:25.387258+00:00,,
42,cpu,end_to_end,256,78,256,0.0072901,7.2901,28.476953124999998,35116.11637700443,10,2026-07-25T20:06:25.387258+00:00,,
42,cpu,end_to_end,256,79,256,0.0073686,7.368600000000001,28.78359375,34742.013408245795,10,2026-07-25T20:06:25.387258+00:00,,
42,cpu,end_to_end,256,80,256,0.0072839,7.2839,28.452734375000002,35146.00694682793,10,2026-07-25T20:06:25.387258+00:00,,
42,cpu,end_to_end,256,81,256,0.0075388,7.5388,29.4484375,33957.65904387966,10,2026-07-25T20:06:25.387258+00:00,,
42,cpu,end_to_end,256,82,256,0.0075307,7.5307,29.416796875000003,33994.183807614165,10,2026-07-25T20:06:25.387258+00:00,,
42,cpu,end_to_end,256,83,256,0.0072705,7.2705,28.400390625,35210.78330238636,10,2026-07-25T20:06:25.387258+00:00,,
42,cpu,end_to_end,256,84,256,0.0075159,7.5159,29.358984375,34061.123750981256,10,2026-07-25T20:06:25.387258+00:00,,
42,cpu,end_to_end,256,85,256,0.0072484,7.2484,28.314062500000002,35318.13917554219,10,2026-07-25T20:06:25.387258+00:00,,
42,cpu,end_to_end,256,86,256,0.0078563,7.8563,30.688671875,32585.313697287525,10,2026-07-25T20:06:25.387258+00:00,,
42,cpu,end_to_end,256,87,256,0.0070917,7.0917,27.701953125,36098.53772720222,10,2026-07-25T20:06:25.387258+00:00,,
42,cpu,end_to_end,256,88,256,0.0074412,7.4412,29.0671875,34403.0532709778,10,2026-07-25T20:06:25.387258+00:00,,
42,cpu,end_to_end,256,89,256,0.0070403,7.0403,27.501171875,36362.08684289022,10,2026-07-25T20:06:25.387258+00:00,,
42,cpu,end_to_end,256,90,256,0.0070349,7.0349,27.480078125000002,36389.998436367256,10,2026-07-25T20:06:25.387258+00:00,,
42,cpu,end_to_end,256,91,256,0.0075903,7.5903,29.649609375,33727.25715716111,10,2026-07-25T20:06:25.387258+00:00,,
42,cpu,end_to_end,256,92,256,0.0067051,6.705100000000001,26.191796875,38179.892917331585,10,2026-07-25T20:06:25.387258+00:00,,
42,cpu,end_to_end,256,93,256,0.007598,7.598,29.6796875,33693.07712555936,10,2026-07-25T20:06:25.387258+00:00,,
42,cpu,end_to_end,256,94,256,0.0066912,6.691199999999999,26.1375,38259.206121472984,10,2026-07-25T20:06:25.387258+00:00,,
42,cpu,end_to_end,256,95,256,0.0073564,7.3564,28.7359375,34799.63025392855,10,2026-07-25T20:06:25.387258+00:00,,
42,cpu,end_to_end,256,96,256,0.006798,6.798,26.5546875,37658.13474551339,10,2026-07-25T20:06:25.387258+00:00,,
42,cpu,end_to_end,256,97,256,0.0071448,7.1448,27.909375,35830.254170865526,10,2026-07-25T20:06:25.387258+00:00,,
42,cpu,end_to_end,256,98,256,0.0069321,6.9321,27.078515625,36929.64613897664,10,2026-07-25T20:06:25.387258+00:00,,
42,cpu,end_to_end,256,99,256,0.0075896,7.5896,29.646875,33730.3678718246,10,2026-07-25T20:06:25.387258+00:00,,
42,cpu,model_only,512,0,512,0.0075095,7.5095,14.6669921875,68180.30494706705,10,2026-07-25T20:06:25.387258+00:00,,
42,cpu,model_only,512,1,512,0.007755,7.755,15.146484375,66021.92134107028,10,2026-07-25T20:06:25.387258+00:00,,
42,cpu,model_only,512,2,512,0.0079412,7.9412,15.510156250000001,64473.88304034654,10,2026-07-25T20:06:25.387258+00:00,,
42,cpu,model_only,512,3,512,0.0069988,6.9988,13.66953125,73155.39806824026,10,2026-07-25T20:06:25.387258+00:00,,
42,cpu,model_only,512,4,512,0.0074374,7.4374,14.526171875000001,68841.26173125017,10,2026-07-25T20:06:25.387258+00:00,,
42,cpu,model_only,512,5,512,0.0076806,7.6806,15.001171875,66661.4587402026,10,2026-07-25T20:06:25.387258+00:00,,
42,cpu,model_only,512,6,512,0.0076578,7.6578,14.956640625,66859.93366240957,10,2026-07-25T20:06:25.387258+00:00,,
42,cpu,model_only,512,7,512,0.0076547,7.6547,14.950585937500001,66887.01059479796,10,2026-07-25T20:06:25.387258+00:00,,
42,cpu,model_only,512,8,512,0.00824,8.24,16.09375,62135.922330097084,10,2026-07-25T20:06:25.387258+00:00,,
42,cpu,model_only,512,9,512,0.0070634,7.0634,13.795703125,72486.338024181,10,2026-07-25T20:06:25.387258+00:00,,
42,cpu,model_only,512,10,512,0.0087834,8.7834,17.155078125,58291.77767151672,10,2026-07-25T20:06:25.387258+00:00,,
42,cpu,model_only,512,11,512,0.0083513,8.3513,16.311132812500002,61307.820339348356,10,2026-07-25T20:06:25.387258+00:00,,
42,cpu,model_only,512,12,512,0.0084926,8.4926,16.587109375,60287.77994960319,10,2026-07-25T20:06:25.387258+00:00,,
42,cpu,model_only,512,13,512,0.0075222,7.5222,14.691796875,68065.1936933344,10,2026-07-25T20:06:25.387258+00:00,,
42,cpu,model_only,512,14,512,0.008566,8.566,16.73046875,59771.18841933224,10,2026-07-25T20:06:25.387258+00:00,,
42,cpu,model_only,512,15,512,0.0070224,7.0224,13.715625,72909.54659375713,10,2026-07-25T20:06:25.387258+00:00,,
42,cpu,model_only,512,16,512,0.007697,7.697,15.033203125,66519.42315187736,10,2026-07-25T20:06:25.387258+00:00,,
42,cpu,model_only,512,17,512,0.0079357,7.935700000000001,15.499414062500001,64518.5679902214,10,2026-07-25T20:06:25.387258+00:00,,
42,cpu,model_only,512,18,512,0.0080438,8.043800000000001,15.710546875,63651.5079937343,10,2026-07-25T20:06:25.387258+00:00,,
42,cpu,model_only,512,19,512,0.0073624,7.3624,14.3796875,69542.54047593176,10,2026-07-25T20:06:25.387258+00:00,,
42,cpu,model_only,512,20,512,0.0077821,7.7821,15.1994140625,65792.00986880148,10,2026-07-25T20:06:25.387258+00:00,,
42,cpu,model_only,512,21,512,0.0076546,7.6546,14.950390625,66887.88440937476,10,2026-07-25T20:06:25.387258+00:00,,
42,cpu,model_only,512,22,512,0.00815,8.149999999999999,15.917968749999998,62822.08588957056,10,2026-07-25T20:06:25.387258+00:00,,
42,cpu,model_only,512,23,512,0.0079958,7.995800000000001,15.616796875000002,64033.617649265856,10,2026-07-25T20:06:25.387258+00:00,,
42,cpu,model_only,512,24,512,0.0074072,7.4072000000000005,14.4671875,69121.9354141916,10,2026-07-25T20:06:25.387258+00:00,,
42,cpu,model_only,512,25,512,0.0076667,7.6667000000000005,14.9740234375,66782.31833774636,10,2026-07-25T20:06:25.387258+00:00,,
42,cpu,model_only,512,26,512,0.0071238,7.123799999999999,13.913671874999999,71871.7538392431,10,2026-07-25T20:06:25.387258+00:00,,
42,cpu,model_only,512,27,512,0.0070499,7.049899999999999,13.7693359375,72625.14361905844,10,2026-07-25T20:06:25.387258+00:00,,
42,cpu,model_only,512,28,512,0.0076918,7.691800000000001,15.023046875,66564.39324995449,10,2026-07-25T20:06:25.387258+00:00,,
42,cpu,model_only,512,29,512,0.0074114,7.4114,14.475390625000001,69082.7643899938,10,2026-07-25T20:06:25.387258+00:00,,
42,cpu,model_only,512,30,512,0.007096,7.096,13.859375,72153.3258173619,10,2026-07-25T20:06:25.387258+00:00,,
42,cpu,model_only,512,31,512,0.0077809,7.7809,15.197070312500001,65802.15656286548,10,2026-07-25T20:06:25.387258+00:00,,
42,cpu,model_only,512,32,512,0.0075579,7.5579,14.761523437500001,67743.68541526086,10,2026-07-25T20:06:25.387258+00:00,,
42,cpu,model_only,512,33,512,0.0072434,7.243399999999999,14.147265625,70685.03741336941,10,2026-07-25T20:06:25.387258+00:00,,
42,cpu,model_only,512,34,512,0.0071213,7.1213,13.908789062499999,71896.98510103492,10,2026-07-25T20:06:25.387258+00:00,,
42,cpu,model_only,512,35,512,0.0075688,7.5687999999999995,14.782812499999999,67646.12620230419,10,2026-07-25T20:06:25.387258+00:00,,
42,cpu,model_only,512,36,512,0.0078726,7.8726,15.376171875,65035.69341767649,10,2026-07-25T20:06:25.387258+00:00,,
42,cpu,model_only,512,37,512,0.0075398,7.5398000000000005,14.726171875,67906.31051221518,10,2026-07-25T20:06:25.387258+00:00,,
42,cpu,model_only,512,38,512,0.0073913,7.3913,14.4361328125,69270.62898272293,10,2026-07-25T20:06:25.387258+00:00,,
42,cpu,model_only,512,39,512,0.0080045,8.0045,15.633789062499998,63964.02023861578,10,2026-07-25T20:06:25.387258+00:00,,
42,cpu,model_only,512,40,512,0.0081766,8.176599999999999,15.969921874999999,62617.713964239425,10,2026-07-25T20:06:25.387258+00:00,,
42,cpu,model_only,512,41,512,0.0077101,7.7101,15.0587890625,66406.40199219206,10,2026-07-25T20:06:25.387258+00:00,,
42,cpu,model_only,512,42,512,0.0072099,7.2099,14.0818359375,71013.4675931705,10,2026-07-25T20:06:25.387258+00:00,,
42,cpu,model_only,512,43,512,0.0072891,7.2890999999999995,14.236523437499999,70241.86799467698,10,2026-07-25T20:06:25.387258+00:00,,
42,cpu,model_only,512,44,512,0.007955,7.955,15.537109375,64362.03645505971,10,2026-07-25T20:06:25.387258+00:00,,
42,cpu,model_only,512,45,512,0.0070305,7.0305,13.7314453125,72825.54583600028,10,2026-07-25T20:06:25.387258+00:00,,
42,cpu,model_only,512,46,512,0.0071115,7.1114999999999995,13.8896484375,71996.06271532025,10,2026-07-25T20:06:25.387258+00:00,,
42,cpu,model_only,512,47,512,0.0066479,6.6479,12.9841796875,77016.8022984702,10,2026-07-25T20:06:25.387258+00:00,,
42,cpu,model_only,512,48,512,0.0073222,7.3222000000000005,14.301171875,69924.33967933134,10,2026-07-25T20:06:25.387258+00:00,,
42,cpu,model_only,512,49,512,0.0072266,7.2265999999999995,14.114453124999999,70849.36207898597,10,2026-07-25T20:06:25.387258+00:00,,
42,cpu,model_only,512,50,512,0.0072178,7.2177999999999995,14.097265625,70935.74219291197,10,2026-07-25T20:06:25.387258+00:00,,
42,cpu,model_only,512,51,512,0.0074162,7.416200000000001,14.484765625000001,69038.05183247486,10,2026-07-25T20:06:25.387258+00:00,,
42,cpu,model_only,512,52,512,0.0067134,6.713399999999999,13.112109375,76265.37968838443,10,2026-07-25T20:06:25.387258+00:00,,
42,cpu,model_only,512,53,512,0.00757,7.57,14.78515625,67635.40290620872,10,2026-07-25T20:06:25.387258+00:00,,
42,cpu,model_only,512,54,512,0.006714,6.714,13.11328125,76258.56419422102,10,2026-07-25T20:06:25.387258+00:00,,
42,cpu,model_only,512,55,512,0.0067962,6.7962,13.273828125,75336.21729790178,10,2026-07-25T20:06:25.387258+00:00,,
42,cpu,model_only,512,56,512,0.0071093,7.1093,13.8853515625,72018.34217152181,10,2026-07-25T20:06:25.387258+00:00,,
42,cpu,model_only,512,57,512,0.0074709,7.4709,14.5916015625,68532.57305010105,10,2026-07-25T20:06:25.387258+00:00,,
42,cpu,model_only,512,58,512,0.0068703,6.8703,13.4185546875,74523.67436647599,10,2026-07-25T20:06:25.387258+00:00,,
42,cpu,model_only,512,59,512,0.007531,7.531000000000001,14.708984375,67985.65927499668,10,2026-07-25T20:06:25.387258+00:00,,
42,cpu,model_only,512,60,512,0.0073823,7.3823,14.418554687499999,69355.07904040747,10,2026-07-25T20:06:25.387258+00:00,,
42,cpu,model_only,512,61,512,0.0085958,8.5958,16.788671875000002,59563.97310314339,10,2026-07-25T20:06:25.387258+00:00,,
42,cpu,model_only,512,62,512,0.0080462,8.0462,15.715234375,63632.522184385176,10,2026-07-25T20:06:25.387258+00:00,,
42,cpu,model_only,512,63,512,0.0081016,8.101600000000001,15.8234375,63197.39310753431,10,2026-07-25T20:06:25.387258+00:00,,
42,cpu,model_only,512,64,512,0.0076771,7.6771,14.9943359375,66691.84978702896,10,2026-07-25T20:06:25.387258+00:00,,
42,cpu,model_only,512,65,512,0.0075105,7.5104999999999995,14.6689453125,68171.22694893816,10,2026-07-25T20:06:25.387258+00:00,,
42,cpu,model_only,512,66,512,0.0071111,7.1111,13.8888671875,72000.11250017578,10,2026-07-25T20:06:25.387258+00:00,,
42,cpu,model_only,512,67,512,0.0071007,7.1007,13.8685546875,72105.56705676905,10,2026-07-25T20:06:25.387258+00:00,,
42,cpu,model_only,512,68,512,0.0081851,8.1851,15.9865234375,62552.68719991203,10,2026-07-25T20:06:25.387258+00:00,,
42,cpu,model_only,512,69,512,0.0074671,7.4671,14.5841796875,68567.44921053688,10,2026-07-25T20:06:25.387258+00:00,,
42,cpu,model_only,512,70,512,0.007131,7.131,13.927734375,71799.18664983872,10,2026-07-25T20:06:25.387258+00:00,,
42,cpu,model_only,512,71,512,0.0075622,7.5622,14.769921875,67705.16516357673,10,2026-07-25T20:06:25.387258+00:00,,
42,cpu,model_only,512,72,512,0.007108,7.108,13.8828125,72031.51378728193,10,2026-07-25T20:06:25.387258+00:00,,
42,cpu,model_only,512,73,512,0.0071012,7.1012,13.86953125,72100.49005801836,10,2026-07-25T20:06:25.387258+00:00,,
42,cpu,model_only,512,74,512,0.0071506,7.1506,13.966015625,71602.38301680978,10,2026-07-25T20:06:25.387258+00:00,,
42,cpu,model_only,512,75,512,0.0069439,6.9439,13.562304687500001,73733.78072840911,10,2026-07-25T20:06:25.387258+00:00,,
42,cpu,model_only,512,76,512,0.007316,7.316,14.2890625,69983.59759431383,10,2026-07-25T20:06:25.387258+00:00,,
42,cpu,model_only,512,77,512,0.0070247,7.0247,13.7201171875,72885.67483308895,10,2026-07-25T20:06:25.387258+00:00,,
42,cpu,model_only,512,78,512,0.0078988,7.8988,15.427343749999999,64819.972654074045,10,2026-07-25T20:06:25.387258+00:00,,
42,cpu,model_only,512,79,512,0.0072244,7.2244,14.11015625,70870.93737888268,10,2026-07-25T20:06:25.387258+00:00,,
42,cpu,model_only,512,80,512,0.007228,7.228,14.1171875,70835.63918096293,10,2026-07-25T20:06:25.387258+00:00,,
42,cpu,model_only,512,81,512,0.0070608,7.0607999999999995,13.790625,72513.02968502152,10,2026-07-25T20:06:25.387258+00:00,,
42,cpu,model_only,512,82,512,0.007559,7.559,14.763671875,67733.82722582352,10,2026-07-25T20:06:25.387258+00:00,,
42,cpu,model_only,512,83,512,0.0075989,7.5988999999999995,14.8416015625,67378.1731566411,10,2026-07-25T20:06:25.387258+00:00,,
42,cpu,model_only,512,84,512,0.0072434,7.243399999999999,14.147265625,70685.03741336941,10,2026-07-25T20:06:25.387258+00:00,,
42,cpu,model_only,512,85,512,0.007281,7.281000000000001,14.220703125,70320.01098750172,10,2026-07-25T20:06:25.387258+00:00,,
42,cpu,model_only,512,86,512,0.0069068,6.9068000000000005,13.48984375,74129.84305322291,10,2026-07-25T20:06:25.387258+00:00,,
42,cpu,model_only,512,87,512,0.0074775,7.4775,14.6044921875,68472.0829154129,10,2026-07-25T20:06:25.387258+00:00,,
42,cpu,model_only,512,88,512,0.0070706,7.0706,13.809765624999999,72412.52510395157,10,2026-07-25T20:06:25.387258+00:00,,
42,cpu,model_only,512,89,512,0.0075151,7.5151,14.6779296875,68129.49927479342,10,2026-07-25T20:06:25.387258+00:00,,
42,cpu,model_only,512,90,512,0.0069493,6.9493,13.5728515625,73676.48540140734,10,2026-07-25T20:06:25.387258+00:00,,
42,cpu,model_only,512,91,512,0.0076434,7.6434,14.928515625,66985.89632885889,10,2026-07-25T20:06:25.387258+00:00,,
42,cpu,model_only,512,92,512,0.0071811,7.1811,14.0255859375,71298.26906741307,10,2026-07-25T20:06:25.387258+00:00,,
42,cpu,model_only,512,93,512,0.0073952,7.3952,14.44375,69234.09779316314,10,2026-07-25T20:06:25.387258+00:00,,
42,cpu,model_only,512,94,512,0.0067922,6.7922,13.266015625,75380.58361061217,10,2026-07-25T20:06:25.387258+00:00,,
42,cpu,model_only,512,95,512,0.0082602,8.260200000000001,16.133203125,61983.97133241325,10,2026-07-25T20:06:25.387258+00:00,,
42,cpu,model_only,512,96,512,0.0075454,7.5454,14.737109375,67855.91221141358,10,2026-07-25T20:06:25.387258+00:00,,
42,cpu,model_only,512,97,512,0.0076851,7.6851,15.0099609375,66622.42521242404,10,2026-07-25T20:06:25.387258+00:00,,
42,cpu,model_only,512,98,512,0.0070157,7.0157,13.7025390625,72979.17527830438,10,2026-07-25T20:06:25.387258+00:00,,
42,cpu,model_only,512,99,512,0.0069658,6.965800000000001,13.605078125,73501.96675184472,10,2026-07-25T20:06:25.387258+00:00,,
42,cpu,end_to_end,512,0,512,0.0077365,7.7365,15.1103515625,66179.79706585665,10,2026-07-25T20:06:25.387258+00:00,,
42,cpu,end_to_end,512,1,512,0.0077366,7.7366,15.110546874999999,66178.94165395651,10,2026-07-25T20:06:25.387258+00:00,,
42,cpu,end_to_end,512,2,512,0.0085416,8.5416,16.6828125,59941.931254097595,10,2026-07-25T20:06:25.387258+00:00,,
42,cpu,end_to_end,512,3,512,0.0081262,8.1262,15.871484375,63006.07910216337,10,2026-07-25T20:06:25.387258+00:00,,
42,cpu,end_to_end,512,4,512,0.0079437,7.9437,15.5150390625,64453.59215478933,10,2026-07-25T20:06:25.387258+00:00,,
42,cpu,end_to_end,512,5,512,0.0073684,7.368399999999999,14.39140625,69485.91281689376,10,2026-07-25T20:06:25.387258+00:00,,
42,cpu,end_to_end,512,6,512,0.0090384,9.038400000000001,17.653125,56647.194193662595,10,2026-07-25T20:06:25.387258+00:00,,
42,cpu,end_to_end,512,7,512,0.007259,7.2589999999999995,14.177734375,70533.131285301,10,2026-07-25T20:06:25.387258+00:00,,
42,cpu,end_to_end,512,8,512,0.0078406,7.840599999999999,15.313671874999999,65301.124913909654,10,2026-07-25T20:06:25.387258+00:00,,
42,cpu,end_to_end,512,9,512,0.0075972,7.5972,14.83828125,67393.25014479019,10,2026-07-25T20:06:25.387258+00:00,,
42,cpu,end_to_end,512,10,512,0.0068995,6.899500000000001,13.4755859375,74208.27596202624,10,2026-07-25T20:06:25.387258+00:00,,
42,cpu,end_to_end,512,11,512,0.0070862,7.0862,13.840234375,72253.11168186052,10,2026-07-25T20:06:25.387258+00:00,,
42,cpu,end_to_end,512,12,512,0.0070655,7.0655,13.7998046875,72464.79371594367,10,2026-07-25T20:06:25.387258+00:00,,
42,cpu,end_to_end,512,13,512,0.006889,6.889,13.455078125,74321.38191319494,10,2026-07-25T20:06:25.387258+00:00,,
42,cpu,end_to_end,512,14,512,0.0068211,6.8211,13.3224609375,75061.20713667883,10,2026-07-25T20:06:25.387258+00:00,,
42,cpu,end_to_end,512,15,512,0.0070465,7.0465,13.7626953125,72660.18590789754,10,2026-07-25T20:06:25.387258+00:00,,
42,cpu,end_to_end,512,16,512,0.0080591,8.059099999999999,15.740429687499999,63530.6671960889,10,2026-07-25T20:06:25.387258+00:00,,
42,cpu,end_to_end,512,17,512,0.007301,7.301,14.259765625,70127.3798109848,10,2026-07-25T20:06:25.387258+00:00,,
42,cpu,end_to_end,512,18,512,0.0078996,7.8995999999999995,15.428906249999999,64813.408273836656,10,2026-07-25T20:06:25.387258+00:00,,
42,cpu,end_to_end,512,19,512,0.0069866,6.9866,13.645703125,73283.14201471389,10,2026-07-25T20:06:25.387258+00:00,,
42,cpu,end_to_end,512,20,512,0.0081203,8.1203,15.8599609375,63051.85768998682,10,2026-07-25T20:06:25.387258+00:00,,
42,cpu,end_to_end,512,21,512,0.0075736,7.5736,14.792187499999999,67603.25340657019,10,2026-07-25T20:06:25.387258+00:00,,
42,cpu,end_to_end,512,22,512,0.0075183,7.5183,14.6841796875,68100.50144314539,10,2026-07-25T20:06:25.387258+00:00,,
42,cpu,end_to_end,512,23,512,0.0078958,7.8957999999999995,15.421484374999999,64844.60092707515,10,2026-07-25T20:06:25.387258+00:00,,
42,cpu,end_to_end,512,24,512,0.0074925,7.4925,14.6337890625,68335.001668335,10,2026-07-25T20:06:25.387258+00:00,,
42,cpu,end_to_end,512,25,512,0.0071004,7.1004,13.86796875,72108.61359923385,10,2026-07-25T20:06:25.387258+00:00,,
42,cpu,end_to_end,512,26,512,0.0070563,7.056299999999999,13.781835937499999,72559.27327352863,10,2026-07-25T20:06:25.387258+00:00,,
42,cpu,end_to_end,512,27,512,0.0078012,7.801200000000001,15.236718750000001,65630.928575091,10,2026-07-25T20:06:25.387258+00:00,,
42,cpu,end_to_end,512,28,512,0.0070391,7.0391,13.7482421875,72736.57143668935,10,2026-07-25T20:06:25.387258+00:00,,
42,cpu,end_to_end,512,29,512,0.0080716,8.0716,15.76484375,63432.28108429556,10,2026-07-25T20:06:25.387258+00:00,,
42,cpu,end_to_end,512,30,512,0.0067842,6.784199999999999,13.250390625,75469.47318770083,10,2026-07-25T20:06:25.387258+00:00,,
42,cpu,end_to_end,512,31,512,0.0083433,8.3433,16.2955078125,61366.605539774435,10,2026-07-25T20:06:25.387258+00:00,,
42,cpu,end_to_end,512,32,512,0.0070484,7.0484,13.76640625,72640.59928494411,10,2026-07-25T20:06:25.387258+00:00,,
42,cpu,end_to_end,512,33,512,0.00679,6.79,13.26171875,75405.00736377024,10,2026-07-25T20:06:25.387258+00:00,,
42,cpu,end_to_end,512,34,512,0.0073071,7.3071,14.2716796875,70068.8371583802,10,2026-07-25T20:06:25.387258+00:00,,
42,cpu,end_to_end,512,35,512,0.0077512,7.7512,15.1390625,66054.28836825266,10,2026-07-25T20:06:25.387258+00:00,,
42,cpu,end_to_end,512,36,512,0.0076139,7.6139,14.8708984375,67245.43269546487,10,2026-07-25T20:06:25.387258+00:00,,
42,cpu,end_to_end,512,37,512,0.0068196,6.8196,13.31953125,75077.71716816236,10,2026-07-25T20:06:25.387258+00:00,,
42,cpu,end_to_end,512,38,512,0.0076278,7.6278,14.898046874999999,67122.892577152,10,2026-07-25T20:06:25.387258+00:00,,
42,cpu,end_to_end,512,39,512,0.0075965,7.5965,14.8369140625,67399.4602777595,10,2026-07-25T20:06:25.387258+00:00,,
42,cpu,end_to_end,512,40,512,0.00721,7.21,14.08203125,71012.48266296809,10,2026-07-25T20:06:25.387258+00:00,,
42,cpu,end_to_end,512,41,512,0.0078358,7.835800000000001,15.304296875,65341.126623956705,10,2026-07-25T20:06:25.387258+00:00,,
42,cpu,end_to_end,512,42,512,0.007621,7.621,14.884765625,67182.78441149455,10,2026-07-25T20:06:25.387258+00:00,,
42,cpu,end_to_end,512,43,512,0.0077499,7.749899999999999,15.1365234375,66065.3685854011,10,2026-07-25T20:06:25.387258+00:00,,
42,cpu,end_to_end,512,44,512,0.0076616,7.6616,14.9640625,66826.77247572309,10,2026-07-25T20:06:25.387258+00:00,,
42,cpu,end_to_end,512,45,512,0.0072192,7.2192,14.1,70921.98581560283,10,2026-07-25T20:06:25.387258+00:00,,
42,cpu,end_to_end,512,46,512,0.0086298,8.6298,16.855078125,59329.30079491993,10,2026-07-25T20:06:25.387258+00:00,,
42,cpu,end_to_end,512,47,512,0.0082103,8.2103,16.035742187500002,62360.69327551977,10,2026-07-25T20:06:25.387258+00:00,,
42,cpu,end_to_end,512,48,512,0.0080527,8.0527,15.7279296875,63581.159114334325,10,2026-07-25T20:06:25.387258+00:00,,
42,cpu,end_to_end,512,49,512,0.0087442,8.744200000000001,17.078515625,58553.09805356693,10,2026-07-25T20:06:25.387258+00:00,,
42,cpu,end_to_end,512,50,512,0.0085821,8.5821,16.7619140625,59659.057806364406,10,2026-07-25T20:06:25.387258+00:00,,
42,cpu,end_to_end,512,51,512,0.0080651,8.065100000000001,15.7521484375,63483.40380156476,10,2026-07-25T20:06:25.387258+00:00,,
42,cpu,end_to_end,512,52,512,0.0076838,7.6838,15.007421875,66633.69686873682,10,2026-07-25T20:06:25.387258+00:00,,
42,cpu,end_to_end,512,53,512,0.0088646,8.8646,17.313671875,57757.823252036185,10,2026-07-25T20:06:25.387258+00:00,,
42,cpu,end_to_end,512,54,512,0.0080646,8.0646,15.751171874999999,63487.33973166679,10,2026-07-25T20:06:25.387258+00:00,,
42,cpu,end_to_end,512,55,512,0.0083315,8.3315,16.2724609375,61453.51977435035,10,2026-07-25T20:06:25.387258+00:00,,
42,cpu,end_to_end,512,56,512,0.0084533,8.4533,16.510351562500002,60568.06217690132,10,2026-07-25T20:06:25.387258+00:00,,
42,cpu,end_to_end,512,57,512,0.0076465,7.6465,14.9345703125,66958.73929248676,10,2026-07-25T20:06:25.387258+00:00,,
42,cpu,end_to_end,512,58,512,0.0087496,8.7496,17.0890625,58516.96077534973,10,2026-07-25T20:06:25.387258+00:00,,
42,cpu,end_to_end,512,59,512,0.0085095,8.5095,16.6201171875,60168.047476349966,10,2026-07-25T20:06:25.387258+00:00,,
42,cpu,end_to_end,512,60,512,0.0082153,8.2153,16.0455078125,62322.73927914988,10,2026-07-25T20:06:25.387258+00:00,,
42,cpu,end_to_end,512,61,512,0.0081549,8.1549,15.9275390625,62784.33825062233,10,2026-07-25T20:06:25.387258+00:00,,
42,cpu,end_to_end,512,62,512,0.0076215,7.6215,14.8857421875,67178.37695991603,10,2026-07-25T20:06:25.387258+00:00,,
42,cpu,end_to_end,512,63,512,0.0088964,8.8964,17.37578125,57551.369093116315,10,2026-07-25T20:06:25.387258+00:00,,
42,cpu,end_to_end,512,64,512,0.0086988,8.6988,16.98984375,58858.69315307859,10,2026-07-25T20:06:25.387258+00:00,,
42,cpu,end_to_end,512,65,512,0.0085977,8.5977,16.792382812499998,59550.81010037568,10,2026-07-25T20:06:25.387258+00:00,,
42,cpu,end_to_end,512,66,512,0.0081747,8.1747,15.9662109375,62632.26785080798,10,2026-07-25T20:06:25.387258+00:00,,
42,cpu,end_to_end,512,67,512,0.0083476,8.3476,16.30390625,61334.99448943409,10,2026-07-25T20:06:25.387258+00:00,,
42,cpu,end_to_end,512,68,512,0.0077496,7.7496,15.135937499999999,66067.9260865077,10,2026-07-25T20:06:25.387258+00:00,,
42,cpu,end_to_end,512,69,512,0.0082741,8.274099999999999,16.1603515625,61879.84191634136,10,2026-07-25T20:06:25.387258+00:00,,
42,cpu,end_to_end,512,70,512,0.0078793,7.879300000000001,15.3892578125,64980.39165915753,10,2026-07-25T20:06:25.387258+00:00,,
42,cpu,end_to_end,512,71,512,0.0085187,8.5187,16.6380859375,60103.0673694343,10,2026-07-25T20:06:25.387258+00:00,,
42,cpu,end_to_end,512,72,512,0.0089828,8.982800000000001,17.544531250000002,56997.81805227768,10,2026-07-25T20:06:25.387258+00:00,,
42,cpu,end_to_end,512,73,512,0.0091054,9.1054,17.783984375,56230.368792145324,10,2026-07-25T20:06:25.387258+00:00,,
42,cpu,end_to_end,512,74,512,0.0087853,8.7853,17.1587890625,58279.17088773292,10,2026-07-25T20:06:25.387258+00:00,,
42,cpu,end_to_end,512,75,512,0.0075289,7.5289,14.7048828125,68004.62218916442,10,2026-07-25T20:06:25.387258+00:00,,
42,cpu,end_to_end,512,76,512,0.0076627,7.6627,14.9662109375,66817.17932321505,10,2026-07-25T20:06:25.387258+00:00,,
42,cpu,end_to_end,512,77,512,0.0083173,8.3173,16.2447265625,61558.43843555,10,2026-07-25T20:06:25.387258+00:00,,
42,cpu,end_to_end,512,78,512,0.0088237,8.8237,17.2337890625,58025.544839466434,10,2026-07-25T20:06:25.387258+00:00,,
42,cpu,end_to_end,512,79,512,0.0088342,8.834200000000001,17.254296875,57956.57784519254,10,2026-07-25T20:06:25.387258+00:00,,
42,cpu,end_to_end,512,80,512,0.0080027,8.002699999999999,15.6302734375,63978.40728754046,10,2026-07-25T20:06:25.387258+00:00,,
42,cpu,end_to_end,512,81,512,0.0077041,7.7041,15.0470703125,66458.11970249607,10,2026-07-25T20:06:25.387258+00:00,,
42,cpu,end_to_end,512,82,512,0.0084417,8.441699999999999,16.4876953125,60651.290616818886,10,2026-07-25T20:06:25.387258+00:00,,
42,cpu,end_to_end,512,83,512,0.0080732,8.073200000000002,15.767968750000001,63419.709656641724,10,2026-07-25T20:06:25.387258+00:00,,
42,cpu,end_to_end,512,84,512,0.008164,8.164,15.945312499999998,62714.35570798629,10,2026-07-25T20:06:25.387258+00:00,,
42,cpu,end_to_end,512,85,512,0.0077603,7.7603,15.1568359375,65976.830792624,10,2026-07-25T20:06:25.387258+00:00,,
42,cpu,end_to_end,512,86,512,0.0079959,7.995900000000001,15.616992187500001,64032.81681861954,10,2026-07-25T20:06:25.387258+00:00,,
42,cpu,end_to_end,512,87,512,0.0113623,11.362300000000001,22.191992187500002,45061.29920878695,10,2026-07-25T20:06:25.387258+00:00,,
42,cpu,end_to_end,512,88,512,0.0128884,12.888399999999999,25.17265625,39725.64476583595,10,2026-07-25T20:06:25.387258+00:00,,
42,cpu,end_to_end,512,89,512,0.0114096,11.409600000000001,22.284375,44874.49165614921,10,2026-07-25T20:06:25.387258+00:00,,
42,cpu,end_to_end,512,90,512,0.0120408,12.0408,23.517187500000002,42522.09155537838,10,2026-07-25T20:06:25.387258+00:00,,
42,cpu,end_to_end,512,91,512,0.012248,12.248,23.921875,41802.74330502939,10,2026-07-25T20:06:25.387258+00:00,,
42,cpu,end_to_end,512,92,512,0.0114827,11.4827,22.4271484375,44588.8162191819,10,2026-07-25T20:06:25.387258+00:00,,
42,cpu,end_to_end,512,93,512,0.0108178,10.8178,21.128515625000002,47329.40154190316,10,2026-07-25T20:06:25.387258+00:00,,
42,cpu,end_to_end,512,94,512,0.0113821,11.3821,22.230664062499997,44982.91176496429,10,2026-07-25T20:06:25.387258+00:00,,
42,cpu,end_to_end,512,95,512,0.0105132,10.513200000000001,20.53359375,48700.681048586535,10,2026-07-25T20:06:25.387258+00:00,,
42,cpu,end_to_end,512,96,512,0.0102326,10.2326,19.985546875,50036.15894298614,10,2026-07-25T20:06:25.387258+00:00,,
42,cpu,end_to_end,512,97,512,0.012543,12.543000000000001,24.498046875,40819.58064258949,10,2026-07-25T20:06:25.387258+00:00,,
42,cpu,end_to_end,512,98,512,0.0125968,12.5968,24.603125,40645.24323637749,10,2026-07-25T20:06:25.387258+00:00,,
42,cpu,end_to_end,512,99,512,0.0112507,11.2507,21.9740234375,45508.279484832055,10,2026-07-25T20:06:25.387258+00:00,,
42,cpu,model_only,4096,0,4096,0.0107443,10.7443,2.6231201171875,381225.3939298046,10,2026-07-25T20:06:25.387258+00:00,,
42,cpu,model_only,4096,1,4096,0.0113148,11.3148,2.76240234375,362003.74730441545,10,2026-07-25T20:06:25.387258+00:00,,
42,cpu,model_only,4096,2,4096,0.0120431,12.043099999999999,2.9402099609374996,340111.7652431683,10,2026-07-25T20:06:25.387258+00:00,,
42,cpu,model_only,4096,3,4096,0.0115469,11.5469,2.8190673828125004,354727.24280975846,10,2026-07-25T20:06:25.387258+00:00,,
42,cpu,model_only,4096,4,4096,0.0115825,11.582500000000001,2.8277587890625,353636.9522987265,10,2026-07-25T20:06:25.387258+00:00,,
42,cpu,model_only,4096,5,4096,0.0113579,11.3579,2.7729248046875004,360630.0460472446,10,2026-07-25T20:06:25.387258+00:00,,
42,cpu,model_only,4096,6,4096,0.0110183,11.0183,2.6900146484375,371745.18755161867,10,2026-07-25T20:06:25.387258+00:00,,
42,cpu,model_only,4096,7,4096,0.0115355,11.5355,2.8162841796875,355077.8033028477,10,2026-07-25T20:06:25.387258+00:00,,
42,cpu,model_only,4096,8,4096,0.0123697,12.369700000000002,3.0199462890625,331131.7170181977,10,2026-07-25T20:06:25.387258+00:00,,
42,cpu,model_only,4096,9,4096,0.0129619,12.9619,3.1645263671875,316003.0551076617,10,2026-07-25T20:06:25.387258+00:00,,
42,cpu,model_only,4096,10,4096,0.0120306,12.030600000000002,2.937158203125,340465.14720795304,10,2026-07-25T20:06:25.387258+00:00,,
42,cpu,model_only,4096,11,4096,0.0121407,12.1407,2.9640380859375,337377.5811938356,10,2026-07-25T20:06:25.387258+00:00,,
42,cpu,model_only,4096,12,4096,0.0118813,11.8813,2.9007080078125,344743.42033279187,10,2026-07-25T20:06:25.387258+00:00,,
42,cpu,model_only,4096,13,4096,0.0113,11.299999999999999,2.7587890625,362477.8761061947,10,2026-07-25T20:06:25.387258+00:00,,
42,cpu,model_only,4096,14,4096,0.013139,13.139,3.207763671875,311743.6639013624,10,2026-07-25T20:06:25.387258+00:00,,
42,cpu,model_only,4096,15,4096,0.0129517,12.9517,3.1620361328125,316251.9205972961,10,2026-07-25T20:06:25.387258+00:00,,
42,cpu,model_only,4096,16,4096,0.0117121,11.7121,2.8593994140625,349723.78992665705,10,2026-07-25T20:06:25.387258+00:00,,
42,cpu,model_only,4096,17,4096,0.0112503,11.2503,2.7466552734375,364079.18011075264,10,2026-07-25T20:06:25.387258+00:00,,
42,cpu,model_only,4096,18,4096,0.011263,11.263,2.749755859375,363668.64956050785,10,2026-07-25T20:06:25.387258+00:00,,
42,cpu,model_only,4096,19,4096,0.0108399,10.8399,2.6464599609375,377863.26442125853,10,2026-07-25T20:06:25.387258+00:00,,
42,cpu,model_only,4096,20,4096,0.0103949,10.3949,2.5378173828125,394039.38469826546,10,2026-07-25T20:06:25.387258+00:00,,
42,cpu,model_only,4096,21,4096,0.0100904,10.090399999999999,2.4634765625,405930.3892809007,10,2026-07-25T20:06:25.387258+00:00,,
42,cpu,model_only,4096,22,4096,0.0106033,10.603299999999999,2.5886962890625,386294.8327407505,10,2026-07-25T20:06:25.387258+00:00,,
42,cpu,model_only,4096,23,4096,0.0102612,10.2612,2.50517578125,399173.5859353682,10,2026-07-25T20:06:25.387258+00:00,,
42,cpu,model_only,4096,24,4096,0.0103364,10.336400000000001,2.5235351562500004,396269.49421462015,10,2026-07-25T20:06:25.387258+00:00,,
42,cpu,model_only,4096,25,4096,0.0129887,12.988700000000001,3.1710693359375,315351.0359004365,10,2026-07-25T20:06:25.387258+00:00,,
42,cpu,model_only,4096,26,4096,0.0127511,12.7511,3.1130615234375,321227.188242583,10,2026-07-25T20:06:25.387258+00:00,,
42,cpu,model_only,4096,27,4096,0.0110476,11.0476,2.6971679687499996,370759.2599297585,10,2026-07-25T20:06:25.387258+00:00,,
42,cpu,model_only,4096,28,4096,0.0114581,11.4581,2.7973876953125,357476.37042790686,10,2026-07-25T20:06:25.387258+00:00,,
42,cpu,model_only,4096,29,4096,0.0112828,11.2828,2.7545898437500003,363030.45343354484,10,2026-07-25T20:06:25.387258+00:00,,
42,cpu,model_only,4096,30,4096,0.0108757,10.8757,2.6552001953125,376619.43599032704,10,2026-07-25T20:06:25.387258+00:00,,
42,cpu,model_only,4096,31,4096,0.0109165,10.916500000000001,2.6651611328125,375211.83529519534,10,2026-07-25T20:06:25.387258+00:00,,
42,cpu,model_only,4096,32,4096,0.0107092,10.709200000000001,2.61455078125,382474.8814103761,10,2026-07-25T20:06:25.387258+00:00,,
42,cpu,model_only,4096,33,4096,0.0117706,11.770600000000002,2.873681640625,347985.6591847484,10,2026-07-25T20:06:25.387258+00:00,,
42,cpu,model_only,4096,34,4096,0.0124506,12.4506,3.0396972656249996,328980.12947167206,10,2026-07-25T20:06:25.387258+00:00,,
42,cpu,model_only,4096,35,4096,0.012227,12.227,2.985107421875,334996.31962051196,10,2026-07-25T20:06:25.387258+00:00,,
42,cpu,model_only,4096,36,4096,0.0137132,13.7132,3.34794921875,298690.3129831112,10,2026-07-25T20:06:25.387258+00:00,,
42,cpu,model_only,4096,37,4096,0.0130767,13.0767,3.1925537109375,313228.87272782886,10,2026-07-25T20:06:25.387258+00:00,,
42,cpu,model_only,4096,38,4096,0.0120416,12.041599999999999,2.93984375,340154.13234121713,10,2026-07-25T20:06:25.387258+00:00,,
42,cpu,model_only,4096,39,4096,0.0122566,12.256599999999999,2.9923339843749996,334187.29500840366,10,2026-07-25T20:06:25.387258+00:00,,
42,cpu,model_only,4096,40,4096,0.0114223,11.4223,2.7886474609375,358596.7799830157,10,2026-07-25T20:06:25.387258+00:00,,
42,cpu,model_only,4096,41,4096,0.011185,11.185,2.730712890625,366204.7384890478,10,2026-07-25T20:06:25.387258+00:00,,
42,cpu,model_only,4096,42,4096,0.0108185,10.8185,2.6412353515625,378610.7131302861,10,2026-07-25T20:06:25.387258+00:00,,
42,cpu,model_only,4096,43,4096,0.0108711,10.8711,2.6540771484375,376778.7988336047,10,2026-07-25T20:06:25.387258+00:00,,
42,cpu,model_only,4096,44,4096,0.0105107,10.5107,2.5660888671874997,389698.11715680215,10,2026-07-25T20:06:25.387258+00:00,,
42,cpu,model_only,4096,45,4096,0.0107752,10.7752,2.6306640625,380132.15531962283,10,2026-07-25T20:06:25.387258+00:00,,
42,cpu,model_only,4096,46,4096,0.0118375,11.8375,2.8900146484375,346019.00739176344,10,2026-07-25T20:06:25.387258+00:00,,
42,cpu,model_only,4096,47,4096,0.0108861,10.886099999999999,2.6577392578124996,376259.633844995,10,2026-07-25T20:06:25.387258+00:00,,
42,cpu,model_only,4096,48,4096,0.0104835,10.4835,2.5594482421875,390709.20971049747,10,2026-07-25T20:06:25.387258+00:00,,
42,cpu,model_only,4096,49,4096,0.0103545,10.354500000000002,2.5279541015625,395576.80235646333,10,2026-07-25T20:06:25.387258+00:00,,
42,cpu,model_only,4096,50,4096,0.0104892,10.4892,2.56083984375,390496.89204133773,10,2026-07-25T20:06:25.387258+00:00,,
42,cpu,model_only,4096,51,4096,0.0101767,10.1767,2.4845458984375,402488.03639686736,10,2026-07-25T20:06:25.387258+00:00,,
42,cpu,model_only,4096,52,4096,0.010315,10.315,2.518310546875,397091.6141541445,10,2026-07-25T20:06:25.387258+00:00,,
42,cpu,model_only,4096,53,4096,0.0103873,10.3873,2.5359619140625003,394327.6886197568,10,2026-07-25T20:06:25.387258+00:00,,
42,cpu,model_only,4096,54,4096,0.0104854,10.4854,2.5599121093750004,390638.4115055219,10,2026-07-25T20:06:25.387258+00:00,,
42,cpu,model_only,4096,55,4096,0.0105898,10.5898,2.585400390625,386787.2858788646,10,2026-07-25T20:06:25.387258+00:00,,
42,cpu,model_only,4096,56,4096,0.0106944,10.6944,2.6109375,383004.18910831836,10,2026-07-25T20:06:25.387258+00:00,,
42,cpu,model_only,4096,57,4096,0.010629,10.629,2.594970703125,385360.80534387054,10,2026-07-25T20:06:25.387258+00:00,,
42,cpu,model_only,4096,58,4096,0.0102273,10.2273,2.4968994140625,400496.70978655166,10,2026-07-25T20:06:25.387258+00:00,,
42,cpu,model_only,4096,59,4096,0.0107731,10.773100000000001,2.6301513671875,380206.254467145,10,2026-07-25T20:06:25.387258+00:00,,
42,cpu,model_only,4096,60,4096,0.0105458,10.5458,2.574658203125,388401.06962013314,10,2026-07-25T20:06:25.387258+00:00,,
42,cpu,model_only,4096,61,4096,0.010368,10.368,2.53125,395061.7283950617,10,2026-07-25T20:06:25.387258+00:00,,
42,cpu,model_only,4096,62,4096,0.010475,10.475,2.557373046875,391026.25298329355,10,2026-07-25T20:06:25.387258+00:00,,
42,cpu,model_only,4096,63,4096,0.0105778,10.5778,2.582470703125,387226.07725614024,10,2026-07-25T20:06:25.387258+00:00,,
42,cpu,model_only,4096,64,4096,0.0111151,11.1151,2.7136474609374996,368507.70573364163,10,2026-07-25T20:06:25.387258+00:00,,
42,cpu,model_only,4096,65,4096,0.0106171,10.6171,2.5920654296875,385792.73059498356,10,2026-07-25T20:06:25.387258+00:00,,
42,cpu,model_only,4096,66,4096,0.0102551,10.255099999999999,2.5036865234375,399411.0247584129,10,2026-07-25T20:06:25.387258+00:00,,
42,cpu,model_only,4096,67,4096,0.0119888,11.988800000000001,2.9269531250000003,341652.2087281463,10,2026-07-25T20:06:25.387258+00:00,,
42,cpu,model_only,4096,68,4096,0.0112082,11.2082,2.7363769531249997,365446.72650380974,10,2026-07-25T20:06:25.387258+00:00,,
42,cpu,model_only,4096,69,4096,0.0105444,10.544400000000001,2.5743164062500004,388452.63836728496,10,2026-07-25T20:06:25.387258+00:00,,
42,cpu,model_only,4096,70,4096,0.0107889,10.7889,2.6340087890625004,379649.45453197265,10,2026-07-25T20:06:25.387258+00:00,,
42,cpu,model_only,4096,71,4096,0.0108614,10.8614,2.651708984375,377115.2890051006,10,2026-07-25T20:06:25.387258+00:00,,
42,cpu,model_only,4096,72,4096,0.0108718,10.871799999999999,2.654248046875,376754.5392667268,10,2026-07-25T20:06:25.387258+00:00,,
42,cpu,model_only,4096,73,4096,0.0106289,10.6289,2.5949462890625,385364.4309382909,10,2026-07-25T20:06:25.387258+00:00,,
42,cpu,model_only,4096,74,4096,0.0111652,11.1652,2.72587890625,366854.153978433,10,2026-07-25T20:06:25.387258+00:00,,
42,cpu,model_only,4096,75,4096,0.0106727,10.6727,2.6056396484375,383782.9227843001,10,2026-07-25T20:06:25.387258+00:00,,
42,cpu,model_only,4096,76,4096,0.0107008,10.7008,2.6125,382775.1196172249,10,2026-07-25T20:06:25.387258+00:00,,
42,cpu,model_only,4096,77,4096,0.0112954,11.2954,2.7576660156250004,362625.4935637516,10,2026-07-25T20:06:25.387258+00:00,,
42,cpu,model_only,4096,78,4096,0.0107096,10.7096,2.6146484375,382460.59610069473,10,2026-07-25T20:06:25.387258+00:00,,
42,cpu,model_only,4096,79,4096,0.01069,10.69,2.60986328125,383161.8334892423,10,2026-07-25T20:06:25.387258+00:00,,
42,cpu,model_only,4096,80,4096,0.0124342,12.434199999999999,3.0356933593749997,329414.03548278136,10,2026-07-25T20:06:25.387258+00:00,,
42,cpu,model_only,4096,81,4096,0.0113068,11.3068,2.7604492187500003,362259.8790108607,10,2026-07-25T20:06:25.387258+00:00,,
42,cpu,model_only,4096,82,4096,0.0106092,10.6092,2.5901367187499997,386080.0060325001,10,2026-07-25T20:06:25.387258+00:00,,
42,cpu,model_only,4096,83,4096,0.010669,10.669,2.604736328125,383916.0183709814,10,2026-07-25T20:06:25.387258+00:00,,
42,cpu,model_only,4096,84,4096,0.0103333,10.3333,2.5227783203125,396388.3754463724,10,2026-07-25T20:06:25.387258+00:00,,
42,cpu,model_only,4096,85,4096,0.0100877,10.0877,2.4628173828124997,406039.0376398981,10,2026-07-25T20:06:25.387258+00:00,,
42,cpu,model_only,4096,86,4096,0.010496,10.496,2.5625,390243.90243902436,10,2026-07-25T20:06:25.387258+00:00,,
42,cpu,model_only,4096,87,4096,0.0113643,11.3643,2.7744873046875003,360426.9510660577,10,2026-07-25T20:06:25.387258+00:00,,
42,cpu,model_only,4096,88,4096,0.0103667,10.3667,2.5309326171874997,395111.26973868255,10,2026-07-25T20:06:25.387258+00:00,,
42,cpu,model_only,4096,89,4096,0.0101981,10.1981,2.4897705078125,401643.44338651316,10,2026-07-25T20:06:25.387258+00:00,,
42,cpu,model_only,4096,90,4096,0.0109594,10.959399999999999,2.675634765625,373743.08812526235,10,2026-07-25T20:06:25.387258+00:00,,
42,cpu,model_only,4096,91,4096,0.0112016,11.201600000000001,2.734765625,365662.04827881727,10,2026-07-25T20:06:25.387258+00:00,,
42,cpu,model_only,4096,92,4096,0.0112242,11.2242,2.740283203125,364925.7853566401,10,2026-07-25T20:06:25.387258+00:00,,
42,cpu,model_only,4096,93,4096,0.010938,10.938,2.67041015625,374474.3097458402,10,2026-07-25T20:06:25.387258+00:00,,
42,cpu,model_only,4096,94,4096,0.0105487,10.5487,2.5753662109374997,388294.29218766297,10,2026-07-25T20:06:25.387258+00:00,,
42,cpu,model_only,4096,95,4096,0.0112168,11.216800000000001,2.7384765625000003,365166.53591042006,10,2026-07-25T20:06:25.387258+00:00,,
42,cpu,model_only,4096,96,4096,0.011024,11.024000000000001,2.69140625,371552.9753265602,10,2026-07-25T20:06:25.387258+00:00,,
42,cpu,model_only,4096,97,4096,0.0110968,11.0968,2.7091796875000003,369115.4206618124,10,2026-07-25T20:06:25.387258+00:00,,
42,cpu,model_only,4096,98,4096,0.0098953,9.895299999999999,2.4158447265625,413933.8878053218,10,2026-07-25T20:06:25.387258+00:00,,
42,cpu,model_only,4096,99,4096,0.0109734,10.9734,2.679052734375,373266.26205187093,10,2026-07-25T20:06:25.387258+00:00,,
42,cpu,end_to_end,4096,0,4096,0.010479,10.479000000000001,2.558349609375,390876.99207939685,10,2026-07-25T20:06:25.387258+00:00,,
42,cpu,end_to_end,4096,1,4096,0.0108339,10.8339,2.6449951171875,378072.5315906552,10,2026-07-25T20:06:25.387258+00:00,,
42,cpu,end_to_end,4096,2,4096,0.0107234,10.7234,2.618017578125,381968.4055430181,10,2026-07-25T20:06:25.387258+00:00,,
42,cpu,end_to_end,4096,3,4096,0.0105973,10.5973,2.5872314453125003,386513.54590320174,10,2026-07-25T20:06:25.387258+00:00,,
42,cpu,end_to_end,4096,4,4096,0.010443,10.443,2.549560546875,392224.4565737815,10,2026-07-25T20:06:25.387258+00:00,,
42,cpu,end_to_end,4096,5,4096,0.0106722,10.6722,2.6055175781249997,383800.9032814228,10,2026-07-25T20:06:25.387258+00:00,,
42,cpu,end_to_end,4096,6,4096,0.010899,10.899000000000001,2.660888671875,375814.29488943936,10,2026-07-25T20:06:25.387258+00:00,,
42,cpu,end_to_end,4096,7,4096,0.0114478,11.447799999999999,2.794873046875,357798.0048568284,10,2026-07-25T20:06:25.387258+00:00,,
42,cpu,end_to_end,4096,8,4096,0.0114546,11.454600000000001,2.796533203125,357585.5987987359,10,2026-07-25T20:06:25.387258+00:00,,
42,cpu,end_to_end,4096,9,4096,0.0107113,10.7113,2.6150634765625,382399.8954375286,10,2026-07-25T20:06:25.387258+00:00,,
42,cpu,end_to_end,4096,10,4096,0.0106207,10.620700000000001,2.5929443359375,385661.96201756946,10,2026-07-25T20:06:25.387258+00:00,,
42,cpu,end_to_end,4096,11,4096,0.011105,11.105,2.711181640625,368842.8635749662,10,2026-07-25T20:06:25.387258+00:00,,
42,cpu,end_to_end,4096,12,4096,0.0112735,11.2735,2.7523193359375,363329.9330287843,10,2026-07-25T20:06:25.387258+00:00,,
42,cpu,end_to_end,4096,13,4096,0.0105329,10.5329,2.5715087890625,388876.7575881286,10,2026-07-25T20:06:25.387258+00:00,,
42,cpu,end_to_end,4096,14,4096,0.0109213,10.9213,2.6663330078125,375046.9266479265,10,2026-07-25T20:06:25.387258+00:00,,
42,cpu,end_to_end,4096,15,4096,0.011226,11.225999999999999,2.74072265625,364867.27240334934,10,2026-07-25T20:06:25.387258+00:00,,
42,cpu,end_to_end,4096,16,4096,0.011045,11.045,2.696533203125,370846.53689452243,10,2026-07-25T20:06:25.387258+00:00,,
42,cpu,end_to_end,4096,17,4096,0.0107586,10.7586,2.626611328125,380718.68086925807,10,2026-07-25T20:06:25.387258+00:00,,
42,cpu,end_to_end,4096,18,4096,0.0117031,11.7031,2.8572021484374996,349992.7369671284,10,2026-07-25T20:06:25.387258+00:00,,
42,cpu,end_to_end,4096,19,4096,0.0103881,10.388100000000001,2.5361572265625,394297.3209730364,10,2026-07-25T20:06:25.387258+00:00,,
42,cpu,end_to_end,4096,20,4096,0.0109109,10.9109,2.6637939453125,375404.4121016598,10,2026-07-25T20:06:25.387258+00:00,,
42,cpu,end_to_end,4096,21,4096,0.0116003,11.600299999999999,2.8321044921875,353094.3165262968,10,2026-07-25T20:06:25.387258+00:00,,
42,cpu,end_to_end,4096,22,4096,0.0118113,11.811300000000001,2.8836181640625003,346786.5518613531,10,2026-07-25T20:06:25.387258+00:00,,
42,cpu,end_to_end,4096,23,4096,0.010736,10.736,2.62109375,381520.1192250372,10,2026-07-25T20:06:25.387258+00:00,,
42,cpu,end_to_end,4096,24,4096,0.0114749,11.4749,2.8014892578125,356953.0017690786,10,2026-07-25T20:06:25.387258+00:00,,
42,cpu,end_to_end,4096,25,4096,0.0115403,11.5403,2.8174560546875,354930.114468428,10,2026-07-25T20:06:25.387258+00:00,,
42,cpu,end_to_end,4096,26,4096,0.0115221,11.5221,2.8130126953125,355490.7525537879,10,2026-07-25T20:06:25.387258+00:00,,
42,cpu,end_to_end,4096,27,4096,0.0112898,11.2898,2.756298828125,362805.36413399706,10,2026-07-25T20:06:25.387258+00:00,,
42,cpu,end_to_end,4096,28,4096,0.0127656,12.765600000000001,3.1166015625,320862.3174782227,10,2026-07-25T20:06:25.387258+00:00,,
42,cpu,end_to_end,4096,29,4096,0.0118106,11.810599999999999,2.8834472656249996,346807.1054815166,10,2026-07-25T20:06:25.387258+00:00,,
42,cpu,end_to_end,4096,30,4096,0.0113564,11.356399999999999,2.77255859375,360677.67954633513,10,2026-07-25T20:06:25.387258+00:00,,
42,cpu,end_to_end,4096,31,4096,0.0117848,11.7848,2.8771484375,347566.3566628199,10,2026-07-25T20:06:25.387258+00:00,,
42,cpu,end_to_end,4096,32,4096,0.0124584,12.4584,3.0416015625,328774.1604058306,10,2026-07-25T20:06:25.387258+00:00,,
42,cpu,end_to_end,4096,33,4096,0.0110212,11.0212,2.69072265625,371647.3705222662,10,2026-07-25T20:06:25.387258+00:00,,
42,cpu,end_to_end,4096,34,4096,0.011431,11.431000000000001,2.790771484375,358323.85618056165,10,2026-07-25T20:06:25.387258+00:00,,
42,cpu,end_to_end,4096,35,4096,0.0108474,10.8474,2.648291015625,377602.00601065694,10,2026-07-25T20:06:25.387258+00:00,,
42,cpu,end_to_end,4096,36,4096,0.0108981,10.898100000000001,2.6606689453125,375845.3308374854,10,2026-07-25T20:06:25.387258+00:00,,
42,cpu,end_to_end,4096,37,4096,0.0107771,10.777099999999999,2.6311279296875,380065.1381169331,10,2026-07-25T20:06:25.387258+00:00,,
42,cpu,end_to_end,4096,38,4096,0.0103638,10.3638,2.530224609375,395221.8298307571,10,2026-07-25T20:06:25.387258+00:00,,
42,cpu,end_to_end,4096,39,4096,0.0103907,10.390699999999999,2.5367919921874997,394198.6584156987,10,2026-07-25T20:06:25.387258+00:00,,
42,cpu,end_to_end,4096,40,4096,0.0108293,10.8293,2.6438720703125,378233.126794899,10,2026-07-25T20:06:25.387258+00:00,,
42,cpu,end_to_end,4096,41,4096,0.0114457,11.4457,2.7943603515624997,357863.6518517872,10,2026-07-25T20:06:25.387258+00:00,,
42,cpu,end_to_end,4096,42,4096,0.010751,10.751,2.624755859375,380987.81508696865,10,2026-07-25T20:06:25.387258+00:00,,
42,cpu,end_to_end,4096,43,4096,0.0112067,11.2067,2.7360107421875,365495.64100047294,10,2026-07-25T20:06:25.387258+00:00,,
42,cpu,end_to_end,4096,44,4096,0.0116416,11.6416,2.8421875,351841.6712479384,10,2026-07-25T20:06:25.387258+00:00,,
42,cpu,end_to_end,4096,45,4096,0.0114813,11.4813,2.8030517578125,356754.02611202566,10,2026-07-25T20:06:25.387258+00:00,,
42,cpu,end_to_end,4096,46,4096,0.0113094,11.3094,2.7610839843750004,362176.5964595823,10,2026-07-25T20:06:25.387258+00:00,,
42,cpu,end_to_end,4096,47,4096,0.011085,11.084999999999999,2.706298828125,369508.34460983315,10,2026-07-25T20:06:25.387258+00:00,,
42,cpu,end_to_end,4096,48,4096,0.0110059,11.0059,2.6869873046875004,372164.0211159469,10,2026-07-25T20:06:25.387258+00:00,,
42,cpu,end_to_end,4096,49,4096,0.0105442,10.5442,2.574267578125,388460.00644904305,10,2026-07-25T20:06:25.387258+00:00,,
42,cpu,end_to_end,4096,50,4096,0.0108899,10.889899999999999,2.6586669921875,376128.33910320577,10,2026-07-25T20:06:25.387258+00:00,,
42,cpu,end_to_end,4096,51,4096,0.0105801,10.5801,2.5830322265625,387141.8984697687,10,2026-07-25T20:06:25.387258+00:00,,
42,cpu,end_to_end,4096,52,4096,0.0113478,11.3478,2.770458984375,360951.02134334407,10,2026-07-25T20:06:25.387258+00:00,,
42,cpu,end_to_end,4096,53,4096,0.0120942,12.094199999999999,2.9526855468749997,338674.73665062594,10,2026-07-25T20:06:25.387258+00:00,,
42,cpu,end_to_end,4096,54,4096,0.0114382,11.4382,2.792529296875,358098.302180413,10,2026-07-25T20:06:25.387258+00:00,,
42,cpu,end_to_end,4096,55,4096,0.0110549,11.0549,2.6989501953125,370514.4325140888,10,2026-07-25T20:06:25.387258+00:00,,
42,cpu,end_to_end,4096,56,4096,0.0106545,10.6545,2.6011962890625,384438.5001642498,10,2026-07-25T20:06:25.387258+00:00,,
42,cpu,end_to_end,4096,57,4096,0.0106537,10.6537,2.6010009765625,384467.36814440053,10,2026-07-25T20:06:25.387258+00:00,,
42,cpu,end_to_end,4096,58,4096,0.011491,11.491,2.805419921875,356452.87616395444,10,2026-07-25T20:06:25.387258+00:00,,
42,cpu,end_to_end,4096,59,4096,0.0106531,10.6531,2.6008544921875,384489.0219748242,10,2026-07-25T20:06:25.387258+00:00,,
42,cpu,end_to_end,4096,60,4096,0.0107838,10.7838,2.632763671875,379829.0027634044,10,2026-07-25T20:06:25.387258+00:00,,
42,cpu,end_to_end,4096,61,4096,0.0110182,11.0182,2.689990234375,371748.5614710206,10,2026-07-25T20:06:25.387258+00:00,,
42,cpu,end_to_end,4096,62,4096,0.0108505,10.8505,2.6490478515625,377494.1246947145,10,2026-07-25T20:06:25.387258+00:00,,
42,cpu,end_to_end,4096,63,4096,0.0107535,10.753499999999999,2.6253662109375,380899.2421072209,10,2026-07-25T20:06:25.387258+00:00,,
42,cpu,end_to_end,4096,64,4096,0.0108143,10.814300000000001,2.6402099609375003,378757.7559342722,10,2026-07-25T20:06:25.387258+00:00,,
42,cpu,end_to_end,4096,65,4096,0.0110112,11.0112,2.68828125,371984.88811392034,10,2026-07-25T20:06:25.387258+00:00,,
42,cpu,end_to_end,4096,66,4096,0.0106509,10.6509,2.6003173828125,384568.44022570865,10,2026-07-25T20:06:25.387258+00:00,,
42,cpu,end_to_end,4096,67,4096,0.0111806,11.1806,2.729638671875,366348.854265424,10,2026-07-25T20:06:25.387258+00:00,,
42,cpu,end_to_end,4096,68,4096,0.0107364,10.7364,2.62119140625,381505.9051451138,10,2026-07-25T20:06:25.387258+00:00,,
42,cpu,end_to_end,4096,69,4096,0.0107131,10.713099999999999,2.6155029296875,382335.64514472935,10,2026-07-25T20:06:25.387258+00:00,,
42,cpu,end_to_end,4096,70,4096,0.0108442,10.8442,2.647509765625,377713.43206506706,10,2026-07-25T20:06:25.387258+00:00,,
42,cpu,end_to_end,4096,71,4096,0.010868,10.867999999999999,2.6533203125,376886.2716231138,10,2026-07-25T20:06:25.387258+00:00,,
42,cpu,end_to_end,4096,72,4096,0.0108597,10.8597,2.6512939453125,377174.3234159323,10,2026-07-25T20:06:25.387258+00:00,,
42,cpu,end_to_end,4096,73,4096,0.0103423,10.3423,2.5249755859375003,396043.4332788644,10,2026-07-25T20:06:25.387258+00:00,,
42,cpu,end_to_end,4096,74,4096,0.0108732,10.873199999999999,2.6545898437499997,376706.02950373397,10,2026-07-25T20:06:25.387258+00:00,,
42,cpu,end_to_end,4096,75,4096,0.0104073,10.4073,2.5408447265625,393569.8980523287,10,2026-07-25T20:06:25.387258+00:00,,
42,cpu,end_to_end,4096,76,4096,0.0109539,10.9539,2.6742919921875004,373930.7461269502,10,2026-07-25T20:06:25.387258+00:00,,
42,cpu,end_to_end,4096,77,4096,0.0106572,10.6572,2.60185546875,384341.1027286717,10,2026-07-25T20:06:25.387258+00:00,,
42,cpu,end_to_end,4096,78,4096,0.0104068,10.4068,2.5407226562500003,393588.80731829186,10,2026-07-25T20:06:25.387258+00:00,,
42,cpu,end_to_end,4096,79,4096,0.0110746,11.0746,2.703759765625,369855.34466256114,10,2026-07-25T20:06:25.387258+00:00,,
42,cpu,end_to_end,4096,80,4096,0.0105053,10.5053,2.5647705078125003,389898.4322199271,10,2026-07-25T20:06:25.387258+00:00,,
42,cpu,end_to_end,4096,81,4096,0.0117002,11.700199999999999,2.8564941406249997,350079.48582075525,10,2026-07-25T20:06:25.387258+00:00,,
42,cpu,end_to_end,4096,82,4096,0.0111404,11.1404,2.71982421875,367670.81971922016,10,2026-07-25T20:06:25.387258+00:00,,
42,cpu,end_to_end,4096,83,4096,0.0109834,10.983400000000001,2.6814941406250004,372926.41622812604,10,2026-07-25T20:06:25.387258+00:00,,
42,cpu,end_to_end,4096,84,4096,0.0106272,10.6272,2.59453125,385426.07648298703,10,2026-07-25T20:06:25.387258+00:00,,
42,cpu,end_to_end,4096,85,4096,0.0108376,10.8376,2.6458984374999996,377943.4561157452,10,2026-07-25T20:06:25.387258+00:00,,
42,cpu,end_to_end,4096,86,4096,0.0111145,11.1145,2.7135009765625,368527.59908227995,10,2026-07-25T20:06:25.387258+00:00,,
42,cpu,end_to_end,4096,87,4096,0.0115208,11.5208,2.8126953125,355530.8659120895,10,2026-07-25T20:06:25.387258+00:00,,
42,cpu,end_to_end,4096,88,4096,0.0106516,10.6516,2.60048828125,384543.16722370347,10,2026-07-25T20:06:25.387258+00:00,,
42,cpu,end_to_end,4096,89,4096,0.0107808,10.7808,2.63203125,379934.6987236569,10,2026-07-25T20:06:25.387258+00:00,,
42,cpu,end_to_end,4096,90,4096,0.0108595,10.859499999999999,2.6512451171875,377181.2698558866,10,2026-07-25T20:06:25.387258+00:00,,
42,cpu,end_to_end,4096,91,4096,0.0107783,10.7783,2.6314208984375,380022.82363638055,10,2026-07-25T20:06:25.387258+00:00,,
42,cpu,end_to_end,4096,92,4096,0.0107236,10.7236,2.61806640625,381961.2816591443,10,2026-07-25T20:06:25.387258+00:00,,
42,cpu,end_to_end,4096,93,4096,0.010322,10.322,2.52001953125,396822.3212555706,10,2026-07-25T20:06:25.387258+00:00,,
42,cpu,end_to_end,4096,94,4096,0.0108938,10.8938,2.6596191406250003,375993.68448108097,10,2026-07-25T20:06:25.387258+00:00,,
42,cpu,end_to_end,4096,95,4096,0.0107505,10.750499999999999,2.6246337890625,381005.5346262965,10,2026-07-25T20:06:25.387258+00:00,,
42,cpu,end_to_end,4096,96,4096,0.0104045,10.4045,2.5401611328125,393675.8133499928,10,2026-07-25T20:06:25.387258+00:00,,
42,cpu,end_to_end,4096,97,4096,0.0111294,11.129399999999999,2.717138671875,368034.2156809891,10,2026-07-25T20:06:25.387258+00:00,,
42,cpu,end_to_end,4096,98,4096,0.0107274,10.7274,2.618994140625,381825.97833585023,10,2026-07-25T20:06:25.387258+00:00,,
42,cpu,end_to_end,4096,99,4096,0.0106636,10.6636,2.60341796875,384110.43174912786,10,2026-07-25T20:06:25.387258+00:00,,
42,cpu,full_test_end_to_end,4096,0,1614182,19.3082494,19308.2494,11.961630968502934,83600.63963126559,1,2026-07-25T20:06:58.174452+00:00,4096.0,end_to_end
42,cpu,full_test_end_to_end,4096,1,1614182,19.5760962,19576.0962,12.127564425820632,82456.7872730417,1,2026-07-25T20:06:58.174452+00:00,4096.0,end_to_end
42,cpu,full_test_end_to_end,4096,2,1614182,19.6564238,19656.4238,12.177328083202514,82119.82079873553,1,2026-07-25T20:06:58.174452+00:00,4096.0,end_to_end
42,cpu,full_test_end_to_end,4096,3,1614182,19.0205708,19020.5708,11.7834115359978,84865.06619454343,1,2026-07-25T20:06:58.174452+00:00,4096.0,end_to_end
42,cpu,full_test_end_to_end,4096,4,1614182,18.5586386,18558.6386,11.497240459873792,86977.39283526973,1,2026-07-25T20:06:58.174452+00:00,4096.0,end_to_end
