seed,device,benchmark_type,batch_size,repetition,number_of_flows,elapsed_seconds,batch_latency_ms,effective_time_per_flow_us,throughput_flows_per_second,warmup_iterations,timestamp_utc,warmup_batch_size,warmup_scope
41,cpu,model_only,1,0,1,0.0066598,6.6598,6659.799999999999,150.15465929907805,10,2026-07-25T20:02:47.012670+00:00,,
41,cpu,model_only,1,1,1,0.0065868,6.5868,6586.8,151.81878909333818,10,2026-07-25T20:02:47.012670+00:00,,
41,cpu,model_only,1,2,1,0.0069338,6.933800000000001,6933.8,144.22106204390087,10,2026-07-25T20:02:47.012670+00:00,,
41,cpu,model_only,1,3,1,0.0066644,6.6644,6664.4,150.0510173458976,10,2026-07-25T20:02:47.012670+00:00,,
41,cpu,model_only,1,4,1,0.0070029,7.0029,7002.900000000001,142.79798369247027,10,2026-07-25T20:02:47.012670+00:00,,
41,cpu,model_only,1,5,1,0.0064773,6.4773000000000005,6477.3,154.38531486884966,10,2026-07-25T20:02:47.012670+00:00,,
41,cpu,model_only,1,6,1,0.0069363,6.9363,6936.3,144.16908149878176,10,2026-07-25T20:02:47.012670+00:00,,
41,cpu,model_only,1,7,1,0.0066341,6.6341,6634.1,150.73634705536546,10,2026-07-25T20:02:47.012670+00:00,,
41,cpu,model_only,1,8,1,0.0076715,7.6715,7671.5,130.35260379326076,10,2026-07-25T20:02:47.012670+00:00,,
41,cpu,model_only,1,9,1,0.0069963,6.9963,6996.299999999999,142.93269299486872,10,2026-07-25T20:02:47.012670+00:00,,
41,cpu,model_only,1,10,1,0.0067502,6.7501999999999995,6750.2,148.14375870344583,10,2026-07-25T20:02:47.012670+00:00,,
41,cpu,model_only,1,11,1,0.0087148,8.7148,8714.8,114.74732638729517,10,2026-07-25T20:02:47.012670+00:00,,
41,cpu,model_only,1,12,1,0.0070342,7.0342,7034.2,142.16257712319808,10,2026-07-25T20:02:47.012670+00:00,,
41,cpu,model_only,1,13,1,0.0065834,6.583399999999999,6583.4,151.89719597776227,10,2026-07-25T20:02:47.012670+00:00,,
41,cpu,model_only,1,14,1,0.0068217,6.8217,6821.7,146.5910256974068,10,2026-07-25T20:02:47.012670+00:00,,
41,cpu,model_only,1,15,1,0.0065153,6.5153,6515.3,153.48487406566082,10,2026-07-25T20:02:47.012670+00:00,,
41,cpu,model_only,1,16,1,0.0067042,6.704199999999999,6704.2,149.16022791682826,10,2026-07-25T20:02:47.012670+00:00,,
41,cpu,model_only,1,17,1,0.006494,6.494,6494.0,153.9882968894364,10,2026-07-25T20:02:47.012670+00:00,,
41,cpu,model_only,1,18,1,0.006594,6.594,6594.0,151.6530178950561,10,2026-07-25T20:02:47.012670+00:00,,
41,cpu,model_only,1,19,1,0.0072224,7.2224,7222.400000000001,138.45813026140894,10,2026-07-25T20:02:47.012670+00:00,,
41,cpu,model_only,1,20,1,0.0064237,6.4237,6423.7,155.67352149072963,10,2026-07-25T20:02:47.012670+00:00,,
41,cpu,model_only,1,21,1,0.0068752,6.8751999999999995,6875.2,145.45031417267862,10,2026-07-25T20:02:47.012670+00:00,,
41,cpu,model_only,1,22,1,0.0063036,6.3036,6303.6,158.63950758296846,10,2026-07-25T20:02:47.012670+00:00,,
41,cpu,model_only,1,23,1,0.0062689,6.2689,6268.9,159.51761872098774,10,2026-07-25T20:02:47.012670+00:00,,
41,cpu,model_only,1,24,1,0.0068959,6.8959,6895.9,145.01370379500864,10,2026-07-25T20:02:47.012670+00:00,,
41,cpu,model_only,1,25,1,0.0060161,6.0161,6016.1,166.22064127923406,10,2026-07-25T20:02:47.012670+00:00,,
41,cpu,model_only,1,26,1,0.0064361,6.4361,6436.1,155.37359581112784,10,2026-07-25T20:02:47.012670+00:00,,
41,cpu,model_only,1,27,1,0.0064093,6.4093,6409.299999999999,156.02327867317805,10,2026-07-25T20:02:47.012670+00:00,,
41,cpu,model_only,1,28,1,0.0067146,6.7146,6714.6,148.92919905876747,10,2026-07-25T20:02:47.012670+00:00,,
41,cpu,model_only,1,29,1,0.0064473,6.4473,6447.3,155.10368681463558,10,2026-07-25T20:02:47.012670+00:00,,
41,cpu,model_only,1,30,1,0.0064663,6.4663,6466.3,154.6479439555851,10,2026-07-25T20:02:47.012670+00:00,,
41,cpu,model_only,1,31,1,0.0068307,6.8307,6830.700000000001,146.3978801586953,10,2026-07-25T20:02:47.012670+00:00,,
41,cpu,model_only,1,32,1,0.0066019,6.6019,6601.9,151.47154607007073,10,2026-07-25T20:02:47.012670+00:00,,
41,cpu,model_only,1,33,1,0.0074723,7.472300000000001,7472.3,133.82760328145284,10,2026-07-25T20:02:47.012670+00:00,,
41,cpu,model_only,1,34,1,0.0063968,6.3968,6396.8,156.328164082041,10,2026-07-25T20:02:47.012670+00:00,,
41,cpu,model_only,1,35,1,0.0063905,6.3905,6390.5,156.48227838197323,10,2026-07-25T20:02:47.012670+00:00,,
41,cpu,model_only,1,36,1,0.006751,6.751,6751.0,148.12620352540364,10,2026-07-25T20:02:47.012670+00:00,,
41,cpu,model_only,1,37,1,0.0063454,6.345400000000001,6345.400000000001,157.59447788949475,10,2026-07-25T20:02:47.012670+00:00,,
41,cpu,model_only,1,38,1,0.006709,6.709,6709.0,149.05351021016546,10,2026-07-25T20:02:47.012670+00:00,,
41,cpu,model_only,1,39,1,0.0065988,6.5988,6598.8,151.5427047341941,10,2026-07-25T20:02:47.012670+00:00,,
41,cpu,model_only,1,40,1,0.0073002,7.300199999999999,7300.2,136.98254842333088,10,2026-07-25T20:02:47.012670+00:00,,
41,cpu,model_only,1,41,1,0.0067924,6.7924,6792.4,147.22336729285672,10,2026-07-25T20:02:47.012670+00:00,,
41,cpu,model_only,1,42,1,0.0066063,6.6063,6606.3,151.37066133841938,10,2026-07-25T20:02:47.012670+00:00,,
41,cpu,model_only,1,43,1,0.0068277,6.8277,6827.7,146.46220542788933,10,2026-07-25T20:02:47.012670+00:00,,
41,cpu,model_only,1,44,1,0.0062758,6.275799999999999,6275.8,159.34223525287612,10,2026-07-25T20:02:47.012670+00:00,,
41,cpu,model_only,1,45,1,0.0065664,6.5664,6566.4,152.29044834307993,10,2026-07-25T20:02:47.012670+00:00,,
41,cpu,model_only,1,46,1,0.0064059,6.4059,6405.9,156.10608969855915,10,2026-07-25T20:02:47.012670+00:00,,
41,cpu,model_only,1,47,1,0.0066063,6.6063,6606.3,151.37066133841938,10,2026-07-25T20:02:47.012670+00:00,,
41,cpu,model_only,1,48,1,0.0068677,6.8677,6867.7,145.60915590372323,10,2026-07-25T20:02:47.012670+00:00,,
41,cpu,model_only,1,49,1,0.0065163,6.5163,6516.3,153.46132007427528,10,2026-07-25T20:02:47.012670+00:00,,
41,cpu,model_only,1,50,1,0.0070187,7.0187,7018.7,142.47652699217804,10,2026-07-25T20:02:47.012670+00:00,,
41,cpu,model_only,1,51,1,0.0063988,6.3988,6398.799999999999,156.27930236919423,10,2026-07-25T20:02:47.012670+00:00,,
41,cpu,model_only,1,52,1,0.0067075,6.7075,6707.5,149.08684308609764,10,2026-07-25T20:02:47.012670+00:00,,
41,cpu,model_only,1,53,1,0.006448,6.4479999999999995,6448.0,155.08684863523573,10,2026-07-25T20:02:47.012670+00:00,,
41,cpu,model_only,1,54,1,0.0063571,6.3571,6357.1,157.30443126582875,10,2026-07-25T20:02:47.012670+00:00,,
41,cpu,model_only,1,55,1,0.0071922,7.192200000000001,7192.2,139.03951503017157,10,2026-07-25T20:02:47.012670+00:00,,
41,cpu,model_only,1,56,1,0.006503,6.503,6503.0,153.7751806858373,10,2026-07-25T20:02:47.012670+00:00,,
41,cpu,model_only,1,57,1,0.0066623,6.6623,6662.3,150.09831439592932,10,2026-07-25T20:02:47.012670+00:00,,
41,cpu,model_only,1,58,1,0.0066106,6.610600000000001,6610.6,151.2721991952319,10,2026-07-25T20:02:47.012670+00:00,,
41,cpu,model_only,1,59,1,0.0066949,6.6949000000000005,6694.900000000001,149.36742893844567,10,2026-07-25T20:02:47.012670+00:00,,
41,cpu,model_only,1,60,1,0.0064266,6.4266000000000005,6426.6,155.6032738928827,10,2026-07-25T20:02:47.012670+00:00,,
41,cpu,model_only,1,61,1,0.0063785,6.3785,6378.5,156.77667163126128,10,2026-07-25T20:02:47.012670+00:00,,
41,cpu,model_only,1,62,1,0.0071719,7.1719,7171.900000000001,139.43306515707135,10,2026-07-25T20:02:47.012670+00:00,,
41,cpu,model_only,1,63,1,0.0063136,6.3136,6313.6,158.38824125696908,10,2026-07-25T20:02:47.012670+00:00,,
41,cpu,model_only,1,64,1,0.0068255,6.8255,6825.5,146.5094132298,10,2026-07-25T20:02:47.012670+00:00,,
41,cpu,model_only,1,65,1,0.0064202,6.4202,6420.2,155.7583875891717,10,2026-07-25T20:02:47.012670+00:00,,
41,cpu,model_only,1,66,1,0.0063674,6.3674,6367.4,157.04997330150454,10,2026-07-25T20:02:47.012670+00:00,,
41,cpu,model_only,1,67,1,0.0075431,7.5431,7543.099999999999,132.57148917553792,10,2026-07-25T20:02:47.012670+00:00,,
41,cpu,model_only,1,68,1,0.0062703,6.270300000000001,6270.3,159.48200245602283,10,2026-07-25T20:02:47.012670+00:00,,
41,cpu,model_only,1,69,1,0.0072143,7.2143,7214.3,138.6135869037883,10,2026-07-25T20:02:47.012670+00:00,,
41,cpu,model_only,1,70,1,0.0064977,6.4977,6497.700000000001,153.9006109854256,10,2026-07-25T20:02:47.012670+00:00,,
41,cpu,model_only,1,71,1,0.0065849,6.5849,6584.900000000001,151.86259472429344,10,2026-07-25T20:02:47.012670+00:00,,
41,cpu,model_only,1,72,1,0.0064386,6.4386,6438.6,155.31326685925512,10,2026-07-25T20:02:47.012670+00:00,,
41,cpu,model_only,1,73,1,0.0064103,6.410299999999999,6410.3,155.9989392072134,10,2026-07-25T20:02:47.012670+00:00,,
41,cpu,model_only,1,74,1,0.0067157,6.7157,6715.7,148.90480515806246,10,2026-07-25T20:02:47.012670+00:00,,
41,cpu,model_only,1,75,1,0.0062958,6.2958,6295.8,158.8360494297786,10,2026-07-25T20:02:47.012670+00:00,,
41,cpu,model_only,1,76,1,0.0066518,6.651800000000001,6651.8,150.3352476021528,10,2026-07-25T20:02:47.012670+00:00,,
41,cpu,model_only,1,77,1,0.0062723,6.2722999999999995,6272.3,159.4311496580202,10,2026-07-25T20:02:47.012670+00:00,,
41,cpu,model_only,1,78,1,0.0063068,6.306800000000001,6306.8,158.55901566563074,10,2026-07-25T20:02:47.012670+00:00,,
41,cpu,model_only,1,79,1,0.0070677,7.067699999999999,7067.7,141.48874457036942,10,2026-07-25T20:02:47.012670+00:00,,
41,cpu,model_only,1,80,1,0.0061562,6.1562,6156.2,162.43786751567526,10,2026-07-25T20:02:47.012670+00:00,,
41,cpu,model_only,1,81,1,0.007016,7.016,7016.0,142.53135689851769,10,2026-07-25T20:02:47.012670+00:00,,
41,cpu,model_only,1,82,1,0.0064267,6.426699999999999,6426.7,155.60085269267276,10,2026-07-25T20:02:47.012670+00:00,,
41,cpu,model_only,1,83,1,0.0068525,6.8525,6852.5,145.9321415541773,10,2026-07-25T20:02:47.012670+00:00,,
41,cpu,model_only,1,84,1,0.006475,6.475,6475.0,154.44015444015443,10,2026-07-25T20:02:47.012670+00:00,,
41,cpu,model_only,1,85,1,0.006358,6.358,6358.0,157.28216420257942,10,2026-07-25T20:02:47.012670+00:00,,
41,cpu,model_only,1,86,1,0.0067684,6.7684,6768.4,147.74540511790084,10,2026-07-25T20:02:47.012670+00:00,,
41,cpu,model_only,1,87,1,0.0073522,7.3522,7352.2,136.01371018198634,10,2026-07-25T20:02:47.012670+00:00,,
41,cpu,model_only,1,88,1,0.0065891,6.589099999999999,6589.099999999999,151.76579502511726,10,2026-07-25T20:02:47.012670+00:00,,
41,cpu,model_only,1,89,1,0.0076531,7.6531,7653.1,130.66600462557656,10,2026-07-25T20:02:47.012670+00:00,,
41,cpu,model_only,1,90,1,0.0065344,6.5344,6534.400000000001,153.0362389813908,10,2026-07-25T20:02:47.012670+00:00,,
41,cpu,model_only,1,91,1,0.0066929,6.6929,6692.9,149.41206353000942,10,2026-07-25T20:02:47.012670+00:00,,
41,cpu,model_only,1,92,1,0.0065673,6.5672999999999995,6567.3,152.2695780609992,10,2026-07-25T20:02:47.012670+00:00,,
41,cpu,model_only,1,93,1,0.0062899,6.2899,6289.900000000001,158.98503950778232,10,2026-07-25T20:02:47.012670+00:00,,
41,cpu,model_only,1,94,1,0.0071201,7.1201,7120.099999999999,140.44746562548278,10,2026-07-25T20:02:47.012670+00:00,,
41,cpu,model_only,1,95,1,0.0064531,6.4531,6453.099999999999,154.964280733291,10,2026-07-25T20:02:47.012670+00:00,,
41,cpu,model_only,1,96,1,0.0070393,7.0393,7039.3,142.059579787763,10,2026-07-25T20:02:47.012670+00:00,,
41,cpu,model_only,1,97,1,0.0064925,6.4925,6492.5,154.02387370042356,10,2026-07-25T20:02:47.012670+00:00,,
41,cpu,model_only,1,98,1,0.0065043,6.5043,6504.3,153.7444459818889,10,2026-07-25T20:02:47.012670+00:00,,
41,cpu,model_only,1,99,1,0.0068616,6.8616,6861.599999999999,145.73860324122654,10,2026-07-25T20:02:47.012670+00:00,,
41,cpu,model_only,1,100,1,0.0064277,6.4277,6427.7,155.5766448340775,10,2026-07-25T20:02:47.012670+00:00,,
41,cpu,model_only,1,101,1,0.0067505,6.750500000000001,6750.5,148.1371750240723,10,2026-07-25T20:02:47.012670+00:00,,
41,cpu,model_only,1,102,1,0.0065001,6.5001,6500.1,153.84378701866126,10,2026-07-25T20:02:47.012670+00:00,,
41,cpu,model_only,1,103,1,0.0067734,6.7734,6773.4,147.6363421619866,10,2026-07-25T20:02:47.012670+00:00,,
41,cpu,model_only,1,104,1,0.006556,6.556,6556.0,152.53203172666258,10,2026-07-25T20:02:47.012670+00:00,,
41,cpu,model_only,1,105,1,0.0065091,6.5091,6509.1,153.6310703476671,10,2026-07-25T20:02:47.012670+00:00,,
41,cpu,model_only,1,106,1,0.00704,7.04,7040.0,142.04545454545453,10,2026-07-25T20:02:47.012670+00:00,,
41,cpu,model_only,1,107,1,0.0060317,6.0317,6031.7,165.7907389293234,10,2026-07-25T20:02:47.012670+00:00,,
41,cpu,model_only,1,108,1,0.0066165,6.6165,6616.5,151.13730824454018,10,2026-07-25T20:02:47.012670+00:00,,
41,cpu,model_only,1,109,1,0.0064104,6.4104,6410.400000000001,155.9965056782728,10,2026-07-25T20:02:47.012670+00:00,,
41,cpu,model_only,1,110,1,0.0064269,6.4269,6426.900000000001,155.5960105182903,10,2026-07-25T20:02:47.012670+00:00,,
41,cpu,model_only,1,111,1,0.006696,6.696,6696.0,149.34289127837516,10,2026-07-25T20:02:47.012670+00:00,,
41,cpu,model_only,1,112,1,0.0063625,6.3625,6362.5,157.17092337917484,10,2026-07-25T20:02:47.012670+00:00,,
41,cpu,model_only,1,113,1,0.0070042,7.0042,7004.200000000001,142.77147996916136,10,2026-07-25T20:02:47.012670+00:00,,
41,cpu,model_only,1,114,1,0.0063351,6.3351,6335.099999999999,157.85070480339695,10,2026-07-25T20:02:47.012670+00:00,,
41,cpu,model_only,1,115,1,0.0066706,6.670599999999999,6670.599999999999,149.91155218421133,10,2026-07-25T20:02:47.012670+00:00,,
41,cpu,model_only,1,116,1,0.0068686,6.8686,6868.599999999999,145.59007658038027,10,2026-07-25T20:02:47.012670+00:00,,
41,cpu,model_only,1,117,1,0.0064075,6.4075,6407.5,156.06710885680843,10,2026-07-25T20:02:47.012670+00:00,,
41,cpu,model_only,1,118,1,0.0071364,7.1364,7136.400000000001,140.12667451376043,10,2026-07-25T20:02:47.012670+00:00,,
41,cpu,model_only,1,119,1,0.0063933,6.3933,6393.3,156.41374563996683,10,2026-07-25T20:02:47.012670+00:00,,
41,cpu,model_only,1,120,1,0.0067767,6.7767,6776.7,147.5644487730016,10,2026-07-25T20:02:47.012670+00:00,,
41,cpu,model_only,1,121,1,0.0060929,6.0929,6092.9,164.12545749971278,10,2026-07-25T20:02:47.012670+00:00,,
41,cpu,model_only,1,122,1,0.0060347,6.0347,6034.7,165.708320214758,10,2026-07-25T20:02:47.012670+00:00,,
41,cpu,model_only,1,123,1,0.0066562,6.6562,6656.2,150.23587031639673,10,2026-07-25T20:02:47.012670+00:00,,
41,cpu,model_only,1,124,1,0.0060966,6.0966,6096.599999999999,164.0258504740347,10,2026-07-25T20:02:47.012670+00:00,,
41,cpu,model_only,1,125,1,0.0070508,7.050800000000001,7050.8,141.82787768763828,10,2026-07-25T20:02:47.012670+00:00,,
41,cpu,model_only,1,126,1,0.0065497,6.5497000000000005,6549.700000000001,152.6787486449761,10,2026-07-25T20:02:47.012670+00:00,,
41,cpu,model_only,1,127,1,0.006449,6.449,6449.0,155.06280043417584,10,2026-07-25T20:02:47.012670+00:00,,
41,cpu,model_only,1,128,1,0.0067035,6.7035,6703.5,149.17580368464235,10,2026-07-25T20:02:47.012670+00:00,,
41,cpu,model_only,1,129,1,0.0060261,6.0261000000000005,6026.1,165.94480675727252,10,2026-07-25T20:02:47.012670+00:00,,
41,cpu,model_only,1,130,1,0.0065217,6.5217,6521.7,153.33425333885336,10,2026-07-25T20:02:47.012670+00:00,,
41,cpu,model_only,1,131,1,0.0059504,5.9504,5950.4,168.0559290131756,10,2026-07-25T20:02:47.012670+00:00,,
41,cpu,model_only,1,132,1,0.0059776,5.9776,5977.599999999999,167.2912205567452,10,2026-07-25T20:02:47.012670+00:00,,
41,cpu,model_only,1,133,1,0.0064505,6.4505,6450.5,155.0267421130145,10,2026-07-25T20:02:47.012670+00:00,,
41,cpu,model_only,1,134,1,0.0066781,6.678100000000001,6678.1,149.74319042841526,10,2026-07-25T20:02:47.012670+00:00,,
41,cpu,model_only,1,135,1,0.0071627,7.1627,7162.7,139.61215742666872,10,2026-07-25T20:02:47.012670+00:00,,
41,cpu,model_only,1,136,1,0.0061212,6.1212,6121.2,163.36666013200025,10,2026-07-25T20:02:47.012670+00:00,,
41,cpu,model_only,1,137,1,0.0065159,6.5159,6515.9,153.47074080326587,10,2026-07-25T20:02:47.012670+00:00,,
41,cpu,model_only,1,138,1,0.0066356,6.6356,6635.6,150.70227259027067,10,2026-07-25T20:02:47.012670+00:00,,
41,cpu,model_only,1,139,1,0.0062616,6.2616,6261.6,159.70359013670628,10,2026-07-25T20:02:47.012670+00:00,,
41,cpu,model_only,1,140,1,0.0063488,6.3488,6348.8,157.51008064516128,10,2026-07-25T20:02:47.012670+00:00,,
41,cpu,model_only,1,141,1,0.0060222,6.0222,6022.2,166.05227325562086,10,2026-07-25T20:02:47.012670+00:00,,
41,cpu,model_only,1,142,1,0.0067363,6.7363,6736.3,148.4494455413209,10,2026-07-25T20:02:47.012670+00:00,,
41,cpu,model_only,1,143,1,0.0070097,7.0097,7009.7,142.65945760874217,10,2026-07-25T20:02:47.012670+00:00,,
41,cpu,model_only,1,144,1,0.0064477,6.4477,6447.7,155.09406455014968,10,2026-07-25T20:02:47.012670+00:00,,
41,cpu,model_only,1,145,1,0.006573,6.5729999999999995,6573.0,152.13753232922562,10,2026-07-25T20:02:47.012670+00:00,,
41,cpu,model_only,1,146,1,0.0064007,6.4007,6400.7,156.23291202524726,10,2026-07-25T20:02:47.012670+00:00,,
41,cpu,model_only,1,147,1,0.0066866,6.6866,6686.6,149.5528370173182,10,2026-07-25T20:02:47.012670+00:00,,
41,cpu,model_only,1,148,1,0.0068263,6.826300000000001,6826.3,146.49224323572065,10,2026-07-25T20:02:47.012670+00:00,,
41,cpu,model_only,1,149,1,0.0062049,6.2049,6204.900000000001,161.16295186062626,10,2026-07-25T20:02:47.012670+00:00,,
41,cpu,model_only,1,150,1,0.0069,6.8999999999999995,6900.0,144.92753623188406,10,2026-07-25T20:02:47.012670+00:00,,
41,cpu,model_only,1,151,1,0.0064248,6.424799999999999,6424.799999999999,155.6468683850081,10,2026-07-25T20:02:47.012670+00:00,,
41,cpu,model_only,1,152,1,0.0072668,7.2668,7266.8,137.61215390543293,10,2026-07-25T20:02:47.012670+00:00,,
41,cpu,model_only,1,153,1,0.0061016,6.1016,6101.6,163.89143831126262,10,2026-07-25T20:02:47.012670+00:00,,
41,cpu,model_only,1,154,1,0.0067976,6.7976,6797.6,147.11074496881253,10,2026-07-25T20:02:47.012670+00:00,,
41,cpu,model_only,1,155,1,0.0066985,6.698499999999999,6698.5,149.28715384041203,10,2026-07-25T20:02:47.012670+00:00,,
41,cpu,model_only,1,156,1,0.0065304,6.530399999999999,6530.4,153.12997672424356,10,2026-07-25T20:02:47.012670+00:00,,
41,cpu,model_only,1,157,1,0.0068624,6.8624,6862.400000000001,145.7216134297039,10,2026-07-25T20:02:47.012670+00:00,,
41,cpu,model_only,1,158,1,0.0063089,6.3089,6308.900000000001,158.50623722043463,10,2026-07-25T20:02:47.012670+00:00,,
41,cpu,model_only,1,159,1,0.00619,6.19,6190.0,161.55088852988692,10,2026-07-25T20:02:47.012670+00:00,,
41,cpu,model_only,1,160,1,0.0061622,6.1621999999999995,6162.2,162.27970530005518,10,2026-07-25T20:02:47.012670+00:00,,
41,cpu,model_only,1,161,1,0.0062186,6.2186,6218.6,160.80789888399318,10,2026-07-25T20:02:47.012670+00:00,,
41,cpu,model_only,1,162,1,0.0067049,6.704899999999999,6704.9,149.1446554012737,10,2026-07-25T20:02:47.012670+00:00,,
41,cpu,model_only,1,163,1,0.006723,6.723,6723.0,148.74312063067083,10,2026-07-25T20:02:47.012670+00:00,,
41,cpu,model_only,1,164,1,0.0064763,6.4763,6476.3,154.40915337461206,10,2026-07-25T20:02:47.012670+00:00,,
41,cpu,model_only,1,165,1,0.0063962,6.3962,6396.200000000001,156.3428285544542,10,2026-07-25T20:02:47.012670+00:00,,
41,cpu,model_only,1,166,1,0.0061615,6.1615,6161.5,162.2981416862777,10,2026-07-25T20:02:47.012670+00:00,,
41,cpu,model_only,1,167,1,0.007101,7.101,7101.0,140.8252358822701,10,2026-07-25T20:02:47.012670+00:00,,
41,cpu,model_only,1,168,1,0.0073926,7.3926,7392.6,135.27040554067582,10,2026-07-25T20:02:47.012670+00:00,,
41,cpu,model_only,1,169,1,0.0070193,7.0193,7019.3,142.46434829683872,10,2026-07-25T20:02:47.012670+00:00,,
41,cpu,model_only,1,170,1,0.0065577,6.5577,6557.7,152.49248974488006,10,2026-07-25T20:02:47.012670+00:00,,
41,cpu,model_only,1,171,1,0.0071967,7.1967,7196.700000000001,138.9525754859866,10,2026-07-25T20:02:47.012670+00:00,,
41,cpu,model_only,1,172,1,0.0068172,6.8172,6817.2,146.68778970838468,10,2026-07-25T20:02:47.012670+00:00,,
41,cpu,model_only,1,173,1,0.0064234,6.4234,6423.400000000001,155.68079210387023,10,2026-07-25T20:02:47.012670+00:00,,
41,cpu,model_only,1,174,1,0.0064387,6.438700000000001,6438.700000000001,155.31085467563327,10,2026-07-25T20:02:47.012670+00:00,,
41,cpu,model_only,1,175,1,0.0061208,6.1208,6120.8,163.37733629590903,10,2026-07-25T20:02:47.012670+00:00,,
41,cpu,model_only,1,176,1,0.0062222,6.2222,6222.2,160.7148596959275,10,2026-07-25T20:02:47.012670+00:00,,
41,cpu,model_only,1,177,1,0.0071713,7.1713000000000005,7171.3,139.4447310808361,10,2026-07-25T20:02:47.012670+00:00,,
41,cpu,model_only,1,178,1,0.0066239,6.6239,6623.900000000001,150.96846268814443,10,2026-07-25T20:02:47.012670+00:00,,
41,cpu,model_only,1,179,1,0.0068222,6.8222,6822.2,146.58028202046262,10,2026-07-25T20:02:47.012670+00:00,,
41,cpu,model_only,1,180,1,0.0067666,6.7666,6766.6,147.78470723849495,10,2026-07-25T20:02:47.012670+00:00,,
41,cpu,model_only,1,181,1,0.0068318,6.831799999999999,6831.8,146.3743083813929,10,2026-07-25T20:02:47.012670+00:00,,
41,cpu,model_only,1,182,1,0.0062187,6.2187,6218.7,160.80531300754177,10,2026-07-25T20:02:47.012670+00:00,,
41,cpu,model_only,1,183,1,0.006551,6.551,6551.0,152.6484506182262,10,2026-07-25T20:02:47.012670+00:00,,
41,cpu,model_only,1,184,1,0.0065352,6.5352,6535.2,153.01750520259517,10,2026-07-25T20:02:47.012670+00:00,,
41,cpu,model_only,1,185,1,0.0063306,6.3306,6330.599999999999,157.96291030865953,10,2026-07-25T20:02:47.012670+00:00,,
41,cpu,model_only,1,186,1,0.0073724,7.372400000000001,7372.400000000001,135.64103955292714,10,2026-07-25T20:02:47.012670+00:00,,
41,cpu,model_only,1,187,1,0.0073779,7.3778999999999995,7377.9,135.53992328440341,10,2026-07-25T20:02:47.012670+00:00,,
41,cpu,model_only,1,188,1,0.0069034,6.9033999999999995,6903.4,144.85615783526958,10,2026-07-25T20:02:47.012670+00:00,,
41,cpu,model_only,1,189,1,0.0078393,7.839300000000001,7839.3,127.562409909048,10,2026-07-25T20:02:47.012670+00:00,,
41,cpu,model_only,1,190,1,0.00666,6.66,6660.0,150.15015015015015,10,2026-07-25T20:02:47.012670+00:00,,
41,cpu,model_only,1,191,1,0.0065326,6.5326,6532.6,153.07840675994242,10,2026-07-25T20:02:47.012670+00:00,,
41,cpu,model_only,1,192,1,0.0067504,6.7504,6750.400000000001,148.13936951884332,10,2026-07-25T20:02:47.012670+00:00,,
41,cpu,model_only,1,193,1,0.007534,7.534,7534.0,132.73161667109105,10,2026-07-25T20:02:47.012670+00:00,,
41,cpu,model_only,1,194,1,0.0072495,7.2495,7249.5,137.94054762397408,10,2026-07-25T20:02:47.012670+00:00,,
41,cpu,model_only,1,195,1,0.0066747,6.6747000000000005,6674.700000000001,149.81946754161234,10,2026-07-25T20:02:47.012670+00:00,,
41,cpu,model_only,1,196,1,0.0073866,7.3866000000000005,7386.6,135.38028321555248,10,2026-07-25T20:02:47.012670+00:00,,
41,cpu,model_only,1,197,1,0.0070989,7.0989,7098.9,140.86689487103635,10,2026-07-25T20:02:47.012670+00:00,,
41,cpu,model_only,1,198,1,0.0063453,6.3453,6345.3,157.5969615305817,10,2026-07-25T20:02:47.012670+00:00,,
41,cpu,model_only,1,199,1,0.006992,6.992,6992.0,143.02059496567506,10,2026-07-25T20:02:47.012670+00:00,,
41,cpu,model_only,1,200,1,0.0070258,7.025799999999999,7025.799999999999,142.33254575991347,10,2026-07-25T20:02:47.012670+00:00,,
41,cpu,model_only,1,201,1,0.007149,7.149,7149.0,139.87970345502868,10,2026-07-25T20:02:47.012670+00:00,,
41,cpu,model_only,1,202,1,0.0072112,7.2112,7211.2,138.6731750610162,10,2026-07-25T20:02:47.012670+00:00,,
41,cpu,model_only,1,203,1,0.007354,7.354,7354.0,135.98041881968996,10,2026-07-25T20:02:47.012670+00:00,,
41,cpu,model_only,1,204,1,0.0072114,7.211399999999999,7211.4,138.66932911778574,10,2026-07-25T20:02:47.012670+00:00,,
41,cpu,model_only,1,205,1,0.0062152,6.215199999999999,6215.2,160.8958681941048,10,2026-07-25T20:02:47.012670+00:00,,
41,cpu,model_only,1,206,1,0.0075156,7.5156,7515.599999999999,133.0565756559689,10,2026-07-25T20:02:47.012670+00:00,,
41,cpu,model_only,1,207,1,0.0067763,6.7763,6776.3,147.57315939376946,10,2026-07-25T20:02:47.012670+00:00,,
41,cpu,model_only,1,208,1,0.0064535,6.4535,6453.5,154.95467575734096,10,2026-07-25T20:02:47.012670+00:00,,
41,cpu,model_only,1,209,1,0.0070592,7.0592,7059.2,141.6591115140526,10,2026-07-25T20:02:47.012670+00:00,,
41,cpu,model_only,1,210,1,0.0062696,6.2696000000000005,6269.6,159.49980860022967,10,2026-07-25T20:02:47.012670+00:00,,
41,cpu,model_only,1,211,1,0.0065019,6.5019,6501.9,153.80119657330934,10,2026-07-25T20:02:47.012670+00:00,,
41,cpu,model_only,1,212,1,0.0065236,6.5236,6523.6,153.2895947023116,10,2026-07-25T20:02:47.012670+00:00,,
41,cpu,model_only,1,213,1,0.006786,6.7860000000000005,6786.0,147.36221632773356,10,2026-07-25T20:02:47.012670+00:00,,
41,cpu,model_only,1,214,1,0.0063703,6.370299999999999,6370.3,156.97847825063184,10,2026-07-25T20:02:47.012670+00:00,,
41,cpu,model_only,1,215,1,0.0063895,6.3895,6389.5,156.5067689177557,10,2026-07-25T20:02:47.012670+00:00,,
41,cpu,model_only,1,216,1,0.0071609,7.160900000000001,7160.900000000001,139.6472510438632,10,2026-07-25T20:02:47.012670+00:00,,
41,cpu,model_only,1,217,1,0.0065145,6.5145,6514.5,153.5037224652698,10,2026-07-25T20:02:47.012670+00:00,,
41,cpu,model_only,1,218,1,0.0069948,6.9948,6994.8,142.9633441985475,10,2026-07-25T20:02:47.012670+00:00,,
41,cpu,model_only,1,219,1,0.0067811,6.7811,6781.1,147.46869976847415,10,2026-07-25T20:02:47.012670+00:00,,
41,cpu,model_only,1,220,1,0.0066262,6.6262,6626.2,150.91606048715704,10,2026-07-25T20:02:47.012670+00:00,,
41,cpu,model_only,1,221,1,0.0071722,7.1722,7172.2,139.42723292713532,10,2026-07-25T20:02:47.012670+00:00,,
41,cpu,model_only,1,222,1,0.0066008,6.6008000000000004,6600.8,151.4967882680887,10,2026-07-25T20:02:47.012670+00:00,,
41,cpu,model_only,1,223,1,0.0064054,6.4054,6405.400000000001,156.11827520529553,10,2026-07-25T20:02:47.012670+00:00,,
41,cpu,model_only,1,224,1,0.0063675,6.3675,6367.5,157.0475068708284,10,2026-07-25T20:02:47.012670+00:00,,
41,cpu,model_only,1,225,1,0.0069802,6.9802,6980.2,143.26237070571045,10,2026-07-25T20:02:47.012670+00:00,,
41,cpu,model_only,1,226,1,0.0067376,6.7376,6737.599999999999,148.4208026597008,10,2026-07-25T20:02:47.012670+00:00,,
41,cpu,model_only,1,227,1,0.0065323,6.5323,6532.3,153.08543698237986,10,2026-07-25T20:02:47.012670+00:00,,
41,cpu,model_only,1,228,1,0.0068443,6.8443000000000005,6844.3,146.10697953041216,10,2026-07-25T20:02:47.012670+00:00,,
41,cpu,model_only,1,229,1,0.006428,6.428,6428.0,155.5693839452396,10,2026-07-25T20:02:47.012670+00:00,,
41,cpu,model_only,1,230,1,0.0073639,7.363899999999999,7363.9,135.79760724616034,10,2026-07-25T20:02:47.012670+00:00,,
41,cpu,model_only,1,231,1,0.0064313,6.4313,6431.3,155.48955887612146,10,2026-07-25T20:02:47.012670+00:00,,
41,cpu,model_only,1,232,1,0.0061704,6.170400000000001,6170.400000000001,162.06404771165563,10,2026-07-25T20:02:47.012670+00:00,,
41,cpu,model_only,1,233,1,0.0065031,6.503100000000001,6503.1,153.77281604158017,10,2026-07-25T20:02:47.012670+00:00,,
41,cpu,model_only,1,234,1,0.0064764,6.4764,6476.400000000001,154.4067691927614,10,2026-07-25T20:02:47.012670+00:00,,
41,cpu,model_only,1,235,1,0.0068398,6.8398,6839.8,146.2031053539577,10,2026-07-25T20:02:47.012670+00:00,,
41,cpu,model_only,1,236,1,0.0065981,6.5981,6598.1,151.55878207362727,10,2026-07-25T20:02:47.012670+00:00,,
41,cpu,model_only,1,237,1,0.0071198,7.1198,7119.8,140.45338352200903,10,2026-07-25T20:02:47.012670+00:00,,
41,cpu,model_only,1,238,1,0.006717,6.717,6717.0,148.87598630340926,10,2026-07-25T20:02:47.012670+00:00,,
41,cpu,model_only,1,239,1,0.0075313,7.5313,7531.3,132.77920146588238,10,2026-07-25T20:02:47.012670+00:00,,
41,cpu,model_only,1,240,1,0.0070646,7.0645999999999995,7064.599999999999,141.5508309033774,10,2026-07-25T20:02:47.012670+00:00,,
41,cpu,model_only,1,241,1,0.0070274,7.027399999999999,7027.4,142.30013945413668,10,2026-07-25T20:02:47.012670+00:00,,
41,cpu,model_only,1,242,1,0.0066763,6.6762999999999995,6676.299999999999,149.78356275182364,10,2026-07-25T20:02:47.012670+00:00,,
41,cpu,model_only,1,243,1,0.0074867,7.4867,7486.7,133.57019781746297,10,2026-07-25T20:02:47.012670+00:00,,
41,cpu,model_only,1,244,1,0.0068677,6.8677,6867.7,145.60915590372323,10,2026-07-25T20:02:47.012670+00:00,,
41,cpu,model_only,1,245,1,0.0063682,6.3682,6368.2,157.0302440249992,10,2026-07-25T20:02:47.012670+00:00,,
41,cpu,model_only,1,246,1,0.0068452,6.8452,6845.2,146.08776953193478,10,2026-07-25T20:02:47.012670+00:00,,
41,cpu,model_only,1,247,1,0.007151,7.151,7151.0,139.84058173682,10,2026-07-25T20:02:47.012670+00:00,,
41,cpu,model_only,1,248,1,0.0065859,6.5859,6585.9,151.83953597837805,10,2026-07-25T20:02:47.012670+00:00,,
41,cpu,model_only,1,249,1,0.0073683,7.3683000000000005,7368.3,135.71651534275205,10,2026-07-25T20:02:47.012670+00:00,,
41,cpu,model_only,1,250,1,0.0064648,6.464799999999999,6464.799999999999,154.68382625912636,10,2026-07-25T20:02:47.012670+00:00,,
41,cpu,model_only,1,251,1,0.0068479,6.847899999999999,6847.9,146.0301698330875,10,2026-07-25T20:02:47.012670+00:00,,
41,cpu,model_only,1,252,1,0.0065664,6.5664,6566.4,152.29044834307993,10,2026-07-25T20:02:47.012670+00:00,,
41,cpu,model_only,1,253,1,0.0068644,6.8644,6864.4,145.67915622632714,10,2026-07-25T20:02:47.012670+00:00,,
41,cpu,model_only,1,254,1,0.0066072,6.6072,6607.2,151.35004237801186,10,2026-07-25T20:02:47.012670+00:00,,
41,cpu,model_only,1,255,1,0.0064778,6.477799999999999,6477.799999999999,154.37339837599185,10,2026-07-25T20:02:47.012670+00:00,,
41,cpu,model_only,1,256,1,0.006964,6.9639999999999995,6964.0,143.59563469270535,10,2026-07-25T20:02:47.012670+00:00,,
41,cpu,model_only,1,257,1,0.0065624,6.5624,6562.400000000001,152.38327441180056,10,2026-07-25T20:02:47.012670+00:00,,
41,cpu,model_only,1,258,1,0.0067903,6.7903,6790.3,147.26889828137195,10,2026-07-25T20:02:47.012670+00:00,,
41,cpu,model_only,1,259,1,0.0065526,6.5526,6552.599999999999,152.61117724262127,10,2026-07-25T20:02:47.012670+00:00,,
41,cpu,model_only,1,260,1,0.0065673,6.5672999999999995,6567.3,152.2695780609992,10,2026-07-25T20:02:47.012670+00:00,,
41,cpu,model_only,1,261,1,0.0063064,6.3064,6306.400000000001,158.5690726880629,10,2026-07-25T20:02:47.012670+00:00,,
41,cpu,model_only,1,262,1,0.0061012,6.1012,6101.2,163.9021831770799,10,2026-07-25T20:02:47.012670+00:00,,
41,cpu,model_only,1,263,1,0.0069503,6.9503,6950.3,143.87868149576278,10,2026-07-25T20:02:47.012670+00:00,,
41,cpu,model_only,1,264,1,0.0066453,6.6453,6645.3,150.4822957579041,10,2026-07-25T20:02:47.012670+00:00,,
41,cpu,model_only,1,265,1,0.0073848,7.3848,7384.8,135.4132813346333,10,2026-07-25T20:02:47.012670+00:00,,
41,cpu,model_only,1,266,1,0.0072139,7.2139,7213.9,138.62127282052705,10,2026-07-25T20:02:47.012670+00:00,,
41,cpu,model_only,1,267,1,0.0065948,6.594799999999999,6594.799999999999,151.6346212167162,10,2026-07-25T20:02:47.012670+00:00,,
41,cpu,model_only,1,268,1,0.0067932,6.7932,6793.2,147.20602955897073,10,2026-07-25T20:02:47.012670+00:00,,
41,cpu,model_only,1,269,1,0.0059884,5.9883999999999995,5988.4,166.98951305857994,10,2026-07-25T20:02:47.012670+00:00,,
41,cpu,model_only,1,270,1,0.0068878,6.8878,6887.8,145.18423879903597,10,2026-07-25T20:02:47.012670+00:00,,
41,cpu,model_only,1,271,1,0.006254,6.2540000000000004,6254.0,159.89766549408378,10,2026-07-25T20:02:47.012670+00:00,,
41,cpu,model_only,1,272,1,0.0063143,6.3143,6314.3,158.37068241927054,10,2026-07-25T20:02:47.012670+00:00,,
41,cpu,model_only,1,273,1,0.006297,6.297,6297.0,158.8057805304113,10,2026-07-25T20:02:47.012670+00:00,,
41,cpu,model_only,1,274,1,0.0065773,6.5773,6577.3,152.03807033281132,10,2026-07-25T20:02:47.012670+00:00,,
41,cpu,model_only,1,275,1,0.0066986,6.6986,6698.599999999999,149.28492520825247,10,2026-07-25T20:02:47.012670+00:00,,
41,cpu,model_only,1,276,1,0.0062661,6.2661,6266.1,159.58889899618583,10,2026-07-25T20:02:47.012670+00:00,,
41,cpu,model_only,1,277,1,0.0069381,6.9381,6938.1,144.13167870166183,10,2026-07-25T20:02:47.012670+00:00,,
41,cpu,model_only,1,278,1,0.0069155,6.9155,6915.5,144.60270407056612,10,2026-07-25T20:02:47.012670+00:00,,
41,cpu,model_only,1,279,1,0.0064542,6.4542,6454.2,154.93786991416442,10,2026-07-25T20:02:47.012670+00:00,,
41,cpu,model_only,1,280,1,0.007496,7.496,7496.0,133.40448239060834,10,2026-07-25T20:02:47.012670+00:00,,
41,cpu,model_only,1,281,1,0.0061006,6.1006,6100.6,163.9183031177261,10,2026-07-25T20:02:47.012670+00:00,,
41,cpu,model_only,1,282,1,0.0066015,6.6015,6601.5,151.4807240778611,10,2026-07-25T20:02:47.012670+00:00,,
41,cpu,model_only,1,283,1,0.0067979,6.7979,6797.9,147.104252783948,10,2026-07-25T20:02:47.012670+00:00,,
41,cpu,model_only,1,284,1,0.006716,6.715999999999999,6716.0,148.89815366289457,10,2026-07-25T20:02:47.012670+00:00,,
41,cpu,model_only,1,285,1,0.0065537,6.5537,6553.7,152.58556235409006,10,2026-07-25T20:02:47.012670+00:00,,
41,cpu,model_only,1,286,1,0.0064581,6.4581,6458.099999999999,154.84430405227545,10,2026-07-25T20:02:47.012670+00:00,,
41,cpu,model_only,1,287,1,0.006967,6.9670000000000005,6967.0,143.53380221042056,10,2026-07-25T20:02:47.012670+00:00,,
41,cpu,model_only,1,288,1,0.0063641,6.3641000000000005,6364.1,157.13140899734447,10,2026-07-25T20:02:47.012670+00:00,,
41,cpu,model_only,1,289,1,0.0075957,7.595700000000001,7595.700000000001,131.65343549639928,10,2026-07-25T20:02:47.012670+00:00,,
41,cpu,model_only,1,290,1,0.0065653,6.5653,6565.299999999999,152.3159642362116,10,2026-07-25T20:02:47.012670+00:00,,
41,cpu,model_only,1,291,1,0.0062029,6.2029,6202.9,161.21491560399167,10,2026-07-25T20:02:47.012670+00:00,,
41,cpu,model_only,1,292,1,0.0065243,6.5243,6524.3,153.27314807718835,10,2026-07-25T20:02:47.012670+00:00,,
41,cpu,model_only,1,293,1,0.0062438,6.2438,6243.8,160.15887760658575,10,2026-07-25T20:02:47.012670+00:00,,
41,cpu,model_only,1,294,1,0.0064649,6.4649,6464.9,154.6814335875265,10,2026-07-25T20:02:47.012670+00:00,,
41,cpu,model_only,1,295,1,0.0061946,6.194599999999999,6194.599999999999,161.43092370774545,10,2026-07-25T20:02:47.012670+00:00,,
41,cpu,model_only,1,296,1,0.006207,6.207,6207.0,161.10842597067827,10,2026-07-25T20:02:47.012670+00:00,,
41,cpu,model_only,1,297,1,0.0073854,7.385400000000001,7385.400000000001,135.40228017439813,10,2026-07-25T20:02:47.012670+00:00,,
41,cpu,model_only,1,298,1,0.0076808,7.6808,7680.8,130.19477137798145,10,2026-07-25T20:02:47.012670+00:00,,
41,cpu,model_only,1,299,1,0.0064689,6.4689,6468.9,154.58578738270805,10,2026-07-25T20:02:47.012670+00:00,,
41,cpu,model_only,1,300,1,0.0073208,7.320799999999999,7320.799999999999,136.59709321385643,10,2026-07-25T20:02:47.012670+00:00,,
41,cpu,model_only,1,301,1,0.0070787,7.0787,7078.7,141.2688770536963,10,2026-07-25T20:02:47.012670+00:00,,
41,cpu,model_only,1,302,1,0.0066305,6.6305000000000005,6630.5,150.81818867355403,10,2026-07-25T20:02:47.012670+00:00,,
41,cpu,model_only,1,303,1,0.0068245,6.8245,6824.5,146.5308813832515,10,2026-07-25T20:02:47.012670+00:00,,
41,cpu,model_only,1,304,1,0.0073911,7.391100000000001,7391.1,135.29785823490414,10,2026-07-25T20:02:47.012670+00:00,,
41,cpu,model_only,1,305,1,0.0071135,7.1135,7113.5,140.57777465382722,10,2026-07-25T20:02:47.012670+00:00,,
41,cpu,model_only,1,306,1,0.006694,6.694,6694.0,149.38751120406334,10,2026-07-25T20:02:47.012670+00:00,,
41,cpu,model_only,1,307,1,0.0073079,7.3079,7307.9,136.83821617701392,10,2026-07-25T20:02:47.012670+00:00,,
41,cpu,model_only,1,308,1,0.0064577,6.4577,6457.7,154.8538953497375,10,2026-07-25T20:02:47.012670+00:00,,
41,cpu,model_only,1,309,1,0.0063147,6.3147,6314.700000000001,158.36065054555243,10,2026-07-25T20:02:47.012670+00:00,,
41,cpu,model_only,1,310,1,0.0066707,6.6707,6670.7,149.9093048705533,10,2026-07-25T20:02:47.012670+00:00,,
41,cpu,model_only,1,311,1,0.0065941,6.5941,6594.1,151.65071806615003,10,2026-07-25T20:02:47.012670+00:00,,
41,cpu,model_only,1,312,1,0.0065651,6.5651,6565.1,152.3206044081583,10,2026-07-25T20:02:47.012670+00:00,,
41,cpu,model_only,1,313,1,0.0074782,7.4782,7478.2,133.7220186675938,10,2026-07-25T20:02:47.012670+00:00,,
41,cpu,model_only,1,314,1,0.0071839,7.1839,7183.9,139.2001559041746,10,2026-07-25T20:02:47.012670+00:00,,
41,cpu,model_only,1,315,1,0.0068234,6.8234,6823.400000000001,146.55450361989622,10,2026-07-25T20:02:47.012670+00:00,,
41,cpu,model_only,1,316,1,0.006859,6.859,6859.0,145.79384749963552,10,2026-07-25T20:02:47.012670+00:00,,
41,cpu,model_only,1,317,1,0.0073219,7.3219,7321.900000000001,136.57657165489832,10,2026-07-25T20:02:47.012670+00:00,,
41,cpu,model_only,1,318,1,0.0075004,7.5004,7500.4,133.32622260146127,10,2026-07-25T20:02:47.012670+00:00,,
41,cpu,model_only,1,319,1,0.0066504,6.6504,6650.4,150.36689522434742,10,2026-07-25T20:02:47.012670+00:00,,
41,cpu,model_only,1,320,1,0.0071433,7.1433,7143.3,139.99132053812664,10,2026-07-25T20:02:47.012670+00:00,,
41,cpu,model_only,1,321,1,0.0074272,7.4272,7427.2,134.64024127531238,10,2026-07-25T20:02:47.012670+00:00,,
41,cpu,model_only,1,322,1,0.0066852,6.6852,6685.2,149.5841560461916,10,2026-07-25T20:02:47.012670+00:00,,
41,cpu,model_only,1,323,1,0.0067694,6.7694,6769.4,147.72357963778177,10,2026-07-25T20:02:47.012670+00:00,,
41,cpu,model_only,1,324,1,0.0074003,7.4003000000000005,7400.3,135.1296569058011,10,2026-07-25T20:02:47.012670+00:00,,
41,cpu,model_only,1,325,1,0.0079529,7.9529000000000005,7952.900000000001,125.74029599265675,10,2026-07-25T20:02:47.012670+00:00,,
41,cpu,model_only,1,326,1,0.0073243,7.3243,7324.3,136.53181874035744,10,2026-07-25T20:02:47.012670+00:00,,
41,cpu,model_only,1,327,1,0.0069803,6.9803,6980.3,143.26031832442732,10,2026-07-25T20:02:47.012670+00:00,,
41,cpu,model_only,1,328,1,0.0077263,7.7263,7726.3,129.42805741428626,10,2026-07-25T20:02:47.012670+00:00,,
41,cpu,model_only,1,329,1,0.0066405,6.640499999999999,6640.5,150.591069949552,10,2026-07-25T20:02:47.012670+00:00,,
41,cpu,model_only,1,330,1,0.0078156,7.815600000000001,7815.6,127.94922974563693,10,2026-07-25T20:02:47.012670+00:00,,
41,cpu,model_only,1,331,1,0.0076886,7.6886,7688.6,130.06269021668444,10,2026-07-25T20:02:47.012670+00:00,,
41,cpu,model_only,1,332,1,0.0067864,6.7863999999999995,6786.4,147.35353059059295,10,2026-07-25T20:02:47.012670+00:00,,
41,cpu,model_only,1,333,1,0.0066388,6.6388,6638.8,150.62963186117972,10,2026-07-25T20:02:47.012670+00:00,,
41,cpu,model_only,1,334,1,0.0065528,6.5528,6552.8,152.60651935050666,10,2026-07-25T20:02:47.012670+00:00,,
41,cpu,model_only,1,335,1,0.0069934,6.9934,6993.400000000001,142.99196385163154,10,2026-07-25T20:02:47.012670+00:00,,
41,cpu,model_only,1,336,1,0.0065613,6.5613,6561.3,152.40882142258394,10,2026-07-25T20:02:47.012670+00:00,,
41,cpu,model_only,1,337,1,0.0073093,7.3093,7309.3,136.8120066217011,10,2026-07-25T20:02:47.012670+00:00,,
41,cpu,model_only,1,338,1,0.0065644,6.5644,6564.4,152.3368472366096,10,2026-07-25T20:02:47.012670+00:00,,
41,cpu,model_only,1,339,1,0.0070248,7.0248,7024.8,142.35280719735792,10,2026-07-25T20:02:47.012670+00:00,,
41,cpu,model_only,1,340,1,0.0069368,6.9368,6936.8,144.1586898858263,10,2026-07-25T20:02:47.012670+00:00,,
41,cpu,model_only,1,341,1,0.0070002,7.0001999999999995,7000.2,142.85306134110454,10,2026-07-25T20:02:47.012670+00:00,,
41,cpu,model_only,1,342,1,0.0072251,7.2251,7225.1,138.4063888389088,10,2026-07-25T20:02:47.012670+00:00,,
41,cpu,model_only,1,343,1,0.00729,7.29,7290.0,137.17421124828533,10,2026-07-25T20:02:47.012670+00:00,,
41,cpu,model_only,1,344,1,0.0071048,7.1048,7104.799999999999,140.74991555005067,10,2026-07-25T20:02:47.012670+00:00,,
41,cpu,model_only,1,345,1,0.0070748,7.0748,7074.8,141.34675185164244,10,2026-07-25T20:02:47.012670+00:00,,
41,cpu,model_only,1,346,1,0.007111,7.111,7111.0,140.6271972999578,10,2026-07-25T20:02:47.012670+00:00,,
41,cpu,model_only,1,347,1,0.0071743,7.1743,7174.3,139.38642097486863,10,2026-07-25T20:02:47.012670+00:00,,
41,cpu,model_only,1,348,1,0.0074754,7.4754000000000005,7475.400000000001,133.77210584049013,10,2026-07-25T20:02:47.012670+00:00,,
41,cpu,model_only,1,349,1,0.0070179,7.0179,7017.9,142.49276849199904,10,2026-07-25T20:02:47.012670+00:00,,
41,cpu,model_only,1,350,1,0.0073209,7.3209,7320.9,136.59522736275594,10,2026-07-25T20:02:47.012670+00:00,,
41,cpu,model_only,1,351,1,0.0068449,6.8449,6844.900000000001,146.09417230346682,10,2026-07-25T20:02:47.012670+00:00,,
41,cpu,model_only,1,352,1,0.0070976,7.0976,7097.6,140.892696122633,10,2026-07-25T20:02:47.012670+00:00,,
41,cpu,model_only,1,353,1,0.0073652,7.3652,7365.2,135.77363819040895,10,2026-07-25T20:02:47.012670+00:00,,
41,cpu,model_only,1,354,1,0.0071797,7.1796999999999995,7179.7,139.28158558157025,10,2026-07-25T20:02:47.012670+00:00,,
41,cpu,model_only,1,355,1,0.0083229,8.322899999999999,8322.9,120.15042833627703,10,2026-07-25T20:02:47.012670+00:00,,
41,cpu,model_only,1,356,1,0.0076725,7.672499999999999,7672.5,130.33561420658197,10,2026-07-25T20:02:47.012670+00:00,,
41,cpu,model_only,1,357,1,0.0099766,9.976600000000001,9976.6,100.23454884429565,10,2026-07-25T20:02:47.012670+00:00,,
41,cpu,model_only,1,358,1,0.0082738,8.2738,8273.8,120.86344847591192,10,2026-07-25T20:02:47.012670+00:00,,
41,cpu,model_only,1,359,1,0.0074638,7.4638,7463.799999999999,133.98001018248078,10,2026-07-25T20:02:47.012670+00:00,,
41,cpu,model_only,1,360,1,0.0071418,7.1418,7141.8,140.0207230670139,10,2026-07-25T20:02:47.012670+00:00,,
41,cpu,model_only,1,361,1,0.0077364,7.7364,7736.4,129.25908691381005,10,2026-07-25T20:02:47.012670+00:00,,
41,cpu,model_only,1,362,1,0.0070364,7.0363999999999995,7036.4,142.11812858848276,10,2026-07-25T20:02:47.012670+00:00,,
41,cpu,model_only,1,363,1,0.0071266,7.126600000000001,7126.6,140.31936687901663,10,2026-07-25T20:02:47.012670+00:00,,
41,cpu,model_only,1,364,1,0.0077658,7.7658,7765.8,128.76973396172963,10,2026-07-25T20:02:47.012670+00:00,,
41,cpu,model_only,1,365,1,0.0072681,7.2681000000000004,7268.1,137.58754007237104,10,2026-07-25T20:02:47.012670+00:00,,
41,cpu,model_only,1,366,1,0.0077007,7.7007,7700.700000000001,129.85832456789643,10,2026-07-25T20:02:47.012670+00:00,,
41,cpu,model_only,1,367,1,0.0075677,7.5677,7567.7,132.14054468332517,10,2026-07-25T20:02:47.012670+00:00,,
41,cpu,model_only,1,368,1,0.0069244,6.9243999999999994,6924.4,144.41684478077522,10,2026-07-25T20:02:47.012670+00:00,,
41,cpu,model_only,1,369,1,0.0072082,7.2082,7208.2,138.7308898199273,10,2026-07-25T20:02:47.012670+00:00,,
41,cpu,model_only,1,370,1,0.006575,6.575,6575.0,152.0912547528517,10,2026-07-25T20:02:47.012670+00:00,,
41,cpu,model_only,1,371,1,0.0068146,6.8145999999999995,6814.599999999999,146.74375605317994,10,2026-07-25T20:02:47.012670+00:00,,
41,cpu,model_only,1,372,1,0.007141,7.141,7141.0,140.0364094664613,10,2026-07-25T20:02:47.012670+00:00,,
41,cpu,model_only,1,373,1,0.0072886,7.2886,7288.6,137.2005597782839,10,2026-07-25T20:02:47.012670+00:00,,
41,cpu,model_only,1,374,1,0.0078738,7.8738,7873.8,127.00347989534913,10,2026-07-25T20:02:47.012670+00:00,,
41,cpu,model_only,1,375,1,0.0080414,8.041400000000001,8041.400000000001,124.35645534359688,10,2026-07-25T20:02:47.012670+00:00,,
41,cpu,model_only,1,376,1,0.0078042,7.8042,7804.2,128.1361318264524,10,2026-07-25T20:02:47.012670+00:00,,
41,cpu,model_only,1,377,1,0.0066762,6.676200000000001,6676.2,149.7858062969953,10,2026-07-25T20:02:47.012670+00:00,,
41,cpu,model_only,1,378,1,0.0072961,7.2961,7296.099999999999,137.0595249516865,10,2026-07-25T20:02:47.012670+00:00,,
41,cpu,model_only,1,379,1,0.0081161,8.1161,8116.099999999999,123.21188748290436,10,2026-07-25T20:02:47.012670+00:00,,
41,cpu,model_only,1,380,1,0.0071491,7.149100000000001,7149.1,139.87774684925375,10,2026-07-25T20:02:47.012670+00:00,,
41,cpu,model_only,1,381,1,0.0070816,7.081600000000001,7081.6,141.2110257568911,10,2026-07-25T20:02:47.012670+00:00,,
41,cpu,model_only,1,382,1,0.0076646,7.6646,7664.599999999999,130.4699527698771,10,2026-07-25T20:02:47.012670+00:00,,
41,cpu,model_only,1,383,1,0.0075688,7.5687999999999995,7568.799999999999,132.12134023887538,10,2026-07-25T20:02:47.012670+00:00,,
41,cpu,model_only,1,384,1,0.0068201,6.8201,6820.1,146.62541604961805,10,2026-07-25T20:02:47.012670+00:00,,
41,cpu,model_only,1,385,1,0.007387,7.3870000000000005,7387.0,135.37295248409367,10,2026-07-25T20:02:47.012670+00:00,,
41,cpu,model_only,1,386,1,0.0076847,7.6847,7684.7,130.12869728161152,10,2026-07-25T20:02:47.012670+00:00,,
41,cpu,model_only,1,387,1,0.0068007,6.8007,6800.7,147.04368667931243,10,2026-07-25T20:02:47.012670+00:00,,
41,cpu,model_only,1,388,1,0.0078318,7.831799999999999,7831.8,127.68456804310631,10,2026-07-25T20:02:47.012670+00:00,,
41,cpu,model_only,1,389,1,0.0072634,7.2634,7263.4,137.67657020128314,10,2026-07-25T20:02:47.012670+00:00,,
41,cpu,model_only,1,390,1,0.0072804,7.2804,7280.400000000001,137.35509037964945,10,2026-07-25T20:02:47.012670+00:00,,
41,cpu,model_only,1,391,1,0.0075466,7.5466,7546.599999999999,132.51000450534016,10,2026-07-25T20:02:47.012670+00:00,,
41,cpu,model_only,1,392,1,0.0077303,7.7303,7730.3,129.36108559823035,10,2026-07-25T20:02:47.012670+00:00,,
41,cpu,model_only,1,393,1,0.0070883,7.088299999999999,7088.299999999999,141.07755032941608,10,2026-07-25T20:02:47.012670+00:00,,
41,cpu,model_only,1,394,1,0.0076211,7.621099999999999,7621.099999999999,131.2146540525646,10,2026-07-25T20:02:47.012670+00:00,,
41,cpu,model_only,1,395,1,0.0068262,6.8262,6826.2,146.49438926489114,10,2026-07-25T20:02:47.012670+00:00,,
41,cpu,model_only,1,396,1,0.0064214,6.4214,6421.4,155.72928021926683,10,2026-07-25T20:02:47.012670+00:00,,
41,cpu,model_only,1,397,1,0.0071739,7.173900000000001,7173.900000000001,139.39419283792637,10,2026-07-25T20:02:47.012670+00:00,,
41,cpu,model_only,1,398,1,0.0070912,7.0912,7091.2,141.01985559566788,10,2026-07-25T20:02:47.012670+00:00,,
41,cpu,model_only,1,399,1,0.0073421,7.342099999999999,7342.099999999999,136.2008144808706,10,2026-07-25T20:02:47.012670+00:00,,
41,cpu,model_only,1,400,1,0.0067483,6.7482999999999995,6748.299999999999,148.18546893291645,10,2026-07-25T20:02:47.012670+00:00,,
41,cpu,model_only,1,401,1,0.0070913,7.0913,7091.3,141.0178669637443,10,2026-07-25T20:02:47.012670+00:00,,
41,cpu,model_only,1,402,1,0.0077377,7.7377,7737.7,129.23737027798958,10,2026-07-25T20:02:47.012670+00:00,,
41,cpu,model_only,1,403,1,0.0075363,7.5363,7536.3,132.6911083688282,10,2026-07-25T20:02:47.012670+00:00,,
41,cpu,model_only,1,404,1,0.0076546,7.6546,7654.6,130.64039923706008,10,2026-07-25T20:02:47.012670+00:00,,
41,cpu,model_only,1,405,1,0.0077085,7.7085,7708.5,129.72692482324706,10,2026-07-25T20:02:47.012670+00:00,,
41,cpu,model_only,1,406,1,0.0074134,7.413399999999999,7413.4,134.89087328351366,10,2026-07-25T20:02:47.012670+00:00,,
41,cpu,model_only,1,407,1,0.0075663,7.5663,7566.3,132.1649947794827,10,2026-07-25T20:02:47.012670+00:00,,
41,cpu,model_only,1,408,1,0.0071476,7.1476,7147.599999999999,139.90710168448152,10,2026-07-25T20:02:47.012670+00:00,,
41,cpu,model_only,1,409,1,0.006563,6.563000000000001,6563.0,152.3693432881304,10,2026-07-25T20:02:47.012670+00:00,,
41,cpu,model_only,1,410,1,0.006846,6.846,6846.0,146.0706982179375,10,2026-07-25T20:02:47.012670+00:00,,
41,cpu,model_only,1,411,1,0.0070546,7.054600000000001,7054.6,141.7514813029796,10,2026-07-25T20:02:47.012670+00:00,,
41,cpu,model_only,1,412,1,0.0071384,7.1384,7138.4,140.08741454667714,10,2026-07-25T20:02:47.012670+00:00,,
41,cpu,model_only,1,413,1,0.0066212,6.6212,6621.2,151.03002476892408,10,2026-07-25T20:02:47.012670+00:00,,
41,cpu,model_only,1,414,1,0.0065742,6.574199999999999,6574.2,152.10976240455113,10,2026-07-25T20:02:47.012670+00:00,,
41,cpu,model_only,1,415,1,0.0067667,6.766699999999999,6766.7,147.7825232388018,10,2026-07-25T20:02:47.012670+00:00,,
41,cpu,model_only,1,416,1,0.0072651,7.2651,7265.1,137.6443545167995,10,2026-07-25T20:02:47.012670+00:00,,
41,cpu,model_only,1,417,1,0.0069226,6.9226,6922.6,144.4543957472626,10,2026-07-25T20:02:47.012670+00:00,,
41,cpu,model_only,1,418,1,0.0072446,7.2446,7244.6,138.03384589901444,10,2026-07-25T20:02:47.012670+00:00,,
41,cpu,model_only,1,419,1,0.0073825,7.3825,7382.5,135.45546901456146,10,2026-07-25T20:02:47.012670+00:00,,
41,cpu,model_only,1,420,1,0.0072015,7.201499999999999,7201.5,138.85995973061168,10,2026-07-25T20:02:47.012670+00:00,,
41,cpu,model_only,1,421,1,0.0068147,6.8147,6814.7,146.74160271178482,10,2026-07-25T20:02:47.012670+00:00,,
41,cpu,model_only,1,422,1,0.0076378,7.6378,7637.8,130.92775406530677,10,2026-07-25T20:02:47.012670+00:00,,
41,cpu,model_only,1,423,1,0.0074476,7.4476,7447.6,134.27144314947097,10,2026-07-25T20:02:47.012670+00:00,,
41,cpu,model_only,1,424,1,0.0071556,7.1556,7155.599999999999,139.7506847783554,10,2026-07-25T20:02:47.012670+00:00,,
41,cpu,model_only,1,425,1,0.0071445,7.1445,7144.5,139.96780740429702,10,2026-07-25T20:02:47.012670+00:00,,
41,cpu,model_only,1,426,1,0.0071158,7.1158,7115.8,140.53233649062648,10,2026-07-25T20:02:47.012670+00:00,,
41,cpu,model_only,1,427,1,0.0073389,7.3389,7338.9,136.2602024826609,10,2026-07-25T20:02:47.012670+00:00,,
41,cpu,model_only,1,428,1,0.0065884,6.5884,6588.400000000001,151.78191973772084,10,2026-07-25T20:02:47.012670+00:00,,
41,cpu,model_only,1,429,1,0.0069059,6.905900000000001,6905.900000000001,144.8037185594926,10,2026-07-25T20:02:47.012670+00:00,,
41,cpu,model_only,1,430,1,0.0073381,7.3381,7338.1,136.27505757621182,10,2026-07-25T20:02:47.012670+00:00,,
41,cpu,model_only,1,431,1,0.0068088,6.808800000000001,6808.8,146.86875807778168,10,2026-07-25T20:02:47.012670+00:00,,
41,cpu,model_only,1,432,1,0.0073911,7.391100000000001,7391.1,135.29785823490414,10,2026-07-25T20:02:47.012670+00:00,,
41,cpu,model_only,1,433,1,0.0074683,7.4683,7468.3,133.89928096086123,10,2026-07-25T20:02:47.012670+00:00,,
41,cpu,model_only,1,434,1,0.0077229,7.7229,7722.900000000001,129.48503800385865,10,2026-07-25T20:02:47.012670+00:00,,
41,cpu,model_only,1,435,1,0.0069296,6.9296,6929.6,144.30847379358116,10,2026-07-25T20:02:47.012670+00:00,,
41,cpu,model_only,1,436,1,0.0073081,7.3081,7308.099999999999,136.83447134001997,10,2026-07-25T20:02:47.012670+00:00,,
41,cpu,model_only,1,437,1,0.0074117,7.411700000000001,7411.7,134.9218128094769,10,2026-07-25T20:02:47.012670+00:00,,
41,cpu,model_only,1,438,1,0.0075296,7.5296,7529.6,132.80917977050575,10,2026-07-25T20:02:47.012670+00:00,,
41,cpu,model_only,1,439,1,0.0072459,7.245900000000001,7245.900000000001,138.00908099752962,10,2026-07-25T20:02:47.012670+00:00,,
41,cpu,model_only,1,440,1,0.0070371,7.0371,7037.1,142.1039917011269,10,2026-07-25T20:02:47.012670+00:00,,
41,cpu,model_only,1,441,1,0.0069734,6.9734,6973.400000000001,143.40207072590127,10,2026-07-25T20:02:47.012670+00:00,,
41,cpu,model_only,1,442,1,0.0063782,6.3782,6378.2,156.7840456555141,10,2026-07-25T20:02:47.012670+00:00,,
41,cpu,model_only,1,443,1,0.0067789,6.7789,6778.9,147.51655873371786,10,2026-07-25T20:02:47.012670+00:00,,
41,cpu,model_only,1,444,1,0.0078418,7.841799999999999,7841.799999999999,127.52174245708895,10,2026-07-25T20:02:47.012670+00:00,,
41,cpu,model_only,1,445,1,0.006969,6.969,6969.0,143.49261013057827,10,2026-07-25T20:02:47.012670+00:00,,
41,cpu,model_only,1,446,1,0.0066473,6.6473,6647.3,150.43701954176885,10,2026-07-25T20:02:47.012670+00:00,,
41,cpu,model_only,1,447,1,0.0070649,7.0649,7064.9,141.54482016730597,10,2026-07-25T20:02:47.012670+00:00,,
41,cpu,model_only,1,448,1,0.00726,7.26,7260.0,137.7410468319559,10,2026-07-25T20:02:47.012670+00:00,,
41,cpu,model_only,1,449,1,0.0069763,6.9763,6976.3,143.3424594699196,10,2026-07-25T20:02:47.012670+00:00,,
41,cpu,model_only,1,450,1,0.0067242,6.7242,6724.2,148.71657594955533,10,2026-07-25T20:02:47.012670+00:00,,
41,cpu,model_only,1,451,1,0.007047,7.047000000000001,7047.0,141.90435646374343,10,2026-07-25T20:02:47.012670+00:00,,
41,cpu,model_only,1,452,1,0.005889,5.889,5889.0,169.80811682798438,10,2026-07-25T20:02:47.012670+00:00,,
41,cpu,model_only,1,453,1,0.0064426,6.4426,6442.599999999999,155.21683792257784,10,2026-07-25T20:02:47.012670+00:00,,
41,cpu,model_only,1,454,1,0.0063979,6.3979,6397.9,156.30128635958675,10,2026-07-25T20:02:47.012670+00:00,,
41,cpu,model_only,1,455,1,0.0067711,6.771100000000001,6771.1,147.68649111665755,10,2026-07-25T20:02:47.012670+00:00,,
41,cpu,model_only,1,456,1,0.0069667,6.9667,6966.7,143.539983062282,10,2026-07-25T20:02:47.012670+00:00,,
41,cpu,model_only,1,457,1,0.0061186,6.1186,6118.6,163.4360801490537,10,2026-07-25T20:02:47.012670+00:00,,
41,cpu,model_only,1,458,1,0.0067669,6.766900000000001,6766.900000000001,147.7781554330639,10,2026-07-25T20:02:47.012670+00:00,,
41,cpu,model_only,1,459,1,0.0060782,6.0782,6078.2,164.5223914974828,10,2026-07-25T20:02:47.012670+00:00,,
41,cpu,model_only,1,460,1,0.0068273,6.827299999999999,6827.299999999999,146.4707864016522,10,2026-07-25T20:02:47.012670+00:00,,
41,cpu,model_only,1,461,1,0.0068098,6.8098,6809.8,146.84719081323973,10,2026-07-25T20:02:47.012670+00:00,,
41,cpu,model_only,1,462,1,0.0065637,6.5637,6563.7,152.35309352956412,10,2026-07-25T20:02:47.012670+00:00,,
41,cpu,model_only,1,463,1,0.007094,7.093999999999999,7094.0,140.964195094446,10,2026-07-25T20:02:47.012670+00:00,,
41,cpu,model_only,1,464,1,0.0064224,6.4224,6422.4,155.70503238664674,10,2026-07-25T20:02:47.012670+00:00,,
41,cpu,model_only,1,465,1,0.0065999,6.5999,6599.9,151.517447234049,10,2026-07-25T20:02:47.012670+00:00,,
41,cpu,model_only,1,466,1,0.0063997,6.3997,6399.700000000001,156.25732456208883,10,2026-07-25T20:02:47.012670+00:00,,
41,cpu,model_only,1,467,1,0.0065113,6.5113,6511.3,153.57916237924837,10,2026-07-25T20:02:47.012670+00:00,,
41,cpu,model_only,1,468,1,0.006523,6.523000000000001,6523.0,153.30369461904033,10,2026-07-25T20:02:47.012670+00:00,,
41,cpu,model_only,1,469,1,0.0063525,6.3525,6352.5,157.41833923652106,10,2026-07-25T20:02:47.012670+00:00,,
41,cpu,model_only,1,470,1,0.0068623,6.8623,6862.3,145.72373693951008,10,2026-07-25T20:02:47.012670+00:00,,
41,cpu,model_only,1,471,1,0.0066492,6.6492,6649.2,150.39403236479578,10,2026-07-25T20:02:47.012670+00:00,,
41,cpu,model_only,1,472,1,0.0066791,6.6791,6679.1,149.72077076252788,10,2026-07-25T20:02:47.012670+00:00,,
41,cpu,model_only,1,473,1,0.0063239,6.3239,6323.900000000001,158.13026771454324,10,2026-07-25T20:02:47.012670+00:00,,
41,cpu,model_only,1,474,1,0.0078033,7.8033,7803.3,128.15091051221918,10,2026-07-25T20:02:47.012670+00:00,,
41,cpu,model_only,1,475,1,0.0070077,7.007700000000001,7007.700000000001,142.70017266720893,10,2026-07-25T20:02:47.012670+00:00,,
41,cpu,model_only,1,476,1,0.0064083,6.4083,6408.299999999999,156.04762573537445,10,2026-07-25T20:02:47.012670+00:00,,
41,cpu,model_only,1,477,1,0.0074828,7.4828,7482.8,133.63981397337895,10,2026-07-25T20:02:47.012670+00:00,,
41,cpu,model_only,1,478,1,0.0073698,7.369800000000001,7369.8,135.68889250725934,10,2026-07-25T20:02:47.012670+00:00,,
41,cpu,model_only,1,479,1,0.0067685,6.7685,6768.5,147.74322227967792,10,2026-07-25T20:02:47.012670+00:00,,
41,cpu,model_only,1,480,1,0.0070612,7.0612,7061.2,141.61898827394776,10,2026-07-25T20:02:47.012670+00:00,,
41,cpu,model_only,1,481,1,0.0067245,6.7245,6724.5,148.7099412595732,10,2026-07-25T20:02:47.012670+00:00,,
41,cpu,model_only,1,482,1,0.006597,6.597,6597.0,151.58405335758678,10,2026-07-25T20:02:47.012670+00:00,,
41,cpu,model_only,1,483,1,0.007247,7.247,7247.0,137.98813302056024,10,2026-07-25T20:02:47.012670+00:00,,
41,cpu,model_only,1,484,1,0.0065841,6.5841,6584.099999999999,151.8810467641743,10,2026-07-25T20:02:47.012670+00:00,,
41,cpu,model_only,1,485,1,0.0075809,7.5809,7580.9,131.9104591803084,10,2026-07-25T20:02:47.012670+00:00,,
41,cpu,model_only,1,486,1,0.0061515,6.1514999999999995,6151.5,162.56197675363734,10,2026-07-25T20:02:47.012670+00:00,,
41,cpu,model_only,1,487,1,0.0060902,6.090199999999999,6090.2,164.19822009129422,10,2026-07-25T20:02:47.012670+00:00,,
41,cpu,model_only,1,488,1,0.006182,6.182,6182.0,161.75994823681657,10,2026-07-25T20:02:47.012670+00:00,,
41,cpu,model_only,1,489,1,0.0059927,5.9927,5992.7,166.8696914579405,10,2026-07-25T20:02:47.012670+00:00,,
41,cpu,model_only,1,490,1,0.0067634,6.7634,6763.400000000001,147.85462932844428,10,2026-07-25T20:02:47.012670+00:00,,
41,cpu,model_only,1,491,1,0.0066337,6.6337,6633.7,150.7454361819196,10,2026-07-25T20:02:47.012670+00:00,,
41,cpu,model_only,1,492,1,0.0067536,6.7536000000000005,6753.6,148.0691779199242,10,2026-07-25T20:02:47.012670+00:00,,
41,cpu,model_only,1,493,1,0.0066433,6.6433,6643.3,150.5275992353198,10,2026-07-25T20:02:47.012670+00:00,,
41,cpu,model_only,1,494,1,0.0063208,6.320799999999999,6320.799999999999,158.20782179470953,10,2026-07-25T20:02:47.012670+00:00,,
41,cpu,model_only,1,495,1,0.0062754,6.2754,6275.400000000001,159.3523918794021,10,2026-07-25T20:02:47.012670+00:00,,
41,cpu,model_only,1,496,1,0.0063372,6.3372,6337.200000000001,157.79839676828882,10,2026-07-25T20:02:47.012670+00:00,,
41,cpu,model_only,1,497,1,0.0062134,6.2134,6213.4,160.94247915794895,10,2026-07-25T20:02:47.012670+00:00,,
41,cpu,model_only,1,498,1,0.0061019,6.1019000000000005,6101.900000000001,163.88338058637473,10,2026-07-25T20:02:47.012670+00:00,,
41,cpu,model_only,1,499,1,0.0062264,6.2264,6226.4,160.6064499550302,10,2026-07-25T20:02:47.012670+00:00,,
41,cpu,model_only,1,500,1,0.0063646,6.364599999999999,6364.599999999999,157.11906482732616,10,2026-07-25T20:02:47.012670+00:00,,
41,cpu,model_only,1,501,1,0.0060734,6.0733999999999995,6073.4,164.65241874403137,10,2026-07-25T20:02:47.012670+00:00,,
41,cpu,model_only,1,502,1,0.0064656,6.4656,6465.6,154.6646869586736,10,2026-07-25T20:02:47.012670+00:00,,
41,cpu,model_only,1,503,1,0.0065193,6.519299999999999,6519.299999999999,153.39070145567777,10,2026-07-25T20:02:47.012670+00:00,,
41,cpu,model_only,1,504,1,0.0063265,6.326499999999999,6326.5,158.0652809610369,10,2026-07-25T20:02:47.012670+00:00,,
41,cpu,model_only,1,505,1,0.0071774,7.1774,7177.4,139.32621840777998,10,2026-07-25T20:02:47.012670+00:00,,
41,cpu,model_only,1,506,1,0.0065928,6.5928,6592.8,151.68062128382476,10,2026-07-25T20:02:47.012670+00:00,,
41,cpu,model_only,1,507,1,0.0070339,7.0339,7033.9,142.16864044129147,10,2026-07-25T20:02:47.012670+00:00,,
41,cpu,model_only,1,508,1,0.0066799,6.6799,6679.9,149.7028398628722,10,2026-07-25T20:02:47.012670+00:00,,
41,cpu,model_only,1,509,1,0.0068733,6.8732999999999995,6873.299999999999,145.4905212925378,10,2026-07-25T20:02:47.012670+00:00,,
41,cpu,model_only,1,510,1,0.0067029,6.7029000000000005,6702.900000000001,149.18915693207416,10,2026-07-25T20:02:47.012670+00:00,,
41,cpu,model_only,1,511,1,0.0065781,6.5781,6578.1,152.01958012191972,10,2026-07-25T20:02:47.012670+00:00,,
41,cpu,model_only,1,512,1,0.0068486,6.8486,6848.599999999999,146.01524399147272,10,2026-07-25T20:02:47.012670+00:00,,
41,cpu,model_only,1,513,1,0.0066617,6.661700000000001,6661.700000000001,150.11183331582026,10,2026-07-25T20:02:47.012670+00:00,,
41,cpu,model_only,1,514,1,0.0068494,6.8494,6849.400000000001,145.99818962244868,10,2026-07-25T20:02:47.012670+00:00,,
41,cpu,model_only,1,515,1,0.0064608,6.4608,6460.8,154.77959385834572,10,2026-07-25T20:02:47.012670+00:00,,
41,cpu,model_only,1,516,1,0.0064403,6.440300000000001,6440.3,155.27226992531402,10,2026-07-25T20:02:47.012670+00:00,,
41,cpu,model_only,1,517,1,0.0070202,7.0202,7020.2,142.44608415714652,10,2026-07-25T20:02:47.012670+00:00,,
41,cpu,model_only,1,518,1,0.0058904,5.8904,5890.4,169.7677577074562,10,2026-07-25T20:02:47.012670+00:00,,
41,cpu,model_only,1,519,1,0.007028,7.0280000000000005,7028.0,142.28799089356858,10,2026-07-25T20:02:47.012670+00:00,,
41,cpu,model_only,1,520,1,0.0065526,6.5526,6552.599999999999,152.61117724262127,10,2026-07-25T20:02:47.012670+00:00,,
41,cpu,model_only,1,521,1,0.0067236,6.723599999999999,6723.599999999999,148.72984710571717,10,2026-07-25T20:02:47.012670+00:00,,
41,cpu,model_only,1,522,1,0.007163,7.163,7163.0,139.60631020522126,10,2026-07-25T20:02:47.012670+00:00,,
41,cpu,model_only,1,523,1,0.0065122,6.5122,6512.2,153.5579374097847,10,2026-07-25T20:02:47.012670+00:00,,
41,cpu,model_only,1,524,1,0.006706,6.706,6706.0,149.1201908738443,10,2026-07-25T20:02:47.012670+00:00,,
41,cpu,model_only,1,525,1,0.0059233,5.9233,5923.3,168.8248104941502,10,2026-07-25T20:02:47.012670+00:00,,
41,cpu,model_only,1,526,1,0.0066359,6.6359,6635.900000000001,150.69545954580389,10,2026-07-25T20:02:47.012670+00:00,,
41,cpu,model_only,1,527,1,0.0065691,6.5691,6569.099999999999,152.2278546528444,10,2026-07-25T20:02:47.012670+00:00,,
41,cpu,model_only,1,528,1,0.00657,6.57,6570.0,152.20700152207002,10,2026-07-25T20:02:47.012670+00:00,,
41,cpu,model_only,1,529,1,0.0075744,7.5744,7574.400000000001,132.02365863962822,10,2026-07-25T20:02:47.012670+00:00,,
41,cpu,model_only,1,530,1,0.006458,6.458,6458.0,154.8467017652524,10,2026-07-25T20:02:47.012670+00:00,,
41,cpu,model_only,1,531,1,0.0071588,7.1588,7158.8,139.6882159021065,10,2026-07-25T20:02:47.012670+00:00,,
41,cpu,model_only,1,532,1,0.0060981,6.0981000000000005,6098.1,163.98550368147454,10,2026-07-25T20:02:47.012670+00:00,,
41,cpu,model_only,1,533,1,0.0061248,6.1248,6124.799999999999,163.27063740856846,10,2026-07-25T20:02:47.012670+00:00,,
41,cpu,model_only,1,534,1,0.0066468,6.6468,6646.799999999999,150.4483360414034,10,2026-07-25T20:02:47.012670+00:00,,
41,cpu,model_only,1,535,1,0.0065842,6.5842,6584.2,151.87874001397284,10,2026-07-25T20:02:47.012670+00:00,,
41,cpu,model_only,1,536,1,0.0068717,6.8717,6871.7,145.52439716518475,10,2026-07-25T20:02:47.012670+00:00,,
41,cpu,model_only,1,537,1,0.0064872,6.4872000000000005,6487.2,154.14971019854482,10,2026-07-25T20:02:47.012670+00:00,,
41,cpu,model_only,1,538,1,0.0069614,6.9614,6961.400000000001,143.64926595225097,10,2026-07-25T20:02:47.012670+00:00,,
41,cpu,model_only,1,539,1,0.0068728,6.8728,6872.8,145.50110580840413,10,2026-07-25T20:02:47.012670+00:00,,
41,cpu,model_only,1,540,1,0.0065,6.5,6500.0,153.84615384615384,10,2026-07-25T20:02:47.012670+00:00,,
41,cpu,model_only,1,541,1,0.0067776,6.7776,6777.6,147.5448536355052,10,2026-07-25T20:02:47.012670+00:00,,
41,cpu,model_only,1,542,1,0.0065632,6.5632,6563.2,152.3647001462701,10,2026-07-25T20:02:47.012670+00:00,,
41,cpu,model_only,1,543,1,0.0069043,6.9043,6904.3,144.83727532117666,10,2026-07-25T20:02:47.012670+00:00,,
41,cpu,model_only,1,544,1,0.0063741,6.374099999999999,6374.099999999999,156.88489355359974,10,2026-07-25T20:02:47.012670+00:00,,
41,cpu,model_only,1,545,1,0.0064767,6.4767,6476.7,154.3996170889496,10,2026-07-25T20:02:47.012670+00:00,,
41,cpu,model_only,1,546,1,0.0062124,6.2124,6212.4,160.9683858090271,10,2026-07-25T20:02:47.012670+00:00,,
41,cpu,model_only,1,547,1,0.0063432,6.3432,6343.2,157.64913608273426,10,2026-07-25T20:02:47.012670+00:00,,
41,cpu,model_only,1,548,1,0.0064456,6.4456,6445.6,155.1445947623185,10,2026-07-25T20:02:47.012670+00:00,,
41,cpu,model_only,1,549,1,0.0062892,6.2892,6289.2,159.00273484703936,10,2026-07-25T20:02:47.012670+00:00,,
41,cpu,model_only,1,550,1,0.0067012,6.7012,6701.2,149.22700411866532,10,2026-07-25T20:02:47.012670+00:00,,
41,cpu,model_only,1,551,1,0.0071709,7.1709,7170.9,139.45250944790752,10,2026-07-25T20:02:47.012670+00:00,,
41,cpu,model_only,1,552,1,0.0072627,7.262700000000001,7262.700000000001,137.68983986671623,10,2026-07-25T20:02:47.012670+00:00,,
41,cpu,model_only,1,553,1,0.0064748,6.4748,6474.8,154.44492493976648,10,2026-07-25T20:02:47.012670+00:00,,
41,cpu,model_only,1,554,1,0.0067591,6.759099999999999,6759.099999999999,147.94869139382462,10,2026-07-25T20:02:47.012670+00:00,,
41,cpu,model_only,1,555,1,0.0072478,7.247800000000001,7247.8,137.9729021220232,10,2026-07-25T20:02:47.012670+00:00,,
41,cpu,model_only,1,556,1,0.0063492,6.3492,6349.2,157.50015750015748,10,2026-07-25T20:02:47.012670+00:00,,
41,cpu,model_only,1,557,1,0.0065969,6.5969,6596.900000000001,151.5863511649411,10,2026-07-25T20:02:47.012670+00:00,,
41,cpu,model_only,1,558,1,0.006455,6.455,6455.0,154.91866769945779,10,2026-07-25T20:02:47.012670+00:00,,
41,cpu,model_only,1,559,1,0.006423,6.423,6423.0,155.6904873112253,10,2026-07-25T20:02:47.012670+00:00,,
41,cpu,model_only,1,560,1,0.0068395,6.8395,6839.5,146.2095182396374,10,2026-07-25T20:02:47.012670+00:00,,
41,cpu,model_only,1,561,1,0.00661,6.61,6610.0,151.285930408472,10,2026-07-25T20:02:47.012670+00:00,,
41,cpu,model_only,1,562,1,0.0067918,6.791799999999999,6791.8,147.23637327365353,10,2026-07-25T20:02:47.012670+00:00,,
41,cpu,model_only,1,563,1,0.0064541,6.4540999999999995,6454.1,154.94027052571235,10,2026-07-25T20:02:47.012670+00:00,,
41,cpu,model_only,1,564,1,0.0063881,6.3881,6388.099999999999,156.54106854933391,10,2026-07-25T20:02:47.012670+00:00,,
41,cpu,model_only,1,565,1,0.0066495,6.6495,6649.5,150.3872471614407,10,2026-07-25T20:02:47.012670+00:00,,
41,cpu,model_only,1,566,1,0.0065268,6.5268,6526.8,153.21443892872463,10,2026-07-25T20:02:47.012670+00:00,,
41,cpu,model_only,1,567,1,0.0068483,6.8483,6848.3,146.02164040710835,10,2026-07-25T20:02:47.012670+00:00,,
41,cpu,model_only,1,568,1,0.0064258,6.4258,6425.8,155.62264620747612,10,2026-07-25T20:02:47.012670+00:00,,
41,cpu,model_only,1,569,1,0.0066298,6.6298,6629.8,150.83411264291533,10,2026-07-25T20:02:47.012670+00:00,,
41,cpu,model_only,1,570,1,0.0062898,6.2898,6289.8,158.98756717224714,10,2026-07-25T20:02:47.012670+00:00,,
41,cpu,model_only,1,571,1,0.0063424,6.3424,6342.4,157.66902119071645,10,2026-07-25T20:02:47.012670+00:00,,
41,cpu,model_only,1,572,1,0.0067238,6.723800000000001,6723.8,148.7254231238288,10,2026-07-25T20:02:47.012670+00:00,,
41,cpu,model_only,1,573,1,0.0064684,6.4684,6468.4,154.59773668913488,10,2026-07-25T20:02:47.012670+00:00,,
41,cpu,model_only,1,574,1,0.0069086,6.9086,6908.6,144.74712676953362,10,2026-07-25T20:02:47.012670+00:00,,
41,cpu,model_only,1,575,1,0.0064213,6.4213,6421.299999999999,155.73170541790603,10,2026-07-25T20:02:47.012670+00:00,,
41,cpu,model_only,1,576,1,0.0063963,6.3963,6396.3,156.34038428466457,10,2026-07-25T20:02:47.012670+00:00,,
41,cpu,model_only,1,577,1,0.0069919,6.991899999999999,6991.9,143.02264048398862,10,2026-07-25T20:02:47.012670+00:00,,
41,cpu,model_only,1,578,1,0.0065541,6.5541,6554.1,152.57624998092797,10,2026-07-25T20:02:47.012670+00:00,,
41,cpu,model_only,1,579,1,0.0074577,7.4577,7457.7,134.0895986698312,10,2026-07-25T20:02:47.012670+00:00,,
41,cpu,model_only,1,580,1,0.0064435,6.443499999999999,6443.5,155.19515791107318,10,2026-07-25T20:02:47.012670+00:00,,
41,cpu,model_only,1,581,1,0.006759,6.759,6759.0,147.95088030773783,10,2026-07-25T20:02:47.012670+00:00,,
41,cpu,model_only,1,582,1,0.006387,6.3870000000000005,6387.0,156.56802880851728,10,2026-07-25T20:02:47.012670+00:00,,
41,cpu,model_only,1,583,1,0.0062788,6.2788,6278.8,159.26610180289228,10,2026-07-25T20:02:47.012670+00:00,,
41,cpu,model_only,1,584,1,0.0070575,7.0575,7057.5,141.69323414806942,10,2026-07-25T20:02:47.012670+00:00,,
41,cpu,model_only,1,585,1,0.0062035,6.2035,6203.5,161.19932296284355,10,2026-07-25T20:02:47.012670+00:00,,
41,cpu,model_only,1,586,1,0.0070144,7.014399999999999,7014.4,142.56386861313868,10,2026-07-25T20:02:47.012670+00:00,,
41,cpu,model_only,1,587,1,0.0064686,6.4685999999999995,6468.599999999999,154.5929567448907,10,2026-07-25T20:02:47.012670+00:00,,
41,cpu,model_only,1,588,1,0.0064568,6.4568,6456.8,154.87548011398835,10,2026-07-25T20:02:47.012670+00:00,,
41,cpu,model_only,1,589,1,0.0072114,7.211399999999999,7211.4,138.66932911778574,10,2026-07-25T20:02:47.012670+00:00,,
41,cpu,model_only,1,590,1,0.0065608,6.5608,6560.8,152.42043653213022,10,2026-07-25T20:02:47.012670+00:00,,
41,cpu,model_only,1,591,1,0.0067122,6.7122,6712.2,148.98244986740562,10,2026-07-25T20:02:47.012670+00:00,,
41,cpu,model_only,1,592,1,0.0064717,6.4717,6471.700000000001,154.51890538807422,10,2026-07-25T20:02:47.012670+00:00,,
41,cpu,model_only,1,593,1,0.0070982,7.098199999999999,7098.2,140.8807866783128,10,2026-07-25T20:02:47.012670+00:00,,
41,cpu,model_only,1,594,1,0.0067639,6.7639,6763.9,147.84369964073983,10,2026-07-25T20:02:47.012670+00:00,,
41,cpu,model_only,1,595,1,0.0062111,6.2111,6211.099999999999,161.00207692679237,10,2026-07-25T20:02:47.012670+00:00,,
41,cpu,model_only,1,596,1,0.0063318,6.3318,6331.8,157.93297324615432,10,2026-07-25T20:02:47.012670+00:00,,
41,cpu,model_only,1,597,1,0.0063292,6.3292,6329.2,157.99785122922327,10,2026-07-25T20:02:47.012670+00:00,,
41,cpu,model_only,1,598,1,0.0070429,7.0429,7042.900000000001,141.98696559655824,10,2026-07-25T20:02:47.012670+00:00,,
41,cpu,model_only,1,599,1,0.0063738,6.3738,6373.8,156.89227776208855,10,2026-07-25T20:02:47.012670+00:00,,
41,cpu,model_only,1,600,1,0.0065219,6.5219,6521.9,153.32955120440363,10,2026-07-25T20:02:47.012670+00:00,,
41,cpu,model_only,1,601,1,0.0069068,6.9068000000000005,6906.8,144.784849713326,10,2026-07-25T20:02:47.012670+00:00,,
41,cpu,model_only,1,602,1,0.0064673,6.4673,6467.299999999999,154.6240316670017,10,2026-07-25T20:02:47.012670+00:00,,
41,cpu,model_only,1,603,1,0.0072636,7.2636,7263.6,137.67277933806926,10,2026-07-25T20:02:47.012670+00:00,,
41,cpu,model_only,1,604,1,0.0065488,6.5488,6548.799999999999,152.699731248473,10,2026-07-25T20:02:47.012670+00:00,,
41,cpu,model_only,1,605,1,0.0068017,6.8017,6801.7,147.02206801240865,10,2026-07-25T20:02:47.012670+00:00,,
41,cpu,model_only,1,606,1,0.0065694,6.569400000000001,6569.400000000001,152.22090297439644,10,2026-07-25T20:02:47.012670+00:00,,
41,cpu,model_only,1,607,1,0.0060087,6.008699999999999,6008.7,166.4253499092982,10,2026-07-25T20:02:47.012670+00:00,,
41,cpu,model_only,1,608,1,0.0065451,6.5451,6545.099999999999,152.78605368901927,10,2026-07-25T20:02:47.012670+00:00,,
41,cpu,model_only,1,609,1,0.0063014,6.3014,6301.400000000001,158.69489319833687,10,2026-07-25T20:02:47.012670+00:00,,
41,cpu,model_only,1,610,1,0.0065351,6.5351,6535.1,153.01984667411364,10,2026-07-25T20:02:47.012670+00:00,,
41,cpu,model_only,1,611,1,0.0062841,6.2841,6284.1,159.13177702455403,10,2026-07-25T20:02:47.012670+00:00,,
41,cpu,model_only,1,612,1,0.0061632,6.1632,6163.2,162.25337487019732,10,2026-07-25T20:02:47.012670+00:00,,
41,cpu,model_only,1,613,1,0.0066524,6.6524,6652.400000000001,150.32168841320424,10,2026-07-25T20:02:47.012670+00:00,,
41,cpu,model_only,1,614,1,0.0064319,6.4319,6431.9,155.47505402758128,10,2026-07-25T20:02:47.012670+00:00,,
41,cpu,model_only,1,615,1,0.00728,7.28,7280.0,137.36263736263737,10,2026-07-25T20:02:47.012670+00:00,,
41,cpu,model_only,1,616,1,0.0068821,6.8821,6882.1,145.3044855494689,10,2026-07-25T20:02:47.012670+00:00,,
41,cpu,model_only,1,617,1,0.0070285,7.0285,7028.5,142.2778686775272,10,2026-07-25T20:02:47.012670+00:00,,
41,cpu,model_only,1,618,1,0.0066447,6.6447,6644.7,150.49588393757432,10,2026-07-25T20:02:47.012670+00:00,,
41,cpu,model_only,1,619,1,0.0063708,6.3708,6370.8,156.96615809631442,10,2026-07-25T20:02:47.012670+00:00,,
41,cpu,model_only,1,620,1,0.0064103,6.410299999999999,6410.3,155.9989392072134,10,2026-07-25T20:02:47.012670+00:00,,
41,cpu,model_only,1,621,1,0.0060913,6.0913,6091.3,164.16856828591597,10,2026-07-25T20:02:47.012670+00:00,,
41,cpu,model_only,1,622,1,0.0063499,6.349900000000001,6349.900000000001,157.48279500464574,10,2026-07-25T20:02:47.012670+00:00,,
41,cpu,model_only,1,623,1,0.0063184,6.3184000000000005,6318.4,158.26791592808306,10,2026-07-25T20:02:47.012670+00:00,,
41,cpu,model_only,1,624,1,0.0063863,6.3863,6386.3,156.58519017271345,10,2026-07-25T20:02:47.012670+00:00,,
41,cpu,model_only,1,625,1,0.0070406,7.0406,7040.6,142.03334943044626,10,2026-07-25T20:02:47.012670+00:00,,
41,cpu,model_only,1,626,1,0.0067472,6.7472,6747.2,148.20962769741521,10,2026-07-25T20:02:47.012670+00:00,,
41,cpu,model_only,1,627,1,0.0069593,6.9593,6959.3,143.69261276277786,10,2026-07-25T20:02:47.012670+00:00,,
41,cpu,model_only,1,628,1,0.006405,6.405,6405.0,156.12802498048399,10,2026-07-25T20:02:47.012670+00:00,,
41,cpu,model_only,1,629,1,0.0058888,5.8888,5888.799999999999,169.81388398315448,10,2026-07-25T20:02:47.012670+00:00,,
41,cpu,model_only,1,630,1,0.0067974,6.7974000000000006,6797.400000000001,147.11507341042162,10,2026-07-25T20:02:47.012670+00:00,,
41,cpu,model_only,1,631,1,0.0064745,6.4745,6474.5,154.45208124179473,10,2026-07-25T20:02:47.012670+00:00,,
41,cpu,model_only,1,632,1,0.0074337,7.4337,7433.7,134.5225123424405,10,2026-07-25T20:02:47.012670+00:00,,
41,cpu,model_only,1,633,1,0.0070019,7.0019,7001.900000000001,142.81837786886416,10,2026-07-25T20:02:47.012670+00:00,,
41,cpu,model_only,1,634,1,0.007145,7.1450000000000005,7145.0,139.95801259622112,10,2026-07-25T20:02:47.012670+00:00,,
41,cpu,model_only,1,635,1,0.006576,6.5760000000000005,6576.0,152.06812652068126,10,2026-07-25T20:02:47.012670+00:00,,
41,cpu,model_only,1,636,1,0.006978,6.978,6978.0,143.30753797649757,10,2026-07-25T20:02:47.012670+00:00,,
41,cpu,model_only,1,637,1,0.0065116,6.5116000000000005,6511.6,153.57208673751458,10,2026-07-25T20:02:47.012670+00:00,,
41,cpu,model_only,1,638,1,0.006487,6.487,6487.0,154.15446277169724,10,2026-07-25T20:02:47.012670+00:00,,
41,cpu,model_only,1,639,1,0.0073451,7.3451,7345.1,136.1451852255245,10,2026-07-25T20:02:47.012670+00:00,,
41,cpu,model_only,1,640,1,0.0063777,6.3777,6377.7,156.79633723756214,10,2026-07-25T20:02:47.012670+00:00,,
41,cpu,model_only,1,641,1,0.0066621,6.6621,6662.099999999999,150.10282043199592,10,2026-07-25T20:02:47.012670+00:00,,
41,cpu,model_only,1,642,1,0.0064242,6.4242,6424.2,155.66140531116716,10,2026-07-25T20:02:47.012670+00:00,,
41,cpu,model_only,1,643,1,0.0064113,6.4113,6411.3,155.97460733392603,10,2026-07-25T20:02:47.012670+00:00,,
41,cpu,model_only,1,644,1,0.006725,6.725,6725.0,148.6988847583643,10,2026-07-25T20:02:47.012670+00:00,,
41,cpu,model_only,1,645,1,0.0064111,6.4111,6411.1,155.97947310133986,10,2026-07-25T20:02:47.012670+00:00,,
41,cpu,model_only,1,646,1,0.0073044,7.3044,7304.4,136.90378402059034,10,2026-07-25T20:02:47.012670+00:00,,
41,cpu,model_only,1,647,1,0.0063274,6.327400000000001,6327.400000000001,158.0427979896956,10,2026-07-25T20:02:47.012670+00:00,,
41,cpu,model_only,1,648,1,0.0065429,6.5428999999999995,6542.9,152.83742682908192,10,2026-07-25T20:02:47.012670+00:00,,
41,cpu,model_only,1,649,1,0.0066289,6.6289,6628.9,150.85459125948498,10,2026-07-25T20:02:47.012670+00:00,,
41,cpu,model_only,1,650,1,0.0065104,6.510400000000001,6510.400000000001,153.60039321700663,10,2026-07-25T20:02:47.012670+00:00,,
41,cpu,model_only,1,651,1,0.006775,6.7749999999999995,6775.0,147.60147601476015,10,2026-07-25T20:02:47.012670+00:00,,
41,cpu,model_only,1,652,1,0.0064154,6.4154,6415.4,155.87492595941018,10,2026-07-25T20:02:47.012670+00:00,,
41,cpu,model_only,1,653,1,0.0065801,6.5801,6580.1,151.9733742648288,10,2026-07-25T20:02:47.012670+00:00,,
41,cpu,model_only,1,654,1,0.0063848,6.3848,6384.8,156.62197719584012,10,2026-07-25T20:02:47.012670+00:00,,
41,cpu,model_only,1,655,1,0.0062547,6.254700000000001,6254.7,159.8797704126497,10,2026-07-25T20:02:47.012670+00:00,,
41,cpu,model_only,1,656,1,0.0068627,6.8627,6862.7,145.71524327159864,10,2026-07-25T20:02:47.012670+00:00,,
41,cpu,model_only,1,657,1,0.0066694,6.6693999999999996,6669.4,149.9385252046661,10,2026-07-25T20:02:47.012670+00:00,,
41,cpu,model_only,1,658,1,0.0069311,6.9311,6931.1,144.27724315043787,10,2026-07-25T20:02:47.012670+00:00,,
41,cpu,model_only,1,659,1,0.006586,6.585999999999999,6586.0,151.83723048891588,10,2026-07-25T20:02:47.012670+00:00,,
41,cpu,model_only,1,660,1,0.0064659,6.4659,6465.900000000001,154.6575109420189,10,2026-07-25T20:02:47.012670+00:00,,
41,cpu,model_only,1,661,1,0.0073458,7.3458000000000006,7345.8,136.1322116039097,10,2026-07-25T20:02:47.012670+00:00,,
41,cpu,model_only,1,662,1,0.0065582,6.5582,6558.2,152.4808636516117,10,2026-07-25T20:02:47.012670+00:00,,
41,cpu,model_only,1,663,1,0.0068021,6.8021,6802.1,147.01342232545832,10,2026-07-25T20:02:47.012670+00:00,,
41,cpu,model_only,1,664,1,0.0062319,6.2319,6231.900000000001,160.46470578796192,10,2026-07-25T20:02:47.012670+00:00,,
41,cpu,model_only,1,665,1,0.0063811,6.3811,6381.099999999999,156.71279246524895,10,2026-07-25T20:02:47.012670+00:00,,
41,cpu,model_only,1,666,1,0.0061108,6.1108,6110.8,163.6446946389998,10,2026-07-25T20:02:47.012670+00:00,,
41,cpu,model_only,1,667,1,0.0062909,6.290900000000001,6290.900000000001,158.95976728290069,10,2026-07-25T20:02:47.012670+00:00,,
41,cpu,model_only,1,668,1,0.0067786,6.7786,6778.6,147.52308736317232,10,2026-07-25T20:02:47.012670+00:00,,
41,cpu,model_only,1,669,1,0.0062364,6.2364,6236.4,160.3489192482843,10,2026-07-25T20:02:47.012670+00:00,,
41,cpu,model_only,1,670,1,0.0066011,6.601100000000001,6601.1,151.48990319795186,10,2026-07-25T20:02:47.012670+00:00,,
41,cpu,model_only,1,671,1,0.0066858,6.6858,6685.8,149.5707319991624,10,2026-07-25T20:02:47.012670+00:00,,
41,cpu,model_only,1,672,1,0.0064498,6.449800000000001,6449.8,155.0435672423951,10,2026-07-25T20:02:47.012670+00:00,,
41,cpu,model_only,1,673,1,0.0067489,6.748900000000001,6748.900000000001,148.1722947443287,10,2026-07-25T20:02:47.012670+00:00,,
41,cpu,model_only,1,674,1,0.0067025,6.702500000000001,6702.5,149.19806042521446,10,2026-07-25T20:02:47.012670+00:00,,
41,cpu,model_only,1,675,1,0.0063664,6.3664000000000005,6366.400000000001,157.07464186981653,10,2026-07-25T20:02:47.012670+00:00,,
41,cpu,model_only,1,676,1,0.0061009,6.1009,6100.900000000001,163.91024275106952,10,2026-07-25T20:02:47.012670+00:00,,
41,cpu,model_only,1,677,1,0.0062898,6.2898,6289.8,158.98756717224714,10,2026-07-25T20:02:47.012670+00:00,,
41,cpu,model_only,1,678,1,0.0070798,7.0798,7079.8,141.24692787931863,10,2026-07-25T20:02:47.012670+00:00,,
41,cpu,model_only,1,679,1,0.0066049,6.604900000000001,6604.900000000001,151.40274644582053,10,2026-07-25T20:02:47.012670+00:00,,
41,cpu,model_only,1,680,1,0.007217,7.2170000000000005,7217.0,138.56172925038103,10,2026-07-25T20:02:47.012670+00:00,,
41,cpu,model_only,1,681,1,0.0066042,6.6042000000000005,6604.2,151.41879410072377,10,2026-07-25T20:02:47.012670+00:00,,
41,cpu,model_only,1,682,1,0.0069813,6.9813,6981.3,143.23979774540558,10,2026-07-25T20:02:47.012670+00:00,,
41,cpu,model_only,1,683,1,0.0065369,6.5369,6536.9,152.97771114748582,10,2026-07-25T20:02:47.012670+00:00,,
41,cpu,model_only,1,684,1,0.0061823,6.1823,6182.3,161.75209873348106,10,2026-07-25T20:02:47.012670+00:00,,
41,cpu,model_only,1,685,1,0.0066417,6.6417,6641.700000000001,150.5638616619239,10,2026-07-25T20:02:47.012670+00:00,,
41,cpu,model_only,1,686,1,0.0061464,6.1464,6146.4,162.6968632044774,10,2026-07-25T20:02:47.012670+00:00,,
41,cpu,model_only,1,687,1,0.0065981,6.5981,6598.1,151.55878207362727,10,2026-07-25T20:02:47.012670+00:00,,
41,cpu,model_only,1,688,1,0.0067794,6.7794,6779.4,147.5056789686403,10,2026-07-25T20:02:47.012670+00:00,,
41,cpu,model_only,1,689,1,0.0061889,6.188899999999999,6188.9,161.5796021910194,10,2026-07-25T20:02:47.012670+00:00,,
41,cpu,model_only,1,690,1,0.0072469,7.2469,7246.9,137.99003711932,10,2026-07-25T20:02:47.012670+00:00,,
41,cpu,model_only,1,691,1,0.0067189,6.7189,6718.9,148.83388649927815,10,2026-07-25T20:02:47.012670+00:00,,
41,cpu,model_only,1,692,1,0.0067773,6.7773,6777.3,147.55138476974605,10,2026-07-25T20:02:47.012670+00:00,,
41,cpu,model_only,1,693,1,0.0062932,6.2932,6293.2,158.9016716455857,10,2026-07-25T20:02:47.012670+00:00,,
41,cpu,model_only,1,694,1,0.0064249,6.4249,6424.9,155.64444582795062,10,2026-07-25T20:02:47.012670+00:00,,
41,cpu,model_only,1,695,1,0.0069335,6.9335,6933.5,144.2273022283118,10,2026-07-25T20:02:47.012670+00:00,,
41,cpu,model_only,1,696,1,0.0066066,6.606599999999999,6606.599999999999,151.3637877274241,10,2026-07-25T20:02:47.012670+00:00,,
41,cpu,model_only,1,697,1,0.0073753,7.3753,7375.3,135.58770490691904,10,2026-07-25T20:02:47.012670+00:00,,
41,cpu,model_only,1,698,1,0.0060866,6.0866,6086.6,164.29533729832747,10,2026-07-25T20:02:47.012670+00:00,,
41,cpu,model_only,1,699,1,0.0065364,6.5364,6536.400000000001,152.98941313261122,10,2026-07-25T20:02:47.012670+00:00,,
41,cpu,model_only,1,700,1,0.0062525,6.2525,6252.5,159.93602558976409,10,2026-07-25T20:02:47.012670+00:00,,
41,cpu,model_only,1,701,1,0.0061463,6.1463,6146.3,162.69951027447405,10,2026-07-25T20:02:47.012670+00:00,,
41,cpu,model_only,1,702,1,0.0063933,6.3933,6393.3,156.41374563996683,10,2026-07-25T20:02:47.012670+00:00,,
41,cpu,model_only,1,703,1,0.0063817,6.3816999999999995,6381.7,156.69805851105505,10,2026-07-25T20:02:47.012670+00:00,,
41,cpu,model_only,1,704,1,0.0069245,6.9245,6924.5,144.41475918838904,10,2026-07-25T20:02:47.012670+00:00,,
41,cpu,model_only,1,705,1,0.0069832,6.9832,6983.2,143.20082483675105,10,2026-07-25T20:02:47.012670+00:00,,
41,cpu,model_only,1,706,1,0.0066622,6.6622,6662.2,150.1005673801447,10,2026-07-25T20:02:47.012670+00:00,,
41,cpu,model_only,1,707,1,0.0073573,7.3572999999999995,7357.3,135.9194269636959,10,2026-07-25T20:02:47.012670+00:00,,
41,cpu,model_only,1,708,1,0.0063505,6.3505,6350.5,157.4679159121329,10,2026-07-25T20:02:47.012670+00:00,,
41,cpu,model_only,1,709,1,0.0065308,6.5308,6530.8,153.12059778281375,10,2026-07-25T20:02:47.012670+00:00,,
41,cpu,model_only,1,710,1,0.0063551,6.3551,6355.099999999999,157.35393620871426,10,2026-07-25T20:02:47.012670+00:00,,
41,cpu,model_only,1,711,1,0.0064252,6.4252,6425.2,155.63717860922617,10,2026-07-25T20:02:47.012670+00:00,,
41,cpu,model_only,1,712,1,0.0075089,7.5089,7508.9,133.17529864560723,10,2026-07-25T20:02:47.012670+00:00,,
41,cpu,model_only,1,713,1,0.0072042,7.2042,7204.2,138.8079176036201,10,2026-07-25T20:02:47.012670+00:00,,
41,cpu,model_only,1,714,1,0.0077107,7.7107,7710.7,129.6899114217905,10,2026-07-25T20:02:47.012670+00:00,,
41,cpu,model_only,1,715,1,0.0067968,6.7968,6796.8,147.12806026365348,10,2026-07-25T20:02:47.012670+00:00,,
41,cpu,model_only,1,716,1,0.0066896,6.6896,6689.6,149.4857689547955,10,2026-07-25T20:02:47.012670+00:00,,
41,cpu,model_only,1,717,1,0.0064323,6.432300000000001,6432.3,155.46538563188906,10,2026-07-25T20:02:47.012670+00:00,,
41,cpu,model_only,1,718,1,0.0063367,6.3366999999999996,6336.7,157.81084791768586,10,2026-07-25T20:02:47.012670+00:00,,
41,cpu,model_only,1,719,1,0.0067616,6.7616000000000005,6761.6,147.8939895882631,10,2026-07-25T20:02:47.012670+00:00,,
41,cpu,model_only,1,720,1,0.0065713,6.571300000000001,6571.3,152.1768904174212,10,2026-07-25T20:02:47.012670+00:00,,
41,cpu,model_only,1,721,1,0.0071074,7.1074,7107.4,140.69842699158625,10,2026-07-25T20:02:47.012670+00:00,,
41,cpu,model_only,1,722,1,0.0069145,6.914499999999999,6914.5,144.6236170366621,10,2026-07-25T20:02:47.012670+00:00,,
41,cpu,model_only,1,723,1,0.0070153,7.015300000000001,7015.3,142.5455789488689,10,2026-07-25T20:02:47.012670+00:00,,
41,cpu,model_only,1,724,1,0.0067064,6.7064,6706.400000000001,149.11129667183585,10,2026-07-25T20:02:47.012670+00:00,,
41,cpu,model_only,1,725,1,0.0063456,6.3456,6345.599999999999,157.58951084215835,10,2026-07-25T20:02:47.012670+00:00,,
41,cpu,model_only,1,726,1,0.0064636,6.4636,6463.599999999999,154.71254409307508,10,2026-07-25T20:02:47.012670+00:00,,
41,cpu,model_only,1,727,1,0.0062625,6.2625,6262.5,159.6806387225549,10,2026-07-25T20:02:47.012670+00:00,,
41,cpu,model_only,1,728,1,0.0066146,6.6146,6614.6,151.1807214344027,10,2026-07-25T20:02:47.012670+00:00,,
41,cpu,model_only,1,729,1,0.0066124,6.6124,6612.4,151.23102050692637,10,2026-07-25T20:02:47.012670+00:00,,
41,cpu,model_only,1,730,1,0.0068525,6.8525,6852.5,145.9321415541773,10,2026-07-25T20:02:47.012670+00:00,,
41,cpu,model_only,1,731,1,0.0064288,6.4288,6428.8,155.55002488800397,10,2026-07-25T20:02:47.012670+00:00,,
41,cpu,model_only,1,732,1,0.0069816,6.9816,6981.6,143.2336427180016,10,2026-07-25T20:02:47.012670+00:00,,
41,cpu,model_only,1,733,1,0.0072201,7.2201,7220.1,138.5022368111245,10,2026-07-25T20:02:47.012670+00:00,,
41,cpu,model_only,1,734,1,0.0072199,7.2199,7219.9,138.5060734913226,10,2026-07-25T20:02:47.012670+00:00,,
41,cpu,model_only,1,735,1,0.0068338,6.8338,6833.8,146.33147004594807,10,2026-07-25T20:02:47.012670+00:00,,
41,cpu,model_only,1,736,1,0.0068927,6.8927,6892.7,145.08102775400062,10,2026-07-25T20:02:47.012670+00:00,,
41,cpu,model_only,1,737,1,0.0066558,6.6558,6655.8,150.24489918567264,10,2026-07-25T20:02:47.012670+00:00,,
41,cpu,model_only,1,738,1,0.0063537,6.3537,6353.700000000001,157.38860821253758,10,2026-07-25T20:02:47.012670+00:00,,
41,cpu,model_only,1,739,1,0.0069745,6.9745,6974.5,143.37945372428132,10,2026-07-25T20:02:47.012670+00:00,,
41,cpu,model_only,1,740,1,0.0078272,7.8271999999999995,7827.2,127.7596075224857,10,2026-07-25T20:02:47.012670+00:00,,
41,cpu,model_only,1,741,1,0.0067693,6.769299999999999,6769.3,147.72576189561698,10,2026-07-25T20:02:47.012670+00:00,,
41,cpu,model_only,1,742,1,0.0072541,7.2541,7254.1,137.85307619139522,10,2026-07-25T20:02:47.012670+00:00,,
41,cpu,model_only,1,743,1,0.0066841,6.6841,6684.1,149.60877305845216,10,2026-07-25T20:02:47.012670+00:00,,
41,cpu,model_only,1,744,1,0.0064398,6.4398,6439.8,155.28432560017393,10,2026-07-25T20:02:47.012670+00:00,,
41,cpu,model_only,1,745,1,0.0068064,6.8064,6806.4,146.92054536906443,10,2026-07-25T20:02:47.012670+00:00,,
41,cpu,model_only,1,746,1,0.0064164,6.4164,6416.4,155.850632753569,10,2026-07-25T20:02:47.012670+00:00,,
41,cpu,model_only,1,747,1,0.0066903,6.6903,6690.299999999999,149.4701283948403,10,2026-07-25T20:02:47.012670+00:00,,
41,cpu,model_only,1,748,1,0.0065036,6.5036,6503.6,153.76099391106465,10,2026-07-25T20:02:47.012670+00:00,,
41,cpu,model_only,1,749,1,0.0064517,6.451700000000001,6451.700000000001,154.99790752824836,10,2026-07-25T20:02:47.012670+00:00,,
41,cpu,model_only,1,750,1,0.0068073,6.8073,6807.299999999999,146.90112085555214,10,2026-07-25T20:02:47.012670+00:00,,
41,cpu,model_only,1,751,1,0.0062933,6.2933,6293.3,158.89914671158215,10,2026-07-25T20:02:47.012670+00:00,,
41,cpu,model_only,1,752,1,0.0065739,6.5739,6573.9,152.11670393525912,10,2026-07-25T20:02:47.012670+00:00,,
41,cpu,model_only,1,753,1,0.0068474,6.8474,6847.4,146.04083301691153,10,2026-07-25T20:02:47.012670+00:00,,
41,cpu,model_only,1,754,1,0.0062143,6.2143,6214.3,160.91917030075794,10,2026-07-25T20:02:47.012670+00:00,,
41,cpu,model_only,1,755,1,0.0064964,6.4964,6496.400000000001,153.93140816452188,10,2026-07-25T20:02:47.012670+00:00,,
41,cpu,model_only,1,756,1,0.0062506,6.2506,6250.6,159.98464147441845,10,2026-07-25T20:02:47.012670+00:00,,
41,cpu,model_only,1,757,1,0.007103,7.103,7103.0,140.78558355624384,10,2026-07-25T20:02:47.012670+00:00,,
41,cpu,model_only,1,758,1,0.0063923,6.3923,6392.3,156.43821472709354,10,2026-07-25T20:02:47.012670+00:00,,
41,cpu,model_only,1,759,1,0.0061243,6.1243,6124.3,163.2839671472658,10,2026-07-25T20:02:47.012670+00:00,,
41,cpu,model_only,1,760,1,0.0072039,7.2039,7203.9,138.81369813573204,10,2026-07-25T20:02:47.012670+00:00,,
41,cpu,model_only,1,761,1,0.0061569,6.1569,6156.9,162.4193993730611,10,2026-07-25T20:02:47.012670+00:00,,
41,cpu,model_only,1,762,1,0.0065398,6.5398000000000005,6539.8,152.9098749197223,10,2026-07-25T20:02:47.012670+00:00,,
41,cpu,model_only,1,763,1,0.006284,6.284,6284.0,159.1343093570974,10,2026-07-25T20:02:47.012670+00:00,,
41,cpu,model_only,1,764,1,0.0062882,6.2882,6288.2,159.0280207372539,10,2026-07-25T20:02:47.012670+00:00,,
41,cpu,model_only,1,765,1,0.0071662,7.1662,7166.2,139.5439703050431,10,2026-07-25T20:02:47.012670+00:00,,
41,cpu,model_only,1,766,1,0.0069446,6.9446,6944.6,143.99677447225181,10,2026-07-25T20:02:47.012670+00:00,,
41,cpu,model_only,1,767,1,0.007292,7.292,7292.0,137.13658804168952,10,2026-07-25T20:02:47.012670+00:00,,
41,cpu,model_only,1,768,1,0.0066259,6.6259,6625.9,150.92289349371407,10,2026-07-25T20:02:47.012670+00:00,,
41,cpu,model_only,1,769,1,0.0077489,7.748900000000001,7748.900000000001,129.05057492031128,10,2026-07-25T20:02:47.012670+00:00,,
41,cpu,model_only,1,770,1,0.0072733,7.2733,7273.3,137.4891727276477,10,2026-07-25T20:02:47.012670+00:00,,
41,cpu,model_only,1,771,1,0.0074706,7.4706,7470.6,133.8580569164458,10,2026-07-25T20:02:47.012670+00:00,,
41,cpu,model_only,1,772,1,0.0077245,7.7245,7724.5,129.45821736034696,10,2026-07-25T20:02:47.012670+00:00,,
41,cpu,model_only,1,773,1,0.0072757,7.2757000000000005,7275.700000000001,137.44381983864093,10,2026-07-25T20:02:47.012670+00:00,,
41,cpu,model_only,1,774,1,0.0077682,7.7682,7768.200000000001,128.7299503102392,10,2026-07-25T20:02:47.012670+00:00,,
41,cpu,model_only,1,775,1,0.007222,7.222,7222.0,138.46579894765992,10,2026-07-25T20:02:47.012670+00:00,,
41,cpu,model_only,1,776,1,0.0070645,7.0645,7064.5,141.5528345955128,10,2026-07-25T20:02:47.012670+00:00,,
41,cpu,model_only,1,777,1,0.0075252,7.5252,7525.2,132.88683357252964,10,2026-07-25T20:02:47.012670+00:00,,
41,cpu,model_only,1,778,1,0.0073861,7.3861,7386.099999999999,135.38944774644264,10,2026-07-25T20:02:47.012670+00:00,,
41,cpu,model_only,1,779,1,0.0073303,7.330299999999999,7330.299999999999,136.42006466311065,10,2026-07-25T20:02:47.012670+00:00,,
41,cpu,model_only,1,780,1,0.0074849,7.4849,7484.9,133.6023193362637,10,2026-07-25T20:02:47.012670+00:00,,
41,cpu,model_only,1,781,1,0.0080033,8.0033,8003.299999999999,124.9484587607612,10,2026-07-25T20:02:47.012670+00:00,,
41,cpu,model_only,1,782,1,0.0078102,7.8102,7810.2,128.0376942972011,10,2026-07-25T20:02:47.012670+00:00,,
41,cpu,model_only,1,783,1,0.007698,7.698,7698.0,129.90387113535982,10,2026-07-25T20:02:47.012670+00:00,,
41,cpu,model_only,1,784,1,0.0075947,7.5947000000000005,7594.7,131.67077040567764,10,2026-07-25T20:02:47.012670+00:00,,
41,cpu,model_only,1,785,1,0.0076644,7.6644,7664.4,130.47335734043108,10,2026-07-25T20:02:47.012670+00:00,,
41,cpu,model_only,1,786,1,0.0069709,6.9709,6970.900000000001,143.45349954812147,10,2026-07-25T20:02:47.012670+00:00,,
41,cpu,model_only,1,787,1,0.0066711,6.6711,6671.1,149.90031628966736,10,2026-07-25T20:02:47.012670+00:00,,
41,cpu,model_only,1,788,1,0.0073588,7.3588000000000005,7358.8,135.89172147632766,10,2026-07-25T20:02:47.012670+00:00,,
41,cpu,model_only,1,789,1,0.0070886,7.0886,7088.599999999999,141.0715797195497,10,2026-07-25T20:02:47.012670+00:00,,
41,cpu,model_only,1,790,1,0.0068597,6.8597,6859.7,145.77896992579852,10,2026-07-25T20:02:47.012670+00:00,,
41,cpu,model_only,1,791,1,0.0066256,6.6255999999999995,6625.599999999999,150.92972711905338,10,2026-07-25T20:02:47.012670+00:00,,
41,cpu,model_only,1,792,1,0.0070226,7.022600000000001,7022.6,142.39740267137526,10,2026-07-25T20:02:47.012670+00:00,,
41,cpu,model_only,1,793,1,0.0066814,6.6814,6681.4,149.66923099949113,10,2026-07-25T20:02:47.012670+00:00,,
41,cpu,model_only,1,794,1,0.0065006,6.5005999999999995,6500.599999999999,153.8319539734794,10,2026-07-25T20:02:47.012670+00:00,,
41,cpu,model_only,1,795,1,0.0078988,7.8988,7898.799999999999,126.60150908998837,10,2026-07-25T20:02:47.012670+00:00,,
41,cpu,model_only,1,796,1,0.0072212,7.2212,7221.2,138.48113886888606,10,2026-07-25T20:02:47.012670+00:00,,
41,cpu,model_only,1,797,1,0.0064749,6.4749,6474.9,154.44253965312205,10,2026-07-25T20:02:47.012670+00:00,,
41,cpu,model_only,1,798,1,0.0063345,6.3345,6334.5,157.8656563264662,10,2026-07-25T20:02:47.012670+00:00,,
41,cpu,model_only,1,799,1,0.0069189,6.918900000000001,6918.900000000001,144.53164520371735,10,2026-07-25T20:02:47.012670+00:00,,
41,cpu,model_only,1,800,1,0.0064968,6.4967999999999995,6496.799999999999,153.9219307966999,10,2026-07-25T20:02:47.012670+00:00,,
41,cpu,model_only,1,801,1,0.0067997,6.7997,6799.7,147.06531170492818,10,2026-07-25T20:02:47.012670+00:00,,
41,cpu,model_only,1,802,1,0.0066602,6.6602,6660.2,150.14564127203388,10,2026-07-25T20:02:47.012670+00:00,,
41,cpu,model_only,1,803,1,0.0071939,7.193899999999999,7193.9,139.0066584189383,10,2026-07-25T20:02:47.012670+00:00,,
41,cpu,model_only,1,804,1,0.0070093,7.0093000000000005,7009.3,142.66759876164522,10,2026-07-25T20:02:47.012670+00:00,,
41,cpu,model_only,1,805,1,0.0065413,6.5413,6541.3,152.8748108174216,10,2026-07-25T20:02:47.012670+00:00,,
41,cpu,model_only,1,806,1,0.0068381,6.8381,6838.099999999999,146.23945247948993,10,2026-07-25T20:02:47.012670+00:00,,
41,cpu,model_only,1,807,1,0.0065109,6.5109,6510.9,153.58859758251546,10,2026-07-25T20:02:47.012670+00:00,,
41,cpu,model_only,1,808,1,0.0075966,7.5966000000000005,7596.6,131.63783798014902,10,2026-07-25T20:02:47.012670+00:00,,
41,cpu,model_only,1,809,1,0.0068414,6.8414,6841.4,146.16891279562662,10,2026-07-25T20:02:47.012670+00:00,,
41,cpu,model_only,1,810,1,0.0064197,6.419700000000001,6419.700000000001,155.77051887159834,10,2026-07-25T20:02:47.012670+00:00,,
41,cpu,model_only,1,811,1,0.0062224,6.2224,6222.400000000001,160.7096940087426,10,2026-07-25T20:02:47.012670+00:00,,
41,cpu,model_only,1,812,1,0.0066886,6.6886,6688.6,149.50811829082318,10,2026-07-25T20:02:47.012670+00:00,,
41,cpu,model_only,1,813,1,0.0063183,6.3183,6318.3,158.27042084104903,10,2026-07-25T20:02:47.012670+00:00,,
41,cpu,model_only,1,814,1,0.006987,6.987,6987.0,143.1229426077,10,2026-07-25T20:02:47.012670+00:00,,
41,cpu,model_only,1,815,1,0.0070524,7.0524000000000004,7052.400000000001,141.79570075435313,10,2026-07-25T20:02:47.012670+00:00,,
41,cpu,model_only,1,816,1,0.0064427,6.4427,6442.7,155.21442873329505,10,2026-07-25T20:02:47.012670+00:00,,
41,cpu,model_only,1,817,1,0.0068128,6.8128,6812.8,146.78252700798498,10,2026-07-25T20:02:47.012670+00:00,,
41,cpu,model_only,1,818,1,0.0060592,6.0592,6059.2,165.03828888302087,10,2026-07-25T20:02:47.012670+00:00,,
41,cpu,model_only,1,819,1,0.006894,6.894,6894.0,145.0536698578474,10,2026-07-25T20:02:47.012670+00:00,,
41,cpu,model_only,1,820,1,0.0064859,6.4859,6485.900000000001,154.180607163231,10,2026-07-25T20:02:47.012670+00:00,,
41,cpu,model_only,1,821,1,0.0061477,6.1476999999999995,6147.7,162.66245913105715,10,2026-07-25T20:02:47.012670+00:00,,
41,cpu,model_only,1,822,1,0.0073306,7.3306,7330.599999999999,136.4144817613838,10,2026-07-25T20:02:47.012670+00:00,,
41,cpu,model_only,1,823,1,0.0069436,6.9436,6943.6,144.01751252952357,10,2026-07-25T20:02:47.012670+00:00,,
41,cpu,model_only,1,824,1,0.0072741,7.274100000000001,7274.1,137.4740517727279,10,2026-07-25T20:02:47.012670+00:00,,
41,cpu,model_only,1,825,1,0.0076028,7.6028,7602.8,131.53048876729625,10,2026-07-25T20:02:47.012670+00:00,,
41,cpu,model_only,1,826,1,0.0081345,8.1345,8134.499999999999,122.93318581351036,10,2026-07-25T20:02:47.012670+00:00,,
41,cpu,model_only,1,827,1,0.0069258,6.925800000000001,6925.8,144.3876519680037,10,2026-07-25T20:02:47.012670+00:00,,
41,cpu,model_only,1,828,1,0.0075289,7.5289,7528.9,132.82152771321176,10,2026-07-25T20:02:47.012670+00:00,,
41,cpu,model_only,1,829,1,0.0071615,7.1615,7161.5,139.6355512113384,10,2026-07-25T20:02:47.012670+00:00,,
41,cpu,model_only,1,830,1,0.0072102,7.2102,7210.2,138.6924079775873,10,2026-07-25T20:02:47.012670+00:00,,
41,cpu,model_only,1,831,1,0.0077048,7.7048000000000005,7704.8,129.78922230297997,10,2026-07-25T20:02:47.012670+00:00,,
41,cpu,model_only,1,832,1,0.0067821,6.7821,6782.1,147.44695595759424,10,2026-07-25T20:02:47.012670+00:00,,
41,cpu,model_only,1,833,1,0.0075825,7.5825,7582.5,131.88262446422684,10,2026-07-25T20:02:47.012670+00:00,,
41,cpu,model_only,1,834,1,0.0070188,7.018800000000001,7018.8,142.47449706502536,10,2026-07-25T20:02:47.012670+00:00,,
41,cpu,model_only,1,835,1,0.0074936,7.4936,7493.599999999999,133.4472082844027,10,2026-07-25T20:02:47.012670+00:00,,
41,cpu,model_only,1,836,1,0.0081217,8.1217,8121.700000000001,123.12693155373874,10,2026-07-25T20:02:47.012670+00:00,,
41,cpu,model_only,1,837,1,0.0069208,6.920800000000001,6920.8,144.49196624667667,10,2026-07-25T20:02:47.012670+00:00,,
41,cpu,model_only,1,838,1,0.0071685,7.168500000000001,7168.5,139.49919787961218,10,2026-07-25T20:02:47.012670+00:00,,
41,cpu,model_only,1,839,1,0.0067159,6.7159,6715.900000000001,148.9003707619232,10,2026-07-25T20:02:47.012670+00:00,,
41,cpu,model_only,1,840,1,0.0066527,6.6527,6652.7,150.3149097358967,10,2026-07-25T20:02:47.012670+00:00,,
41,cpu,model_only,1,841,1,0.0075362,7.5362,7536.2,132.69286908521536,10,2026-07-25T20:02:47.012670+00:00,,
41,cpu,model_only,1,842,1,0.0067275,6.7275,6727.5,148.64362690449647,10,2026-07-25T20:02:47.012670+00:00,,
41,cpu,model_only,1,843,1,0.0076276,7.6276,7627.6,131.10283706539408,10,2026-07-25T20:02:47.012670+00:00,,
41,cpu,model_only,1,844,1,0.0073413,7.3413,7341.3,136.21565662757277,10,2026-07-25T20:02:47.012670+00:00,,
41,cpu,model_only,1,845,1,0.0081495,8.1495,8149.500000000001,122.70691453463402,10,2026-07-25T20:02:47.012670+00:00,,
41,cpu,model_only,1,846,1,0.0069388,6.9388000000000005,6938.8,144.11713841009973,10,2026-07-25T20:02:47.012670+00:00,,
41,cpu,model_only,1,847,1,0.0074781,7.4780999999999995,7478.099999999999,133.72380684933339,10,2026-07-25T20:02:47.012670+00:00,,
41,cpu,model_only,1,848,1,0.0073646,7.364599999999999,7364.599999999999,135.7846997800288,10,2026-07-25T20:02:47.012670+00:00,,
41,cpu,model_only,1,849,1,0.0074039,7.4039,7403.9,135.06395278164212,10,2026-07-25T20:02:47.012670+00:00,,
41,cpu,model_only,1,850,1,0.0072819,7.2819,7281.9,137.32679657781622,10,2026-07-25T20:02:47.012670+00:00,,
41,cpu,model_only,1,851,1,0.0074473,7.447299999999999,7447.299999999999,134.2768520134814,10,2026-07-25T20:02:47.012670+00:00,,
41,cpu,model_only,1,852,1,0.0069713,6.971299999999999,6971.299999999999,143.44526845781994,10,2026-07-25T20:02:47.012670+00:00,,
41,cpu,model_only,1,853,1,0.0077445,7.7444999999999995,7744.5,129.12389437665442,10,2026-07-25T20:02:47.012670+00:00,,
41,cpu,model_only,1,854,1,0.0066913,6.6913,6691.3,149.44779041441873,10,2026-07-25T20:02:47.012670+00:00,,
41,cpu,model_only,1,855,1,0.0067876,6.7876,6787.6,147.32747952148034,10,2026-07-25T20:02:47.012670+00:00,,
41,cpu,model_only,1,856,1,0.0065601,6.5601,6560.1,152.43670066005092,10,2026-07-25T20:02:47.012670+00:00,,
41,cpu,model_only,1,857,1,0.0064028,6.4028,6402.8,156.18167051914787,10,2026-07-25T20:02:47.012670+00:00,,
41,cpu,model_only,1,858,1,0.0071791,7.1791,7179.099999999999,139.29322617041134,10,2026-07-25T20:02:47.012670+00:00,,
41,cpu,model_only,1,859,1,0.0062199,6.219900000000001,6219.900000000001,160.77428897570698,10,2026-07-25T20:02:47.012670+00:00,,
41,cpu,model_only,1,860,1,0.0066866,6.6866,6686.6,149.5528370173182,10,2026-07-25T20:02:47.012670+00:00,,
41,cpu,model_only,1,861,1,0.0067425,6.742500000000001,6742.5,148.31294030404152,10,2026-07-25T20:02:47.012670+00:00,,
41,cpu,model_only,1,862,1,0.0063025,6.3025,6302.5,158.66719555731854,10,2026-07-25T20:02:47.012670+00:00,,
41,cpu,model_only,1,863,1,0.006212,6.212,6212.0,160.97875080489376,10,2026-07-25T20:02:47.012670+00:00,,
41,cpu,model_only,1,864,1,0.0063791,6.3791,6379.1,156.76192566349485,10,2026-07-25T20:02:47.012670+00:00,,
41,cpu,model_only,1,865,1,0.0065204,6.5204,6520.4,153.36482424391141,10,2026-07-25T20:02:47.012670+00:00,,
41,cpu,model_only,1,866,1,0.0074825,7.4825,7482.5,133.64517206815904,10,2026-07-25T20:02:47.012670+00:00,,
41,cpu,model_only,1,867,1,0.0064741,6.4741,6474.1,154.46162400951485,10,2026-07-25T20:02:47.012670+00:00,,
41,cpu,model_only,1,868,1,0.0066517,6.6517,6651.7,150.33750770479728,10,2026-07-25T20:02:47.012670+00:00,,
41,cpu,model_only,1,869,1,0.0062887,6.2887,6288.700000000001,159.0153767869353,10,2026-07-25T20:02:47.012670+00:00,,
41,cpu,model_only,1,870,1,0.006364,6.364,6364.0,157.13387806411063,10,2026-07-25T20:02:47.012670+00:00,,
41,cpu,model_only,1,871,1,0.0065671,6.5671,6567.1,152.27421540710512,10,2026-07-25T20:02:47.012670+00:00,,
41,cpu,model_only,1,872,1,0.0060297,6.0297,6029.7,165.8457303016734,10,2026-07-25T20:02:47.012670+00:00,,
41,cpu,model_only,1,873,1,0.006127,6.127,6127.0,163.21201240411295,10,2026-07-25T20:02:47.012670+00:00,,
41,cpu,model_only,1,874,1,0.0063341,6.334099999999999,6334.099999999999,157.87562558216638,10,2026-07-25T20:02:47.012670+00:00,,
41,cpu,model_only,1,875,1,0.0063653,6.3652999999999995,6365.3,157.10178624730963,10,2026-07-25T20:02:47.012670+00:00,,
41,cpu,model_only,1,876,1,0.0068569,6.8568999999999996,6856.9,145.83849844681998,10,2026-07-25T20:02:47.012670+00:00,,
41,cpu,model_only,1,877,1,0.0073527,7.3527000000000005,7352.7,136.00446094631903,10,2026-07-25T20:02:47.012670+00:00,,
41,cpu,model_only,1,878,1,0.0070475,7.0475,7047.5,141.8942887548776,10,2026-07-25T20:02:47.012670+00:00,,
41,cpu,model_only,1,879,1,0.0076365,7.6365,7636.5,130.95004255876384,10,2026-07-25T20:02:47.012670+00:00,,
41,cpu,model_only,1,880,1,0.0073467,7.3467,7346.700000000001,136.11553486599425,10,2026-07-25T20:02:47.012670+00:00,,
41,cpu,model_only,1,881,1,0.0073826,7.382599999999999,7382.599999999999,135.45363422100615,10,2026-07-25T20:02:47.012670+00:00,,
41,cpu,model_only,1,882,1,0.0078873,7.8873,7887.3,126.78609917208678,10,2026-07-25T20:02:47.012670+00:00,,
41,cpu,model_only,1,883,1,0.0077802,7.7802,7780.2,128.531400221074,10,2026-07-25T20:02:47.012670+00:00,,
41,cpu,model_only,1,884,1,0.0075043,7.504300000000001,7504.3,133.25693269192328,10,2026-07-25T20:02:47.012670+00:00,,
41,cpu,model_only,1,885,1,0.0073886,7.3886,7388.6,135.3436374956013,10,2026-07-25T20:02:47.012670+00:00,,
41,cpu,model_only,1,886,1,0.0076231,7.6231,7623.099999999999,131.18022851595808,10,2026-07-25T20:02:47.012670+00:00,,
41,cpu,model_only,1,887,1,0.0066167,6.6167,6616.7,151.1327398854414,10,2026-07-25T20:02:47.012670+00:00,,
41,cpu,model_only,1,888,1,0.0071328,7.1328,7132.8,140.1973979362943,10,2026-07-25T20:02:47.012670+00:00,,
41,cpu,model_only,1,889,1,0.0068813,6.8812999999999995,6881.3,145.32137822795113,10,2026-07-25T20:02:47.012670+00:00,,
41,cpu,model_only,1,890,1,0.0069953,6.9953,6995.3,142.95312567009276,10,2026-07-25T20:02:47.012670+00:00,,
41,cpu,model_only,1,891,1,0.0068602,6.860200000000001,6860.200000000001,145.76834494621147,10,2026-07-25T20:02:47.012670+00:00,,
41,cpu,model_only,1,892,1,0.0074874,7.4874,7487.4,133.55771028661485,10,2026-07-25T20:02:47.012670+00:00,,
41,cpu,model_only,1,893,1,0.007082,7.082,7082.0,141.2030499858797,10,2026-07-25T20:02:47.012670+00:00,,
41,cpu,model_only,1,894,1,0.0074329,7.4329,7432.900000000001,134.5369909456605,10,2026-07-25T20:02:47.012670+00:00,,
41,cpu,model_only,1,895,1,0.0065054,6.5054,6505.4,153.71844928828358,10,2026-07-25T20:02:47.012670+00:00,,
41,cpu,model_only,1,896,1,0.0066606,6.6606,6660.6,150.1366243281386,10,2026-07-25T20:02:47.012670+00:00,,
41,cpu,model_only,1,897,1,0.0071266,7.126600000000001,7126.6,140.31936687901663,10,2026-07-25T20:02:47.012670+00:00,,
41,cpu,model_only,1,898,1,0.006071,6.071,6071.0,164.7175094712568,10,2026-07-25T20:02:47.012670+00:00,,
41,cpu,model_only,1,899,1,0.0064101,6.4101,6410.1,156.00380649287843,10,2026-07-25T20:02:47.012670+00:00,,
41,cpu,model_only,1,900,1,0.0066351,6.6350999999999996,6635.099999999999,150.7136290334735,10,2026-07-25T20:02:47.012670+00:00,,
41,cpu,model_only,1,901,1,0.006435,6.435,6435.0,155.4001554001554,10,2026-07-25T20:02:47.012670+00:00,,
41,cpu,model_only,1,902,1,0.006188,6.188,6188.0,161.60310277957336,10,2026-07-25T20:02:47.012670+00:00,,
41,cpu,model_only,1,903,1,0.0072244,7.2244,7224.4,138.41979956813023,10,2026-07-25T20:02:47.012670+00:00,,
41,cpu,model_only,1,904,1,0.0072817,7.281700000000001,7281.700000000001,137.33056841122266,10,2026-07-25T20:02:47.012670+00:00,,
41,cpu,model_only,1,905,1,0.0067297,6.7297,6729.7,148.59503395396527,10,2026-07-25T20:02:47.012670+00:00,,
41,cpu,model_only,1,906,1,0.0079836,7.9836,7983.6,125.25677639160278,10,2026-07-25T20:02:47.012670+00:00,,
41,cpu,model_only,1,907,1,0.0093498,9.3498,9349.8,106.9541594472609,10,2026-07-25T20:02:47.012670+00:00,,
41,cpu,model_only,1,908,1,0.0076443,7.644299999999999,7644.299999999999,130.81642531036198,10,2026-07-25T20:02:47.012670+00:00,,
41,cpu,model_only,1,909,1,0.0073287,7.3286999999999995,7328.7,136.44984785841964,10,2026-07-25T20:02:47.012670+00:00,,
41,cpu,model_only,1,910,1,0.0067128,6.7128,6712.799999999999,148.96913359551903,10,2026-07-25T20:02:47.012670+00:00,,
41,cpu,model_only,1,911,1,0.0072097,7.209700000000001,7209.700000000001,138.70202643660625,10,2026-07-25T20:02:47.012670+00:00,,
41,cpu,model_only,1,912,1,0.0081977,8.197700000000001,8197.7,121.98543493906827,10,2026-07-25T20:02:47.012670+00:00,,
41,cpu,model_only,1,913,1,0.0074604,7.4604,7460.4,134.04107018390434,10,2026-07-25T20:02:47.012670+00:00,,
41,cpu,model_only,1,914,1,0.0067489,6.748900000000001,6748.900000000001,148.1722947443287,10,2026-07-25T20:02:47.012670+00:00,,
41,cpu,model_only,1,915,1,0.0072327,7.2326999999999995,7232.7,138.2609537240588,10,2026-07-25T20:02:47.012670+00:00,,
41,cpu,model_only,1,916,1,0.0065411,6.5411,6541.1,152.87948510189418,10,2026-07-25T20:02:47.012670+00:00,,
41,cpu,model_only,1,917,1,0.0064096,6.409599999999999,6409.599999999999,156.0159760359461,10,2026-07-25T20:02:47.012670+00:00,,
41,cpu,model_only,1,918,1,0.0063441,6.3441,6344.1,157.62677133084281,10,2026-07-25T20:02:47.012670+00:00,,
41,cpu,model_only,1,919,1,0.0064484,6.4484,6448.4,155.07722845977295,10,2026-07-25T20:02:47.012670+00:00,,
41,cpu,model_only,1,920,1,0.006554,6.554,6554.0,152.57857796765333,10,2026-07-25T20:02:47.012670+00:00,,
41,cpu,model_only,1,921,1,0.0069954,6.9954,6995.4,142.9510821396918,10,2026-07-25T20:02:47.012670+00:00,,
41,cpu,model_only,1,922,1,0.0065437,6.5437,6543.700000000001,152.81874169048092,10,2026-07-25T20:02:47.012670+00:00,,
41,cpu,model_only,1,923,1,0.0072363,7.2363,7236.3,138.19217003164601,10,2026-07-25T20:02:47.012670+00:00,,
41,cpu,model_only,1,924,1,0.0068221,6.8221,6822.1,146.5824306298647,10,2026-07-25T20:02:47.012670+00:00,,
41,cpu,model_only,1,925,1,0.0062361,6.2360999999999995,6236.099999999999,160.35663315213034,10,2026-07-25T20:02:47.012670+00:00,,
41,cpu,model_only,1,926,1,0.0071497,7.1497,7149.7,139.8660083639873,10,2026-07-25T20:02:47.012670+00:00,,
41,cpu,model_only,1,927,1,0.0064627,6.4627,6462.7,154.73408946725053,10,2026-07-25T20:02:47.012670+00:00,,
41,cpu,model_only,1,928,1,0.0067518,6.751799999999999,6751.799999999999,148.1086525074795,10,2026-07-25T20:02:47.012670+00:00,,
41,cpu,model_only,1,929,1,0.006594,6.594,6594.0,151.6530178950561,10,2026-07-25T20:02:47.012670+00:00,,
41,cpu,model_only,1,930,1,0.0067742,6.7742,6774.2,147.61890702961236,10,2026-07-25T20:02:47.012670+00:00,,
41,cpu,model_only,1,931,1,0.0064946,6.494599999999999,6494.599999999999,153.97407076648292,10,2026-07-25T20:02:47.012670+00:00,,
41,cpu,model_only,1,932,1,0.0064535,6.4535,6453.5,154.95467575734096,10,2026-07-25T20:02:47.012670+00:00,,
41,cpu,model_only,1,933,1,0.0069704,6.9704,6970.4,143.46378973946977,10,2026-07-25T20:02:47.012670+00:00,,
41,cpu,model_only,1,934,1,0.0064887,6.4887,6488.7,154.11407523849152,10,2026-07-25T20:02:47.012670+00:00,,
41,cpu,model_only,1,935,1,0.0071964,7.196400000000001,7196.400000000001,138.95836807292534,10,2026-07-25T20:02:47.012670+00:00,,
41,cpu,model_only,1,936,1,0.0065671,6.5671,6567.1,152.27421540710512,10,2026-07-25T20:02:47.012670+00:00,,
41,cpu,model_only,1,937,1,0.0070098,7.0098,7009.8,142.6574224656909,10,2026-07-25T20:02:47.012670+00:00,,
41,cpu,model_only,1,938,1,0.0068544,6.8544,6854.4,145.89169000933705,10,2026-07-25T20:02:47.012670+00:00,,
41,cpu,model_only,1,939,1,0.0073254,7.3254,7325.400000000001,136.51131678816174,10,2026-07-25T20:02:47.012670+00:00,,
41,cpu,model_only,1,940,1,0.0075355,7.5355,7535.5,132.70519540840024,10,2026-07-25T20:02:47.012670+00:00,,
41,cpu,model_only,1,941,1,0.0068616,6.8616,6861.599999999999,145.73860324122654,10,2026-07-25T20:02:47.012670+00:00,,
41,cpu,model_only,1,942,1,0.0071738,7.1738,7173.8,139.39613593911176,10,2026-07-25T20:02:47.012670+00:00,,
41,cpu,model_only,1,943,1,0.0072659,7.265899999999999,7265.9,137.62919941094702,10,2026-07-25T20:02:47.012670+00:00,,
41,cpu,model_only,1,944,1,0.0074335,7.4335,7433.5,134.52613170108293,10,2026-07-25T20:02:47.012670+00:00,,
41,cpu,model_only,1,945,1,0.0066993,6.6993,6699.3,149.2693266460675,10,2026-07-25T20:02:47.012670+00:00,,
41,cpu,model_only,1,946,1,0.0064732,6.4732,6473.2,154.48309954890934,10,2026-07-25T20:02:47.012670+00:00,,
41,cpu,model_only,1,947,1,0.0065379,6.5379000000000005,6537.900000000001,152.95431254684226,10,2026-07-25T20:02:47.012670+00:00,,
41,cpu,model_only,1,948,1,0.0068105,6.810499999999999,6810.5,146.83209749651274,10,2026-07-25T20:02:47.012670+00:00,,
41,cpu,model_only,1,949,1,0.0061855,6.1855,6185.5,161.66841807452914,10,2026-07-25T20:02:47.012670+00:00,,
41,cpu,model_only,1,950,1,0.0064914,6.4914,6491.4,154.04997381150446,10,2026-07-25T20:02:47.012670+00:00,,
41,cpu,model_only,1,951,1,0.0064685,6.468500000000001,6468.5,154.59534668006492,10,2026-07-25T20:02:47.012670+00:00,,
41,cpu,model_only,1,952,1,0.0064282,6.4282,6428.2,155.56454372919325,10,2026-07-25T20:02:47.012670+00:00,,
41,cpu,model_only,1,953,1,0.0067626,6.7626,6762.599999999999,147.8721201904593,10,2026-07-25T20:02:47.012670+00:00,,
41,cpu,model_only,1,954,1,0.0063923,6.3923,6392.3,156.43821472709354,10,2026-07-25T20:02:47.012670+00:00,,
41,cpu,model_only,1,955,1,0.0068222,6.8222,6822.2,146.58028202046262,10,2026-07-25T20:02:47.012670+00:00,,
41,cpu,model_only,1,956,1,0.0066706,6.670599999999999,6670.599999999999,149.91155218421133,10,2026-07-25T20:02:47.012670+00:00,,
41,cpu,model_only,1,957,1,0.0066329,6.632899999999999,6632.9,150.7636177237709,10,2026-07-25T20:02:47.012670+00:00,,
41,cpu,model_only,1,958,1,0.0066223,6.6223,6622.3,151.00493786146805,10,2026-07-25T20:02:47.012670+00:00,,
41,cpu,model_only,1,959,1,0.0062632,6.2632,6263.2,159.6627921829097,10,2026-07-25T20:02:47.012670+00:00,,
41,cpu,model_only,1,960,1,0.006628,6.628,6628.0,150.8750754375377,10,2026-07-25T20:02:47.012670+00:00,,
41,cpu,model_only,1,961,1,0.0062368,6.2368,6236.8,160.3386351975372,10,2026-07-25T20:02:47.012670+00:00,,
41,cpu,model_only,1,962,1,0.0064902,6.4902,6490.2,154.0784567501772,10,2026-07-25T20:02:47.012670+00:00,,
41,cpu,model_only,1,963,1,0.0065367,6.536700000000001,6536.700000000001,152.98239172671225,10,2026-07-25T20:02:47.012670+00:00,,
41,cpu,model_only,1,964,1,0.0066517,6.6517,6651.7,150.33750770479728,10,2026-07-25T20:02:47.012670+00:00,,
41,cpu,model_only,1,965,1,0.0071112,7.1112,7111.2,140.62324220947238,10,2026-07-25T20:02:47.012670+00:00,,
41,cpu,model_only,1,966,1,0.0065312,6.5312,6531.2,153.11121999020088,10,2026-07-25T20:02:47.012670+00:00,,
41,cpu,model_only,1,967,1,0.0071114,7.111400000000001,7111.400000000001,140.61928734145175,10,2026-07-25T20:02:47.012670+00:00,,
41,cpu,model_only,1,968,1,0.0068595,6.8595,6859.5,145.78322035133755,10,2026-07-25T20:02:47.012670+00:00,,
41,cpu,model_only,1,969,1,0.006661,6.6610000000000005,6661.0,150.12760846719712,10,2026-07-25T20:02:47.012670+00:00,,
41,cpu,model_only,1,970,1,0.0065973,6.597300000000001,6597.3,151.57716035347792,10,2026-07-25T20:02:47.012670+00:00,,
41,cpu,model_only,1,971,1,0.0064782,6.4782,6478.2,154.36386650612826,10,2026-07-25T20:02:47.012670+00:00,,
41,cpu,model_only,1,972,1,0.0071407,7.1407,7140.7,140.04229277241728,10,2026-07-25T20:02:47.012670+00:00,,
41,cpu,model_only,1,973,1,0.006391,6.391,6391.0,156.47003598810826,10,2026-07-25T20:02:47.012670+00:00,,
41,cpu,model_only,1,974,1,0.0073857,7.3857,7385.7,135.3967802645653,10,2026-07-25T20:02:47.012670+00:00,,
41,cpu,model_only,1,975,1,0.0063896,6.3896,6389.599999999999,156.50431951921874,10,2026-07-25T20:02:47.012670+00:00,,
41,cpu,model_only,1,976,1,0.0064217,6.4216999999999995,6421.7,155.72200507653736,10,2026-07-25T20:02:47.012670+00:00,,
41,cpu,model_only,1,977,1,0.0072363,7.2363,7236.3,138.19217003164601,10,2026-07-25T20:02:47.012670+00:00,,
41,cpu,model_only,1,978,1,0.006188,6.188,6188.0,161.60310277957336,10,2026-07-25T20:02:47.012670+00:00,,
41,cpu,model_only,1,979,1,0.0065951,6.5950999999999995,6595.099999999999,151.62772361298542,10,2026-07-25T20:02:47.012670+00:00,,
41,cpu,model_only,1,980,1,0.0062519,6.2519,6251.900000000001,159.95137478206624,10,2026-07-25T20:02:47.012670+00:00,,
41,cpu,model_only,1,981,1,0.0067374,6.7374,6737.400000000001,148.425208537418,10,2026-07-25T20:02:47.012670+00:00,,
41,cpu,model_only,1,982,1,0.0071658,7.1658,7165.8,139.55175974769043,10,2026-07-25T20:02:47.012670+00:00,,
41,cpu,model_only,1,983,1,0.0063709,6.3709,6370.9,156.963694297509,10,2026-07-25T20:02:47.012670+00:00,,
41,cpu,model_only,1,984,1,0.0067687,6.7687,6768.7,147.7388567967261,10,2026-07-25T20:02:47.012670+00:00,,
41,cpu,model_only,1,985,1,0.0065883,6.5883,6588.3,151.78422354780443,10,2026-07-25T20:02:47.012670+00:00,,
41,cpu,model_only,1,986,1,0.0069172,6.9172,6917.2,144.56716590527958,10,2026-07-25T20:02:47.012670+00:00,,
41,cpu,model_only,1,987,1,0.0063343,6.3343,6334.3,157.87064079693099,10,2026-07-25T20:02:47.012670+00:00,,
41,cpu,model_only,1,988,1,0.0063009,6.3008999999999995,6300.9,158.70748623212558,10,2026-07-25T20:02:47.012670+00:00,,
41,cpu,model_only,1,989,1,0.00665,6.6499999999999995,6650.0,150.37593984962407,10,2026-07-25T20:02:47.012670+00:00,,
41,cpu,model_only,1,990,1,0.0061811,6.1811,6181.1,161.78350131853554,10,2026-07-25T20:02:47.012670+00:00,,
41,cpu,model_only,1,991,1,0.0065291,6.529100000000001,6529.1,153.16046622045917,10,2026-07-25T20:02:47.012670+00:00,,
41,cpu,model_only,1,992,1,0.0067175,6.7175,6717.5,148.86490509862298,10,2026-07-25T20:02:47.012670+00:00,,
41,cpu,model_only,1,993,1,0.0065214,6.5214,6521.400000000001,153.34130708130155,10,2026-07-25T20:02:47.012670+00:00,,
41,cpu,model_only,1,994,1,0.0068672,6.8672,6867.200000000001,145.6197576887232,10,2026-07-25T20:02:47.012670+00:00,,
41,cpu,model_only,1,995,1,0.0067554,6.7554,6755.4,148.02972436865323,10,2026-07-25T20:02:47.012670+00:00,,
41,cpu,model_only,1,996,1,0.0067187,6.7187,6718.7,148.83831693631208,10,2026-07-25T20:02:47.012670+00:00,,
41,cpu,model_only,1,997,1,0.0069433,6.943300000000001,6943.3,144.0237351115464,10,2026-07-25T20:02:47.012670+00:00,,
41,cpu,model_only,1,998,1,0.0067845,6.7844999999999995,6784.5,147.39479696366718,10,2026-07-25T20:02:47.012670+00:00,,
41,cpu,model_only,1,999,1,0.0064374,6.4374,6437.400000000001,155.3422189082549,10,2026-07-25T20:02:47.012670+00:00,,
41,cpu,end_to_end,1,0,1,0.0064751,6.4751,6475.1,154.43776930086023,10,2026-07-25T20:02:47.012670+00:00,,
41,cpu,end_to_end,1,1,1,0.0060543,6.0543000000000005,6054.3,165.17186132170522,10,2026-07-25T20:02:47.012670+00:00,,
41,cpu,end_to_end,1,2,1,0.0063752,6.3752,6375.2,156.85782406826453,10,2026-07-25T20:02:47.012670+00:00,,
41,cpu,end_to_end,1,3,1,0.0073702,7.3702000000000005,7370.200000000001,135.68152831673495,10,2026-07-25T20:02:47.012670+00:00,,
41,cpu,end_to_end,1,4,1,0.0065137,6.5137,6513.7,153.5225754947265,10,2026-07-25T20:02:47.012670+00:00,,
41,cpu,end_to_end,1,5,1,0.0069323,6.9323,6932.3,144.25226836692008,10,2026-07-25T20:02:47.012670+00:00,,
41,cpu,end_to_end,1,6,1,0.006333,6.333,6333.0,157.9030475288173,10,2026-07-25T20:02:47.012670+00:00,,
41,cpu,end_to_end,1,7,1,0.0062694,6.269399999999999,6269.4,159.50489680033178,10,2026-07-25T20:02:47.012670+00:00,,
41,cpu,end_to_end,1,8,1,0.0066591,6.6591000000000005,6659.1,150.1704434533195,10,2026-07-25T20:02:47.012670+00:00,,
41,cpu,end_to_end,1,9,1,0.0065005,6.500500000000001,6500.5,153.83432043688947,10,2026-07-25T20:02:47.012670+00:00,,
41,cpu,end_to_end,1,10,1,0.0072047,7.2047,7204.7,138.79828445320416,10,2026-07-25T20:02:47.012670+00:00,,
41,cpu,end_to_end,1,11,1,0.0073765,7.3765,7376.5,135.5656476648817,10,2026-07-25T20:02:47.012670+00:00,,
41,cpu,end_to_end,1,12,1,0.0070252,7.0252,7025.2,142.34470193019416,10,2026-07-25T20:02:47.012670+00:00,,
41,cpu,end_to_end,1,13,1,0.0067553,6.7553,6755.299999999999,148.03191568102085,10,2026-07-25T20:02:47.012670+00:00,,
41,cpu,end_to_end,1,14,1,0.0069989,6.9989,6998.9,142.87959536498593,10,2026-07-25T20:02:47.012670+00:00,,
41,cpu,end_to_end,1,15,1,0.0072152,7.215199999999999,7215.2,138.596296706952,10,2026-07-25T20:02:47.012670+00:00,,
41,cpu,end_to_end,1,16,1,0.0063203,6.3203000000000005,6320.3,158.22033764220052,10,2026-07-25T20:02:47.012670+00:00,,
41,cpu,end_to_end,1,17,1,0.0064045,6.4045,6404.5,156.14021391209306,10,2026-07-25T20:02:47.012670+00:00,,
41,cpu,end_to_end,1,18,1,0.0064204,6.4204,6420.4,155.75353560525824,10,2026-07-25T20:02:47.012670+00:00,,
41,cpu,end_to_end,1,19,1,0.0063054,6.3054,6305.4,158.59422082659307,10,2026-07-25T20:02:47.012670+00:00,,
41,cpu,end_to_end,1,20,1,0.0065468,6.5468,6546.8,152.74637991079612,10,2026-07-25T20:02:47.012670+00:00,,
41,cpu,end_to_end,1,21,1,0.0063543,6.3543,6354.3,157.37374691154022,10,2026-07-25T20:02:47.012670+00:00,,
41,cpu,end_to_end,1,22,1,0.0064866,6.4866,6486.6,154.1639687972127,10,2026-07-25T20:02:47.012670+00:00,,
41,cpu,end_to_end,1,23,1,0.006564,6.564,6564.0,152.34613040828762,10,2026-07-25T20:02:47.012670+00:00,,
41,cpu,end_to_end,1,24,1,0.0063918,6.391800000000001,6391.8,156.4504521418067,10,2026-07-25T20:02:47.012670+00:00,,
41,cpu,end_to_end,1,25,1,0.0066426,6.6426,6642.6,150.5434618974498,10,2026-07-25T20:02:47.012670+00:00,,
41,cpu,end_to_end,1,26,1,0.0066252,6.6252,6625.200000000001,150.9388395822013,10,2026-07-25T20:02:47.012670+00:00,,
41,cpu,end_to_end,1,27,1,0.0076817,7.681699999999999,7681.7,130.17951755470796,10,2026-07-25T20:02:47.012670+00:00,,
41,cpu,end_to_end,1,28,1,0.0075682,7.5682,7568.2,132.13181469834308,10,2026-07-25T20:02:47.012670+00:00,,
41,cpu,end_to_end,1,29,1,0.0071759,7.1758999999999995,7175.9,139.35534218704274,10,2026-07-25T20:02:47.012670+00:00,,
41,cpu,end_to_end,1,30,1,0.0066143,6.6143,6614.3,151.18757842855632,10,2026-07-25T20:02:47.012670+00:00,,
41,cpu,end_to_end,1,31,1,0.0066334,6.6334,6633.400000000001,150.7522537461935,10,2026-07-25T20:02:47.012670+00:00,,
41,cpu,end_to_end,1,32,1,0.0068262,6.8262,6826.2,146.49438926489114,10,2026-07-25T20:02:47.012670+00:00,,
41,cpu,end_to_end,1,33,1,0.0066633,6.6633,6663.299999999999,150.0757882730779,10,2026-07-25T20:02:47.012670+00:00,,
41,cpu,end_to_end,1,34,1,0.0062438,6.2438,6243.8,160.15887760658575,10,2026-07-25T20:02:47.012670+00:00,,
41,cpu,end_to_end,1,35,1,0.0069695,6.9695,6969.5,143.4823158045771,10,2026-07-25T20:02:47.012670+00:00,,
41,cpu,end_to_end,1,36,1,0.0077639,7.7639,7763.9,128.801246796069,10,2026-07-25T20:02:47.012670+00:00,,
41,cpu,end_to_end,1,37,1,0.0073408,7.3408,7340.8,136.2249346120314,10,2026-07-25T20:02:47.012670+00:00,,
41,cpu,end_to_end,1,38,1,0.007273,7.273,7273.0,137.49484394335212,10,2026-07-25T20:02:47.012670+00:00,,
41,cpu,end_to_end,1,39,1,0.0076052,7.6052,7605.200000000001,131.4889812233735,10,2026-07-25T20:02:47.012670+00:00,,
41,cpu,end_to_end,1,40,1,0.0069709,6.9709,6970.900000000001,143.45349954812147,10,2026-07-25T20:02:47.012670+00:00,,
41,cpu,end_to_end,1,41,1,0.006621,6.621,6621.0,151.03458692040476,10,2026-07-25T20:02:47.012670+00:00,,
41,cpu,end_to_end,1,42,1,0.0071919,7.1919,7191.900000000001,139.04531486811553,10,2026-07-25T20:02:47.012670+00:00,,
41,cpu,end_to_end,1,43,1,0.008532,8.532,8532.0,117.20581340834507,10,2026-07-25T20:02:47.012670+00:00,,
41,cpu,end_to_end,1,44,1,0.0079163,7.9163,7916.299999999999,126.32164016017585,10,2026-07-25T20:02:47.012670+00:00,,
41,cpu,end_to_end,1,45,1,0.0065424,6.542400000000001,6542.400000000001,152.84910736121302,10,2026-07-25T20:02:47.012670+00:00,,
41,cpu,end_to_end,1,46,1,0.0079444,7.944400000000001,7944.400000000001,125.87483006897939,10,2026-07-25T20:02:47.012670+00:00,,
41,cpu,end_to_end,1,47,1,0.0074107,7.4107,7410.7,134.94001916148272,10,2026-07-25T20:02:47.012670+00:00,,
41,cpu,end_to_end,1,48,1,0.0069768,6.9768,6976.8,143.33218667583992,10,2026-07-25T20:02:47.012670+00:00,,
41,cpu,end_to_end,1,49,1,0.0066033,6.6033,6603.3,151.43943179925188,10,2026-07-25T20:02:47.012670+00:00,,
41,cpu,end_to_end,1,50,1,0.0071704,7.170400000000001,7170.400000000001,139.46223362713377,10,2026-07-25T20:02:47.012670+00:00,,
41,cpu,end_to_end,1,51,1,0.0074532,7.4532,7453.2,134.17055761283743,10,2026-07-25T20:02:47.012670+00:00,,
41,cpu,end_to_end,1,52,1,0.0075969,7.5969,7596.900000000001,131.63263962932248,10,2026-07-25T20:02:47.012670+00:00,,
41,cpu,end_to_end,1,53,1,0.0083042,8.3042,8304.199999999999,120.42099178728837,10,2026-07-25T20:02:47.012670+00:00,,
41,cpu,end_to_end,1,54,1,0.0080086,8.0086,8008.599999999999,124.86576929800465,10,2026-07-25T20:02:47.012670+00:00,,
41,cpu,end_to_end,1,55,1,0.0077664,7.7664,7766.4,128.75978574371652,10,2026-07-25T20:02:47.012670+00:00,,
41,cpu,end_to_end,1,56,1,0.0081188,8.1188,8118.800000000001,123.17091195743212,10,2026-07-25T20:02:47.012670+00:00,,
41,cpu,end_to_end,1,57,1,0.0071189,7.1189,7118.9,140.47114020424505,10,2026-07-25T20:02:47.012670+00:00,,
41,cpu,end_to_end,1,58,1,0.0078934,7.8934,7893.4,126.68811918818253,10,2026-07-25T20:02:47.012670+00:00,,
41,cpu,end_to_end,1,59,1,0.0077907,7.7907,7790.7,128.35817063935204,10,2026-07-25T20:02:47.012670+00:00,,
41,cpu,end_to_end,1,60,1,0.0081794,8.1794,8179.4,122.25835635865711,10,2026-07-25T20:02:47.012670+00:00,,
41,cpu,end_to_end,1,61,1,0.00767,7.67,7670.0,130.3780964797914,10,2026-07-25T20:02:47.012670+00:00,,
41,cpu,end_to_end,1,62,1,0.0072002,7.200200000000001,7200.200000000001,138.8850309713619,10,2026-07-25T20:02:47.012670+00:00,,
41,cpu,end_to_end,1,63,1,0.007759,7.759,7759.0,128.88258796236627,10,2026-07-25T20:02:47.012670+00:00,,
41,cpu,end_to_end,1,64,1,0.0078847,7.8847,7884.7,126.82790721270308,10,2026-07-25T20:02:47.012670+00:00,,
41,cpu,end_to_end,1,65,1,0.0077962,7.7962,7796.2,128.2676175572715,10,2026-07-25T20:02:47.012670+00:00,,
41,cpu,end_to_end,1,66,1,0.0073224,7.3224,7322.4,136.5672457117885,10,2026-07-25T20:02:47.012670+00:00,,
41,cpu,end_to_end,1,67,1,0.0076184,7.6184,7618.4,131.26115719836187,10,2026-07-25T20:02:47.012670+00:00,,
41,cpu,end_to_end,1,68,1,0.007834,7.8340000000000005,7834.000000000001,127.64871074802143,10,2026-07-25T20:02:47.012670+00:00,,
41,cpu,end_to_end,1,69,1,0.0076816,7.6816,7681.6,130.18121224744846,10,2026-07-25T20:02:47.012670+00:00,,
41,cpu,end_to_end,1,70,1,0.0073158,7.3158,7315.8,136.69045080510676,10,2026-07-25T20:02:47.012670+00:00,,
41,cpu,end_to_end,1,71,1,0.0078316,7.831599999999999,7831.599999999999,127.68782879615917,10,2026-07-25T20:02:47.012670+00:00,,
41,cpu,end_to_end,1,72,1,0.007637,7.637,7637.0,130.941469163284,10,2026-07-25T20:02:47.012670+00:00,,
41,cpu,end_to_end,1,73,1,0.0078623,7.862299999999999,7862.299999999999,127.18924487745318,10,2026-07-25T20:02:47.012670+00:00,,
41,cpu,end_to_end,1,74,1,0.0072752,7.2752,7275.2,137.45326588959753,10,2026-07-25T20:02:47.012670+00:00,,
41,cpu,end_to_end,1,75,1,0.0066723,6.6723,6672.3,149.87335701332375,10,2026-07-25T20:02:47.012670+00:00,,
41,cpu,end_to_end,1,76,1,0.0067479,6.7479000000000005,6747.900000000001,148.1942530268676,10,2026-07-25T20:02:47.012670+00:00,,
41,cpu,end_to_end,1,77,1,0.0074729,7.4729,7472.900000000001,133.81685824780206,10,2026-07-25T20:02:47.012670+00:00,,
41,cpu,end_to_end,1,78,1,0.0070462,7.0462,7046.2,141.92046776986177,10,2026-07-25T20:02:47.012670+00:00,,
41,cpu,end_to_end,1,79,1,0.0072464,7.2464,7246.4,137.9995584014131,10,2026-07-25T20:02:47.012670+00:00,,
41,cpu,end_to_end,1,80,1,0.0075135,7.5135000000000005,7513.5,133.0937645571305,10,2026-07-25T20:02:47.012670+00:00,,
41,cpu,end_to_end,1,81,1,0.0068988,6.8988000000000005,6898.8,144.95274540499796,10,2026-07-25T20:02:47.012670+00:00,,
41,cpu,end_to_end,1,82,1,0.0072817,7.281700000000001,7281.700000000001,137.33056841122266,10,2026-07-25T20:02:47.012670+00:00,,
41,cpu,end_to_end,1,83,1,0.0074765,7.4765,7476.5,133.75242426268977,10,2026-07-25T20:02:47.012670+00:00,,
41,cpu,end_to_end,1,84,1,0.0076084,7.6084000000000005,7608.400000000001,131.4336785657957,10,2026-07-25T20:02:47.012670+00:00,,
41,cpu,end_to_end,1,85,1,0.0074828,7.4828,7482.8,133.63981397337895,10,2026-07-25T20:02:47.012670+00:00,,
41,cpu,end_to_end,1,86,1,0.0070873,7.0873,7087.3,141.0974560128681,10,2026-07-25T20:02:47.012670+00:00,,
41,cpu,end_to_end,1,87,1,0.0070837,7.0837,7083.7,141.1691630080325,10,2026-07-25T20:02:47.012670+00:00,,
41,cpu,end_to_end,1,88,1,0.0069421,6.9421,6942.099999999999,144.0486308177641,10,2026-07-25T20:02:47.012670+00:00,,
41,cpu,end_to_end,1,89,1,0.0064115,6.411499999999999,6411.5,155.9697418700772,10,2026-07-25T20:02:47.012670+00:00,,
41,cpu,end_to_end,1,90,1,0.0064614,6.4614,6461.4,154.76522115950104,10,2026-07-25T20:02:47.012670+00:00,,
41,cpu,end_to_end,1,91,1,0.0072792,7.2792,7279.200000000001,137.37773381690295,10,2026-07-25T20:02:47.012670+00:00,,
41,cpu,end_to_end,1,92,1,0.0066752,6.6752,6675.2,149.80824544582933,10,2026-07-25T20:02:47.012670+00:00,,
41,cpu,end_to_end,1,93,1,0.0065973,6.597300000000001,6597.3,151.57716035347792,10,2026-07-25T20:02:47.012670+00:00,,
41,cpu,end_to_end,1,94,1,0.0074915,7.4915,7491.5,133.48461589801775,10,2026-07-25T20:02:47.012670+00:00,,
41,cpu,end_to_end,1,95,1,0.0062157,6.2157,6215.7,160.8829254951172,10,2026-07-25T20:02:47.012670+00:00,,
41,cpu,end_to_end,1,96,1,0.0062714,6.2714,6271.4,159.45402940332303,10,2026-07-25T20:02:47.012670+00:00,,
41,cpu,end_to_end,1,97,1,0.0062355,6.2355,6235.5,160.3720631865929,10,2026-07-25T20:02:47.012670+00:00,,
41,cpu,end_to_end,1,98,1,0.0065046,6.5046,6504.6,153.7373551025428,10,2026-07-25T20:02:47.012670+00:00,,
41,cpu,end_to_end,1,99,1,0.0071243,7.1243,7124.3,140.36466740592058,10,2026-07-25T20:02:47.012670+00:00,,
41,cpu,end_to_end,1,100,1,0.006619,6.619,6619.0,151.08022359873092,10,2026-07-25T20:02:47.012670+00:00,,
41,cpu,end_to_end,1,101,1,0.0070991,7.0991,7099.099999999999,140.86292628643068,10,2026-07-25T20:02:47.012670+00:00,,
41,cpu,end_to_end,1,102,1,0.0069754,6.9754,6975.4,143.36095421051124,10,2026-07-25T20:02:47.012670+00:00,,
41,cpu,end_to_end,1,103,1,0.0066514,6.6514,6651.4,150.3442884204829,10,2026-07-25T20:02:47.012670+00:00,,
41,cpu,end_to_end,1,104,1,0.0068263,6.826300000000001,6826.3,146.49224323572065,10,2026-07-25T20:02:47.012670+00:00,,
41,cpu,end_to_end,1,105,1,0.0065383,6.5383000000000004,6538.3,152.94495511065566,10,2026-07-25T20:02:47.012670+00:00,,
41,cpu,end_to_end,1,106,1,0.0071634,7.1634,7163.400000000001,139.59851467180388,10,2026-07-25T20:02:47.012670+00:00,,
41,cpu,end_to_end,1,107,1,0.0063872,6.3872,6387.2,156.56312625250501,10,2026-07-25T20:02:47.012670+00:00,,
41,cpu,end_to_end,1,108,1,0.007004,7.004,7004.0,142.7755568246716,10,2026-07-25T20:02:47.012670+00:00,,
41,cpu,end_to_end,1,109,1,0.0064129,6.4129,6412.9,155.93569212056948,10,2026-07-25T20:02:47.012670+00:00,,
41,cpu,end_to_end,1,110,1,0.0064094,6.4094,6409.4,156.0208443848098,10,2026-07-25T20:02:47.012670+00:00,,
41,cpu,end_to_end,1,111,1,0.0067559,6.7559,6755.9,148.0187687798813,10,2026-07-25T20:02:47.012670+00:00,,
41,cpu,end_to_end,1,112,1,0.0064577,6.4577,6457.7,154.8538953497375,10,2026-07-25T20:02:47.012670+00:00,,
41,cpu,end_to_end,1,113,1,0.0070474,7.0474,7047.4,141.89630218236513,10,2026-07-25T20:02:47.012670+00:00,,
41,cpu,end_to_end,1,114,1,0.0068999,6.8999,6899.9,144.9296366614009,10,2026-07-25T20:02:47.012670+00:00,,
41,cpu,end_to_end,1,115,1,0.0073906,7.3906,7390.599999999999,135.3070116093416,10,2026-07-25T20:02:47.012670+00:00,,
41,cpu,end_to_end,1,116,1,0.0078151,7.8151,7815.1,127.95741577203107,10,2026-07-25T20:02:47.012670+00:00,,
41,cpu,end_to_end,1,117,1,0.0064785,6.4784999999999995,6478.5,154.35671837616732,10,2026-07-25T20:02:47.012670+00:00,,
41,cpu,end_to_end,1,118,1,0.0066127,6.6127,6612.7,151.22415957173317,10,2026-07-25T20:02:47.012670+00:00,,
41,cpu,end_to_end,1,119,1,0.006424,6.424,6424.0,155.6662515566625,10,2026-07-25T20:02:47.012670+00:00,,
41,cpu,end_to_end,1,120,1,0.0069159,6.9159,6915.9,144.5943405775098,10,2026-07-25T20:02:47.012670+00:00,,
41,cpu,end_to_end,1,121,1,0.0063856,6.3856,6385.6,156.6023552994237,10,2026-07-25T20:02:47.012670+00:00,,
41,cpu,end_to_end,1,122,1,0.0066453,6.6453,6645.3,150.4822957579041,10,2026-07-25T20:02:47.012670+00:00,,
41,cpu,end_to_end,1,123,1,0.0061419,6.1419,6141.9,162.81606668946094,10,2026-07-25T20:02:47.012670+00:00,,
41,cpu,end_to_end,1,124,1,0.006214,6.2139999999999995,6214.0,160.926939169617,10,2026-07-25T20:02:47.012670+00:00,,
41,cpu,end_to_end,1,125,1,0.0066231,6.6231,6623.099999999999,150.98669807189987,10,2026-07-25T20:02:47.012670+00:00,,
41,cpu,end_to_end,1,126,1,0.0062466,6.2466,6246.599999999999,160.0870873755323,10,2026-07-25T20:02:47.012670+00:00,,
41,cpu,end_to_end,1,127,1,0.0066745,6.6745,6674.5,149.82395685070043,10,2026-07-25T20:02:47.012670+00:00,,
41,cpu,end_to_end,1,128,1,0.006573,6.5729999999999995,6573.0,152.13753232922562,10,2026-07-25T20:02:47.012670+00:00,,
41,cpu,end_to_end,1,129,1,0.0066096,6.6096,6609.6,151.2950859356088,10,2026-07-25T20:02:47.012670+00:00,,
41,cpu,end_to_end,1,130,1,0.0067178,6.7178,6717.8,148.85825716752507,10,2026-07-25T20:02:47.012670+00:00,,
41,cpu,end_to_end,1,131,1,0.0062225,6.2225,6222.5,160.70711128967457,10,2026-07-25T20:02:47.012670+00:00,,
41,cpu,end_to_end,1,132,1,0.0065205,6.5205,6520.5,153.3624722030519,10,2026-07-25T20:02:47.012670+00:00,,
41,cpu,end_to_end,1,133,1,0.0063352,6.3352,6335.2,157.84821315822705,10,2026-07-25T20:02:47.012670+00:00,,
41,cpu,end_to_end,1,134,1,0.0063043,6.3043,6304.299999999999,158.621892993671,10,2026-07-25T20:02:47.012670+00:00,,
41,cpu,end_to_end,1,135,1,0.0074248,7.424799999999999,7424.799999999999,134.6837625255899,10,2026-07-25T20:02:47.012670+00:00,,
41,cpu,end_to_end,1,136,1,0.0063015,6.3015,6301.5,158.69237483138934,10,2026-07-25T20:02:47.012670+00:00,,
41,cpu,end_to_end,1,137,1,0.0069064,6.9064,6906.4,144.79323526004865,10,2026-07-25T20:02:47.012670+00:00,,
41,cpu,end_to_end,1,138,1,0.0068322,6.8322,6832.2,146.36573870788325,10,2026-07-25T20:02:47.012670+00:00,,
41,cpu,end_to_end,1,139,1,0.0069399,6.9399,6939.9,144.0942953068488,10,2026-07-25T20:02:47.012670+00:00,,
41,cpu,end_to_end,1,140,1,0.0067547,6.7547,6754.7,148.04506491776098,10,2026-07-25T20:02:47.012670+00:00,,
41,cpu,end_to_end,1,141,1,0.0063216,6.3216,6321.6,158.18780055682106,10,2026-07-25T20:02:47.012670+00:00,,
41,cpu,end_to_end,1,142,1,0.006856,6.856,6856.0,145.85764294049008,10,2026-07-25T20:02:47.012670+00:00,,
41,cpu,end_to_end,1,143,1,0.0061746,6.1746,6174.599999999999,161.9538107731675,10,2026-07-25T20:02:47.012670+00:00,,
41,cpu,end_to_end,1,144,1,0.0065931,6.5931,6593.1,151.67371949462316,10,2026-07-25T20:02:47.012670+00:00,,
41,cpu,end_to_end,1,145,1,0.0063083,6.3083,6308.3,158.52131319055846,10,2026-07-25T20:02:47.012670+00:00,,
41,cpu,end_to_end,1,146,1,0.0062863,6.2863,6286.3,159.0760860919778,10,2026-07-25T20:02:47.012670+00:00,,
41,cpu,end_to_end,1,147,1,0.0067539,6.7539,6753.900000000001,148.06260086764684,10,2026-07-25T20:02:47.012670+00:00,,
41,cpu,end_to_end,1,148,1,0.0061839,6.1839,6183.9,161.71024757838904,10,2026-07-25T20:02:47.012670+00:00,,
41,cpu,end_to_end,1,149,1,0.0068923,6.8923,6892.299999999999,145.0894476444728,10,2026-07-25T20:02:47.012670+00:00,,
41,cpu,end_to_end,1,150,1,0.0064427,6.4427,6442.7,155.21442873329505,10,2026-07-25T20:02:47.012670+00:00,,
41,cpu,end_to_end,1,151,1,0.0066226,6.6226,6622.6,150.99809742397247,10,2026-07-25T20:02:47.012670+00:00,,
41,cpu,end_to_end,1,152,1,0.0067312,6.731199999999999,6731.2,148.56192060850964,10,2026-07-25T20:02:47.012670+00:00,,
41,cpu,end_to_end,1,153,1,0.0063626,6.3626000000000005,6362.6,157.1684531480841,10,2026-07-25T20:02:47.012670+00:00,,
41,cpu,end_to_end,1,154,1,0.006618,6.617999999999999,6618.0,151.1030522816561,10,2026-07-25T20:02:47.012670+00:00,,
41,cpu,end_to_end,1,155,1,0.006343,6.343,6343.0,157.65410688948447,10,2026-07-25T20:02:47.012670+00:00,,
41,cpu,end_to_end,1,156,1,0.0066112,6.6112,6611.2,151.25847047434655,10,2026-07-25T20:02:47.012670+00:00,,
41,cpu,end_to_end,1,157,1,0.0063977,6.3977,6397.7,156.30617253075323,10,2026-07-25T20:02:47.012670+00:00,,
41,cpu,end_to_end,1,158,1,0.0059494,5.9494,5949.4,168.08417655561905,10,2026-07-25T20:02:47.012670+00:00,,
41,cpu,end_to_end,1,159,1,0.0062741,6.274100000000001,6274.1,159.38540985958144,10,2026-07-25T20:02:47.012670+00:00,,
41,cpu,end_to_end,1,160,1,0.0062932,6.2932,6293.2,158.9016716455857,10,2026-07-25T20:02:47.012670+00:00,,
41,cpu,end_to_end,1,161,1,0.0066322,6.6322,6632.200000000001,150.77953017098397,10,2026-07-25T20:02:47.012670+00:00,,
41,cpu,end_to_end,1,162,1,0.0070761,7.0761,7076.1,141.3207840477099,10,2026-07-25T20:02:47.012670+00:00,,
41,cpu,end_to_end,1,163,1,0.0065573,6.557300000000001,6557.3,152.50179189605478,10,2026-07-25T20:02:47.012670+00:00,,
41,cpu,end_to_end,1,164,1,0.0073252,7.3252,7325.2,136.51504395784417,10,2026-07-25T20:02:47.012670+00:00,,
41,cpu,end_to_end,1,165,1,0.0072534,7.2534,7253.400000000001,137.86637990459647,10,2026-07-25T20:02:47.012670+00:00,,
41,cpu,end_to_end,1,166,1,0.0070123,7.0123,7012.3,142.60656275401794,10,2026-07-25T20:02:47.012670+00:00,,
41,cpu,end_to_end,1,167,1,0.0066028,6.6028,6602.8,151.45089961834373,10,2026-07-25T20:02:47.012670+00:00,,
41,cpu,end_to_end,1,168,1,0.0069515,6.9515,6951.5,143.8538444939941,10,2026-07-25T20:02:47.012670+00:00,,
41,cpu,end_to_end,1,169,1,0.0069815,6.9815,6981.5,143.23569433502828,10,2026-07-25T20:02:47.012670+00:00,,
41,cpu,end_to_end,1,170,1,0.0080071,8.0071,8007.099999999999,124.88916086972812,10,2026-07-25T20:02:47.012670+00:00,,
41,cpu,end_to_end,1,171,1,0.0069449,6.9449000000000005,6944.900000000001,143.99055421964317,10,2026-07-25T20:02:47.012670+00:00,,
41,cpu,end_to_end,1,172,1,0.0069041,6.9041,6904.099999999999,144.84147100997959,10,2026-07-25T20:02:47.012670+00:00,,
41,cpu,end_to_end,1,173,1,0.0069469,6.946899999999999,6946.9,143.94909959838202,10,2026-07-25T20:02:47.012670+00:00,,
41,cpu,end_to_end,1,174,1,0.006847,6.8469999999999995,6847.0,146.0493646852636,10,2026-07-25T20:02:47.012670+00:00,,
41,cpu,end_to_end,1,175,1,0.0085655,8.5655,8565.5,116.74741696339969,10,2026-07-25T20:02:47.012670+00:00,,
41,cpu,end_to_end,1,176,1,0.007603,7.603000000000001,7603.0,131.5270288044193,10,2026-07-25T20:02:47.012670+00:00,,
41,cpu,end_to_end,1,177,1,0.0067609,6.7609,6760.900000000001,147.90930201600378,10,2026-07-25T20:02:47.012670+00:00,,
41,cpu,end_to_end,1,178,1,0.007674,7.674,7674.0,130.31013812874642,10,2026-07-25T20:02:47.012670+00:00,,
41,cpu,end_to_end,1,179,1,0.0078331,7.833100000000001,7833.100000000001,127.66337720698063,10,2026-07-25T20:02:47.012670+00:00,,
41,cpu,end_to_end,1,180,1,0.0085707,8.5707,8570.7,116.67658417632164,10,2026-07-25T20:02:47.012670+00:00,,
41,cpu,end_to_end,1,181,1,0.0063769,6.3769,6376.9,156.816007778074,10,2026-07-25T20:02:47.012670+00:00,,
41,cpu,end_to_end,1,182,1,0.0077562,7.756200000000001,7756.200000000001,128.92911477269797,10,2026-07-25T20:02:47.012670+00:00,,
41,cpu,end_to_end,1,183,1,0.0077395,7.7395,7739.5,129.20731313392338,10,2026-07-25T20:02:47.012670+00:00,,
41,cpu,end_to_end,1,184,1,0.0081274,8.1274,8127.4,123.04057878288259,10,2026-07-25T20:02:47.012670+00:00,,
41,cpu,end_to_end,1,185,1,0.0085095,8.5095,8509.5,117.51571772724603,10,2026-07-25T20:02:47.012670+00:00,,
41,cpu,end_to_end,1,186,1,0.0069811,6.9811,6981.099999999999,143.2439013908983,10,2026-07-25T20:02:47.012670+00:00,,
41,cpu,end_to_end,1,187,1,0.0070854,7.085400000000001,7085.400000000001,141.13529229119032,10,2026-07-25T20:02:47.012670+00:00,,
41,cpu,end_to_end,1,188,1,0.0081464,8.1464,8146.4,122.7536089561033,10,2026-07-25T20:02:47.012670+00:00,,
41,cpu,end_to_end,1,189,1,0.0078403,7.8403,7840.299999999999,127.54613981607847,10,2026-07-25T20:02:47.012670+00:00,,
41,cpu,end_to_end,1,190,1,0.007319,7.319,7319.0,136.6306872523569,10,2026-07-25T20:02:47.012670+00:00,,
41,cpu,end_to_end,1,191,1,0.0085483,8.5483,8548.3,116.982323970848,10,2026-07-25T20:02:47.012670+00:00,,
41,cpu,end_to_end,1,192,1,0.0075228,7.522799999999999,7522.799999999999,132.92922847875792,10,2026-07-25T20:02:47.012670+00:00,,
41,cpu,end_to_end,1,193,1,0.0086445,8.644499999999999,8644.5,115.68049048527966,10,2026-07-25T20:02:47.012670+00:00,,
41,cpu,end_to_end,1,194,1,0.007199,7.199,7199.0,138.90818169190166,10,2026-07-25T20:02:47.012670+00:00,,
41,cpu,end_to_end,1,195,1,0.0070051,7.0051000000000005,7005.1,142.75313700018557,10,2026-07-25T20:02:47.012670+00:00,,
41,cpu,end_to_end,1,196,1,0.0071814,7.1814,7181.400000000001,139.24861447628595,10,2026-07-25T20:02:47.012670+00:00,,
41,cpu,end_to_end,1,197,1,0.0078411,7.8411,7841.1,127.53312672966803,10,2026-07-25T20:02:47.012670+00:00,,
41,cpu,end_to_end,1,198,1,0.0080657,8.0657,8065.700000000001,123.98179947183753,10,2026-07-25T20:02:47.012670+00:00,,
41,cpu,end_to_end,1,199,1,0.0072138,7.2138,7213.8,138.62319443289252,10,2026-07-25T20:02:47.012670+00:00,,
41,cpu,end_to_end,1,200,1,0.0083992,8.3992,8399.2,119.0589579959996,10,2026-07-25T20:02:47.012670+00:00,,
41,cpu,end_to_end,1,201,1,0.0078126,7.8126,7812.599999999999,127.99836162097127,10,2026-07-25T20:02:47.012670+00:00,,
41,cpu,end_to_end,1,202,1,0.0076087,7.608700000000001,7608.700000000001,131.4284963265735,10,2026-07-25T20:02:47.012670+00:00,,
41,cpu,end_to_end,1,203,1,0.0070581,7.0581000000000005,7058.1,141.681188988538,10,2026-07-25T20:02:47.012670+00:00,,
41,cpu,end_to_end,1,204,1,0.0081854,8.185400000000001,8185.400000000001,122.1687394629462,10,2026-07-25T20:02:47.012670+00:00,,
41,cpu,end_to_end,1,205,1,0.0077255,7.725499999999999,7725.5,129.44146009966994,10,2026-07-25T20:02:47.012670+00:00,,
41,cpu,end_to_end,1,206,1,0.0086108,8.6108,8610.8,116.13322803920657,10,2026-07-25T20:02:47.012670+00:00,,
41,cpu,end_to_end,1,207,1,0.0072646,7.264600000000001,7264.6,137.65382815296093,10,2026-07-25T20:02:47.012670+00:00,,
41,cpu,end_to_end,1,208,1,0.0070273,7.0273,7027.3,142.30216441592077,10,2026-07-25T20:02:47.012670+00:00,,
41,cpu,end_to_end,1,209,1,0.0086934,8.6934,8693.4,115.02979271631352,10,2026-07-25T20:02:47.012670+00:00,,
41,cpu,end_to_end,1,210,1,0.0074251,7.4251,7425.099999999999,134.6783208306959,10,2026-07-25T20:02:47.012670+00:00,,
41,cpu,end_to_end,1,211,1,0.0072651,7.2651,7265.1,137.6443545167995,10,2026-07-25T20:02:47.012670+00:00,,
41,cpu,end_to_end,1,212,1,0.0070476,7.0476,7047.6,141.89227538452806,10,2026-07-25T20:02:47.012670+00:00,,
41,cpu,end_to_end,1,213,1,0.008076,8.076,8076.0,123.82367508667657,10,2026-07-25T20:02:47.012670+00:00,,
41,cpu,end_to_end,1,214,1,0.0078538,7.8538,7853.799999999999,127.3268990806998,10,2026-07-25T20:02:47.012670+00:00,,
41,cpu,end_to_end,1,215,1,0.0076659,7.6659,7665.9,130.4478273914348,10,2026-07-25T20:02:47.012670+00:00,,
41,cpu,end_to_end,1,216,1,0.0065369,6.5369,6536.9,152.97771114748582,10,2026-07-25T20:02:47.012670+00:00,,
41,cpu,end_to_end,1,217,1,0.0077064,7.7064,7706.400000000001,129.76227551126337,10,2026-07-25T20:02:47.012670+00:00,,
41,cpu,end_to_end,1,218,1,0.0079569,7.956899999999999,7956.9,125.6770852970378,10,2026-07-25T20:02:47.012670+00:00,,
41,cpu,end_to_end,1,219,1,0.0071694,7.1694,7169.400000000001,139.48168605462104,10,2026-07-25T20:02:47.012670+00:00,,
41,cpu,end_to_end,1,220,1,0.006963,6.962999999999999,6963.0,143.6162573603332,10,2026-07-25T20:02:47.012670+00:00,,
41,cpu,end_to_end,1,221,1,0.0074527,7.452699999999999,7452.7,134.17955908596886,10,2026-07-25T20:02:47.012670+00:00,,
41,cpu,end_to_end,1,222,1,0.0078139,7.8139,7813.900000000001,127.97706650968146,10,2026-07-25T20:02:47.012670+00:00,,
41,cpu,end_to_end,1,223,1,0.0072451,7.2451,7245.1,138.02431988516378,10,2026-07-25T20:02:47.012670+00:00,,
41,cpu,end_to_end,1,224,1,0.0064065,6.4065,6406.5,156.0914696011863,10,2026-07-25T20:02:47.012670+00:00,,
41,cpu,end_to_end,1,225,1,0.0065571,6.5571,6557.099999999999,152.50644339723354,10,2026-07-25T20:02:47.012670+00:00,,
41,cpu,end_to_end,1,226,1,0.0073341,7.334099999999999,7334.099999999999,136.3493816555542,10,2026-07-25T20:02:47.012670+00:00,,
41,cpu,end_to_end,1,227,1,0.0066286,6.6286000000000005,6628.6,150.86141870078146,10,2026-07-25T20:02:47.012670+00:00,,
41,cpu,end_to_end,1,228,1,0.0061273,6.1273,6127.299999999999,163.204021347086,10,2026-07-25T20:02:47.012670+00:00,,
41,cpu,end_to_end,1,229,1,0.0068376,6.8376,6837.6,146.25014625014626,10,2026-07-25T20:02:47.012670+00:00,,
41,cpu,end_to_end,1,230,1,0.0067053,6.7053,6705.3,149.13575828076299,10,2026-07-25T20:02:47.012670+00:00,,
41,cpu,end_to_end,1,231,1,0.0069363,6.9363,6936.3,144.16908149878176,10,2026-07-25T20:02:47.012670+00:00,,
41,cpu,end_to_end,1,232,1,0.0067129,6.7129,6712.9,148.96691444830103,10,2026-07-25T20:02:47.012670+00:00,,
41,cpu,end_to_end,1,233,1,0.006587,6.587,6587.0,151.8141794443601,10,2026-07-25T20:02:47.012670+00:00,,
41,cpu,end_to_end,1,234,1,0.0072078,7.207800000000001,7207.8,138.7385887510752,10,2026-07-25T20:02:47.012670+00:00,,
41,cpu,end_to_end,1,235,1,0.0071972,7.1972,7197.2,138.9429222475407,10,2026-07-25T20:02:47.012670+00:00,,
41,cpu,end_to_end,1,236,1,0.0066637,6.6636999999999995,6663.7,150.06677971697405,10,2026-07-25T20:02:47.012670+00:00,,
41,cpu,end_to_end,1,237,1,0.0065237,6.523700000000001,6523.700000000001,153.2872449683462,10,2026-07-25T20:02:47.012670+00:00,,
41,cpu,end_to_end,1,238,1,0.0069946,6.9946,6994.6,142.96743201898607,10,2026-07-25T20:02:47.012670+00:00,,
41,cpu,end_to_end,1,239,1,0.0064329,6.4329,6432.9,155.45088529279175,10,2026-07-25T20:02:47.012670+00:00,,
41,cpu,end_to_end,1,240,1,0.0067086,6.708600000000001,6708.6,149.0623975196017,10,2026-07-25T20:02:47.012670+00:00,,
41,cpu,end_to_end,1,241,1,0.0065815,6.581499999999999,6581.5,151.94104687381298,10,2026-07-25T20:02:47.012670+00:00,,
41,cpu,end_to_end,1,242,1,0.006246,6.2459999999999996,6246.0,160.1024655779699,10,2026-07-25T20:02:47.012670+00:00,,
41,cpu,end_to_end,1,243,1,0.006205,6.204999999999999,6205.0,161.16035455278003,10,2026-07-25T20:02:47.012670+00:00,,
41,cpu,end_to_end,1,244,1,0.0062006,6.2006,6200.599999999999,161.27471535012742,10,2026-07-25T20:02:47.012670+00:00,,
41,cpu,end_to_end,1,245,1,0.0065973,6.597300000000001,6597.3,151.57716035347792,10,2026-07-25T20:02:47.012670+00:00,,
41,cpu,end_to_end,1,246,1,0.0073669,7.3669,7366.9,135.74230680476185,10,2026-07-25T20:02:47.012670+00:00,,
41,cpu,end_to_end,1,247,1,0.0067367,6.7367,6736.7,148.44063116956374,10,2026-07-25T20:02:47.012670+00:00,,
41,cpu,end_to_end,1,248,1,0.0074029,7.4029,7402.9,135.08219751718923,10,2026-07-25T20:02:47.012670+00:00,,
41,cpu,end_to_end,1,249,1,0.0065157,6.5157,6515.7,153.47545160151634,10,2026-07-25T20:02:47.012670+00:00,,
41,cpu,end_to_end,1,250,1,0.0070142,7.0142,7014.2,142.5679336203701,10,2026-07-25T20:02:47.012670+00:00,,
41,cpu,end_to_end,1,251,1,0.0066113,6.6113,6611.299999999999,151.25618259646365,10,2026-07-25T20:02:47.012670+00:00,,
41,cpu,end_to_end,1,252,1,0.0070316,7.0316,7031.599999999999,142.21514306843392,10,2026-07-25T20:02:47.012670+00:00,,
41,cpu,end_to_end,1,253,1,0.0064118,6.4117999999999995,6411.799999999999,155.9624442434262,10,2026-07-25T20:02:47.012670+00:00,,
41,cpu,end_to_end,1,254,1,0.0060259,6.0259,6025.9,165.95031447584594,10,2026-07-25T20:02:47.012670+00:00,,
41,cpu,end_to_end,1,255,1,0.0063976,6.3976,6397.599999999999,156.30861573089908,10,2026-07-25T20:02:47.012670+00:00,,
41,cpu,end_to_end,1,256,1,0.0063775,6.3775,6377.5,156.80125441003528,10,2026-07-25T20:02:47.012670+00:00,,
41,cpu,end_to_end,1,257,1,0.0065413,6.5413,6541.3,152.8748108174216,10,2026-07-25T20:02:47.012670+00:00,,
41,cpu,end_to_end,1,258,1,0.0064282,6.4282,6428.2,155.56454372919325,10,2026-07-25T20:02:47.012670+00:00,,
41,cpu,end_to_end,1,259,1,0.0063893,6.3892999999999995,6389.299999999999,156.5116679448453,10,2026-07-25T20:02:47.012670+00:00,,
41,cpu,end_to_end,1,260,1,0.0078125,7.8125,7812.5,128.0,10,2026-07-25T20:02:47.012670+00:00,,
41,cpu,end_to_end,1,261,1,0.0064547,6.4547,6454.7,154.92586797217533,10,2026-07-25T20:02:47.012670+00:00,,
41,cpu,end_to_end,1,262,1,0.0067319,6.7318999999999996,6731.9,148.54647276400422,10,2026-07-25T20:02:47.012670+00:00,,
41,cpu,end_to_end,1,263,1,0.0064851,6.4851,6485.099999999999,154.19962683690306,10,2026-07-25T20:02:47.012670+00:00,,
41,cpu,end_to_end,1,264,1,0.0065541,6.5541,6554.1,152.57624998092797,10,2026-07-25T20:02:47.012670+00:00,,
41,cpu,end_to_end,1,265,1,0.0062866,6.2866,6286.599999999999,159.06849489390132,10,2026-07-25T20:02:47.012670+00:00,,
41,cpu,end_to_end,1,266,1,0.0061586,6.1586,6158.6,162.37456564803688,10,2026-07-25T20:02:47.012670+00:00,,
41,cpu,end_to_end,1,267,1,0.0069525,6.952500000000001,6952.5,143.8331535418914,10,2026-07-25T20:02:47.012670+00:00,,
41,cpu,end_to_end,1,268,1,0.00681,6.8100000000000005,6810.0,146.84287812041117,10,2026-07-25T20:02:47.012670+00:00,,
41,cpu,end_to_end,1,269,1,0.0071013,7.101299999999999,7101.299999999999,140.81928660949404,10,2026-07-25T20:02:47.012670+00:00,,
41,cpu,end_to_end,1,270,1,0.0069696,6.969600000000001,6969.6,143.48025711662075,10,2026-07-25T20:02:47.012670+00:00,,
41,cpu,end_to_end,1,271,1,0.0070582,7.058199999999999,7058.2,141.67918166104673,10,2026-07-25T20:02:47.012670+00:00,,
41,cpu,end_to_end,1,272,1,0.0071544,7.1544,7154.4,139.77412501397743,10,2026-07-25T20:02:47.012670+00:00,,
41,cpu,end_to_end,1,273,1,0.0063997,6.3997,6399.700000000001,156.25732456208883,10,2026-07-25T20:02:47.012670+00:00,,
41,cpu,end_to_end,1,274,1,0.0070083,7.0083,7008.3,142.68795570965855,10,2026-07-25T20:02:47.012670+00:00,,
41,cpu,end_to_end,1,275,1,0.0068441,6.8441,6844.099999999999,146.1112491050686,10,2026-07-25T20:02:47.012670+00:00,,
41,cpu,end_to_end,1,276,1,0.0070156,7.0156,7015.6,142.539483436912,10,2026-07-25T20:02:47.012670+00:00,,
41,cpu,end_to_end,1,277,1,0.0070441,7.0441,7044.1,141.96277735977625,10,2026-07-25T20:02:47.012670+00:00,,
41,cpu,end_to_end,1,278,1,0.0071655,7.1655,7165.5,139.55760240039075,10,2026-07-25T20:02:47.012670+00:00,,
41,cpu,end_to_end,1,279,1,0.0072246,7.224600000000001,7224.6,138.41596766602996,10,2026-07-25T20:02:47.012670+00:00,,
41,cpu,end_to_end,1,280,1,0.0079542,7.9542,7954.2,125.71974554323502,10,2026-07-25T20:02:47.012670+00:00,,
41,cpu,end_to_end,1,281,1,0.0074793,7.4793,7479.3,133.70235182436858,10,2026-07-25T20:02:47.012670+00:00,,
41,cpu,end_to_end,1,282,1,0.0066107,6.6107,6610.7,151.26991090202247,10,2026-07-25T20:02:47.012670+00:00,,
41,cpu,end_to_end,1,283,1,0.0070283,7.028300000000001,7028.3,142.28191739111875,10,2026-07-25T20:02:47.012670+00:00,,
41,cpu,end_to_end,1,284,1,0.0073575,7.3575,7357.5,135.91573224600748,10,2026-07-25T20:02:47.012670+00:00,,
41,cpu,end_to_end,1,285,1,0.0070649,7.0649,7064.9,141.54482016730597,10,2026-07-25T20:02:47.012670+00:00,,
41,cpu,end_to_end,1,286,1,0.0067535,6.7535,6753.5,148.07137040053306,10,2026-07-25T20:02:47.012670+00:00,,
41,cpu,end_to_end,1,287,1,0.0075579,7.5579,7557.900000000001,132.31188557668136,10,2026-07-25T20:02:47.012670+00:00,,
41,cpu,end_to_end,1,288,1,0.0076086,7.6086,7608.6,131.43022369424074,10,2026-07-25T20:02:47.012670+00:00,,
41,cpu,end_to_end,1,289,1,0.0067936,6.7936000000000005,6793.6,147.19736222326895,10,2026-07-25T20:02:47.012670+00:00,,
41,cpu,end_to_end,1,290,1,0.006841,6.841,6841.0,146.177459435755,10,2026-07-25T20:02:47.012670+00:00,,
41,cpu,end_to_end,1,291,1,0.0076766,7.6766,7676.599999999999,130.26600317849048,10,2026-07-25T20:02:47.012670+00:00,,
41,cpu,end_to_end,1,292,1,0.0073804,7.3804,7380.4,135.49401116470654,10,2026-07-25T20:02:47.012670+00:00,,
41,cpu,end_to_end,1,293,1,0.0067645,6.7645,6764.5,147.83058614827408,10,2026-07-25T20:02:47.012670+00:00,,
41,cpu,end_to_end,1,294,1,0.0074972,7.4972,7497.2,133.38312970175534,10,2026-07-25T20:02:47.012670+00:00,,
41,cpu,end_to_end,1,295,1,0.0069589,6.9589,6958.9,143.70087226429465,10,2026-07-25T20:02:47.012670+00:00,,
41,cpu,end_to_end,1,296,1,0.0072851,7.2851,7285.1,137.26647540871093,10,2026-07-25T20:02:47.012670+00:00,,
41,cpu,end_to_end,1,297,1,0.0072547,7.254700000000001,7254.7,137.84167505203524,10,2026-07-25T20:02:47.012670+00:00,,
41,cpu,end_to_end,1,298,1,0.0082315,8.231499999999999,8231.5,121.48454109214603,10,2026-07-25T20:02:47.012670+00:00,,
41,cpu,end_to_end,1,299,1,0.0078861,7.8861,7886.1,126.80539176525785,10,2026-07-25T20:02:47.012670+00:00,,
41,cpu,end_to_end,1,300,1,0.007357,7.357,7357.0,135.92496941688188,10,2026-07-25T20:02:47.012670+00:00,,
41,cpu,end_to_end,1,301,1,0.0069399,6.9399,6939.9,144.0942953068488,10,2026-07-25T20:02:47.012670+00:00,,
41,cpu,end_to_end,1,302,1,0.0077766,7.7766,7776.599999999999,128.59090090785176,10,2026-07-25T20:02:47.012670+00:00,,
41,cpu,end_to_end,1,303,1,0.0080169,8.0169,8016.900000000001,124.73649415609525,10,2026-07-25T20:02:47.012670+00:00,,
41,cpu,end_to_end,1,304,1,0.0073662,7.3662,7366.2,135.75520621215824,10,2026-07-25T20:02:47.012670+00:00,,
41,cpu,end_to_end,1,305,1,0.0070566,7.0565999999999995,7056.599999999999,141.711305727971,10,2026-07-25T20:02:47.012670+00:00,,
41,cpu,end_to_end,1,306,1,0.0068001,6.8001,6800.099999999999,147.0566609314569,10,2026-07-25T20:02:47.012670+00:00,,
41,cpu,end_to_end,1,307,1,0.0062089,6.2089,6208.9,161.05912480471582,10,2026-07-25T20:02:47.012670+00:00,,
41,cpu,end_to_end,1,308,1,0.0068195,6.8195,6819.5,146.63831659212553,10,2026-07-25T20:02:47.012670+00:00,,
41,cpu,end_to_end,1,309,1,0.0062024,6.2024,6202.400000000001,161.22791177608667,10,2026-07-25T20:02:47.012670+00:00,,
41,cpu,end_to_end,1,310,1,0.006345,6.345,6345.0,157.60441292356185,10,2026-07-25T20:02:47.012670+00:00,,
41,cpu,end_to_end,1,311,1,0.0074706,7.4706,7470.6,133.8580569164458,10,2026-07-25T20:02:47.012670+00:00,,
41,cpu,end_to_end,1,312,1,0.0074053,7.4053,7405.3,135.03841843004335,10,2026-07-25T20:02:47.012670+00:00,,
41,cpu,end_to_end,1,313,1,0.006963,6.962999999999999,6963.0,143.6162573603332,10,2026-07-25T20:02:47.012670+00:00,,
41,cpu,end_to_end,1,314,1,0.0064306,6.4306,6430.599999999999,155.50648462040868,10,2026-07-25T20:02:47.012670+00:00,,
41,cpu,end_to_end,1,315,1,0.0066669,6.6669,6666.9,149.99475018374358,10,2026-07-25T20:02:47.012670+00:00,,
41,cpu,end_to_end,1,316,1,0.0067286,6.7286,6728.6,148.61932645721248,10,2026-07-25T20:02:47.012670+00:00,,
41,cpu,end_to_end,1,317,1,0.0064802,6.4802,6480.2,154.3162248078763,10,2026-07-25T20:02:47.012670+00:00,,
41,cpu,end_to_end,1,318,1,0.0066546,6.6546,6654.6,150.271992306074,10,2026-07-25T20:02:47.012670+00:00,,
41,cpu,end_to_end,1,319,1,0.0066791,6.6791,6679.1,149.72077076252788,10,2026-07-25T20:02:47.012670+00:00,,
41,cpu,end_to_end,1,320,1,0.0066277,6.6277,6627.7,150.88190473316536,10,2026-07-25T20:02:47.012670+00:00,,
41,cpu,end_to_end,1,321,1,0.0069675,6.967499999999999,6967.5,143.52350197344816,10,2026-07-25T20:02:47.012670+00:00,,
41,cpu,end_to_end,1,322,1,0.0068855,6.8855,6885.5,145.23273545857236,10,2026-07-25T20:02:47.012670+00:00,,
41,cpu,end_to_end,1,323,1,0.0074351,7.4351,7435.1,134.49718228403114,10,2026-07-25T20:02:47.012670+00:00,,
41,cpu,end_to_end,1,324,1,0.0066343,6.6343000000000005,6634.3,150.73180290309452,10,2026-07-25T20:02:47.012670+00:00,,
41,cpu,end_to_end,1,325,1,0.0071204,7.1204,7120.4,140.44154822762766,10,2026-07-25T20:02:47.012670+00:00,,
41,cpu,end_to_end,1,326,1,0.0077178,7.7178,7717.8,129.57060302158646,10,2026-07-25T20:02:47.012670+00:00,,
41,cpu,end_to_end,1,327,1,0.0067912,6.7912,6791.2,147.24938155259747,10,2026-07-25T20:02:47.012670+00:00,,
41,cpu,end_to_end,1,328,1,0.006684,6.684,6684.0,149.61101137043687,10,2026-07-25T20:02:47.012670+00:00,,
41,cpu,end_to_end,1,329,1,0.008429,8.429,8429.0,118.63803535413453,10,2026-07-25T20:02:47.012670+00:00,,
41,cpu,end_to_end,1,330,1,0.0079547,7.9547,7954.700000000001,125.71184331275849,10,2026-07-25T20:02:47.012670+00:00,,
41,cpu,end_to_end,1,331,1,0.0077485,7.7485,7748.5,129.0572368845583,10,2026-07-25T20:02:47.012670+00:00,,
41,cpu,end_to_end,1,332,1,0.0075947,7.5947000000000005,7594.7,131.67077040567764,10,2026-07-25T20:02:47.012670+00:00,,
41,cpu,end_to_end,1,333,1,0.0076022,7.6022,7602.2,131.5408697482308,10,2026-07-25T20:02:47.012670+00:00,,
41,cpu,end_to_end,1,334,1,0.0077436,7.7436,7743.599999999999,129.13890180277906,10,2026-07-25T20:02:47.012670+00:00,,
41,cpu,end_to_end,1,335,1,0.0071147,7.1147,7114.7,140.55406412076405,10,2026-07-25T20:02:47.012670+00:00,,
41,cpu,end_to_end,1,336,1,0.0072615,7.2615,7261.5,137.71259381670455,10,2026-07-25T20:02:47.012670+00:00,,
41,cpu,end_to_end,1,337,1,0.0073336,7.3336,7333.6,136.3586778662594,10,2026-07-25T20:02:47.012670+00:00,,
41,cpu,end_to_end,1,338,1,0.0074772,7.4772,7477.2,133.7399026373509,10,2026-07-25T20:02:47.012670+00:00,,
41,cpu,end_to_end,1,339,1,0.0073419,7.3419,7341.900000000001,136.20452471431102,10,2026-07-25T20:02:47.012670+00:00,,
41,cpu,end_to_end,1,340,1,0.0079678,7.9678,7967.8,125.50515826200456,10,2026-07-25T20:02:47.012670+00:00,,
41,cpu,end_to_end,1,341,1,0.0072941,7.2941,7294.1,137.09710588009486,10,2026-07-25T20:02:47.012670+00:00,,
41,cpu,end_to_end,1,342,1,0.0067658,6.7658,6765.8,147.80218156019984,10,2026-07-25T20:02:47.012670+00:00,,
41,cpu,end_to_end,1,343,1,0.007055,7.055,7055.0,141.74344436569808,10,2026-07-25T20:02:47.012670+00:00,,
41,cpu,end_to_end,1,344,1,0.0080024,8.0024,8002.4,124.96251124662602,10,2026-07-25T20:02:47.012670+00:00,,
41,cpu,end_to_end,1,345,1,0.0077648,7.764799999999999,7764.799999999999,128.78631774160314,10,2026-07-25T20:02:47.012670+00:00,,
41,cpu,end_to_end,1,346,1,0.0070776,7.0775999999999994,7077.599999999999,141.29083305075167,10,2026-07-25T20:02:47.012670+00:00,,
41,cpu,end_to_end,1,347,1,0.007023,7.023,7023.0,142.38929232521716,10,2026-07-25T20:02:47.012670+00:00,,
41,cpu,end_to_end,1,348,1,0.0076551,7.6551,7655.099999999999,130.63186633747438,10,2026-07-25T20:02:47.012670+00:00,,
41,cpu,end_to_end,1,349,1,0.0074975,7.4975,7497.5,133.3777925975325,10,2026-07-25T20:02:47.012670+00:00,,
41,cpu,end_to_end,1,350,1,0.006839,6.8389999999999995,6839.0,146.22020763269484,10,2026-07-25T20:02:47.012670+00:00,,
41,cpu,end_to_end,1,351,1,0.0077257,7.725700000000001,7725.700000000001,129.43810916810128,10,2026-07-25T20:02:47.012670+00:00,,
41,cpu,end_to_end,1,352,1,0.0076475,7.6475,7647.5,130.76168682576005,10,2026-07-25T20:02:47.012670+00:00,,
41,cpu,end_to_end,1,353,1,0.0074974,7.497400000000001,7497.400000000001,133.37957158481606,10,2026-07-25T20:02:47.012670+00:00,,
41,cpu,end_to_end,1,354,1,0.00665,6.6499999999999995,6650.0,150.37593984962407,10,2026-07-25T20:02:47.012670+00:00,,
41,cpu,end_to_end,1,355,1,0.0068969,6.8969000000000005,6896.9,144.99267786976756,10,2026-07-25T20:02:47.012670+00:00,,
41,cpu,end_to_end,1,356,1,0.0070809,7.080900000000001,7080.900000000001,141.22498552443898,10,2026-07-25T20:02:47.012670+00:00,,
41,cpu,end_to_end,1,357,1,0.0074075,7.4075,7407.5,134.99831252109348,10,2026-07-25T20:02:47.012670+00:00,,
41,cpu,end_to_end,1,358,1,0.0074682,7.4682,7468.200000000001,133.90107388661255,10,2026-07-25T20:02:47.012670+00:00,,
41,cpu,end_to_end,1,359,1,0.0074981,7.4981,7498.099999999999,133.3671196703165,10,2026-07-25T20:02:47.012670+00:00,,
41,cpu,end_to_end,1,360,1,0.0072429,7.2429,7242.9,138.06624418395947,10,2026-07-25T20:02:47.012670+00:00,,
41,cpu,end_to_end,1,361,1,0.0071779,7.1779,7177.9,139.31651318630796,10,2026-07-25T20:02:47.012670+00:00,,
41,cpu,end_to_end,1,362,1,0.0074838,7.4838,7483.799999999999,133.6219567599348,10,2026-07-25T20:02:47.012670+00:00,,
41,cpu,end_to_end,1,363,1,0.0077433,7.7433,7743.3,129.143905053401,10,2026-07-25T20:02:47.012670+00:00,,
41,cpu,end_to_end,1,364,1,0.0072208,7.2208000000000006,7220.8,138.48881010414357,10,2026-07-25T20:02:47.012670+00:00,,
41,cpu,end_to_end,1,365,1,0.0070954,7.0954,7095.4,140.9363813174733,10,2026-07-25T20:02:47.012670+00:00,,
41,cpu,end_to_end,1,366,1,0.0070881,7.0881,7088.1,141.0815310167746,10,2026-07-25T20:02:47.012670+00:00,,
41,cpu,end_to_end,1,367,1,0.0075594,7.5594,7559.4,132.28563113474615,10,2026-07-25T20:02:47.012670+00:00,,
41,cpu,end_to_end,1,368,1,0.0068088,6.808800000000001,6808.8,146.86875807778168,10,2026-07-25T20:02:47.012670+00:00,,
41,cpu,end_to_end,1,369,1,0.0070147,7.0146999999999995,7014.7,142.55777153691534,10,2026-07-25T20:02:47.012670+00:00,,
41,cpu,end_to_end,1,370,1,0.0068037,6.8037,6803.7,146.9788497435219,10,2026-07-25T20:02:47.012670+00:00,,
41,cpu,end_to_end,1,371,1,0.0068231,6.8231,6823.1,146.5609473699638,10,2026-07-25T20:02:47.012670+00:00,,
41,cpu,end_to_end,1,372,1,0.0067699,6.7699,6769.9,147.71266931564722,10,2026-07-25T20:02:47.012670+00:00,,
41,cpu,end_to_end,1,373,1,0.0067606,6.7606,6760.6,147.91586545572878,10,2026-07-25T20:02:47.012670+00:00,,
41,cpu,end_to_end,1,374,1,0.0071339,7.133900000000001,7133.900000000001,140.17578042865753,10,2026-07-25T20:02:47.012670+00:00,,
41,cpu,end_to_end,1,375,1,0.0072281,7.2281,7228.1,138.3489437058148,10,2026-07-25T20:02:47.012670+00:00,,
41,cpu,end_to_end,1,376,1,0.00724,7.24,7240.0,138.12154696132598,10,2026-07-25T20:02:47.012670+00:00,,
41,cpu,end_to_end,1,377,1,0.0080705,8.0705,8070.5,123.90806021931728,10,2026-07-25T20:02:47.012670+00:00,,
41,cpu,end_to_end,1,378,1,0.0066119,6.6119,6611.900000000001,151.24245678246797,10,2026-07-25T20:02:47.012670+00:00,,
41,cpu,end_to_end,1,379,1,0.0073324,7.3324,7332.400000000001,136.38099394468387,10,2026-07-25T20:02:47.012670+00:00,,
41,cpu,end_to_end,1,380,1,0.0074491,7.4491000000000005,7449.1,134.24440536440645,10,2026-07-25T20:02:47.012670+00:00,,
41,cpu,end_to_end,1,381,1,0.0077687,7.7687,7768.7,128.72166514346029,10,2026-07-25T20:02:47.012670+00:00,,
41,cpu,end_to_end,1,382,1,0.007218,7.218,7218.0,138.54253255749515,10,2026-07-25T20:02:47.012670+00:00,,
41,cpu,end_to_end,1,383,1,0.0063476,6.3476,6347.6,157.53985758396874,10,2026-07-25T20:02:47.012670+00:00,,
41,cpu,end_to_end,1,384,1,0.0073499,7.349900000000001,7349.900000000001,136.05627287446086,10,2026-07-25T20:02:47.012670+00:00,,
41,cpu,end_to_end,1,385,1,0.0066765,6.6765,6676.5,149.77907586310192,10,2026-07-25T20:02:47.012670+00:00,,
41,cpu,end_to_end,1,386,1,0.0083359,8.3359,8335.9,119.9630513801749,10,2026-07-25T20:02:47.012670+00:00,,
41,cpu,end_to_end,1,387,1,0.0089141,8.9141,8914.1,112.18182430082679,10,2026-07-25T20:02:47.012670+00:00,,
41,cpu,end_to_end,1,388,1,0.0077343,7.7343,7734.3,129.29418305470438,10,2026-07-25T20:02:47.012670+00:00,,
41,cpu,end_to_end,1,389,1,0.006603,6.603000000000001,6603.0,151.4463122822959,10,2026-07-25T20:02:47.012670+00:00,,
41,cpu,end_to_end,1,390,1,0.0074094,7.4094,7409.4,134.96369476610792,10,2026-07-25T20:02:47.012670+00:00,,
41,cpu,end_to_end,1,391,1,0.007269,7.269,7269.0,137.57050488375293,10,2026-07-25T20:02:47.012670+00:00,,
41,cpu,end_to_end,1,392,1,0.0072311,7.2311,7231.099999999999,138.29154623777848,10,2026-07-25T20:02:47.012670+00:00,,
41,cpu,end_to_end,1,393,1,0.0076041,7.6041,7604.1,131.50800226193763,10,2026-07-25T20:02:47.012670+00:00,,
41,cpu,end_to_end,1,394,1,0.0073413,7.3413,7341.3,136.21565662757277,10,2026-07-25T20:02:47.012670+00:00,,
41,cpu,end_to_end,1,395,1,0.0065708,6.5708,6570.8,152.18847020149752,10,2026-07-25T20:02:47.012670+00:00,,
41,cpu,end_to_end,1,396,1,0.0066697,6.6697,6669.7,149.93178103962697,10,2026-07-25T20:02:47.012670+00:00,,
41,cpu,end_to_end,1,397,1,0.0064486,6.4486,6448.599999999999,155.07241881958876,10,2026-07-25T20:02:47.012670+00:00,,
41,cpu,end_to_end,1,398,1,0.006467,6.467,6467.0,154.63120457708365,10,2026-07-25T20:02:47.012670+00:00,,
41,cpu,end_to_end,1,399,1,0.0066506,6.6506,6650.599999999999,150.36237331970048,10,2026-07-25T20:02:47.012670+00:00,,
41,cpu,end_to_end,1,400,1,0.0061237,6.1237,6123.7,163.2999657070072,10,2026-07-25T20:02:47.012670+00:00,,
41,cpu,end_to_end,1,401,1,0.0062203,6.2203,6220.3,160.76395029178659,10,2026-07-25T20:02:47.012670+00:00,,
41,cpu,end_to_end,1,402,1,0.0076081,7.608099999999999,7608.099999999999,131.43886121370645,10,2026-07-25T20:02:47.012670+00:00,,
41,cpu,end_to_end,1,403,1,0.0065857,6.5857,6585.7,151.84414716734744,10,2026-07-25T20:02:47.012670+00:00,,
41,cpu,end_to_end,1,404,1,0.0067369,6.7368999999999994,6736.9,148.43622437619678,10,2026-07-25T20:02:47.012670+00:00,,
41,cpu,end_to_end,1,405,1,0.0062485,6.2485,6248.5,160.03840921821237,10,2026-07-25T20:02:47.012670+00:00,,
41,cpu,end_to_end,1,406,1,0.0061157,6.1157,6115.7,163.5135798028026,10,2026-07-25T20:02:47.012670+00:00,,
41,cpu,end_to_end,1,407,1,0.0067402,6.7402,6740.2,148.36355004302544,10,2026-07-25T20:02:47.012670+00:00,,
41,cpu,end_to_end,1,408,1,0.0064873,6.487299999999999,6487.299999999999,154.1473340218581,10,2026-07-25T20:02:47.012670+00:00,,
41,cpu,end_to_end,1,409,1,0.0062307,6.2307,6230.7,160.49561044505433,10,2026-07-25T20:02:47.012670+00:00,,
41,cpu,end_to_end,1,410,1,0.0070609,7.0609,7060.900000000001,141.6250053109377,10,2026-07-25T20:02:47.012670+00:00,,
41,cpu,end_to_end,1,411,1,0.0066606,6.6606,6660.6,150.1366243281386,10,2026-07-25T20:02:47.012670+00:00,,
41,cpu,end_to_end,1,412,1,0.0065531,6.5531,6553.1,152.59953304542887,10,2026-07-25T20:02:47.012670+00:00,,
41,cpu,end_to_end,1,413,1,0.0068329,6.8329,6832.900000000001,146.3507441935342,10,2026-07-25T20:02:47.012670+00:00,,
41,cpu,end_to_end,1,414,1,0.006974,6.974,6974.0,143.38973329509608,10,2026-07-25T20:02:47.012670+00:00,,
41,cpu,end_to_end,1,415,1,0.0068812,6.8812,6881.2,145.32349008893797,10,2026-07-25T20:02:47.012670+00:00,,
41,cpu,end_to_end,1,416,1,0.0078857,7.885700000000001,7885.700000000001,126.81182393446363,10,2026-07-25T20:02:47.012670+00:00,,
41,cpu,end_to_end,1,417,1,0.0064619,6.4619,6461.9,154.7532459493338,10,2026-07-25T20:02:47.012670+00:00,,
41,cpu,end_to_end,1,418,1,0.0071974,7.1974,7197.4,138.93906132770167,10,2026-07-25T20:02:47.012670+00:00,,
41,cpu,end_to_end,1,419,1,0.0077101,7.7101,7710.1,129.7000038910001,10,2026-07-25T20:02:47.012670+00:00,,
41,cpu,end_to_end,1,420,1,0.0075477,7.5477,7547.7,132.49069252884985,10,2026-07-25T20:02:47.012670+00:00,,
41,cpu,end_to_end,1,421,1,0.00756,7.56,7560.0,132.27513227513228,10,2026-07-25T20:02:47.012670+00:00,,
41,cpu,end_to_end,1,422,1,0.0074865,7.4865,7486.5,133.57376611233553,10,2026-07-25T20:02:47.012670+00:00,,
41,cpu,end_to_end,1,423,1,0.0082238,8.2238,8223.8,121.59828789610643,10,2026-07-25T20:02:47.012670+00:00,,
41,cpu,end_to_end,1,424,1,0.0172333,17.2333,17233.3,58.02719154195656,10,2026-07-25T20:02:47.012670+00:00,,
41,cpu,end_to_end,1,425,1,0.008676,8.676,8676.0,115.26048870447211,10,2026-07-25T20:02:47.012670+00:00,,
41,cpu,end_to_end,1,426,1,0.008379,8.379,8379.0,119.34598400763815,10,2026-07-25T20:02:47.012670+00:00,,
41,cpu,end_to_end,1,427,1,0.0080986,8.0986,8098.599999999999,123.47813202281877,10,2026-07-25T20:02:47.012670+00:00,,
41,cpu,end_to_end,1,428,1,0.0084431,8.4431,8443.1,118.43990951190914,10,2026-07-25T20:02:47.012670+00:00,,
41,cpu,end_to_end,1,429,1,0.0074353,7.4353,7435.299999999999,134.4935644829395,10,2026-07-25T20:02:47.012670+00:00,,
41,cpu,end_to_end,1,430,1,0.0077875,7.7875000000000005,7787.5,128.41091492776886,10,2026-07-25T20:02:47.012670+00:00,,
41,cpu,end_to_end,1,431,1,0.0077123,7.7123,7712.3,129.66300584780157,10,2026-07-25T20:02:47.012670+00:00,,
41,cpu,end_to_end,1,432,1,0.0085997,8.5997,8599.7,116.28312615556356,10,2026-07-25T20:02:47.012670+00:00,,
41,cpu,end_to_end,1,433,1,0.0115797,11.5797,11579.7,86.35802309213537,10,2026-07-25T20:02:47.012670+00:00,,
41,cpu,end_to_end,1,434,1,0.0094798,9.479800000000001,9479.8,105.48745754129834,10,2026-07-25T20:02:47.012670+00:00,,
41,cpu,end_to_end,1,435,1,0.007564,7.564,7564.0,132.20518244315176,10,2026-07-25T20:02:47.012670+00:00,,
41,cpu,end_to_end,1,436,1,0.0064839,6.4839,6483.9,154.22816514751923,10,2026-07-25T20:02:47.012670+00:00,,
41,cpu,end_to_end,1,437,1,0.0064832,6.4832,6483.2,154.24481737413623,10,2026-07-25T20:02:47.012670+00:00,,
41,cpu,end_to_end,1,438,1,0.0071385,7.1385,7138.5,140.08545212579673,10,2026-07-25T20:02:47.012670+00:00,,
41,cpu,end_to_end,1,439,1,0.0065953,6.5953,6595.3,151.62312555911026,10,2026-07-25T20:02:47.012670+00:00,,
41,cpu,end_to_end,1,440,1,0.0069167,6.9167,6916.7,144.5776164934145,10,2026-07-25T20:02:47.012670+00:00,,
41,cpu,end_to_end,1,441,1,0.00681,6.8100000000000005,6810.0,146.84287812041117,10,2026-07-25T20:02:47.012670+00:00,,
41,cpu,end_to_end,1,442,1,0.0081958,8.1958,8195.8,122.01371434149199,10,2026-07-25T20:02:47.012670+00:00,,
41,cpu,end_to_end,1,443,1,0.008271,8.271,8271.0,120.90436464756377,10,2026-07-25T20:02:47.012670+00:00,,
41,cpu,end_to_end,1,444,1,0.0072192,7.2192,7219.2,138.5195035460993,10,2026-07-25T20:02:47.012670+00:00,,
41,cpu,end_to_end,1,445,1,0.0078069,7.806900000000001,7806.900000000001,128.0918162138621,10,2026-07-25T20:02:47.012670+00:00,,
41,cpu,end_to_end,1,446,1,0.0071185,7.1185,7118.5,140.4790335042495,10,2026-07-25T20:02:47.012670+00:00,,
41,cpu,end_to_end,1,447,1,0.0069075,6.9075,6907.5,144.77017734346725,10,2026-07-25T20:02:47.012670+00:00,,
41,cpu,end_to_end,1,448,1,0.0070423,7.0423,7042.299999999999,141.9990628061855,10,2026-07-25T20:02:47.012670+00:00,,
41,cpu,end_to_end,1,449,1,0.0070493,7.0493,7049.299999999999,141.85805682833757,10,2026-07-25T20:02:47.012670+00:00,,
41,cpu,end_to_end,1,450,1,0.0078924,7.892400000000001,7892.400000000001,126.70417110131264,10,2026-07-25T20:02:47.012670+00:00,,
41,cpu,end_to_end,1,451,1,0.0078916,7.8916,7891.6,126.7170155608495,10,2026-07-25T20:02:47.012670+00:00,,
41,cpu,end_to_end,1,452,1,0.0083781,8.3781,8378.099999999999,119.35880450221411,10,2026-07-25T20:02:47.012670+00:00,,
41,cpu,end_to_end,1,453,1,0.0068609,6.8609,6860.9,145.75347257648414,10,2026-07-25T20:02:47.012670+00:00,,
41,cpu,end_to_end,1,454,1,0.0068158,6.8158,6815.8,146.71792012676428,10,2026-07-25T20:02:47.012670+00:00,,
41,cpu,end_to_end,1,455,1,0.0075274,7.5274,7527.4,132.84799532375055,10,2026-07-25T20:02:47.012670+00:00,,
41,cpu,end_to_end,1,456,1,0.0077265,7.7265,7726.5,129.4247071766,10,2026-07-25T20:02:47.012670+00:00,,
41,cpu,end_to_end,1,457,1,0.007004,7.004,7004.0,142.7755568246716,10,2026-07-25T20:02:47.012670+00:00,,
41,cpu,end_to_end,1,458,1,0.0073995,7.3995,7399.5,135.14426650449354,10,2026-07-25T20:02:47.012670+00:00,,
41,cpu,end_to_end,1,459,1,0.008638,8.638,8638.0,115.7675387821255,10,2026-07-25T20:02:47.012670+00:00,,
41,cpu,end_to_end,1,460,1,0.0076877,7.6876999999999995,7687.7,130.0779166720866,10,2026-07-25T20:02:47.012670+00:00,,
41,cpu,end_to_end,1,461,1,0.0078602,7.8602,7860.2,127.22322587211522,10,2026-07-25T20:02:47.012670+00:00,,
41,cpu,end_to_end,1,462,1,0.0073232,7.3232,7323.2,136.55232685164955,10,2026-07-25T20:02:47.012670+00:00,,
41,cpu,end_to_end,1,463,1,0.0070869,7.0869,7086.900000000001,141.10541985917678,10,2026-07-25T20:02:47.012670+00:00,,
41,cpu,end_to_end,1,464,1,0.0087301,8.7301,8730.099999999999,114.54622512915088,10,2026-07-25T20:02:47.012670+00:00,,
41,cpu,end_to_end,1,465,1,0.008109,8.109,8109.0,123.31976815883586,10,2026-07-25T20:02:47.012670+00:00,,
41,cpu,end_to_end,1,466,1,0.0069344,6.9344,6934.400000000001,144.2085832948777,10,2026-07-25T20:02:47.012670+00:00,,
41,cpu,end_to_end,1,467,1,0.0067348,6.7348,6734.8,148.48250876046802,10,2026-07-25T20:02:47.012670+00:00,,
41,cpu,end_to_end,1,468,1,0.0072827,7.282699999999999,7282.7,137.31171131585813,10,2026-07-25T20:02:47.012670+00:00,,
41,cpu,end_to_end,1,469,1,0.0069822,6.9822,6982.2,143.22133424994988,10,2026-07-25T20:02:47.012670+00:00,,
41,cpu,end_to_end,1,470,1,0.0062442,6.2442,6244.2,160.14861791742737,10,2026-07-25T20:02:47.012670+00:00,,
41,cpu,end_to_end,1,471,1,0.0066034,6.6034,6603.4,151.43713844383197,10,2026-07-25T20:02:47.012670+00:00,,
41,cpu,end_to_end,1,472,1,0.0071166,7.1166,7116.599999999999,140.51653879661637,10,2026-07-25T20:02:47.012670+00:00,,
41,cpu,end_to_end,1,473,1,0.006503,6.503,6503.0,153.7751806858373,10,2026-07-25T20:02:47.012670+00:00,,
41,cpu,end_to_end,1,474,1,0.0070475,7.0475,7047.5,141.8942887548776,10,2026-07-25T20:02:47.012670+00:00,,
41,cpu,end_to_end,1,475,1,0.0069012,6.901199999999999,6901.2,144.90233582565352,10,2026-07-25T20:02:47.012670+00:00,,
41,cpu,end_to_end,1,476,1,0.0066249,6.6249,6624.900000000001,150.94567465169285,10,2026-07-25T20:02:47.012670+00:00,,
41,cpu,end_to_end,1,477,1,0.0068218,6.8218000000000005,6821.8,146.5888768360257,10,2026-07-25T20:02:47.012670+00:00,,
41,cpu,end_to_end,1,478,1,0.0069399,6.9399,6939.9,144.0942953068488,10,2026-07-25T20:02:47.012670+00:00,,
41,cpu,end_to_end,1,479,1,0.0067899,6.789899999999999,6789.9,147.27757404380034,10,2026-07-25T20:02:47.012670+00:00,,
41,cpu,end_to_end,1,480,1,0.0069787,6.9787,6978.7,143.29316348317022,10,2026-07-25T20:02:47.012670+00:00,,
41,cpu,end_to_end,1,481,1,0.0070971,7.0971,7097.1,140.9026221977991,10,2026-07-25T20:02:47.012670+00:00,,
41,cpu,end_to_end,1,482,1,0.007,7.0,7000.0,142.85714285714286,10,2026-07-25T20:02:47.012670+00:00,,
41,cpu,end_to_end,1,483,1,0.0067994,6.7993999999999994,6799.4,147.07180045298117,10,2026-07-25T20:02:47.012670+00:00,,
41,cpu,end_to_end,1,484,1,0.006773,6.773000000000001,6773.0,147.64506127270042,10,2026-07-25T20:02:47.012670+00:00,,
41,cpu,end_to_end,1,485,1,0.0073469,7.3469,7346.9,136.11182947910004,10,2026-07-25T20:02:47.012670+00:00,,
41,cpu,end_to_end,1,486,1,0.0066578,6.6578,6657.8,150.19976568836552,10,2026-07-25T20:02:47.012670+00:00,,
41,cpu,end_to_end,1,487,1,0.0075005,7.500500000000001,7500.5,133.32444503699753,10,2026-07-25T20:02:47.012670+00:00,,
41,cpu,end_to_end,1,488,1,0.0075569,7.5569,7556.9,132.32939432836216,10,2026-07-25T20:02:47.012670+00:00,,
41,cpu,end_to_end,1,489,1,0.0071354,7.1354,7135.4,140.14631275051153,10,2026-07-25T20:02:47.012670+00:00,,
41,cpu,end_to_end,1,490,1,0.0068738,6.8738,6873.8,145.47993831650615,10,2026-07-25T20:02:47.012670+00:00,,
41,cpu,end_to_end,1,491,1,0.0066821,6.6821,6682.099999999999,149.65355202705737,10,2026-07-25T20:02:47.012670+00:00,,
41,cpu,end_to_end,1,492,1,0.0066946,6.6946,6694.6,149.37412242703073,10,2026-07-25T20:02:47.012670+00:00,,
41,cpu,end_to_end,1,493,1,0.0066705,6.6705000000000005,6670.5,149.91379956524997,10,2026-07-25T20:02:47.012670+00:00,,
41,cpu,end_to_end,1,494,1,0.0078494,7.849399999999999,7849.4,127.39827247942519,10,2026-07-25T20:02:47.012670+00:00,,
41,cpu,end_to_end,1,495,1,0.0075471,7.5471,7547.1,132.50122563633713,10,2026-07-25T20:02:47.012670+00:00,,
41,cpu,end_to_end,1,496,1,0.0067176,6.7176,6717.599999999999,148.8626890556151,10,2026-07-25T20:02:47.012670+00:00,,
41,cpu,end_to_end,1,497,1,0.0079927,7.9927,7992.7,125.11416667709284,10,2026-07-25T20:02:47.012670+00:00,,
41,cpu,end_to_end,1,498,1,0.006903,6.9030000000000005,6903.0,144.86455164421267,10,2026-07-25T20:02:47.012670+00:00,,
41,cpu,end_to_end,1,499,1,0.0068252,6.8252,6825.2,146.51585301529624,10,2026-07-25T20:02:47.012670+00:00,,
41,cpu,end_to_end,1,500,1,0.0065472,6.5472,6547.200000000001,152.7370478983382,10,2026-07-25T20:02:47.012670+00:00,,
41,cpu,end_to_end,1,501,1,0.0072384,7.2383999999999995,7238.4,138.15207780725024,10,2026-07-25T20:02:47.012670+00:00,,
41,cpu,end_to_end,1,502,1,0.0076166,7.6166,7616.6,131.29217761205786,10,2026-07-25T20:02:47.012670+00:00,,
41,cpu,end_to_end,1,503,1,0.0067553,6.7553,6755.299999999999,148.03191568102085,10,2026-07-25T20:02:47.012670+00:00,,
41,cpu,end_to_end,1,504,1,0.0070244,7.0244,7024.4,142.3609133876203,10,2026-07-25T20:02:47.012670+00:00,,
41,cpu,end_to_end,1,505,1,0.0065418,6.5418,6541.8,152.86312635666025,10,2026-07-25T20:02:47.012670+00:00,,
41,cpu,end_to_end,1,506,1,0.00634,6.34,6340.0,157.72870662460568,10,2026-07-25T20:02:47.012670+00:00,,
41,cpu,end_to_end,1,507,1,0.0070245,7.024500000000001,7024.5,142.35888675350557,10,2026-07-25T20:02:47.012670+00:00,,
41,cpu,end_to_end,1,508,1,0.0072722,7.272200000000001,7272.200000000001,137.50996947278676,10,2026-07-25T20:02:47.012670+00:00,,
41,cpu,end_to_end,1,509,1,0.0072978,7.2978000000000005,7297.8,137.02759735810793,10,2026-07-25T20:02:47.012670+00:00,,
41,cpu,end_to_end,1,510,1,0.0072806,7.2806,7280.6,137.35131719913196,10,2026-07-25T20:02:47.012670+00:00,,
41,cpu,end_to_end,1,511,1,0.0073527,7.3527000000000005,7352.7,136.00446094631903,10,2026-07-25T20:02:47.012670+00:00,,
41,cpu,end_to_end,1,512,1,0.0077663,7.7663,7766.3,128.76144367330647,10,2026-07-25T20:02:47.012670+00:00,,
41,cpu,end_to_end,1,513,1,0.0069624,6.9624,6962.4,143.62863380443525,10,2026-07-25T20:02:47.012670+00:00,,
41,cpu,end_to_end,1,514,1,0.0067826,6.7825999999999995,6782.599999999999,147.4360864565211,10,2026-07-25T20:02:47.012670+00:00,,
41,cpu,end_to_end,1,515,1,0.0073118,7.3118,7311.8,136.7652288082278,10,2026-07-25T20:02:47.012670+00:00,,
41,cpu,end_to_end,1,516,1,0.0062866,6.2866,6286.599999999999,159.06849489390132,10,2026-07-25T20:02:47.012670+00:00,,
41,cpu,end_to_end,1,517,1,0.0063179,6.317900000000001,6317.900000000001,158.2804412858703,10,2026-07-25T20:02:47.012670+00:00,,
41,cpu,end_to_end,1,518,1,0.0067764,6.7764,6776.400000000001,147.57098164216987,10,2026-07-25T20:02:47.012670+00:00,,
41,cpu,end_to_end,1,519,1,0.0071656,7.1656,7165.6,139.55565479513228,10,2026-07-25T20:02:47.012670+00:00,,
41,cpu,end_to_end,1,520,1,0.0069476,6.9475999999999996,6947.6,143.9345961195233,10,2026-07-25T20:02:47.012670+00:00,,
41,cpu,end_to_end,1,521,1,0.006615,6.615,6615.0,151.17157974300832,10,2026-07-25T20:02:47.012670+00:00,,
41,cpu,end_to_end,1,522,1,0.0068427,6.8427,6842.7,146.14114311602145,10,2026-07-25T20:02:47.012670+00:00,,
41,cpu,end_to_end,1,523,1,0.006323,6.3229999999999995,6323.0,158.15277558121147,10,2026-07-25T20:02:47.012670+00:00,,
41,cpu,end_to_end,1,524,1,0.0071412,7.1412,7141.200000000001,140.0324875371086,10,2026-07-25T20:02:47.012670+00:00,,
41,cpu,end_to_end,1,525,1,0.0065412,6.5412,6541.2,152.87714792392833,10,2026-07-25T20:02:47.012670+00:00,,
41,cpu,end_to_end,1,526,1,0.0070902,7.090199999999999,7090.2,141.03974500014104,10,2026-07-25T20:02:47.012670+00:00,,
41,cpu,end_to_end,1,527,1,0.0070704,7.0704,7070.400000000001,141.4347137361394,10,2026-07-25T20:02:47.012670+00:00,,
41,cpu,end_to_end,1,528,1,0.0063727,6.3727,6372.7,156.91935914133725,10,2026-07-25T20:02:47.012670+00:00,,
41,cpu,end_to_end,1,529,1,0.0071941,7.1941,7194.1,139.0027939561585,10,2026-07-25T20:02:47.012670+00:00,,
41,cpu,end_to_end,1,530,1,0.0066101,6.6101,6610.099999999999,151.283641699823,10,2026-07-25T20:02:47.012670+00:00,,
41,cpu,end_to_end,1,531,1,0.0078623,7.862299999999999,7862.299999999999,127.18924487745318,10,2026-07-25T20:02:47.012670+00:00,,
41,cpu,end_to_end,1,532,1,0.0070313,7.0313,7031.3,142.22121087138936,10,2026-07-25T20:02:47.012670+00:00,,
41,cpu,end_to_end,1,533,1,0.0068312,6.8312,6831.2,146.38716477339267,10,2026-07-25T20:02:47.012670+00:00,,
41,cpu,end_to_end,1,534,1,0.0067312,6.731199999999999,6731.2,148.56192060850964,10,2026-07-25T20:02:47.012670+00:00,,
41,cpu,end_to_end,1,535,1,0.006792,6.792000000000001,6792.0,147.23203769140164,10,2026-07-25T20:02:47.012670+00:00,,
41,cpu,end_to_end,1,536,1,0.0063289,6.3289,6328.900000000001,158.00534058051161,10,2026-07-25T20:02:47.012670+00:00,,
41,cpu,end_to_end,1,537,1,0.0062056,6.2056000000000004,6205.6,161.14477246358126,10,2026-07-25T20:02:47.012670+00:00,,
41,cpu,end_to_end,1,538,1,0.0068947,6.8947,6894.7,145.03894295618375,10,2026-07-25T20:02:47.012670+00:00,,
41,cpu,end_to_end,1,539,1,0.0062536,6.2536,6253.599999999999,159.90789305360113,10,2026-07-25T20:02:47.012670+00:00,,
41,cpu,end_to_end,1,540,1,0.0094675,9.4675,9467.5,105.62450488513335,10,2026-07-25T20:02:47.012670+00:00,,
41,cpu,end_to_end,1,541,1,0.0070323,7.0323,7032.3,142.20098687484892,10,2026-07-25T20:02:47.012670+00:00,,
41,cpu,end_to_end,1,542,1,0.0064957,6.4957,6495.7,153.94799636682728,10,2026-07-25T20:02:47.012670+00:00,,
41,cpu,end_to_end,1,543,1,0.0070535,7.0535,7053.5,141.77358758063374,10,2026-07-25T20:02:47.012670+00:00,,
41,cpu,end_to_end,1,544,1,0.0076609,7.6609,7660.9,130.5329661005887,10,2026-07-25T20:02:47.012670+00:00,,
41,cpu,end_to_end,1,545,1,0.0070421,7.0421,7042.1,142.00309566748555,10,2026-07-25T20:02:47.012670+00:00,,
41,cpu,end_to_end,1,546,1,0.0067595,6.7595,6759.5,147.93993638582737,10,2026-07-25T20:02:47.012670+00:00,,
41,cpu,end_to_end,1,547,1,0.0068902,6.8902,6890.2,145.13366810832778,10,2026-07-25T20:02:47.012670+00:00,,
41,cpu,end_to_end,1,548,1,0.007375,7.375,7375.0,135.59322033898306,10,2026-07-25T20:02:47.012670+00:00,,
41,cpu,end_to_end,1,549,1,0.0064132,6.4132,6413.2,155.92839767978543,10,2026-07-25T20:02:47.012670+00:00,,
41,cpu,end_to_end,1,550,1,0.0072435,7.2435,7243.5,138.0548077586802,10,2026-07-25T20:02:47.012670+00:00,,
41,cpu,end_to_end,1,551,1,0.0068677,6.8677,6867.7,145.60915590372323,10,2026-07-25T20:02:47.012670+00:00,,
41,cpu,end_to_end,1,552,1,0.0062853,6.285299999999999,6285.3,159.10139531923696,10,2026-07-25T20:02:47.012670+00:00,,
41,cpu,end_to_end,1,553,1,0.0066984,6.6984,6698.400000000001,149.2893825391138,10,2026-07-25T20:02:47.012670+00:00,,
41,cpu,end_to_end,1,554,1,0.0070117,7.0117,7011.7,142.61876577720096,10,2026-07-25T20:02:47.012670+00:00,,
41,cpu,end_to_end,1,555,1,0.0063171,6.3171,6317.1,158.30048598249198,10,2026-07-25T20:02:47.012670+00:00,,
41,cpu,end_to_end,1,556,1,0.0069162,6.9162,6916.2,144.58806859257973,10,2026-07-25T20:02:47.012670+00:00,,
41,cpu,end_to_end,1,557,1,0.0064542,6.4542,6454.2,154.93786991416442,10,2026-07-25T20:02:47.012670+00:00,,
41,cpu,end_to_end,1,558,1,0.0068135,6.8135,6813.5,146.76744698025976,10,2026-07-25T20:02:47.012670+00:00,,
41,cpu,end_to_end,1,559,1,0.0089727,8.9727,8972.7,111.44917360437772,10,2026-07-25T20:02:47.012670+00:00,,
41,cpu,end_to_end,1,560,1,0.0064331,6.4331,6433.099999999999,155.4460524474981,10,2026-07-25T20:02:47.012670+00:00,,
41,cpu,end_to_end,1,561,1,0.0071687,7.1687,7168.7,139.49530598295368,10,2026-07-25T20:02:47.012670+00:00,,
41,cpu,end_to_end,1,562,1,0.0065226,6.5226,6522.6,153.3130960046607,10,2026-07-25T20:02:47.012670+00:00,,
41,cpu,end_to_end,1,563,1,0.0071145,7.1145000000000005,7114.5,140.55801532082367,10,2026-07-25T20:02:47.012670+00:00,,
41,cpu,end_to_end,1,564,1,0.0064741,6.4741,6474.1,154.46162400951485,10,2026-07-25T20:02:47.012670+00:00,,
41,cpu,end_to_end,1,565,1,0.0070419,7.0419,7041.900000000001,142.00712875786363,10,2026-07-25T20:02:47.012670+00:00,,
41,cpu,end_to_end,1,566,1,0.0075053,7.5053,7505.3,133.23917764779554,10,2026-07-25T20:02:47.012670+00:00,,
41,cpu,end_to_end,1,567,1,0.0075625,7.5625,7562.5,132.2314049586777,10,2026-07-25T20:02:47.012670+00:00,,
41,cpu,end_to_end,1,568,1,0.00666,6.66,6660.0,150.15015015015015,10,2026-07-25T20:02:47.012670+00:00,,
41,cpu,end_to_end,1,569,1,0.0068366,6.8366,6836.6,146.27153848404177,10,2026-07-25T20:02:47.012670+00:00,,
41,cpu,end_to_end,1,570,1,0.0068112,6.8111999999999995,6811.2,146.81700728212357,10,2026-07-25T20:02:47.012670+00:00,,
41,cpu,end_to_end,1,571,1,0.0066273,6.6273,6627.3,150.89101142244957,10,2026-07-25T20:02:47.012670+00:00,,
41,cpu,end_to_end,1,572,1,0.0063719,6.3719,6371.9,156.93906056278348,10,2026-07-25T20:02:47.012670+00:00,,
41,cpu,end_to_end,1,573,1,0.0062272,6.2272,6227.2,160.58581706063723,10,2026-07-25T20:02:47.012670+00:00,,
41,cpu,end_to_end,1,574,1,0.006958,6.958,6958.0,143.71945961483186,10,2026-07-25T20:02:47.012670+00:00,,
41,cpu,end_to_end,1,575,1,0.0063834,6.3834,6383.4,156.65632734906163,10,2026-07-25T20:02:47.012670+00:00,,
41,cpu,end_to_end,1,576,1,0.0064027,6.4027,6402.7,156.18410982866604,10,2026-07-25T20:02:47.012670+00:00,,
41,cpu,end_to_end,1,577,1,0.0071368,7.136799999999999,7136.799999999999,140.1188207600045,10,2026-07-25T20:02:47.012670+00:00,,
41,cpu,end_to_end,1,578,1,0.0065695,6.5695,6569.5,152.2185858893371,10,2026-07-25T20:02:47.012670+00:00,,
41,cpu,end_to_end,1,579,1,0.006791,6.791,6791.0,147.25371815638346,10,2026-07-25T20:02:47.012670+00:00,,
41,cpu,end_to_end,1,580,1,0.0063574,6.3574,6357.4,157.29700821090384,10,2026-07-25T20:02:47.012670+00:00,,
41,cpu,end_to_end,1,581,1,0.0060648,6.0648,6064.8,164.8858989579211,10,2026-07-25T20:02:47.012670+00:00,,
41,cpu,end_to_end,1,582,1,0.006691,6.691,6691.0,149.45449110745778,10,2026-07-25T20:02:47.012670+00:00,,
41,cpu,end_to_end,1,583,1,0.0064915,6.4915,6491.5,154.04760070861897,10,2026-07-25T20:02:47.012670+00:00,,
41,cpu,end_to_end,1,584,1,0.0069798,6.9798,6979.8,143.27058081893463,10,2026-07-25T20:02:47.012670+00:00,,
41,cpu,end_to_end,1,585,1,0.0066647,6.6647,6664.7,150.044263057602,10,2026-07-25T20:02:47.012670+00:00,,
41,cpu,end_to_end,1,586,1,0.0067963,6.7963,6796.3,147.13888439297853,10,2026-07-25T20:02:47.012670+00:00,,
41,cpu,end_to_end,1,587,1,0.0070263,7.0263,7026.3,142.32241720393378,10,2026-07-25T20:02:47.012670+00:00,,
41,cpu,end_to_end,1,588,1,0.0064895,6.4895,6489.5,154.09507666230064,10,2026-07-25T20:02:47.012670+00:00,,
41,cpu,end_to_end,1,589,1,0.0071445,7.1445,7144.5,139.96780740429702,10,2026-07-25T20:02:47.012670+00:00,,
41,cpu,end_to_end,1,590,1,0.0062079,6.2078999999999995,6207.9,161.08506902495208,10,2026-07-25T20:02:47.012670+00:00,,
41,cpu,end_to_end,1,591,1,0.0067184,6.7184,6718.400000000001,148.84496308644916,10,2026-07-25T20:02:47.012670+00:00,,
41,cpu,end_to_end,1,592,1,0.0064793,6.4793,6479.3,154.3376599324001,10,2026-07-25T20:02:47.012670+00:00,,
41,cpu,end_to_end,1,593,1,0.0062679,6.2679,6267.9,159.54306865138244,10,2026-07-25T20:02:47.012670+00:00,,
41,cpu,end_to_end,1,594,1,0.0071539,7.1539,7153.900000000001,139.78389409972183,10,2026-07-25T20:02:47.012670+00:00,,
41,cpu,end_to_end,1,595,1,0.0064689,6.4689,6468.9,154.58578738270805,10,2026-07-25T20:02:47.012670+00:00,,
41,cpu,end_to_end,1,596,1,0.0063427,6.3427,6342.7,157.66156368738865,10,2026-07-25T20:02:47.012670+00:00,,
41,cpu,end_to_end,1,597,1,0.0064152,6.4152000000000005,6415.2,155.87978550941514,10,2026-07-25T20:02:47.012670+00:00,,
41,cpu,end_to_end,1,598,1,0.0063397,6.339700000000001,6339.7,157.73617048125305,10,2026-07-25T20:02:47.012670+00:00,,
41,cpu,end_to_end,1,599,1,0.0068032,6.8031999999999995,6803.2,146.98965192850423,10,2026-07-25T20:02:47.012670+00:00,,
41,cpu,end_to_end,1,600,1,0.0067691,6.7691,6769.1,147.7301266047185,10,2026-07-25T20:02:47.012670+00:00,,
41,cpu,end_to_end,1,601,1,0.0069871,6.987100000000001,6987.1,143.12089421934706,10,2026-07-25T20:02:47.012670+00:00,,
41,cpu,end_to_end,1,602,1,0.0063959,6.3959,6395.900000000001,156.35016182241748,10,2026-07-25T20:02:47.012670+00:00,,
41,cpu,end_to_end,1,603,1,0.0067481,6.7481,6748.1,148.18986084972067,10,2026-07-25T20:02:47.012670+00:00,,
41,cpu,end_to_end,1,604,1,0.0069063,6.9063,6906.3,144.79533179850281,10,2026-07-25T20:02:47.012670+00:00,,
41,cpu,end_to_end,1,605,1,0.0066878,6.6878,6687.8,149.52600257184724,10,2026-07-25T20:02:47.012670+00:00,,
41,cpu,end_to_end,1,606,1,0.0068583,6.858300000000001,6858.3,145.8087281104647,10,2026-07-25T20:02:47.012670+00:00,,
41,cpu,end_to_end,1,607,1,0.0065376,6.5376,6537.6,152.9613313754283,10,2026-07-25T20:02:47.012670+00:00,,
41,cpu,end_to_end,1,608,1,0.0068516,6.8516,6851.6,145.95131064276956,10,2026-07-25T20:02:47.012670+00:00,,
41,cpu,end_to_end,1,609,1,0.0065857,6.5857,6585.7,151.84414716734744,10,2026-07-25T20:02:47.012670+00:00,,
41,cpu,end_to_end,1,610,1,0.0067716,6.7716,6771.6,147.6755862720775,10,2026-07-25T20:02:47.012670+00:00,,
41,cpu,end_to_end,1,611,1,0.0070586,7.0586,7058.6,141.67115291984246,10,2026-07-25T20:02:47.012670+00:00,,
41,cpu,end_to_end,1,612,1,0.0066554,6.655399999999999,6655.4,150.25392914024704,10,2026-07-25T20:02:47.012670+00:00,,
41,cpu,end_to_end,1,613,1,0.0071796,7.179600000000001,7179.6,139.28352554459858,10,2026-07-25T20:02:47.012670+00:00,,
41,cpu,end_to_end,1,614,1,0.0064007,6.4007,6400.7,156.23291202524726,10,2026-07-25T20:02:47.012670+00:00,,
41,cpu,end_to_end,1,615,1,0.0068876,6.8876,6887.599999999999,145.1884546140891,10,2026-07-25T20:02:47.012670+00:00,,
41,cpu,end_to_end,1,616,1,0.0066449,6.6449,6644.9,150.4913542716971,10,2026-07-25T20:02:47.012670+00:00,,
41,cpu,end_to_end,1,617,1,0.0063503,6.3503,6350.299999999999,157.47287529723005,10,2026-07-25T20:02:47.012670+00:00,,
41,cpu,end_to_end,1,618,1,0.0069357,6.935700000000001,6935.700000000001,144.18155341205645,10,2026-07-25T20:02:47.012670+00:00,,
41,cpu,end_to_end,1,619,1,0.006417,6.417,6417.0,155.83606046439147,10,2026-07-25T20:02:47.012670+00:00,,
41,cpu,end_to_end,1,620,1,0.0068689,6.8689,6868.9,145.58371791698818,10,2026-07-25T20:02:47.012670+00:00,,
41,cpu,end_to_end,1,621,1,0.0064278,6.4278,6427.8,155.57422446249106,10,2026-07-25T20:02:47.012670+00:00,,
41,cpu,end_to_end,1,622,1,0.0067796,6.7796,6779.6,147.5013275119476,10,2026-07-25T20:02:47.012670+00:00,,
41,cpu,end_to_end,1,623,1,0.0068687,6.8687000000000005,6868.7,145.58795696419992,10,2026-07-25T20:02:47.012670+00:00,,
41,cpu,end_to_end,1,624,1,0.0061884,6.188400000000001,6188.400000000001,161.5926572296555,10,2026-07-25T20:02:47.012670+00:00,,
41,cpu,end_to_end,1,625,1,0.0072424,7.242400000000001,7242.400000000001,138.07577598586104,10,2026-07-25T20:02:47.012670+00:00,,
41,cpu,end_to_end,1,626,1,0.0065475,6.5475,6547.5,152.73004963726612,10,2026-07-25T20:02:47.012670+00:00,,
41,cpu,end_to_end,1,627,1,0.0070305,7.0305,7030.5,142.23739421093805,10,2026-07-25T20:02:47.012670+00:00,,
41,cpu,end_to_end,1,628,1,0.0066662,6.6662,6666.2,150.01050073505147,10,2026-07-25T20:02:47.012670+00:00,,
41,cpu,end_to_end,1,629,1,0.0067951,6.7951,6795.1,147.16486880251946,10,2026-07-25T20:02:47.012670+00:00,,
41,cpu,end_to_end,1,630,1,0.007121,7.1209999999999996,7121.0,140.4297149276787,10,2026-07-25T20:02:47.012670+00:00,,
41,cpu,end_to_end,1,631,1,0.0065487,6.5487,6548.7,152.70206300487118,10,2026-07-25T20:02:47.012670+00:00,,
41,cpu,end_to_end,1,632,1,0.0066935,6.6935,6693.5,149.39867035183389,10,2026-07-25T20:02:47.012670+00:00,,
41,cpu,end_to_end,1,633,1,0.0064495,6.4495000000000005,6449.5,155.05077913016513,10,2026-07-25T20:02:47.012670+00:00,,
41,cpu,end_to_end,1,634,1,0.0070998,7.0998,7099.8,140.84903800107045,10,2026-07-25T20:02:47.012670+00:00,,
41,cpu,end_to_end,1,635,1,0.0065757,6.5757,6575.700000000001,152.07506425171465,10,2026-07-25T20:02:47.012670+00:00,,
41,cpu,end_to_end,1,636,1,0.0063384,6.3384,6338.400000000001,157.76852202448566,10,2026-07-25T20:02:47.012670+00:00,,
41,cpu,end_to_end,1,637,1,0.0063673,6.3673,6367.3,157.05243980965244,10,2026-07-25T20:02:47.012670+00:00,,
41,cpu,end_to_end,1,638,1,0.0059968,5.9968,5996.8,166.7556029882604,10,2026-07-25T20:02:47.012670+00:00,,
41,cpu,end_to_end,1,639,1,0.006262,6.2620000000000005,6262.0,159.69338869370807,10,2026-07-25T20:02:47.012670+00:00,,
41,cpu,end_to_end,1,640,1,0.0066207,6.6207,6620.7,151.04143066443126,10,2026-07-25T20:02:47.012670+00:00,,
41,cpu,end_to_end,1,641,1,0.0067204,6.7204,6720.4,148.8006666269865,10,2026-07-25T20:02:47.012670+00:00,,
41,cpu,end_to_end,1,642,1,0.0073113,7.3113,7311.3,136.7745818117161,10,2026-07-25T20:02:47.012670+00:00,,
41,cpu,end_to_end,1,643,1,0.0073418,7.3418,7341.8,136.20637990683483,10,2026-07-25T20:02:47.012670+00:00,,
41,cpu,end_to_end,1,644,1,0.0064903,6.4903,6490.3,154.07608276967167,10,2026-07-25T20:02:47.012670+00:00,,
41,cpu,end_to_end,1,645,1,0.0063504,6.3504,6350.4,157.47039556563365,10,2026-07-25T20:02:47.012670+00:00,,
41,cpu,end_to_end,1,646,1,0.0060583,6.0583,6058.3,165.06280639783438,10,2026-07-25T20:02:47.012670+00:00,,
41,cpu,end_to_end,1,647,1,0.0067237,6.7237,6723.7,148.72763508187455,10,2026-07-25T20:02:47.012670+00:00,,
41,cpu,end_to_end,1,648,1,0.0065213,6.5213,6521.3,153.34365847300384,10,2026-07-25T20:02:47.012670+00:00,,
41,cpu,end_to_end,1,649,1,0.0064538,6.4538,6453.8,154.94747280671854,10,2026-07-25T20:02:47.012670+00:00,,
41,cpu,end_to_end,1,650,1,0.0070463,7.0463000000000005,7046.3,141.91845365652895,10,2026-07-25T20:02:47.012670+00:00,,
41,cpu,end_to_end,1,651,1,0.0066121,6.6121,6612.1,151.23788206469956,10,2026-07-25T20:02:47.012670+00:00,,
41,cpu,end_to_end,1,652,1,0.0068652,6.8652,6865.2,145.6621802715143,10,2026-07-25T20:02:47.012670+00:00,,
41,cpu,end_to_end,1,653,1,0.0064164,6.4164,6416.4,155.850632753569,10,2026-07-25T20:02:47.012670+00:00,,
41,cpu,end_to_end,1,654,1,0.0064757,6.4757,6475.7,154.42346001204504,10,2026-07-25T20:02:47.012670+00:00,,
41,cpu,end_to_end,1,655,1,0.0064448,6.4448,6444.799999999999,155.16385302879843,10,2026-07-25T20:02:47.012670+00:00,,
41,cpu,end_to_end,1,656,1,0.006313,6.313,6313.0,158.4032947885316,10,2026-07-25T20:02:47.012670+00:00,,
41,cpu,end_to_end,1,657,1,0.0068211,6.8211,6821.1,146.60392018882584,10,2026-07-25T20:02:47.012670+00:00,,
41,cpu,end_to_end,1,658,1,0.0062895,6.2895,6289.5,158.99515064790523,10,2026-07-25T20:02:47.012670+00:00,,
41,cpu,end_to_end,1,659,1,0.0066299,6.6299,6629.900000000001,150.83183758427728,10,2026-07-25T20:02:47.012670+00:00,,
41,cpu,end_to_end,1,660,1,0.0064518,6.4517999999999995,6451.799999999999,154.99550513035123,10,2026-07-25T20:02:47.012670+00:00,,
41,cpu,end_to_end,1,661,1,0.0062557,6.2557,6255.700000000001,159.8542129577825,10,2026-07-25T20:02:47.012670+00:00,,
41,cpu,end_to_end,1,662,1,0.0065264,6.5264,6526.4,153.22382936994362,10,2026-07-25T20:02:47.012670+00:00,,
41,cpu,end_to_end,1,663,1,0.0062543,6.2543,6254.3,159.88999568297012,10,2026-07-25T20:02:47.012670+00:00,,
41,cpu,end_to_end,1,664,1,0.0067322,6.7322,6732.2,148.53985324262501,10,2026-07-25T20:02:47.012670+00:00,,
41,cpu,end_to_end,1,665,1,0.0065089,6.5089,6508.9,153.63579099386993,10,2026-07-25T20:02:47.012670+00:00,,
41,cpu,end_to_end,1,666,1,0.0066506,6.6506,6650.599999999999,150.36237331970048,10,2026-07-25T20:02:47.012670+00:00,,
41,cpu,end_to_end,1,667,1,0.0067418,6.7418000000000005,6741.8,148.32833961256637,10,2026-07-25T20:02:47.012670+00:00,,
41,cpu,end_to_end,1,668,1,0.0067512,6.7512,6751.2,148.1218153809693,10,2026-07-25T20:02:47.012670+00:00,,
41,cpu,end_to_end,1,669,1,0.0071027,7.1027,7102.7,140.79152998155632,10,2026-07-25T20:02:47.012670+00:00,,
41,cpu,end_to_end,1,670,1,0.0064542,6.4542,6454.2,154.93786991416442,10,2026-07-25T20:02:47.012670+00:00,,
41,cpu,end_to_end,1,671,1,0.0067581,6.758100000000001,6758.1,147.97058344801053,10,2026-07-25T20:02:47.012670+00:00,,
41,cpu,end_to_end,1,672,1,0.0064676,6.4676,6467.6,154.6168594223514,10,2026-07-25T20:02:47.012670+00:00,,
41,cpu,end_to_end,1,673,1,0.0060526,6.0526,6052.6,165.218253312626,10,2026-07-25T20:02:47.012670+00:00,,
41,cpu,end_to_end,1,674,1,0.0076351,7.6350999999999996,7635.099999999999,130.9740540398947,10,2026-07-25T20:02:47.012670+00:00,,
41,cpu,end_to_end,1,675,1,0.006586,6.585999999999999,6586.0,151.83723048891588,10,2026-07-25T20:02:47.012670+00:00,,
41,cpu,end_to_end,1,676,1,0.0073832,7.3832,7383.200000000001,135.44262650341315,10,2026-07-25T20:02:47.012670+00:00,,
41,cpu,end_to_end,1,677,1,0.0063941,6.3941,6394.099999999999,156.3941758808902,10,2026-07-25T20:02:47.012670+00:00,,
41,cpu,end_to_end,1,678,1,0.006306,6.306,6306.0,158.5791309863622,10,2026-07-25T20:02:47.012670+00:00,,
41,cpu,end_to_end,1,679,1,0.0061441,6.144100000000001,6144.1,162.7577676144594,10,2026-07-25T20:02:47.012670+00:00,,
41,cpu,end_to_end,1,680,1,0.0063231,6.3231,6323.099999999999,158.15027439072608,10,2026-07-25T20:02:47.012670+00:00,,
41,cpu,end_to_end,1,681,1,0.0070446,7.0446,7044.599999999999,141.95270135990688,10,2026-07-25T20:02:47.012670+00:00,,
41,cpu,end_to_end,1,682,1,0.0062995,6.2995,6299.5,158.74275736169537,10,2026-07-25T20:02:47.012670+00:00,,
41,cpu,end_to_end,1,683,1,0.0065154,6.5154000000000005,6515.400000000001,153.48251834116093,10,2026-07-25T20:02:47.012670+00:00,,
41,cpu,end_to_end,1,684,1,0.0069164,6.916399999999999,6916.4,144.58388757156902,10,2026-07-25T20:02:47.012670+00:00,,
41,cpu,end_to_end,1,685,1,0.006719,6.719,6719.0,148.8316713796696,10,2026-07-25T20:02:47.012670+00:00,,
41,cpu,end_to_end,1,686,1,0.0069671,6.9671,6967.1,143.5317420447532,10,2026-07-25T20:02:47.012670+00:00,,
41,cpu,end_to_end,1,687,1,0.0066745,6.6745,6674.5,149.82395685070043,10,2026-07-25T20:02:47.012670+00:00,,
41,cpu,end_to_end,1,688,1,0.006999,6.999,6999.0,142.8775539362766,10,2026-07-25T20:02:47.012670+00:00,,
41,cpu,end_to_end,1,689,1,0.0063493,6.3493,6349.3,157.49767690926558,10,2026-07-25T20:02:47.012670+00:00,,
41,cpu,end_to_end,1,690,1,0.0059153,5.9153,5915.3,169.05313339982757,10,2026-07-25T20:02:47.012670+00:00,,
41,cpu,end_to_end,1,691,1,0.0071618,7.1618,7161.8,139.62970203021587,10,2026-07-25T20:02:47.012670+00:00,,
41,cpu,end_to_end,1,692,1,0.006467,6.467,6467.0,154.63120457708365,10,2026-07-25T20:02:47.012670+00:00,,
41,cpu,end_to_end,1,693,1,0.0068512,6.8512,6851.2,145.95983185427372,10,2026-07-25T20:02:47.012670+00:00,,
41,cpu,end_to_end,1,694,1,0.0066006,6.6006,6600.599999999999,151.50137866254582,10,2026-07-25T20:02:47.012670+00:00,,
41,cpu,end_to_end,1,695,1,0.0069388,6.9388000000000005,6938.8,144.11713841009973,10,2026-07-25T20:02:47.012670+00:00,,
41,cpu,end_to_end,1,696,1,0.0067429,6.7429,6742.9,148.30414213468984,10,2026-07-25T20:02:47.012670+00:00,,
41,cpu,end_to_end,1,697,1,0.0065726,6.5725999999999996,6572.599999999999,152.14679122417309,10,2026-07-25T20:02:47.012670+00:00,,
41,cpu,end_to_end,1,698,1,0.0068569,6.8568999999999996,6856.9,145.83849844681998,10,2026-07-25T20:02:47.012670+00:00,,
41,cpu,end_to_end,1,699,1,0.0065491,6.5491,6549.1,152.69273640652912,10,2026-07-25T20:02:47.012670+00:00,,
41,cpu,end_to_end,1,700,1,0.0073402,7.3402,7340.2,136.23606986185663,10,2026-07-25T20:02:47.012670+00:00,,
41,cpu,end_to_end,1,701,1,0.0063883,6.3883,6388.3,156.53616768154282,10,2026-07-25T20:02:47.012670+00:00,,
41,cpu,end_to_end,1,702,1,0.0061177,6.1177,6117.7,163.46012390277392,10,2026-07-25T20:02:47.012670+00:00,,
41,cpu,end_to_end,1,703,1,0.0068417,6.8417,6841.7,146.16250347135946,10,2026-07-25T20:02:47.012670+00:00,,
41,cpu,end_to_end,1,704,1,0.0065243,6.5243,6524.3,153.27314807718835,10,2026-07-25T20:02:47.012670+00:00,,
41,cpu,end_to_end,1,705,1,0.007298,7.298,7298.0,137.02384214853384,10,2026-07-25T20:02:47.012670+00:00,,
41,cpu,end_to_end,1,706,1,0.0062772,6.277200000000001,6277.2,159.30669725355253,10,2026-07-25T20:02:47.012670+00:00,,
41,cpu,end_to_end,1,707,1,0.0067918,6.791799999999999,6791.8,147.23637327365353,10,2026-07-25T20:02:47.012670+00:00,,
41,cpu,end_to_end,1,708,1,0.0072649,7.2649,7264.900000000001,137.64814381478064,10,2026-07-25T20:02:47.012670+00:00,,
41,cpu,end_to_end,1,709,1,0.0066295,6.6295,6629.5,150.8409382306358,10,2026-07-25T20:02:47.012670+00:00,,
41,cpu,end_to_end,1,710,1,0.007197,7.197,7197.0,138.9467833819647,10,2026-07-25T20:02:47.012670+00:00,,
41,cpu,end_to_end,1,711,1,0.0066284,6.628399999999999,6628.4,150.8659706716553,10,2026-07-25T20:02:47.012670+00:00,,
41,cpu,end_to_end,1,712,1,0.0075188,7.5188,7518.8,132.9999468000213,10,2026-07-25T20:02:47.012670+00:00,,
41,cpu,end_to_end,1,713,1,0.0064801,6.4801,6480.1,154.31860619434886,10,2026-07-25T20:02:47.012670+00:00,,
41,cpu,end_to_end,1,714,1,0.0067479,6.7479000000000005,6747.900000000001,148.1942530268676,10,2026-07-25T20:02:47.012670+00:00,,
41,cpu,end_to_end,1,715,1,0.0065793,6.5793,6579.3,151.99185323666651,10,2026-07-25T20:02:47.012670+00:00,,
41,cpu,end_to_end,1,716,1,0.0064623,6.4623,6462.3,154.7436671154233,10,2026-07-25T20:02:47.012670+00:00,,
41,cpu,end_to_end,1,717,1,0.0071876,7.1876,7187.599999999999,139.1284990817519,10,2026-07-25T20:02:47.012670+00:00,,
41,cpu,end_to_end,1,718,1,0.0064398,6.4398,6439.8,155.28432560017393,10,2026-07-25T20:02:47.012670+00:00,,
41,cpu,end_to_end,1,719,1,0.0070022,7.0022,7002.2,142.81225900431292,10,2026-07-25T20:02:47.012670+00:00,,
41,cpu,end_to_end,1,720,1,0.0073435,7.343500000000001,7343.5,136.17484850548104,10,2026-07-25T20:02:47.012670+00:00,,
41,cpu,end_to_end,1,721,1,0.0072332,7.2332,7233.200000000001,138.25139633910302,10,2026-07-25T20:02:47.012670+00:00,,
41,cpu,end_to_end,1,722,1,0.0065558,6.5558,6555.799999999999,152.53668507276,10,2026-07-25T20:02:47.012670+00:00,,
41,cpu,end_to_end,1,723,1,0.0072794,7.2794,7279.400000000001,137.3739593922576,10,2026-07-25T20:02:47.012670+00:00,,
41,cpu,end_to_end,1,724,1,0.0066778,6.6778,6677.8,149.74991763754528,10,2026-07-25T20:02:47.012670+00:00,,
41,cpu,end_to_end,1,725,1,0.0064902,6.4902,6490.2,154.0784567501772,10,2026-07-25T20:02:47.012670+00:00,,
41,cpu,end_to_end,1,726,1,0.006768,6.768,6768.0,147.75413711583926,10,2026-07-25T20:02:47.012670+00:00,,
41,cpu,end_to_end,1,727,1,0.0066833,6.6833,6683.299999999999,149.6266814298326,10,2026-07-25T20:02:47.012670+00:00,,
41,cpu,end_to_end,1,728,1,0.0065646,6.5646,6564.6,152.33220607500837,10,2026-07-25T20:02:47.012670+00:00,,
41,cpu,end_to_end,1,729,1,0.0073249,7.3248999999999995,7324.9,136.52063509399446,10,2026-07-25T20:02:47.012670+00:00,,
41,cpu,end_to_end,1,730,1,0.0062544,6.2544,6254.400000000001,159.88743924277307,10,2026-07-25T20:02:47.012670+00:00,,
41,cpu,end_to_end,1,731,1,0.0069651,6.9651000000000005,6965.1,143.57295659789523,10,2026-07-25T20:02:47.012670+00:00,,
41,cpu,end_to_end,1,732,1,0.0063089,6.3089,6308.900000000001,158.50623722043463,10,2026-07-25T20:02:47.012670+00:00,,
41,cpu,end_to_end,1,733,1,0.0063004,6.300400000000001,6300.400000000001,158.7200812646816,10,2026-07-25T20:02:47.012670+00:00,,
41,cpu,end_to_end,1,734,1,0.006736,6.736,6736.0,148.4560570071259,10,2026-07-25T20:02:47.012670+00:00,,
41,cpu,end_to_end,1,735,1,0.0061776,6.1776,6177.6,161.87516187516187,10,2026-07-25T20:02:47.012670+00:00,,
41,cpu,end_to_end,1,736,1,0.0066381,6.6381,6638.1,150.64551603621518,10,2026-07-25T20:02:47.012670+00:00,,
41,cpu,end_to_end,1,737,1,0.0061123,6.1123,6112.3,163.60453511771345,10,2026-07-25T20:02:47.012670+00:00,,
41,cpu,end_to_end,1,738,1,0.0060253,6.0253,6025.3,165.9668398254029,10,2026-07-25T20:02:47.012670+00:00,,
41,cpu,end_to_end,1,739,1,0.0066686,6.6686000000000005,6668.6,149.9565126113427,10,2026-07-25T20:02:47.012670+00:00,,
41,cpu,end_to_end,1,740,1,0.0063454,6.345400000000001,6345.400000000001,157.59447788949475,10,2026-07-25T20:02:47.012670+00:00,,
41,cpu,end_to_end,1,741,1,0.0066617,6.661700000000001,6661.700000000001,150.11183331582026,10,2026-07-25T20:02:47.012670+00:00,,
41,cpu,end_to_end,1,742,1,0.0062756,6.2756,6275.6,159.347313404296,10,2026-07-25T20:02:47.012670+00:00,,
41,cpu,end_to_end,1,743,1,0.0063298,6.3298,6329.8,157.98287465638725,10,2026-07-25T20:02:47.012670+00:00,,
41,cpu,end_to_end,1,744,1,0.0067063,6.7063,6706.3,149.11352012286955,10,2026-07-25T20:02:47.012670+00:00,,
41,cpu,end_to_end,1,745,1,0.0063488,6.3488,6348.8,157.51008064516128,10,2026-07-25T20:02:47.012670+00:00,,
41,cpu,end_to_end,1,746,1,0.0070503,7.0503,7050.3,141.8379359743557,10,2026-07-25T20:02:47.012670+00:00,,
41,cpu,end_to_end,1,747,1,0.006399,6.399,6399.0,156.2744178777934,10,2026-07-25T20:02:47.012670+00:00,,
41,cpu,end_to_end,1,748,1,0.0064619,6.4619,6461.9,154.7532459493338,10,2026-07-25T20:02:47.012670+00:00,,
41,cpu,end_to_end,1,749,1,0.0071084,7.1084,7108.4,140.67863372910924,10,2026-07-25T20:02:47.012670+00:00,,
41,cpu,end_to_end,1,750,1,0.0065467,6.5466999999999995,6546.7,152.7487130920922,10,2026-07-25T20:02:47.012670+00:00,,
41,cpu,end_to_end,1,751,1,0.0067552,6.7552,6755.2,148.03410705826622,10,2026-07-25T20:02:47.012670+00:00,,
41,cpu,end_to_end,1,752,1,0.006476,6.476,6476.0,154.41630636195183,10,2026-07-25T20:02:47.012670+00:00,,
41,cpu,end_to_end,1,753,1,0.007141,7.141,7141.0,140.0364094664613,10,2026-07-25T20:02:47.012670+00:00,,
41,cpu,end_to_end,1,754,1,0.0065623,6.5623000000000005,6562.3,152.38559651341754,10,2026-07-25T20:02:47.012670+00:00,,
41,cpu,end_to_end,1,755,1,0.006537,6.537,6537.0,152.97537096527458,10,2026-07-25T20:02:47.012670+00:00,,
41,cpu,end_to_end,1,756,1,0.0070744,7.0744,7074.4,141.3547438652041,10,2026-07-25T20:02:47.012670+00:00,,
41,cpu,end_to_end,1,757,1,0.0064962,6.4962,6496.2,153.93614728610572,10,2026-07-25T20:02:47.012670+00:00,,
41,cpu,end_to_end,1,758,1,0.0066453,6.6453,6645.3,150.4822957579041,10,2026-07-25T20:02:47.012670+00:00,,
41,cpu,end_to_end,1,759,1,0.0064259,6.4259,6425.9,155.6202244043636,10,2026-07-25T20:02:47.012670+00:00,,
41,cpu,end_to_end,1,760,1,0.0067991,6.7991,6799.099999999999,147.0782897736465,10,2026-07-25T20:02:47.012670+00:00,,
41,cpu,end_to_end,1,761,1,0.0080023,8.0023,8002.3,124.96407282906164,10,2026-07-25T20:02:47.012670+00:00,,
41,cpu,end_to_end,1,762,1,0.0066533,6.6533,6653.3,150.30135421520148,10,2026-07-25T20:02:47.012670+00:00,,
41,cpu,end_to_end,1,763,1,0.0071734,7.1734,7173.4,139.40390888560515,10,2026-07-25T20:02:47.012670+00:00,,
41,cpu,end_to_end,1,764,1,0.0062407,6.2407,6240.7,160.23843479096897,10,2026-07-25T20:02:47.012670+00:00,,
41,cpu,end_to_end,1,765,1,0.0065724,6.5724,6572.4,152.15142109427302,10,2026-07-25T20:02:47.012670+00:00,,
41,cpu,end_to_end,1,766,1,0.0059633,5.9633,5963.3,167.69238508879312,10,2026-07-25T20:02:47.012670+00:00,,
41,cpu,end_to_end,1,767,1,0.005992,5.992,5992.0,166.88918558077438,10,2026-07-25T20:02:47.012670+00:00,,
41,cpu,end_to_end,1,768,1,0.0066359,6.6359,6635.900000000001,150.69545954580389,10,2026-07-25T20:02:47.012670+00:00,,
41,cpu,end_to_end,1,769,1,0.006584,6.584,6584.0,151.88335358444715,10,2026-07-25T20:02:47.012670+00:00,,
41,cpu,end_to_end,1,770,1,0.0068054,6.8054,6805.4,146.94213418755695,10,2026-07-25T20:02:47.012670+00:00,,
41,cpu,end_to_end,1,771,1,0.006583,6.583,6583.0,151.90642564180465,10,2026-07-25T20:02:47.012670+00:00,,
41,cpu,end_to_end,1,772,1,0.0067235,6.7235000000000005,6723.5,148.73205919535954,10,2026-07-25T20:02:47.012670+00:00,,
41,cpu,end_to_end,1,773,1,0.0065096,6.5096,6509.6,153.61927000122895,10,2026-07-25T20:02:47.012670+00:00,,
41,cpu,end_to_end,1,774,1,0.0063112,6.3112,6311.200000000001,158.44847255672454,10,2026-07-25T20:02:47.012670+00:00,,
41,cpu,end_to_end,1,775,1,0.0064127,6.4127,6412.700000000001,155.94055546025854,10,2026-07-25T20:02:47.012670+00:00,,
41,cpu,end_to_end,1,776,1,0.006093,6.093,6093.0,164.12276382734285,10,2026-07-25T20:02:47.012670+00:00,,
41,cpu,end_to_end,1,777,1,0.006682,6.6819999999999995,6682.0,149.655791679138,10,2026-07-25T20:02:47.012670+00:00,,
41,cpu,end_to_end,1,778,1,0.0064432,6.4432,6443.2,155.20238390861684,10,2026-07-25T20:02:47.012670+00:00,,
41,cpu,end_to_end,1,779,1,0.0062206,6.2206,6220.599999999999,160.7561971514002,10,2026-07-25T20:02:47.012670+00:00,,
41,cpu,end_to_end,1,780,1,0.0120237,12.0237,12023.7,83.16907441137087,10,2026-07-25T20:02:47.012670+00:00,,
41,cpu,end_to_end,1,781,1,0.0129984,12.9984,12998.4,76.93254554406695,10,2026-07-25T20:02:47.012670+00:00,,
41,cpu,end_to_end,1,782,1,0.0094897,9.489700000000001,9489.7,105.37740919101763,10,2026-07-25T20:02:47.012670+00:00,,
41,cpu,end_to_end,1,783,1,0.0161529,16.152900000000002,16152.900000000001,61.90838796748571,10,2026-07-25T20:02:47.012670+00:00,,
41,cpu,end_to_end,1,784,1,0.0110714,11.0714,11071.4,90.32281373629351,10,2026-07-25T20:02:47.012670+00:00,,
41,cpu,end_to_end,1,785,1,0.0107221,10.7221,10722.1,93.2653118325701,10,2026-07-25T20:02:47.012670+00:00,,
41,cpu,end_to_end,1,786,1,0.0116886,11.688600000000001,11688.6,85.5534452372397,10,2026-07-25T20:02:47.012670+00:00,,
41,cpu,end_to_end,1,787,1,0.0069367,6.936699999999999,6936.7,144.16076808857238,10,2026-07-25T20:02:47.012670+00:00,,
41,cpu,end_to_end,1,788,1,0.007308,7.308,7308.0,136.83634373289544,10,2026-07-25T20:02:47.012670+00:00,,
41,cpu,end_to_end,1,789,1,0.0067706,6.7706,6770.599999999999,147.6973975718548,10,2026-07-25T20:02:47.012670+00:00,,
41,cpu,end_to_end,1,790,1,0.0066941,6.6941,6694.099999999999,149.38527957455074,10,2026-07-25T20:02:47.012670+00:00,,
41,cpu,end_to_end,1,791,1,0.0072775,7.2775,7277.5,137.40982480247337,10,2026-07-25T20:02:47.012670+00:00,,
41,cpu,end_to_end,1,792,1,0.0062187,6.2187,6218.7,160.80531300754177,10,2026-07-25T20:02:47.012670+00:00,,
41,cpu,end_to_end,1,793,1,0.0063706,6.3706,6370.599999999999,156.97108592597243,10,2026-07-25T20:02:47.012670+00:00,,
41,cpu,end_to_end,1,794,1,0.0074654,7.4654,7465.4,133.95129530902565,10,2026-07-25T20:02:47.012670+00:00,,
41,cpu,end_to_end,1,795,1,0.0073932,7.3932,7393.2,135.25942758210246,10,2026-07-25T20:02:47.012670+00:00,,
41,cpu,end_to_end,1,796,1,0.0067933,6.7933,6793.3,147.2038626293554,10,2026-07-25T20:02:47.012670+00:00,,
41,cpu,end_to_end,1,797,1,0.0069455,6.9455,6945.5,143.97811532647037,10,2026-07-25T20:02:47.012670+00:00,,
41,cpu,end_to_end,1,798,1,0.0070391,7.0391,7039.1,142.0636160872839,10,2026-07-25T20:02:47.012670+00:00,,
41,cpu,end_to_end,1,799,1,0.0062374,6.2374,6237.4,160.32321159457467,10,2026-07-25T20:02:47.012670+00:00,,
41,cpu,end_to_end,1,800,1,0.006277,6.276999999999999,6277.0,159.31177314003506,10,2026-07-25T20:02:47.012670+00:00,,
41,cpu,end_to_end,1,801,1,0.0064508,6.450799999999999,6450.799999999999,155.0195324610901,10,2026-07-25T20:02:47.012670+00:00,,
41,cpu,end_to_end,1,802,1,0.0064891,6.4891000000000005,6489.1,154.1045753648426,10,2026-07-25T20:02:47.012670+00:00,,
41,cpu,end_to_end,1,803,1,0.0068181,6.818099999999999,6818.099999999999,146.66842668778693,10,2026-07-25T20:02:47.012670+00:00,,
41,cpu,end_to_end,1,804,1,0.0067335,6.7335,6733.5,148.5111754659538,10,2026-07-25T20:02:47.012670+00:00,,
41,cpu,end_to_end,1,805,1,0.0067444,6.744400000000001,6744.400000000001,148.2711582942886,10,2026-07-25T20:02:47.012670+00:00,,
41,cpu,end_to_end,1,806,1,0.0065999,6.5999,6599.9,151.517447234049,10,2026-07-25T20:02:47.012670+00:00,,
41,cpu,end_to_end,1,807,1,0.0067779,6.7779,6777.9,147.53832307941988,10,2026-07-25T20:02:47.012670+00:00,,
41,cpu,end_to_end,1,808,1,0.0066972,6.6972000000000005,6697.200000000001,149.3161321149137,10,2026-07-25T20:02:47.012670+00:00,,
41,cpu,end_to_end,1,809,1,0.0065625,6.5625,6562.5,152.38095238095238,10,2026-07-25T20:02:47.012670+00:00,,
41,cpu,end_to_end,1,810,1,0.0067483,6.7482999999999995,6748.299999999999,148.18546893291645,10,2026-07-25T20:02:47.012670+00:00,,
41,cpu,end_to_end,1,811,1,0.0062832,6.2832,6283.2,159.1545709192768,10,2026-07-25T20:02:47.012670+00:00,,
41,cpu,end_to_end,1,812,1,0.0063019,6.3019,6301.9,158.6823021628398,10,2026-07-25T20:02:47.012670+00:00,,
41,cpu,end_to_end,1,813,1,0.006283,6.283,6283.0,159.15963711602737,10,2026-07-25T20:02:47.012670+00:00,,
41,cpu,end_to_end,1,814,1,0.0063002,6.300199999999999,6300.2,158.72511983746548,10,2026-07-25T20:02:47.012670+00:00,,
41,cpu,end_to_end,1,815,1,0.0065261,6.5261,6526.1,153.23087295628324,10,2026-07-25T20:02:47.012670+00:00,,
41,cpu,end_to_end,1,816,1,0.0061922,6.1922,6192.2,161.49349181227996,10,2026-07-25T20:02:47.012670+00:00,,
41,cpu,end_to_end,1,817,1,0.0064799,6.479900000000001,6479.900000000001,154.3233691877961,10,2026-07-25T20:02:47.012670+00:00,,
41,cpu,end_to_end,1,818,1,0.0065952,6.5952,6595.2,151.62542455118876,10,2026-07-25T20:02:47.012670+00:00,,
41,cpu,end_to_end,1,819,1,0.0065361,6.5361,6536.1,152.9964351830602,10,2026-07-25T20:02:47.012670+00:00,,
41,cpu,end_to_end,1,820,1,0.0068852,6.8852,6885.2,145.23906349851856,10,2026-07-25T20:02:47.012670+00:00,,
41,cpu,end_to_end,1,821,1,0.0067959,6.7959,6795.9,147.1475448432143,10,2026-07-25T20:02:47.012670+00:00,,
41,cpu,end_to_end,1,822,1,0.0068982,6.8982,6898.2,144.96535328056595,10,2026-07-25T20:02:47.012670+00:00,,
41,cpu,end_to_end,1,823,1,0.0062169,6.2169,6216.9,160.85187151152505,10,2026-07-25T20:02:47.012670+00:00,,
41,cpu,end_to_end,1,824,1,0.006233,6.233,6233.0,160.43638697256537,10,2026-07-25T20:02:47.012670+00:00,,
41,cpu,end_to_end,1,825,1,0.0066696,6.6696,6669.6,149.934029027228,10,2026-07-25T20:02:47.012670+00:00,,
41,cpu,end_to_end,1,826,1,0.0064703,6.4703,6470.3,154.55233914965302,10,2026-07-25T20:02:47.012670+00:00,,
41,cpu,end_to_end,1,827,1,0.0069278,6.9277999999999995,6927.799999999999,144.3459684171021,10,2026-07-25T20:02:47.012670+00:00,,
41,cpu,end_to_end,1,828,1,0.0062025,6.2025,6202.5,161.22531237404274,10,2026-07-25T20:02:47.012670+00:00,,
41,cpu,end_to_end,1,829,1,0.0063554,6.3553999999999995,6355.4,157.3465084809768,10,2026-07-25T20:02:47.012670+00:00,,
41,cpu,end_to_end,1,830,1,0.0075946,7.5946,7594.6,131.6725041476839,10,2026-07-25T20:02:47.012670+00:00,,
41,cpu,end_to_end,1,831,1,0.0066472,6.6472,6647.2,150.43928270550006,10,2026-07-25T20:02:47.012670+00:00,,
41,cpu,end_to_end,1,832,1,0.0073461,7.346100000000001,7346.1,136.12665223724153,10,2026-07-25T20:02:47.012670+00:00,,
41,cpu,end_to_end,1,833,1,0.0067223,6.7223,6722.299999999999,148.7586094045193,10,2026-07-25T20:02:47.012670+00:00,,
41,cpu,end_to_end,1,834,1,0.0065628,6.562799999999999,6562.799999999999,152.37398671298837,10,2026-07-25T20:02:47.012670+00:00,,
41,cpu,end_to_end,1,835,1,0.0063624,6.3624,6362.4,157.1733936879165,10,2026-07-25T20:02:47.012670+00:00,,
41,cpu,end_to_end,1,836,1,0.0060728,6.0728,6072.799999999999,164.66868660255565,10,2026-07-25T20:02:47.012670+00:00,,
41,cpu,end_to_end,1,837,1,0.0069678,6.9677999999999995,6967.799999999999,143.5173225408307,10,2026-07-25T20:02:47.012670+00:00,,
41,cpu,end_to_end,1,838,1,0.006221,6.221,6221.0,160.74586079408456,10,2026-07-25T20:02:47.012670+00:00,,
41,cpu,end_to_end,1,839,1,0.0062304,6.2303999999999995,6230.4,160.50333846944017,10,2026-07-25T20:02:47.012670+00:00,,
41,cpu,end_to_end,1,840,1,0.0061837,6.1837,6183.700000000001,161.7154777883791,10,2026-07-25T20:02:47.012670+00:00,,
41,cpu,end_to_end,1,841,1,0.0068017,6.8017,6801.7,147.02206801240865,10,2026-07-25T20:02:47.012670+00:00,,
41,cpu,end_to_end,1,842,1,0.0067803,6.7803,6780.3,147.48609943512824,10,2026-07-25T20:02:47.012670+00:00,,
41,cpu,end_to_end,1,843,1,0.0066215,6.6215,6621.5,151.02318205844597,10,2026-07-25T20:02:47.012670+00:00,,
41,cpu,end_to_end,1,844,1,0.0068108,6.8107999999999995,6810.799999999999,146.8256298819522,10,2026-07-25T20:02:47.012670+00:00,,
41,cpu,end_to_end,1,845,1,0.0066129,6.6129,6612.9,151.21958596077366,10,2026-07-25T20:02:47.012670+00:00,,
41,cpu,end_to_end,1,846,1,0.0070914,7.0914,7091.400000000001,141.01587838790647,10,2026-07-25T20:02:47.012670+00:00,,
41,cpu,end_to_end,1,847,1,0.0065749,6.5748999999999995,6574.9,152.09356796301086,10,2026-07-25T20:02:47.012670+00:00,,
41,cpu,end_to_end,1,848,1,0.0064252,6.4252,6425.2,155.63717860922617,10,2026-07-25T20:02:47.012670+00:00,,
41,cpu,end_to_end,1,849,1,0.0063158,6.3158,6315.8,158.33306944488427,10,2026-07-25T20:02:47.012670+00:00,,
41,cpu,end_to_end,1,850,1,0.0064011,6.4011,6401.099999999999,156.2231491462405,10,2026-07-25T20:02:47.012670+00:00,,
41,cpu,end_to_end,1,851,1,0.0069091,6.9091,6909.099999999999,144.73665166230046,10,2026-07-25T20:02:47.012670+00:00,,
41,cpu,end_to_end,1,852,1,0.0063546,6.3546000000000005,6354.6,157.36631731344224,10,2026-07-25T20:02:47.012670+00:00,,
41,cpu,end_to_end,1,853,1,0.0067082,6.7082,6708.2,149.0712858889121,10,2026-07-25T20:02:47.012670+00:00,,
41,cpu,end_to_end,1,854,1,0.0066375,6.6375,6637.5,150.65913370998118,10,2026-07-25T20:02:47.012670+00:00,,
41,cpu,end_to_end,1,855,1,0.0064238,6.4238,6423.8,155.67109810392603,10,2026-07-25T20:02:47.012670+00:00,,
41,cpu,end_to_end,1,856,1,0.0073286,7.3286,7328.6,136.45170973992305,10,2026-07-25T20:02:47.012670+00:00,,
41,cpu,end_to_end,1,857,1,0.0065846,6.5846,6584.6,151.86951371381707,10,2026-07-25T20:02:47.012670+00:00,,
41,cpu,end_to_end,1,858,1,0.0069058,6.9058,6905.8,144.8058154015465,10,2026-07-25T20:02:47.012670+00:00,,
41,cpu,end_to_end,1,859,1,0.0065517,6.551699999999999,6551.7,152.63214127630997,10,2026-07-25T20:02:47.012670+00:00,,
41,cpu,end_to_end,1,860,1,0.0068733,6.8732999999999995,6873.299999999999,145.4905212925378,10,2026-07-25T20:02:47.012670+00:00,,
41,cpu,end_to_end,1,861,1,0.0068806,6.880599999999999,6880.599999999999,145.3361625439642,10,2026-07-25T20:02:47.012670+00:00,,
41,cpu,end_to_end,1,862,1,0.0066296,6.6296,6629.6,150.83866296609148,10,2026-07-25T20:02:47.012670+00:00,,
41,cpu,end_to_end,1,863,1,0.0095247,9.524700000000001,9524.7,104.99018341785043,10,2026-07-25T20:02:47.012670+00:00,,
41,cpu,end_to_end,1,864,1,0.0082004,8.2004,8200.4,121.94527096239207,10,2026-07-25T20:02:47.012670+00:00,,
41,cpu,end_to_end,1,865,1,0.0067077,6.7077,6707.7,149.08239784128688,10,2026-07-25T20:02:47.012670+00:00,,
41,cpu,end_to_end,1,866,1,0.0062924,6.2924,6292.4,158.92187400673828,10,2026-07-25T20:02:47.012670+00:00,,
41,cpu,end_to_end,1,867,1,0.0067766,6.7766,6776.599999999999,147.5666263317888,10,2026-07-25T20:02:47.012670+00:00,,
41,cpu,end_to_end,1,868,1,0.0066337,6.6337,6633.7,150.7454361819196,10,2026-07-25T20:02:47.012670+00:00,,
41,cpu,end_to_end,1,869,1,0.0072415,7.241499999999999,7241.5,138.09293654629568,10,2026-07-25T20:02:47.012670+00:00,,
41,cpu,end_to_end,1,870,1,0.0065112,6.5112,6511.2,153.58152107138469,10,2026-07-25T20:02:47.012670+00:00,,
41,cpu,end_to_end,1,871,1,0.0065864,6.5864,6586.4,151.82800923114297,10,2026-07-25T20:02:47.012670+00:00,,
41,cpu,end_to_end,1,872,1,0.0076346,7.6346,7634.6,130.98263170303616,10,2026-07-25T20:02:47.012670+00:00,,
41,cpu,end_to_end,1,873,1,0.0070879,7.0879,7087.900000000001,141.08551192878002,10,2026-07-25T20:02:47.012670+00:00,,
41,cpu,end_to_end,1,874,1,0.0069249,6.9249,6924.900000000001,144.40641742119018,10,2026-07-25T20:02:47.012670+00:00,,
41,cpu,end_to_end,1,875,1,0.0068615,6.8615,6861.5,145.74072724622894,10,2026-07-25T20:02:47.012670+00:00,,
41,cpu,end_to_end,1,876,1,0.006848,6.848,6848.0,146.02803738317758,10,2026-07-25T20:02:47.012670+00:00,,
41,cpu,end_to_end,1,877,1,0.0062822,6.2822,6282.2,159.17990512877654,10,2026-07-25T20:02:47.012670+00:00,,
41,cpu,end_to_end,1,878,1,0.0065353,6.5353,6535.3,153.01516380273284,10,2026-07-25T20:02:47.012670+00:00,,
41,cpu,end_to_end,1,879,1,0.0064398,6.4398,6439.8,155.28432560017393,10,2026-07-25T20:02:47.012670+00:00,,
41,cpu,end_to_end,1,880,1,0.0067509,6.7509,6750.9,148.12839769512215,10,2026-07-25T20:02:47.012670+00:00,,
41,cpu,end_to_end,1,881,1,0.0065057,6.5057,6505.7,153.71136080667722,10,2026-07-25T20:02:47.012670+00:00,,
41,cpu,end_to_end,1,882,1,0.006557,6.557,6557.0,152.5087692542321,10,2026-07-25T20:02:47.012670+00:00,,
41,cpu,end_to_end,1,883,1,0.0075419,7.5419,7541.9,132.5925827709198,10,2026-07-25T20:02:47.012670+00:00,,
41,cpu,end_to_end,1,884,1,0.0062843,6.2843,6284.299999999999,159.12671260124438,10,2026-07-25T20:02:47.012670+00:00,,
41,cpu,end_to_end,1,885,1,0.0063984,6.3984000000000005,6398.400000000001,156.289072268067,10,2026-07-25T20:02:47.012670+00:00,,
41,cpu,end_to_end,1,886,1,0.0063293,6.329300000000001,6329.3,157.99535493656487,10,2026-07-25T20:02:47.012670+00:00,,
41,cpu,end_to_end,1,887,1,0.006449,6.449,6449.0,155.06280043417584,10,2026-07-25T20:02:47.012670+00:00,,
41,cpu,end_to_end,1,888,1,0.007054,7.054,7054.0,141.7635384179189,10,2026-07-25T20:02:47.012670+00:00,,
41,cpu,end_to_end,1,889,1,0.0064049,6.4049,6404.9,156.13046261456074,10,2026-07-25T20:02:47.012670+00:00,,
41,cpu,end_to_end,1,890,1,0.0077414,7.7414,7741.4,129.1756013124241,10,2026-07-25T20:02:47.012670+00:00,,
41,cpu,end_to_end,1,891,1,0.0065711,6.5710999999999995,6571.099999999999,152.18152211958423,10,2026-07-25T20:02:47.012670+00:00,,
41,cpu,end_to_end,1,892,1,0.0069425,6.9425,6942.5,144.04033129276198,10,2026-07-25T20:02:47.012670+00:00,,
41,cpu,end_to_end,1,893,1,0.0069874,6.9874,6987.400000000001,143.11474940607377,10,2026-07-25T20:02:47.012670+00:00,,
41,cpu,end_to_end,1,894,1,0.007462,7.462,7462.0,134.01232913428035,10,2026-07-25T20:02:47.012670+00:00,,
41,cpu,end_to_end,1,895,1,0.0070936,7.0936,7093.6,140.9721439043645,10,2026-07-25T20:02:47.012670+00:00,,
41,cpu,end_to_end,1,896,1,0.0065951,6.5950999999999995,6595.099999999999,151.62772361298542,10,2026-07-25T20:02:47.012670+00:00,,
41,cpu,end_to_end,1,897,1,0.0070525,7.052499999999999,7052.5,141.79369018078697,10,2026-07-25T20:02:47.012670+00:00,,
41,cpu,end_to_end,1,898,1,0.0066108,6.6108,6610.8,151.267622678042,10,2026-07-25T20:02:47.012670+00:00,,
41,cpu,end_to_end,1,899,1,0.0065957,6.595700000000001,6595.700000000001,151.61393028791485,10,2026-07-25T20:02:47.012670+00:00,,
41,cpu,end_to_end,1,900,1,0.0068541,6.8541,6854.1,145.89807560438277,10,2026-07-25T20:02:47.012670+00:00,,
41,cpu,end_to_end,1,901,1,0.006539,6.539,6539.0,152.92858235204162,10,2026-07-25T20:02:47.012670+00:00,,
41,cpu,end_to_end,1,902,1,0.0069336,6.9336,6933.599999999999,144.22522210684204,10,2026-07-25T20:02:47.012670+00:00,,
41,cpu,end_to_end,1,903,1,0.0069445,6.944500000000001,6944.5,143.99884800921592,10,2026-07-25T20:02:47.012670+00:00,,
41,cpu,end_to_end,1,904,1,0.0074869,7.4869,7486.900000000001,133.56662971323243,10,2026-07-25T20:02:47.012670+00:00,,
41,cpu,end_to_end,1,905,1,0.0077564,7.7564,7756.400000000001,128.92579031509462,10,2026-07-25T20:02:47.012670+00:00,,
41,cpu,end_to_end,1,906,1,0.0069914,6.9914,6991.4,143.03286895328546,10,2026-07-25T20:02:47.012670+00:00,,
41,cpu,end_to_end,1,907,1,0.0069906,6.9906,6990.599999999999,143.04923754756388,10,2026-07-25T20:02:47.012670+00:00,,
41,cpu,end_to_end,1,908,1,0.007971,7.971000000000001,7971.000000000001,125.45477355413372,10,2026-07-25T20:02:47.012670+00:00,,
41,cpu,end_to_end,1,909,1,0.0072694,7.2694,7269.4,137.56293504278207,10,2026-07-25T20:02:47.012670+00:00,,
41,cpu,end_to_end,1,910,1,0.0064288,6.4288,6428.8,155.55002488800397,10,2026-07-25T20:02:47.012670+00:00,,
41,cpu,end_to_end,1,911,1,0.0071496,7.1495999999999995,7149.599999999999,139.86796464137853,10,2026-07-25T20:02:47.012670+00:00,,
41,cpu,end_to_end,1,912,1,0.0066828,6.6828,6682.8,149.63787633925898,10,2026-07-25T20:02:47.012670+00:00,,
41,cpu,end_to_end,1,913,1,0.0062647,6.2646999999999995,6264.7,159.6245630277587,10,2026-07-25T20:02:47.012670+00:00,,
41,cpu,end_to_end,1,914,1,0.0072948,7.2947999999999995,7294.799999999999,137.08395021110928,10,2026-07-25T20:02:47.012670+00:00,,
41,cpu,end_to_end,1,915,1,0.0083053,8.305299999999999,8305.3,120.40504256318255,10,2026-07-25T20:02:47.012670+00:00,,
41,cpu,end_to_end,1,916,1,0.0091832,9.183200000000001,9183.2,108.89450300548827,10,2026-07-25T20:02:47.012670+00:00,,
41,cpu,end_to_end,1,917,1,0.0079724,7.9723999999999995,7972.4,125.43274296322313,10,2026-07-25T20:02:47.012670+00:00,,
41,cpu,end_to_end,1,918,1,0.0078159,7.815900000000001,7815.900000000001,127.94431863253111,10,2026-07-25T20:02:47.012670+00:00,,
41,cpu,end_to_end,1,919,1,0.0081826,8.1826,8182.6,122.21054432576443,10,2026-07-25T20:02:47.012670+00:00,,
41,cpu,end_to_end,1,920,1,0.0087233,8.7233,8723.3,114.63551637568352,10,2026-07-25T20:02:47.012670+00:00,,
41,cpu,end_to_end,1,921,1,0.0071504,7.1504,7150.400000000001,139.8523159543522,10,2026-07-25T20:02:47.012670+00:00,,
41,cpu,end_to_end,1,922,1,0.0068262,6.8262,6826.2,146.49438926489114,10,2026-07-25T20:02:47.012670+00:00,,
41,cpu,end_to_end,1,923,1,0.0068793,6.8793,6879.299999999999,145.36362711322374,10,2026-07-25T20:02:47.012670+00:00,,
41,cpu,end_to_end,1,924,1,0.0072846,7.284599999999999,7284.599999999999,137.27589709798755,10,2026-07-25T20:02:47.012670+00:00,,
41,cpu,end_to_end,1,925,1,0.0072291,7.2291,7229.099999999999,138.3298059232823,10,2026-07-25T20:02:47.012670+00:00,,
41,cpu,end_to_end,1,926,1,0.0072533,7.253299999999999,7253.3,137.86828064467207,10,2026-07-25T20:02:47.012670+00:00,,
41,cpu,end_to_end,1,927,1,0.007379,7.3790000000000004,7379.0,135.5197181189863,10,2026-07-25T20:02:47.012670+00:00,,
41,cpu,end_to_end,1,928,1,0.0075031,7.503100000000001,7503.1,133.27824499206994,10,2026-07-25T20:02:47.012670+00:00,,
41,cpu,end_to_end,1,929,1,0.0078272,7.8271999999999995,7827.2,127.7596075224857,10,2026-07-25T20:02:47.012670+00:00,,
41,cpu,end_to_end,1,930,1,0.0072682,7.2682,7268.2,137.58564706529816,10,2026-07-25T20:02:47.012670+00:00,,
41,cpu,end_to_end,1,931,1,0.0072645,7.2645,7264.5,137.65572303668526,10,2026-07-25T20:02:47.012670+00:00,,
41,cpu,end_to_end,1,932,1,0.0068975,6.8975,6897.5,144.98006524102937,10,2026-07-25T20:02:47.012670+00:00,,
41,cpu,end_to_end,1,933,1,0.0070276,7.0276000000000005,7027.6,142.29608970345495,10,2026-07-25T20:02:47.012670+00:00,,
41,cpu,end_to_end,1,934,1,0.0066662,6.6662,6666.2,150.01050073505147,10,2026-07-25T20:02:47.012670+00:00,,
41,cpu,end_to_end,1,935,1,0.0078957,7.895700000000001,7895.700000000001,126.65121521841002,10,2026-07-25T20:02:47.012670+00:00,,
41,cpu,end_to_end,1,936,1,0.0067023,6.702299999999999,6702.299999999999,149.20251257031168,10,2026-07-25T20:02:47.012670+00:00,,
41,cpu,end_to_end,1,937,1,0.0068334,6.8334,6833.4,146.3400357069687,10,2026-07-25T20:02:47.012670+00:00,,
41,cpu,end_to_end,1,938,1,0.0065666,6.566599999999999,6566.599999999999,152.28581000822345,10,2026-07-25T20:02:47.012670+00:00,,
41,cpu,end_to_end,1,939,1,0.0065047,6.504700000000001,6504.700000000001,153.73499162144296,10,2026-07-25T20:02:47.012670+00:00,,
41,cpu,end_to_end,1,940,1,0.0073213,7.3213,7321.3,136.58776446805894,10,2026-07-25T20:02:47.012670+00:00,,
41,cpu,end_to_end,1,941,1,0.0064541,6.4540999999999995,6454.1,154.94027052571235,10,2026-07-25T20:02:47.012670+00:00,,
41,cpu,end_to_end,1,942,1,0.0064983,6.4983,6498.3,153.88640105873844,10,2026-07-25T20:02:47.012670+00:00,,
41,cpu,end_to_end,1,943,1,0.0064456,6.4456,6445.6,155.1445947623185,10,2026-07-25T20:02:47.012670+00:00,,
41,cpu,end_to_end,1,944,1,0.0063941,6.3941,6394.099999999999,156.3941758808902,10,2026-07-25T20:02:47.012670+00:00,,
41,cpu,end_to_end,1,945,1,0.0074486,7.4486,7448.599999999999,134.25341674945628,10,2026-07-25T20:02:47.012670+00:00,,
41,cpu,end_to_end,1,946,1,0.0064355,6.4355,6435.5,155.388081734131,10,2026-07-25T20:02:47.012670+00:00,,
41,cpu,end_to_end,1,947,1,0.006389,6.388999999999999,6389.0,156.51901706057288,10,2026-07-25T20:02:47.012670+00:00,,
41,cpu,end_to_end,1,948,1,0.00668,6.680000000000001,6680.0,149.7005988023952,10,2026-07-25T20:02:47.012670+00:00,,
41,cpu,end_to_end,1,949,1,0.0077732,7.7732,7773.2,128.64714660628826,10,2026-07-25T20:02:47.012670+00:00,,
41,cpu,end_to_end,1,950,1,0.0076051,7.6051,7605.1,131.49071018132568,10,2026-07-25T20:02:47.012670+00:00,,
41,cpu,end_to_end,1,951,1,0.0076627,7.6627,7662.7,130.5023033656544,10,2026-07-25T20:02:47.012670+00:00,,
41,cpu,end_to_end,1,952,1,0.0069602,6.9601999999999995,6960.2,143.6740323553921,10,2026-07-25T20:02:47.012670+00:00,,
41,cpu,end_to_end,1,953,1,0.0067557,6.7557,6755.7,148.02315082078837,10,2026-07-25T20:02:47.012670+00:00,,
41,cpu,end_to_end,1,954,1,0.0069641,6.9641,6964.1,143.59357275168364,10,2026-07-25T20:02:47.012670+00:00,,
41,cpu,end_to_end,1,955,1,0.0067524,6.752400000000001,6752.400000000001,148.0954919732243,10,2026-07-25T20:02:47.012670+00:00,,
41,cpu,end_to_end,1,956,1,0.0062251,6.2251,6225.099999999999,160.63998971904067,10,2026-07-25T20:02:47.012670+00:00,,
41,cpu,end_to_end,1,957,1,0.0071762,7.1762,7176.2,139.34951645717788,10,2026-07-25T20:02:47.012670+00:00,,
41,cpu,end_to_end,1,958,1,0.006779,6.779,6779.0,147.5143826523086,10,2026-07-25T20:02:47.012670+00:00,,
41,cpu,end_to_end,1,959,1,0.00713,7.13,7130.0,140.25245441795232,10,2026-07-25T20:02:47.012670+00:00,,
41,cpu,end_to_end,1,960,1,0.0070376,7.037599999999999,7037.599999999999,142.09389564624306,10,2026-07-25T20:02:47.012670+00:00,,
41,cpu,end_to_end,1,961,1,0.0072289,7.2289,7228.9,138.33363305620495,10,2026-07-25T20:02:47.012670+00:00,,
41,cpu,end_to_end,1,962,1,0.0067563,6.7562999999999995,6756.3,148.0100054763702,10,2026-07-25T20:02:47.012670+00:00,,
41,cpu,end_to_end,1,963,1,0.0066732,6.6732,6673.2,149.85314391895943,10,2026-07-25T20:02:47.012670+00:00,,
41,cpu,end_to_end,1,964,1,0.0064715,6.4715,6471.5,154.52368075407557,10,2026-07-25T20:02:47.012670+00:00,,
41,cpu,end_to_end,1,965,1,0.0064084,6.408399999999999,6408.4,156.04519068722303,10,2026-07-25T20:02:47.012670+00:00,,
41,cpu,end_to_end,1,966,1,0.0071046,7.1046,7104.6,140.75387776933255,10,2026-07-25T20:02:47.012670+00:00,,
41,cpu,end_to_end,1,967,1,0.0063991,6.3991,6399.099999999999,156.27197574658936,10,2026-07-25T20:02:47.012670+00:00,,
41,cpu,end_to_end,1,968,1,0.0072036,7.2036,7203.6,138.81947914931422,10,2026-07-25T20:02:47.012670+00:00,,
41,cpu,end_to_end,1,969,1,0.0060606,6.0606,6060.6,165.000165000165,10,2026-07-25T20:02:47.012670+00:00,,
41,cpu,end_to_end,1,970,1,0.006278,6.278,6278.0,159.28639694170118,10,2026-07-25T20:02:47.012670+00:00,,
41,cpu,end_to_end,1,971,1,0.006207,6.207,6207.0,161.10842597067827,10,2026-07-25T20:02:47.012670+00:00,,
41,cpu,end_to_end,1,972,1,0.0063266,6.3266,6326.6,158.0627825372238,10,2026-07-25T20:02:47.012670+00:00,,
41,cpu,end_to_end,1,973,1,0.0070647,7.0647,7064.7,141.5488272679661,10,2026-07-25T20:02:47.012670+00:00,,
41,cpu,end_to_end,1,974,1,0.0064693,6.4693,6469.3,154.57622926746325,10,2026-07-25T20:02:47.012670+00:00,,
41,cpu,end_to_end,1,975,1,0.0072187,7.2187,7218.7,138.52909803704267,10,2026-07-25T20:02:47.012670+00:00,,
41,cpu,end_to_end,1,976,1,0.0065471,6.5471,6547.1,152.73938079455024,10,2026-07-25T20:02:47.012670+00:00,,
41,cpu,end_to_end,1,977,1,0.0065246,6.5246,6524.6,153.26610060386844,10,2026-07-25T20:02:47.012670+00:00,,
41,cpu,end_to_end,1,978,1,0.0065862,6.586200000000001,6586.200000000001,151.83261972002063,10,2026-07-25T20:02:47.012670+00:00,,
41,cpu,end_to_end,1,979,1,0.006522,6.522,6522.0,153.32720024532352,10,2026-07-25T20:02:47.012670+00:00,,
41,cpu,end_to_end,1,980,1,0.0066644,6.6644,6664.4,150.0510173458976,10,2026-07-25T20:02:47.012670+00:00,,
41,cpu,end_to_end,1,981,1,0.006521,6.521,6521.0,153.35071308081584,10,2026-07-25T20:02:47.012670+00:00,,
41,cpu,end_to_end,1,982,1,0.0071643,7.1643,7164.3,139.5809779043312,10,2026-07-25T20:02:47.012670+00:00,,
41,cpu,end_to_end,1,983,1,0.0070603,7.060300000000001,7060.3,141.63704091894112,10,2026-07-25T20:02:47.012670+00:00,,
41,cpu,end_to_end,1,984,1,0.0063995,6.3995,6399.5,156.26220798499884,10,2026-07-25T20:02:47.012670+00:00,,
41,cpu,end_to_end,1,985,1,0.0080975,8.0975,8097.500000000001,123.49490583513429,10,2026-07-25T20:02:47.012670+00:00,,
41,cpu,end_to_end,1,986,1,0.0064284,6.4284,6428.4,155.55970381432394,10,2026-07-25T20:02:47.012670+00:00,,
41,cpu,end_to_end,1,987,1,0.0068627,6.8627,6862.7,145.71524327159864,10,2026-07-25T20:02:47.012670+00:00,,
41,cpu,end_to_end,1,988,1,0.0065366,6.5366,6536.6,152.98473212373406,10,2026-07-25T20:02:47.012670+00:00,,
41,cpu,end_to_end,1,989,1,0.0070906,7.0906,7090.599999999999,141.0317885651426,10,2026-07-25T20:02:47.012670+00:00,,
41,cpu,end_to_end,1,990,1,0.0063699,6.3699,6369.900000000001,156.98833576665254,10,2026-07-25T20:02:47.012670+00:00,,
41,cpu,end_to_end,1,991,1,0.0063758,6.3758,6375.8,156.84306283133097,10,2026-07-25T20:02:47.012670+00:00,,
41,cpu,end_to_end,1,992,1,0.0068347,6.8347,6834.7,146.31220097443926,10,2026-07-25T20:02:47.012670+00:00,,
41,cpu,end_to_end,1,993,1,0.0064899,6.4899,6489.9,154.08557913064917,10,2026-07-25T20:02:47.012670+00:00,,
41,cpu,end_to_end,1,994,1,0.0069068,6.9068000000000005,6906.8,144.784849713326,10,2026-07-25T20:02:47.012670+00:00,,
41,cpu,end_to_end,1,995,1,0.0062443,6.2443,6244.3,160.14605320051885,10,2026-07-25T20:02:47.012670+00:00,,
41,cpu,end_to_end,1,996,1,0.0061321,6.132099999999999,6132.099999999999,163.07627077184,10,2026-07-25T20:02:47.012670+00:00,,
41,cpu,end_to_end,1,997,1,0.007105,7.105,7105.0,140.74595355383534,10,2026-07-25T20:02:47.012670+00:00,,
41,cpu,end_to_end,1,998,1,0.0063888,6.3888,6388.8,156.52391685449535,10,2026-07-25T20:02:47.012670+00:00,,
41,cpu,end_to_end,1,999,1,0.0071998,7.1998,7199.8,138.89274702075056,10,2026-07-25T20:02:47.012670+00:00,,
41,cpu,model_only,32,0,32,0.0065722,6.5722000000000005,205.38125,4868.993639877058,10,2026-07-25T20:02:47.012670+00:00,,
41,cpu,model_only,32,1,32,0.0069456,6.9456,217.04999999999998,4607.2333563695,10,2026-07-25T20:02:47.012670+00:00,,
41,cpu,model_only,32,2,32,0.006388,6.388,199.625,5009.392611145899,10,2026-07-25T20:02:47.012670+00:00,,
41,cpu,model_only,32,3,32,0.0065521,6.5521,204.753125,4883.930342943484,10,2026-07-25T20:02:47.012670+00:00,,
41,cpu,model_only,32,4,32,0.0065948,6.594799999999999,206.08749999999998,4852.307878934918,10,2026-07-25T20:02:47.012670+00:00,,
41,cpu,model_only,32,5,32,0.0068524,6.852399999999999,214.1375,4669.896678535987,10,2026-07-25T20:02:47.012670+00:00,,
41,cpu,model_only,32,6,32,0.0067195,6.7195,209.984375,4762.259096658978,10,2026-07-25T20:02:47.012670+00:00,,
41,cpu,model_only,32,7,32,0.0065491,6.5491,204.659375,4886.167565008932,10,2026-07-25T20:02:47.012670+00:00,,
41,cpu,model_only,32,8,32,0.0075676,7.5676,236.48749999999998,4228.553306200117,10,2026-07-25T20:02:47.012670+00:00,,
41,cpu,model_only,32,9,32,0.00791,7.91,247.1875,4045.51201011378,10,2026-07-25T20:02:47.012670+00:00,,
41,cpu,model_only,32,10,32,0.0069183,6.9182999999999995,216.19687499999998,4625.413757715046,10,2026-07-25T20:02:47.012670+00:00,,
41,cpu,model_only,32,11,32,0.0066314,6.6314,207.23125,4825.527038031185,10,2026-07-25T20:02:47.012670+00:00,,
41,cpu,model_only,32,12,32,0.0072669,7.2669,227.090625,4403.5283270720665,10,2026-07-25T20:02:47.012670+00:00,,
41,cpu,model_only,32,13,32,0.0072931,7.2931,227.909375,4387.708930358832,10,2026-07-25T20:02:47.012670+00:00,,
41,cpu,model_only,32,14,32,0.0063919,6.3919,199.746875,5006.336144182481,10,2026-07-25T20:02:47.012670+00:00,,
41,cpu,model_only,32,15,32,0.0069965,6.9965,218.640625,4573.7154291431425,10,2026-07-25T20:02:47.012670+00:00,,
41,cpu,model_only,32,16,32,0.0076339,7.6339,238.559375,4191.828554212133,10,2026-07-25T20:02:47.012670+00:00,,
41,cpu,model_only,32,17,32,0.0071919,7.1919,224.74687500000002,4449.450075779697,10,2026-07-25T20:02:47.012670+00:00,,
41,cpu,model_only,32,18,32,0.0065722,6.5722000000000005,205.38125,4868.993639877058,10,2026-07-25T20:02:47.012670+00:00,,
41,cpu,model_only,32,19,32,0.0068128,6.8128,212.9,4697.040864255519,10,2026-07-25T20:02:47.012670+00:00,,
41,cpu,model_only,32,20,32,0.0069536,6.9536,217.29999999999998,4601.932811780948,10,2026-07-25T20:02:47.012670+00:00,,
41,cpu,model_only,32,21,32,0.0067237,6.7237,210.115625,4759.284322619986,10,2026-07-25T20:02:47.012670+00:00,,
41,cpu,model_only,32,22,32,0.0071105,7.1105,222.203125,4500.386751986499,10,2026-07-25T20:02:47.012670+00:00,,
41,cpu,model_only,32,23,32,0.0071561,7.1561,223.628125,4471.709450678442,10,2026-07-25T20:02:47.012670+00:00,,
41,cpu,model_only,32,24,32,0.006704,6.704,209.5,4773.26968973747,10,2026-07-25T20:02:47.012670+00:00,,
41,cpu,model_only,32,25,32,0.0070083,7.0083,219.009375,4566.014582709074,10,2026-07-25T20:02:47.012670+00:00,,
41,cpu,model_only,32,26,32,0.0068222,6.8222,213.19375,4690.569024654804,10,2026-07-25T20:02:47.012670+00:00,,
41,cpu,model_only,32,27,32,0.0066347,6.6347000000000005,207.33437500000002,4823.126893454112,10,2026-07-25T20:02:47.012670+00:00,,
41,cpu,model_only,32,28,32,0.0067392,6.7392,210.6,4748.338081671415,10,2026-07-25T20:02:47.012670+00:00,,
41,cpu,model_only,32,29,32,0.0065804,6.5804,205.63750000000002,4862.926265880494,10,2026-07-25T20:02:47.012670+00:00,,
41,cpu,model_only,32,30,32,0.006905,6.904999999999999,215.78125,4634.322954380884,10,2026-07-25T20:02:47.012670+00:00,,
41,cpu,model_only,32,31,32,0.0068032,6.8031999999999995,212.6,4703.668861712135,10,2026-07-25T20:02:47.012670+00:00,,
41,cpu,model_only,32,32,32,0.0072285,7.2284999999999995,225.890625,4426.921214636508,10,2026-07-25T20:02:47.012670+00:00,,
41,cpu,model_only,32,33,32,0.0071816,7.1815999999999995,224.42499999999998,4455.831569566671,10,2026-07-25T20:02:47.012670+00:00,,
41,cpu,model_only,32,34,32,0.0066044,6.6044,206.3875,4845.254678699049,10,2026-07-25T20:02:47.012670+00:00,,
41,cpu,model_only,32,35,32,0.0068174,6.8174,213.04375000000002,4693.871563939331,10,2026-07-25T20:02:47.012670+00:00,,
41,cpu,model_only,32,36,32,0.0068106,6.8106,212.83125,4698.558129973864,10,2026-07-25T20:02:47.012670+00:00,,
41,cpu,model_only,32,37,32,0.0067355,6.7355,210.484375,4750.946477618588,10,2026-07-25T20:02:47.012670+00:00,,
41,cpu,model_only,32,38,32,0.0067792,6.7792,211.85,4720.320981826764,10,2026-07-25T20:02:47.012670+00:00,,
41,cpu,model_only,32,39,32,0.006494,6.494,202.9375,4927.625500461965,10,2026-07-25T20:02:47.012670+00:00,,
41,cpu,model_only,32,40,32,0.0073257,7.3257,228.928125,4368.1832452871395,10,2026-07-25T20:02:47.012670+00:00,,
41,cpu,model_only,32,41,32,0.0066878,6.6878,208.99375,4784.832082299112,10,2026-07-25T20:02:47.012670+00:00,,
41,cpu,model_only,32,42,32,0.0069413,6.9413,216.915625,4610.087447596272,10,2026-07-25T20:02:47.012670+00:00,,
41,cpu,model_only,32,43,32,0.0066402,6.6402,207.50625,4819.131953856811,10,2026-07-25T20:02:47.012670+00:00,,
41,cpu,model_only,32,44,32,0.0066288,6.6288,207.15,4827.419744146754,10,2026-07-25T20:02:47.012670+00:00,,
41,cpu,model_only,32,45,32,0.0073225,7.3225,228.828125,4370.092181631956,10,2026-07-25T20:02:47.012670+00:00,,
41,cpu,model_only,32,46,32,0.006408,6.4079999999999995,200.25,4993.757802746567,10,2026-07-25T20:02:47.012670+00:00,,
41,cpu,model_only,32,47,32,0.0071496,7.1495999999999995,223.42499999999998,4475.774868524113,10,2026-07-25T20:02:47.012670+00:00,,
41,cpu,model_only,32,48,32,0.006595,6.595,206.09375,4852.160727824109,10,2026-07-25T20:02:47.012670+00:00,,
41,cpu,model_only,32,49,32,0.0066661,6.6661,208.315625,4800.408034682948,10,2026-07-25T20:02:47.012670+00:00,,
41,cpu,model_only,32,50,32,0.0064137,6.4136999999999995,200.428125,4989.319737437049,10,2026-07-25T20:02:47.012670+00:00,,
41,cpu,model_only,32,51,32,0.0063388,6.3388,198.0875,5048.274121284786,10,2026-07-25T20:02:47.012670+00:00,,
41,cpu,model_only,32,52,32,0.0065266,6.526599999999999,203.95624999999998,4903.012288174547,10,2026-07-25T20:02:47.012670+00:00,,
41,cpu,model_only,32,53,32,0.0063049,6.3049,197.028125,5075.417532395439,10,2026-07-25T20:02:47.012670+00:00,,
41,cpu,model_only,32,54,32,0.0068545,6.854500000000001,214.203125,4668.465971259756,10,2026-07-25T20:02:47.012670+00:00,,
41,cpu,model_only,32,55,32,0.006709,6.709,209.65625,4769.712326725295,10,2026-07-25T20:02:47.012670+00:00,,
41,cpu,model_only,32,56,32,0.0065825,6.5825,205.703125,4861.374857576909,10,2026-07-25T20:02:47.012670+00:00,,
41,cpu,model_only,32,57,32,0.0068225,6.8225,213.203125,4690.3627702455115,10,2026-07-25T20:02:47.012670+00:00,,
41,cpu,model_only,32,58,32,0.0066149,6.6149,206.715625,4837.563681990658,10,2026-07-25T20:02:47.012670+00:00,,
41,cpu,model_only,32,59,32,0.0069489,6.9489,217.153125,4605.0454028695185,10,2026-07-25T20:02:47.012670+00:00,,
41,cpu,model_only,32,60,32,0.0065819,6.5819,205.684375,4861.818016074386,10,2026-07-25T20:02:47.012670+00:00,,
41,cpu,model_only,32,61,32,0.0068984,6.8984,215.575,4638.756813174069,10,2026-07-25T20:02:47.012670+00:00,,
41,cpu,model_only,32,62,32,0.0065242,6.5241999999999996,203.88125,4904.815916127648,10,2026-07-25T20:02:47.012670+00:00,,
41,cpu,model_only,32,63,32,0.0061122,6.1122,191.00625,5235.430777788685,10,2026-07-25T20:02:47.012670+00:00,,
41,cpu,model_only,32,64,32,0.0068852,6.8852,215.1625,4647.650031952594,10,2026-07-25T20:02:47.012670+00:00,,
41,cpu,model_only,32,65,32,0.0062201,6.2201,194.378125,5144.611822961046,10,2026-07-25T20:02:47.012670+00:00,,
41,cpu,model_only,32,66,32,0.0069399,6.9399,216.871875,4611.017449819162,10,2026-07-25T20:02:47.012670+00:00,,
41,cpu,model_only,32,67,32,0.0068816,6.8816,215.04999999999998,4650.0813764240875,10,2026-07-25T20:02:47.012670+00:00,,
41,cpu,model_only,32,68,32,0.0071474,7.1474,223.35625,4477.15253099029,10,2026-07-25T20:02:47.012670+00:00,,
41,cpu,model_only,32,69,32,0.0073984,7.3984000000000005,231.20000000000002,4325.259515570934,10,2026-07-25T20:02:47.012670+00:00,,
41,cpu,model_only,32,70,32,0.0069771,6.9771,218.034375,4586.432758595978,10,2026-07-25T20:02:47.012670+00:00,,
41,cpu,model_only,32,71,32,0.0067001,6.7001,209.37812499999998,4776.0481186847965,10,2026-07-25T20:02:47.012670+00:00,,
41,cpu,model_only,32,72,32,0.0070249,7.0249,219.528125,4555.224985409045,10,2026-07-25T20:02:47.012670+00:00,,
41,cpu,model_only,32,73,32,0.0068841,6.8841,215.12812499999998,4648.392672971049,10,2026-07-25T20:02:47.012670+00:00,,
41,cpu,model_only,32,74,32,0.0067506,6.7505999999999995,210.95624999999998,4740.319379018161,10,2026-07-25T20:02:47.012670+00:00,,
41,cpu,model_only,32,75,32,0.0067211,6.7211,210.03437499999998,4761.125411019029,10,2026-07-25T20:02:47.012670+00:00,,
41,cpu,model_only,32,76,32,0.0067566,6.7566,211.14374999999998,4736.109877749164,10,2026-07-25T20:02:47.012670+00:00,,
41,cpu,model_only,32,77,32,0.0065626,6.5626,205.08125,4876.116173467833,10,2026-07-25T20:02:47.012670+00:00,,
41,cpu,model_only,32,78,32,0.0072431,7.2431,226.34687499999998,4417.997818613577,10,2026-07-25T20:02:47.012670+00:00,,
41,cpu,model_only,32,79,32,0.0061772,6.1772,193.0375,5180.340607394936,10,2026-07-25T20:02:47.012670+00:00,,
41,cpu,model_only,32,80,32,0.0063996,6.3996,199.9875,5000.312519532471,10,2026-07-25T20:02:47.012670+00:00,,
41,cpu,model_only,32,81,32,0.006506,6.505999999999999,203.3125,4918.536735321242,10,2026-07-25T20:02:47.012670+00:00,,
41,cpu,model_only,32,82,32,0.0063745,6.3745,199.203125,5020.00156875049,10,2026-07-25T20:02:47.012670+00:00,,
41,cpu,model_only,32,83,32,0.0067123,6.7123,209.759375,4767.367370349954,10,2026-07-25T20:02:47.012670+00:00,,
41,cpu,model_only,32,84,32,0.0066102,6.6102,206.56875,4841.0032979334965,10,2026-07-25T20:02:47.012670+00:00,,
41,cpu,model_only,32,85,32,0.006913,6.913,216.03125,4628.959930565601,10,2026-07-25T20:02:47.012670+00:00,,
41,cpu,model_only,32,86,32,0.0066324,6.6324000000000005,207.26250000000002,4824.799469272059,10,2026-07-25T20:02:47.012670+00:00,,
41,cpu,model_only,32,87,32,0.0065308,6.5308,204.0875,4899.85912905004,10,2026-07-25T20:02:47.012670+00:00,,
41,cpu,model_only,32,88,32,0.0066967,6.6967,209.271875,4778.472979228575,10,2026-07-25T20:02:47.012670+00:00,,
41,cpu,model_only,32,89,32,0.0065637,6.5637,205.115625,4875.298992946052,10,2026-07-25T20:02:47.012670+00:00,,
41,cpu,model_only,32,90,32,0.007064,7.064,220.75,4530.011325028313,10,2026-07-25T20:02:47.012670+00:00,,
41,cpu,model_only,32,91,32,0.0065988,6.5988,206.2125,4849.366551494211,10,2026-07-25T20:02:47.012670+00:00,,
41,cpu,model_only,32,92,32,0.0064311,6.431100000000001,200.971875,4975.8206216665885,10,2026-07-25T20:02:47.012670+00:00,,
41,cpu,model_only,32,93,32,0.0077169,7.7169,241.153125,4146.7428630667755,10,2026-07-25T20:02:47.012670+00:00,,
41,cpu,model_only,32,94,32,0.0071727,7.1727,224.146875,4461.3604360979825,10,2026-07-25T20:02:47.012670+00:00,,
41,cpu,model_only,32,95,32,0.0067481,6.7481,210.878125,4742.075547191062,10,2026-07-25T20:02:47.012670+00:00,,
41,cpu,model_only,32,96,32,0.0072245,7.2245,225.765625,4429.372274897917,10,2026-07-25T20:02:47.012670+00:00,,
41,cpu,model_only,32,97,32,0.007154,7.154,223.5625,4473.022085546548,10,2026-07-25T20:02:47.012670+00:00,,
41,cpu,model_only,32,98,32,0.0065213,6.5213,203.790625,4906.997071136123,10,2026-07-25T20:02:47.012670+00:00,,
41,cpu,model_only,32,99,32,0.0069972,6.9972,218.66250000000002,4573.257874578402,10,2026-07-25T20:02:47.012670+00:00,,
41,cpu,end_to_end,32,0,32,0.0071403,7.1403,223.13437499999998,4481.604414380348,10,2026-07-25T20:02:47.012670+00:00,,
41,cpu,end_to_end,32,1,32,0.0070245,7.024500000000001,219.515625,4555.484376112178,10,2026-07-25T20:02:47.012670+00:00,,
41,cpu,end_to_end,32,2,32,0.0069151,6.915100000000001,216.096875,4627.554192997932,10,2026-07-25T20:02:47.012670+00:00,,
41,cpu,end_to_end,32,3,32,0.0076544,7.6544,239.2,4180.602006688963,10,2026-07-25T20:02:47.012670+00:00,,
41,cpu,end_to_end,32,4,32,0.0071857,7.1857,224.553125,4453.289171549049,10,2026-07-25T20:02:47.012670+00:00,,
41,cpu,end_to_end,32,5,32,0.0069853,6.9853,218.290625,4581.048773853664,10,2026-07-25T20:02:47.012670+00:00,,
41,cpu,end_to_end,32,6,32,0.0072242,7.2242,225.75625,4429.556213836826,10,2026-07-25T20:02:47.012670+00:00,,
41,cpu,end_to_end,32,7,32,0.0071323,7.1323,222.884375,4486.6312409741595,10,2026-07-25T20:02:47.012670+00:00,,
41,cpu,end_to_end,32,8,32,0.0077532,7.7532,242.2875,4127.328070990043,10,2026-07-25T20:02:47.012670+00:00,,
41,cpu,end_to_end,32,9,32,0.0067115,6.7115,209.734375,4767.935632868956,10,2026-07-25T20:02:47.012670+00:00,,
41,cpu,end_to_end,32,10,32,0.0071371,7.1371,223.034375,4483.613792716929,10,2026-07-25T20:02:47.012670+00:00,,
41,cpu,end_to_end,32,11,32,0.0078358,7.835800000000001,244.86875,4083.820413997294,10,2026-07-25T20:02:47.012670+00:00,,
41,cpu,end_to_end,32,12,32,0.0089468,8.9468,279.5875,3576.6978137434617,10,2026-07-25T20:02:47.012670+00:00,,
41,cpu,end_to_end,32,13,32,0.0083323,8.3323,260.38437500000003,3840.476219051162,10,2026-07-25T20:02:47.012670+00:00,,
41,cpu,end_to_end,32,14,32,0.0073334,7.3334,229.16875000000002,4363.5966945755035,10,2026-07-25T20:02:47.012670+00:00,,
41,cpu,end_to_end,32,15,32,0.008394,8.394,262.3125,3812.246842983083,10,2026-07-25T20:02:47.012670+00:00,,
41,cpu,end_to_end,32,16,32,0.0158153,15.8153,494.22812500000003,2023.357128856234,10,2026-07-25T20:02:47.012670+00:00,,
41,cpu,end_to_end,32,17,32,0.0090717,9.0717,283.490625,3527.453509265077,10,2026-07-25T20:02:47.012670+00:00,,
41,cpu,end_to_end,32,18,32,0.0083456,8.3456,260.8,3834.355828220859,10,2026-07-25T20:02:47.012670+00:00,,
41,cpu,end_to_end,32,19,32,0.0078284,7.828399999999999,244.6375,4087.680752133259,10,2026-07-25T20:02:47.012670+00:00,,
41,cpu,end_to_end,32,20,32,0.0088267,8.8267,275.834375,3625.3639525530493,10,2026-07-25T20:02:47.012670+00:00,,
41,cpu,end_to_end,32,21,32,0.0092426,9.2426,288.83125,3462.2292428537426,10,2026-07-25T20:02:47.012670+00:00,,
41,cpu,end_to_end,32,22,32,0.0137176,13.7176,428.675,2332.7695806846677,10,2026-07-25T20:02:47.012670+00:00,,
41,cpu,end_to_end,32,23,32,0.0098973,9.8973,309.290625,3233.2050155092807,10,2026-07-25T20:02:47.012670+00:00,,
41,cpu,end_to_end,32,24,32,0.0091585,9.1585,286.203125,3494.0219468253536,10,2026-07-25T20:02:47.012670+00:00,,
41,cpu,end_to_end,32,25,32,0.0078482,7.848199999999999,245.25625,4077.3680589179685,10,2026-07-25T20:02:47.012670+00:00,,
41,cpu,end_to_end,32,26,32,0.007266,7.266,227.0625,4404.073768235618,10,2026-07-25T20:02:47.012670+00:00,,
41,cpu,end_to_end,32,27,32,0.0067735,6.7735,211.671875,4724.293201446815,10,2026-07-25T20:02:47.012670+00:00,,
41,cpu,end_to_end,32,28,32,0.0075723,7.572299999999999,236.63437499999998,4225.928713865008,10,2026-07-25T20:02:47.012670+00:00,,
41,cpu,end_to_end,32,29,32,0.0073371,7.3371,229.284375,4361.39619195595,10,2026-07-25T20:02:47.012670+00:00,,
41,cpu,end_to_end,32,30,32,0.0067183,6.7183,209.946875,4763.1097152553475,10,2026-07-25T20:02:47.012670+00:00,,
41,cpu,end_to_end,32,31,32,0.0069486,6.9486,217.14375,4605.244221857641,10,2026-07-25T20:02:47.012670+00:00,,
41,cpu,end_to_end,32,32,32,0.0064093,6.4093,200.29062499999998,4992.744917541698,10,2026-07-25T20:02:47.012670+00:00,,
41,cpu,end_to_end,32,33,32,0.0060894,6.0894,190.29375,5255.033336617729,10,2026-07-25T20:02:47.012670+00:00,,
41,cpu,end_to_end,32,34,32,0.006953,6.953,217.28125,4602.3299295268225,10,2026-07-25T20:02:47.012670+00:00,,
41,cpu,end_to_end,32,35,32,0.0066065,6.6065000000000005,206.453125,4843.714523575267,10,2026-07-25T20:02:47.012670+00:00,,
41,cpu,end_to_end,32,36,32,0.0075258,7.5258,235.18125,4252.039650269739,10,2026-07-25T20:02:47.012670+00:00,,
41,cpu,end_to_end,32,37,32,0.0064301,6.4301,200.940625,4976.594454207555,10,2026-07-25T20:02:47.012670+00:00,,
41,cpu,end_to_end,32,38,32,0.0071308,7.1308,222.83749999999998,4487.575026644977,10,2026-07-25T20:02:47.012670+00:00,,
41,cpu,end_to_end,32,39,32,0.0064107,6.4107,200.334375,4991.654577503236,10,2026-07-25T20:02:47.012670+00:00,,
41,cpu,end_to_end,32,40,32,0.0064387,6.438700000000001,201.20937500000002,4969.9473496202645,10,2026-07-25T20:02:47.012670+00:00,,
41,cpu,end_to_end,32,41,32,0.0068386,6.8386000000000005,213.70625,4679.320328722253,10,2026-07-25T20:02:47.012670+00:00,,
41,cpu,end_to_end,32,42,32,0.0066803,6.6803,208.759375,4790.20403275302,10,2026-07-25T20:02:47.012670+00:00,,
41,cpu,end_to_end,32,43,32,0.0069537,6.9537,217.303125,4601.866632152667,10,2026-07-25T20:02:47.012670+00:00,,
41,cpu,end_to_end,32,44,32,0.0064364,6.4364,201.13750000000002,4971.723323597042,10,2026-07-25T20:02:47.012670+00:00,,
41,cpu,end_to_end,32,45,32,0.0068294,6.829400000000001,213.41875000000002,4685.623920110112,10,2026-07-25T20:02:47.012670+00:00,,
41,cpu,end_to_end,32,46,32,0.0066315,6.6315,207.234375,4825.454271281007,10,2026-07-25T20:02:47.012670+00:00,,
41,cpu,end_to_end,32,47,32,0.0066879,6.6879,208.99687500000002,4784.760537687465,10,2026-07-25T20:02:47.012670+00:00,,
41,cpu,end_to_end,32,48,32,0.007366,7.3660000000000005,230.1875,4344.284550638066,10,2026-07-25T20:02:47.012670+00:00,,
41,cpu,end_to_end,32,49,32,0.0068135,6.8135,212.921875,4696.558303368312,10,2026-07-25T20:02:47.012670+00:00,,
41,cpu,end_to_end,32,50,32,0.0069999,6.9999,218.746875,4571.493878483979,10,2026-07-25T20:02:47.012670+00:00,,
41,cpu,end_to_end,32,51,32,0.0065979,6.5979,206.18437500000002,4850.028039224601,10,2026-07-25T20:02:47.012670+00:00,,
41,cpu,end_to_end,32,52,32,0.0069347,6.9347,216.709375,4614.47503136401,10,2026-07-25T20:02:47.012670+00:00,,
41,cpu,end_to_end,32,53,32,0.0068733,6.8732999999999995,214.79062499999998,4655.69668136121,10,2026-07-25T20:02:47.012670+00:00,,
41,cpu,end_to_end,32,54,32,0.0075445,7.5445,235.765625,4241.500430777388,10,2026-07-25T20:02:47.012670+00:00,,
41,cpu,end_to_end,32,55,32,0.0074933,7.4933,234.16562499999998,4270.481630256362,10,2026-07-25T20:02:47.012670+00:00,,
41,cpu,end_to_end,32,56,32,0.0071763,7.1763,224.259375,4459.12238897482,10,2026-07-25T20:02:47.012670+00:00,,
41,cpu,end_to_end,32,57,32,0.0072889,7.2889,227.778125,4390.237210004253,10,2026-07-25T20:02:47.012670+00:00,,
41,cpu,end_to_end,32,58,32,0.0073931,7.3931,231.03437499999998,4328.360227779957,10,2026-07-25T20:02:47.012670+00:00,,
41,cpu,end_to_end,32,59,32,0.0069268,6.9268,216.4625,4619.737829878154,10,2026-07-25T20:02:47.012670+00:00,,
41,cpu,end_to_end,32,60,32,0.0065056,6.5056,203.3,4918.839153959665,10,2026-07-25T20:02:47.012670+00:00,,
41,cpu,end_to_end,32,61,32,0.0071943,7.1943,224.821875,4447.96575066372,10,2026-07-25T20:02:47.012670+00:00,,
41,cpu,end_to_end,32,62,32,0.0074516,7.4516,232.8625,4294.379730527672,10,2026-07-25T20:02:47.012670+00:00,,
41,cpu,end_to_end,32,63,32,0.0071232,7.1232,222.6,4492.362982929021,10,2026-07-25T20:02:47.012670+00:00,,
41,cpu,end_to_end,32,64,32,0.0076229,7.6229000000000005,238.21562500000002,4197.877448215246,10,2026-07-25T20:02:47.012670+00:00,,
41,cpu,end_to_end,32,65,32,0.00701,7.01,219.0625,4564.90727532097,10,2026-07-25T20:02:47.012670+00:00,,
41,cpu,end_to_end,32,66,32,0.0069154,6.9154,216.10625000000002,4627.3534430401705,10,2026-07-25T20:02:47.012670+00:00,,
41,cpu,end_to_end,32,67,32,0.0068732,6.873200000000001,214.78750000000002,4655.764418320433,10,2026-07-25T20:02:47.012670+00:00,,
41,cpu,end_to_end,32,68,32,0.0075884,7.5884,237.13750000000002,4216.962732591851,10,2026-07-25T20:02:47.012670+00:00,,
41,cpu,end_to_end,32,69,32,0.007294,7.2940000000000005,227.9375,4387.167534960241,10,2026-07-25T20:02:47.012670+00:00,,
41,cpu,end_to_end,32,70,32,0.0070241,7.0241,219.503125,4555.743796358252,10,2026-07-25T20:02:47.012670+00:00,,
41,cpu,end_to_end,32,71,32,0.0071821,7.1821,224.440625,4455.521365617298,10,2026-07-25T20:02:47.012670+00:00,,
41,cpu,end_to_end,32,72,32,0.0071964,7.196400000000001,224.88750000000002,4446.667778333611,10,2026-07-25T20:02:47.012670+00:00,,
41,cpu,end_to_end,32,73,32,0.0074582,7.4582,233.06875,4290.579496393231,10,2026-07-25T20:02:47.012670+00:00,,
41,cpu,end_to_end,32,74,32,0.0071636,7.1636,223.8625,4467.027751409905,10,2026-07-25T20:02:47.012670+00:00,,
41,cpu,end_to_end,32,75,32,0.0078388,7.8388,244.9625,4082.25748839108,10,2026-07-25T20:02:47.012670+00:00,,
41,cpu,end_to_end,32,76,32,0.008183,8.183,255.71874999999997,3910.546254429916,10,2026-07-25T20:02:47.012670+00:00,,
41,cpu,end_to_end,32,77,32,0.0078916,7.8916,246.6125,4054.944497947184,10,2026-07-25T20:02:47.012670+00:00,,
41,cpu,end_to_end,32,78,32,0.0071167,7.1167,222.396875,4496.466058706985,10,2026-07-25T20:02:47.012670+00:00,,
41,cpu,end_to_end,32,79,32,0.0075786,7.5786,236.83124999999998,4222.415749610746,10,2026-07-25T20:02:47.012670+00:00,,
41,cpu,end_to_end,32,80,32,0.0076985,7.698499999999999,240.578125,4156.653893615639,10,2026-07-25T20:02:47.012670+00:00,,
41,cpu,end_to_end,32,81,32,0.0073195,7.3195,228.734375,4371.883325363755,10,2026-07-25T20:02:47.012670+00:00,,
41,cpu,end_to_end,32,82,32,0.0072227,7.222700000000001,225.70937500000002,4430.476137732427,10,2026-07-25T20:02:47.012670+00:00,,
41,cpu,end_to_end,32,83,32,0.0091627,9.1627,286.33437499999997,3492.4203564451527,10,2026-07-25T20:02:47.012670+00:00,,
41,cpu,end_to_end,32,84,32,0.0086174,8.6174,269.29375000000005,3713.4170399424415,10,2026-07-25T20:02:47.012670+00:00,,
41,cpu,end_to_end,32,85,32,0.0078825,7.8825,246.32812500000003,4059.625753250872,10,2026-07-25T20:02:47.012670+00:00,,
41,cpu,end_to_end,32,86,32,0.0080308,8.0308,250.96249999999998,3984.659062608956,10,2026-07-25T20:02:47.012670+00:00,,
41,cpu,end_to_end,32,87,32,0.0075388,7.5388,235.5875,4244.707380484958,10,2026-07-25T20:02:47.012670+00:00,,
41,cpu,end_to_end,32,88,32,0.0070221,7.0221,219.44062499999998,4557.041340909414,10,2026-07-25T20:02:47.012670+00:00,,
41,cpu,end_to_end,32,89,32,0.0075162,7.5161999999999995,234.88125,4257.470530321173,10,2026-07-25T20:02:47.012670+00:00,,
41,cpu,end_to_end,32,90,32,0.0075478,7.5478000000000005,235.86875,4239.645989559872,10,2026-07-25T20:02:47.012670+00:00,,
41,cpu,end_to_end,32,91,32,0.0064691,6.4691,202.159375,4946.59226167473,10,2026-07-25T20:02:47.012670+00:00,,
41,cpu,end_to_end,32,92,32,0.0070059,7.0059,218.934375,4567.578755049316,10,2026-07-25T20:02:47.012670+00:00,,
41,cpu,end_to_end,32,93,32,0.0075069,7.506900000000001,234.59062500000002,4262.744941320651,10,2026-07-25T20:02:47.012670+00:00,,
41,cpu,end_to_end,32,94,32,0.0075216,7.521599999999999,235.04999999999998,4254.413954477771,10,2026-07-25T20:02:47.012670+00:00,,
41,cpu,end_to_end,32,95,32,0.0070258,7.025799999999999,219.55624999999998,4554.641464317231,10,2026-07-25T20:02:47.012670+00:00,,
41,cpu,end_to_end,32,96,32,0.0070395,7.039499999999999,219.984375,4545.777398962995,10,2026-07-25T20:02:47.012670+00:00,,
41,cpu,end_to_end,32,97,32,0.0066867,6.6867,208.95937500000002,4785.619214261145,10,2026-07-25T20:02:47.012670+00:00,,
41,cpu,end_to_end,32,98,32,0.0070503,7.0503,220.321875,4538.8139511793825,10,2026-07-25T20:02:47.012670+00:00,,
41,cpu,end_to_end,32,99,32,0.0070839,7.0839,221.371875,4517.285675969452,10,2026-07-25T20:02:47.012670+00:00,,
41,cpu,model_only,256,0,256,0.0065312,6.5312,25.5125,39196.472317491425,10,2026-07-25T20:02:47.012670+00:00,,
41,cpu,model_only,256,1,256,0.0071638,7.163799999999999,27.983593749999997,35735.22432228705,10,2026-07-25T20:02:47.012670+00:00,,
41,cpu,model_only,256,2,256,0.0068949,6.8949,26.933203125,37128.89236972255,10,2026-07-25T20:02:47.012670+00:00,,
41,cpu,model_only,256,3,256,0.0072846,7.284599999999999,28.455468749999998,35142.62965708481,10,2026-07-25T20:02:47.012670+00:00,,
41,cpu,model_only,256,4,256,0.006745,6.745,26.34765625,37954.040029651595,10,2026-07-25T20:02:47.012670+00:00,,
41,cpu,model_only,256,5,256,0.00712,7.119999999999999,27.8125,35955.05617977528,10,2026-07-25T20:02:47.012670+00:00,,
41,cpu,model_only,256,6,256,0.0063379,6.337899999999999,24.757421875,40391.92792565361,10,2026-07-25T20:02:47.012670+00:00,,
41,cpu,model_only,256,7,256,0.006449,6.449,25.19140625,39696.076911149015,10,2026-07-25T20:02:47.012670+00:00,,
41,cpu,model_only,256,8,256,0.0065841,6.5841,25.719140624999998,38881.54797162862,10,2026-07-25T20:02:47.012670+00:00,,
41,cpu,model_only,256,9,256,0.0064409,6.4409,25.159765625000002,39745.99823006101,10,2026-07-25T20:02:47.012670+00:00,,
41,cpu,model_only,256,10,256,0.0073477,7.347700000000001,28.701953125000003,34840.834546865,10,2026-07-25T20:02:47.012670+00:00,,
41,cpu,model_only,256,11,256,0.0066433,6.6433,25.950390625,38535.06540424187,10,2026-07-25T20:02:47.012670+00:00,,
41,cpu,model_only,256,12,256,0.0067847,6.7847,26.502734375000003,37731.955723908206,10,2026-07-25T20:02:47.012670+00:00,,
41,cpu,model_only,256,13,256,0.0065908,6.5908,25.7453125,38842.022212781456,10,2026-07-25T20:02:47.012670+00:00,,
41,cpu,model_only,256,14,256,0.0066386,6.638599999999999,25.932031249999998,38562.347482903024,10,2026-07-25T20:02:47.012670+00:00,,
41,cpu,model_only,256,15,256,0.0067003,6.7003,26.173046875,38207.24445174097,10,2026-07-25T20:02:47.012670+00:00,,
41,cpu,model_only,256,16,256,0.0064404,6.4403999999999995,25.1578125,39749.08390783181,10,2026-07-25T20:02:47.012670+00:00,,
41,cpu,model_only,256,17,256,0.0070611,7.0611,27.582421874999998,36254.9744374106,10,2026-07-25T20:02:47.012670+00:00,,
41,cpu,model_only,256,18,256,0.006724,6.724,26.265625,38072.5758477097,10,2026-07-25T20:02:47.012670+00:00,,
41,cpu,model_only,256,19,256,0.0076189,7.6189,29.761328125,33600.65101261337,10,2026-07-25T20:02:47.012670+00:00,,
41,cpu,model_only,256,20,256,0.0069073,6.9073,26.981640625,37062.23850129573,10,2026-07-25T20:02:47.012670+00:00,,
41,cpu,model_only,256,21,256,0.0072546,7.2546,28.33828125,35287.955228406805,10,2026-07-25T20:02:47.012670+00:00,,
41,cpu,model_only,256,22,256,0.0071719,7.1719,28.015234375000002,35694.86468021027,10,2026-07-25T20:02:47.012670+00:00,,
41,cpu,model_only,256,23,256,0.0068479,6.847899999999999,26.749609375,37383.7234772704,10,2026-07-25T20:02:47.012670+00:00,,
41,cpu,model_only,256,24,256,0.0068376,6.8376,26.709375,37440.03744003744,10,2026-07-25T20:02:47.012670+00:00,,
41,cpu,model_only,256,25,256,0.0066619,6.6619,26.023046875000002,38427.47564508623,10,2026-07-25T20:02:47.012670+00:00,,
41,cpu,model_only,256,26,256,0.0075351,7.5351,29.433984375,33974.33345277435,10,2026-07-25T20:02:47.012670+00:00,,
41,cpu,model_only,256,27,256,0.0066523,6.6523,25.985546875,38482.93071569232,10,2026-07-25T20:02:47.012670+00:00,,
41,cpu,model_only,256,28,256,0.0071251,7.1251,27.832421874999998,35929.32029024154,10,2026-07-25T20:02:47.012670+00:00,,
41,cpu,model_only,256,29,256,0.0065813,6.5813,25.708203125,38898.09004300062,10,2026-07-25T20:02:47.012670+00:00,,
41,cpu,model_only,256,30,256,0.0067678,6.7678,26.43671875,37826.17689648039,10,2026-07-25T20:02:47.012670+00:00,,
41,cpu,model_only,256,31,256,0.0067514,6.7514,26.372656250000002,37918.061439108926,10,2026-07-25T20:02:47.012670+00:00,,
41,cpu,model_only,256,32,256,0.0063281,6.3281,24.719140624999998,40454.480807825414,10,2026-07-25T20:02:47.012670+00:00,,
41,cpu,model_only,256,33,256,0.0071992,7.1992,28.121875,35559.50661184576,10,2026-07-25T20:02:47.012670+00:00,,
41,cpu,model_only,256,34,256,0.0069472,6.9472,27.1375,36849.37816674344,10,2026-07-25T20:02:47.012670+00:00,,
41,cpu,model_only,256,35,256,0.0078221,7.8221,30.555078125,32727.784098899272,10,2026-07-25T20:02:47.012670+00:00,,
41,cpu,model_only,256,36,256,0.0067731,6.7730999999999995,26.457421874999998,37796.577638009185,10,2026-07-25T20:02:47.012670+00:00,,
41,cpu,model_only,256,37,256,0.0072257,7.2257,28.225390625,35429.09337503633,10,2026-07-25T20:02:47.012670+00:00,,
41,cpu,model_only,256,38,256,0.0068754,6.8754,26.857031250000002,37234.197283067166,10,2026-07-25T20:02:47.012670+00:00,,
41,cpu,model_only,256,39,256,0.0067579,6.7579,26.398046875,37881.59043489842,10,2026-07-25T20:02:47.012670+00:00,,
41,cpu,model_only,256,40,256,0.0076133,7.6133,29.739453125,33625.36613557853,10,2026-07-25T20:02:47.012670+00:00,,
41,cpu,model_only,256,41,256,0.0066939,6.6939,26.148046875,38243.77418246463,10,2026-07-25T20:02:47.012670+00:00,,
41,cpu,model_only,256,42,256,0.0071452,7.1452,27.9109375,35828.24833454627,10,2026-07-25T20:02:47.012670+00:00,,
41,cpu,model_only,256,43,256,0.0067817,6.7817,26.491015625,37748.64709438636,10,2026-07-25T20:02:47.012670+00:00,,
41,cpu,model_only,256,44,256,0.0075441,7.544099999999999,29.469140624999998,33933.802574197056,10,2026-07-25T20:02:47.012670+00:00,,
41,cpu,model_only,256,45,256,0.0065187,6.5187,25.463671875,39271.633914737606,10,2026-07-25T20:02:47.012670+00:00,,
41,cpu,model_only,256,46,256,0.006634,6.634,25.9140625,38589.08652396744,10,2026-07-25T20:02:47.012670+00:00,,
41,cpu,model_only,256,47,256,0.0066354,6.6354,25.91953125,38580.94463031618,10,2026-07-25T20:02:47.012670+00:00,,
41,cpu,model_only,256,48,256,0.0065611,6.561100000000001,25.629296875,39017.84761701544,10,2026-07-25T20:02:47.012670+00:00,,
41,cpu,model_only,256,49,256,0.0068247,6.8247,26.658984375000003,37510.80633580963,10,2026-07-25T20:02:47.012670+00:00,,
41,cpu,model_only,256,50,256,0.0067034,6.7034,26.18515625,38189.575439329295,10,2026-07-25T20:02:47.012670+00:00,,
41,cpu,model_only,256,51,256,0.0069445,6.944500000000001,27.126953125,36863.705090359275,10,2026-07-25T20:02:47.012670+00:00,,
41,cpu,model_only,256,52,256,0.0067718,6.7718,26.452343749999997,37803.833544995425,10,2026-07-25T20:02:47.012670+00:00,,
41,cpu,model_only,256,53,256,0.0070967,7.0967,27.721484375,36073.10440063691,10,2026-07-25T20:02:47.012670+00:00,,
41,cpu,model_only,256,54,256,0.0073471,7.347099999999999,28.699609374999998,34843.67981924841,10,2026-07-25T20:02:47.012670+00:00,,
41,cpu,model_only,256,55,256,0.0067609,6.7609,26.409765625000002,37864.78131609697,10,2026-07-25T20:02:47.012670+00:00,,
41,cpu,model_only,256,56,256,0.0070785,7.0785,27.650390625,36165.85434767253,10,2026-07-25T20:02:47.012670+00:00,,
41,cpu,model_only,256,57,256,0.0068762,6.8762,26.86015625,37229.86533259649,10,2026-07-25T20:02:47.012670+00:00,,
41,cpu,model_only,256,58,256,0.0071356,7.1356,27.873437499999998,35876.45047368126,10,2026-07-25T20:02:47.012670+00:00,,
41,cpu,model_only,256,59,256,0.0068256,6.8256000000000006,26.6625,37505.86029067042,10,2026-07-25T20:02:47.012670+00:00,,
41,cpu,model_only,256,60,256,0.0072958,7.2958,28.49921875,35088.681159023,10,2026-07-25T20:02:47.012670+00:00,,
41,cpu,model_only,256,61,256,0.0066275,6.6274999999999995,25.888671875,38626.93323274236,10,2026-07-25T20:02:47.012670+00:00,,
41,cpu,model_only,256,62,256,0.0067932,6.7932,26.5359375,37684.743567096506,10,2026-07-25T20:02:47.012670+00:00,,
41,cpu,model_only,256,63,256,0.006777,6.777,26.47265625,37774.82661944813,10,2026-07-25T20:02:47.012670+00:00,,
41,cpu,model_only,256,64,256,0.0066935,6.6935,26.146484375,38246.059610069475,10,2026-07-25T20:02:47.012670+00:00,,
41,cpu,model_only,256,65,256,0.0069562,6.9562,27.17265625,36801.702078721144,10,2026-07-25T20:02:47.012670+00:00,,
41,cpu,model_only,256,66,256,0.0067193,6.7193000000000005,26.247265625,38099.2067626092,10,2026-07-25T20:02:47.012670+00:00,,
41,cpu,model_only,256,67,256,0.0071979,7.1979,28.116796875000002,35565.92895149974,10,2026-07-25T20:02:47.012670+00:00,,
41,cpu,model_only,256,68,256,0.0069533,6.9533,27.161328125,36817.050896696535,10,2026-07-25T20:02:47.012670+00:00,,
41,cpu,model_only,256,69,256,0.0068412,6.841200000000001,26.723437500000003,37420.335613635034,10,2026-07-25T20:02:47.012670+00:00,,
41,cpu,model_only,256,70,256,0.0067697,6.7697,26.444140625,37815.560512282675,10,2026-07-25T20:02:47.012670+00:00,,
41,cpu,model_only,256,71,256,0.0067271,6.7271,26.277734374999998,38055.0311426915,10,2026-07-25T20:02:47.012670+00:00,,
41,cpu,model_only,256,72,256,0.0069736,6.9736,27.240625,36709.87725134794,10,2026-07-25T20:02:47.012670+00:00,,
41,cpu,model_only,256,73,256,0.0067776,6.7776,26.475,37771.48253068933,10,2026-07-25T20:02:47.012670+00:00,,
41,cpu,model_only,256,74,256,0.0072039,7.2039,28.140234375,35536.3067227474,10,2026-07-25T20:02:47.012670+00:00,,
41,cpu,model_only,256,75,256,0.0065463,6.5463,25.571484374999997,39106.05991170585,10,2026-07-25T20:02:47.012670+00:00,,
41,cpu,model_only,256,76,256,0.0067983,6.7983,26.555859375,37656.47294176485,10,2026-07-25T20:02:47.012670+00:00,,
41,cpu,model_only,256,77,256,0.0068552,6.8552,26.778125,37343.91410899755,10,2026-07-25T20:02:47.012670+00:00,,
41,cpu,model_only,256,78,256,0.0065858,6.5858,25.72578125,38871.51143369067,10,2026-07-25T20:02:47.012670+00:00,,
41,cpu,model_only,256,79,256,0.0071097,7.1097,27.772265625,36007.14516786925,10,2026-07-25T20:02:47.012670+00:00,,
41,cpu,model_only,256,80,256,0.0068538,6.853800000000001,26.77265625,37351.542210160784,10,2026-07-25T20:02:47.012670+00:00,,
41,cpu,model_only,256,81,256,0.0071275,7.1275,27.841796875,35917.22202735882,10,2026-07-25T20:02:47.012670+00:00,,
41,cpu,model_only,256,82,256,0.0067884,6.7884,26.5171875,37711.39001826645,10,2026-07-25T20:02:47.012670+00:00,,
41,cpu,model_only,256,83,256,0.0074467,7.4467,29.088671875,34377.643788523776,10,2026-07-25T20:02:47.012670+00:00,,
41,cpu,model_only,256,84,256,0.006652,6.652,25.984375,38484.66626578473,10,2026-07-25T20:02:47.012670+00:00,,
41,cpu,model_only,256,85,256,0.0071587,7.1587,27.963671875,35760.68280553732,10,2026-07-25T20:02:47.012670+00:00,,
41,cpu,model_only,256,86,256,0.0068652,6.8652,26.8171875,37289.51814950766,10,2026-07-25T20:02:47.012670+00:00,,
41,cpu,model_only,256,87,256,0.0064502,6.4502,25.19609375,39688.69182350935,10,2026-07-25T20:02:47.012670+00:00,,
41,cpu,model_only,256,88,256,0.0072806,7.2806,28.43984375,35161.93720297778,10,2026-07-25T20:02:47.012670+00:00,,
41,cpu,model_only,256,89,256,0.006604,6.603999999999999,25.796875,38764.38522107813,10,2026-07-25T20:02:47.012670+00:00,,
41,cpu,model_only,256,90,256,0.0068787,6.878699999999999,26.869921875,37216.33448180616,10,2026-07-25T20:02:47.012670+00:00,,
41,cpu,model_only,256,91,256,0.0067756,6.7756,26.467187499999998,37782.631796446076,10,2026-07-25T20:02:47.012670+00:00,,
41,cpu,model_only,256,92,256,0.0069437,6.9437,27.123828125,36867.95224448061,10,2026-07-25T20:02:47.012670+00:00,,
41,cpu,model_only,256,93,256,0.0067905,6.7905,26.525390625,37699.727560562555,10,2026-07-25T20:02:47.012670+00:00,,
41,cpu,model_only,256,94,256,0.0067065,6.7065,26.197265625,38171.92276150004,10,2026-07-25T20:02:47.012670+00:00,,
41,cpu,model_only,256,95,256,0.0069975,6.9975000000000005,27.333984375,36584.494462307965,10,2026-07-25T20:02:47.012670+00:00,,
41,cpu,model_only,256,96,256,0.0074655,7.4655,29.162109375,34291.07226575581,10,2026-07-25T20:02:47.012670+00:00,,
41,cpu,model_only,256,97,256,0.007265,7.265,28.37890625,35237.439779766006,10,2026-07-25T20:02:47.012670+00:00,,
41,cpu,model_only,256,98,256,0.0067904,6.7904,26.525000000000002,37700.28275212064,10,2026-07-25T20:02:47.012670+00:00,,
41,cpu,model_only,256,99,256,0.0071644,7.1644,27.9859375,35732.23158952599,10,2026-07-25T20:02:47.012670+00:00,,
41,cpu,end_to_end,256,0,256,0.0068293,6.8293,26.676953125,37485.540245706004,10,2026-07-25T20:02:47.012670+00:00,,
41,cpu,end_to_end,256,1,256,0.0067198,6.719799999999999,26.24921875,38096.37191583083,10,2026-07-25T20:02:47.012670+00:00,,
41,cpu,end_to_end,256,2,256,0.0070994,7.099399999999999,27.73203125,36059.385300166214,10,2026-07-25T20:02:47.012670+00:00,,
41,cpu,end_to_end,256,3,256,0.0066899,6.689900000000001,26.132421875000002,38266.640756961984,10,2026-07-25T20:02:47.012670+00:00,,
41,cpu,end_to_end,256,4,256,0.0069943,6.9943,27.321484375,36601.2324321233,10,2026-07-25T20:02:47.012670+00:00,,
41,cpu,end_to_end,256,5,256,0.0068902,6.8902,26.91484375,37154.21903573191,10,2026-07-25T20:02:47.012670+00:00,,
41,cpu,end_to_end,256,6,256,0.0070923,7.0923,27.704296875,36095.483834581166,10,2026-07-25T20:02:47.012670+00:00,,
41,cpu,end_to_end,256,7,256,0.0068513,6.8513,26.762890625,37365.171573278065,10,2026-07-25T20:02:47.012670+00:00,,
41,cpu,end_to_end,256,8,256,0.0065862,6.586200000000001,25.727343750000003,38869.15064832528,10,2026-07-25T20:02:47.012670+00:00,,
41,cpu,end_to_end,256,9,256,0.0071595,7.1595,27.966796875,35756.686919477615,10,2026-07-25T20:02:47.012670+00:00,,
41,cpu,end_to_end,256,10,256,0.0067312,6.731199999999999,26.29375,38031.85167577847,10,2026-07-25T20:02:47.012670+00:00,,
41,cpu,end_to_end,256,11,256,0.0068885,6.8885,26.908203125,37163.38825578863,10,2026-07-25T20:02:47.012670+00:00,,
41,cpu,end_to_end,256,12,256,0.0066809,6.6809,26.097265625,38318.190662934634,10,2026-07-25T20:02:47.012670+00:00,,
41,cpu,end_to_end,256,13,256,0.0067728,6.7728,26.45625,37798.25183085282,10,2026-07-25T20:02:47.012670+00:00,,
41,cpu,end_to_end,256,14,256,0.0070202,7.0202,27.42265625,36466.19754422951,10,2026-07-25T20:02:47.012670+00:00,,
41,cpu,end_to_end,256,15,256,0.0072873,7.2873,28.466015625,35129.60904587433,10,2026-07-25T20:02:47.012670+00:00,,
41,cpu,end_to_end,256,16,256,0.0070827,7.0827,27.666796875,36144.40820591018,10,2026-07-25T20:02:47.012670+00:00,,
41,cpu,end_to_end,256,17,256,0.0075974,7.5973999999999995,29.67734375,33695.73801563693,10,2026-07-25T20:02:47.012670+00:00,,
41,cpu,end_to_end,256,18,256,0.0077901,7.790100000000001,30.430078125,32862.22256453704,10,2026-07-25T20:02:47.012670+00:00,,
41,cpu,end_to_end,256,19,256,0.0079565,7.9565,31.080078125,32174.951297681142,10,2026-07-25T20:02:47.012670+00:00,,
41,cpu,end_to_end,256,20,256,0.0072566,7.256600000000001,28.34609375,35278.22947385828,10,2026-07-25T20:02:47.012670+00:00,,
41,cpu,end_to_end,256,21,256,0.0076177,7.6177,29.756640625,33605.94405135408,10,2026-07-25T20:02:47.012670+00:00,,
41,cpu,end_to_end,256,22,256,0.0073281,7.3281,28.625390624999998,34934.02109687368,10,2026-07-25T20:02:47.012670+00:00,,
41,cpu,end_to_end,256,23,256,0.0075565,7.5565,29.517578125,33878.11817640442,10,2026-07-25T20:02:47.012670+00:00,,
41,cpu,end_to_end,256,24,256,0.0069614,6.9614,27.192968750000002,36774.21208377625,10,2026-07-25T20:02:47.012670+00:00,,
41,cpu,end_to_end,256,25,256,0.007799,7.799,30.46484375,32824.721118092064,10,2026-07-25T20:02:47.012670+00:00,,
41,cpu,end_to_end,256,26,256,0.0083942,8.3942,32.789843749999996,30497.24809987849,10,2026-07-25T20:02:47.012670+00:00,,
41,cpu,end_to_end,256,27,256,0.0088792,8.8792,34.684375,28831.42625461753,10,2026-07-25T20:02:47.012670+00:00,,
41,cpu,end_to_end,256,28,256,0.0085677,8.567699999999999,33.467578124999996,29879.66432064615,10,2026-07-25T20:02:47.012670+00:00,,
41,cpu,end_to_end,256,29,256,0.0090019,9.001900000000001,35.163671875,28438.44077361446,10,2026-07-25T20:02:47.012670+00:00,,
41,cpu,end_to_end,256,30,256,0.0083552,8.3552,32.6375,30639.60168517809,10,2026-07-25T20:02:47.012670+00:00,,
41,cpu,end_to_end,256,31,256,0.009183,9.183,35.87109375,27877.5999128825,10,2026-07-25T20:02:47.012670+00:00,,
41,cpu,end_to_end,256,32,256,0.0080014,8.0014,31.255468750000002,31994.40097982853,10,2026-07-25T20:02:47.012670+00:00,,
41,cpu,end_to_end,256,33,256,0.0080665,8.066500000000001,31.509765625000004,31736.192896547447,10,2026-07-25T20:02:47.012670+00:00,,
41,cpu,end_to_end,256,34,256,0.0080281,8.0281,31.359765624999998,31887.993423101358,10,2026-07-25T20:02:47.012670+00:00,,
41,cpu,end_to_end,256,35,256,0.0080078,8.007800000000001,31.280468750000004,31968.83039036939,10,2026-07-25T20:02:47.012670+00:00,,
41,cpu,end_to_end,256,36,256,0.0091579,9.1579,35.773046875,27954.00692298453,10,2026-07-25T20:02:47.012670+00:00,,
41,cpu,end_to_end,256,37,256,0.0065717,6.5717,25.670703125,38954.91273186542,10,2026-07-25T20:02:47.012670+00:00,,
41,cpu,end_to_end,256,38,256,0.007431,7.431,29.02734375,34450.27587134975,10,2026-07-25T20:02:47.012670+00:00,,
41,cpu,end_to_end,256,39,256,0.0072193,7.2193,28.200390624999997,35460.50171069217,10,2026-07-25T20:02:47.012670+00:00,,
41,cpu,end_to_end,256,40,256,0.0068478,6.8478,26.74921875,37384.269400391364,10,2026-07-25T20:02:47.012670+00:00,,
41,cpu,end_to_end,256,41,256,0.0070459,7.0459,27.523046875,36333.1866759392,10,2026-07-25T20:02:47.012670+00:00,,
41,cpu,end_to_end,256,42,256,0.0069758,6.9758,27.24921875,36698.299836577884,10,2026-07-25T20:02:47.012670+00:00,,
41,cpu,end_to_end,256,43,256,0.0065956,6.5956,25.7640625,38813.75462429498,10,2026-07-25T20:02:47.012670+00:00,,
41,cpu,end_to_end,256,44,256,0.0070224,7.0224,27.43125,36454.773296878564,10,2026-07-25T20:02:47.012670+00:00,,
41,cpu,end_to_end,256,45,256,0.0069929,6.9929,27.316015625,36608.5601109697,10,2026-07-25T20:02:47.012670+00:00,,
41,cpu,end_to_end,256,46,256,0.006959,6.959,27.18359375,36786.89466877425,10,2026-07-25T20:02:47.012670+00:00,,
41,cpu,end_to_end,256,47,256,0.006789,6.789,26.51953125,37708.05715127412,10,2026-07-25T20:02:47.012670+00:00,,
41,cpu,end_to_end,256,48,256,0.0073135,7.3134999999999994,28.568359375,35003.76016954947,10,2026-07-25T20:02:47.012670+00:00,,
41,cpu,end_to_end,256,49,256,0.006553,6.553,25.59765625,39066.07660613459,10,2026-07-25T20:02:47.012670+00:00,,
41,cpu,end_to_end,256,50,256,0.0070847,7.0847,27.674609375,36134.20469462362,10,2026-07-25T20:02:47.012670+00:00,,
41,cpu,end_to_end,256,51,256,0.006971,6.971,27.23046875,36723.56907186918,10,2026-07-25T20:02:47.012670+00:00,,
41,cpu,end_to_end,256,52,256,0.0075225,7.5225,29.384765625,34031.23961448987,10,2026-07-25T20:02:47.012670+00:00,,
41,cpu,end_to_end,256,53,256,0.0073329,7.3328999999999995,28.644140625,34911.15384090878,10,2026-07-25T20:02:47.012670+00:00,,
41,cpu,end_to_end,256,54,256,0.0068334,6.8334,26.69296875,37463.04914098399,10,2026-07-25T20:02:47.012670+00:00,,
41,cpu,end_to_end,256,55,256,0.0064808,6.4808,25.315625,39501.296136279474,10,2026-07-25T20:02:47.012670+00:00,,
41,cpu,end_to_end,256,56,256,0.0071634,7.1634,27.982031250000002,35737.219755981794,10,2026-07-25T20:02:47.012670+00:00,,
41,cpu,end_to_end,256,57,256,0.0069015,6.9014999999999995,26.958984375,37093.38549590669,10,2026-07-25T20:02:47.012670+00:00,,
41,cpu,end_to_end,256,58,256,0.0080782,8.0782,31.555468750000003,31690.228021093804,10,2026-07-25T20:02:47.012670+00:00,,
41,cpu,end_to_end,256,59,256,0.0075081,7.5081,29.328515625,34096.50910350155,10,2026-07-25T20:02:47.012670+00:00,,
41,cpu,end_to_end,256,60,256,0.0074478,7.4478,29.09296875,34372.56639544563,10,2026-07-25T20:02:47.012670+00:00,,
41,cpu,end_to_end,256,61,256,0.0073161,7.3161,28.578515624999998,34991.320512294806,10,2026-07-25T20:02:47.012670+00:00,,
41,cpu,end_to_end,256,62,256,0.0078652,7.865199999999999,30.723437499999996,32548.44123480649,10,2026-07-25T20:02:47.012670+00:00,,
41,cpu,end_to_end,256,63,256,0.0070636,7.0636,27.592187499999998,36242.14281669404,10,2026-07-25T20:02:47.012670+00:00,,
41,cpu,end_to_end,256,64,256,0.0075461,7.5461,29.476953125,33924.80884165331,10,2026-07-25T20:02:47.012670+00:00,,
41,cpu,end_to_end,256,65,256,0.0064846,6.4846,25.33046875,39478.148228109676,10,2026-07-25T20:02:47.012670+00:00,,
41,cpu,end_to_end,256,66,256,0.0068364,6.8364,26.704687500000002,37446.60932654613,10,2026-07-25T20:02:47.012670+00:00,,
41,cpu,end_to_end,256,67,256,0.006532,6.532,25.515625,39191.67176974893,10,2026-07-25T20:02:47.012670+00:00,,
41,cpu,end_to_end,256,68,256,0.007203,7.203,28.13671875,35540.7469110093,10,2026-07-25T20:02:47.012670+00:00,,
41,cpu,end_to_end,256,69,256,0.0072064,7.2064,28.15,35523.97868561279,10,2026-07-25T20:02:47.012670+00:00,,
41,cpu,end_to_end,256,70,256,0.0067375,6.737500000000001,26.318359375,37996.28942486085,10,2026-07-25T20:02:47.012670+00:00,,
41,cpu,end_to_end,256,71,256,0.008163,8.163,31.88671875,31361.019233125076,10,2026-07-25T20:02:47.012670+00:00,,
41,cpu,end_to_end,256,72,256,0.0070247,7.0247,27.440234375,36442.83741654448,10,2026-07-25T20:02:47.012670+00:00,,
41,cpu,end_to_end,256,73,256,0.0073431,7.3431,28.683984375,34862.66018439079,10,2026-07-25T20:02:47.012670+00:00,,
41,cpu,end_to_end,256,74,256,0.0069022,6.9022,26.96171875,37089.623598273014,10,2026-07-25T20:02:47.012670+00:00,,
41,cpu,end_to_end,256,75,256,0.0076048,7.6048,29.70625,33662.94971596886,10,2026-07-25T20:02:47.012670+00:00,,
41,cpu,end_to_end,256,76,256,0.0066108,6.6108,25.8234375,38724.51140557875,10,2026-07-25T20:02:47.012670+00:00,,
41,cpu,end_to_end,256,77,256,0.0073834,7.3834,28.84140625,34672.37316141615,10,2026-07-25T20:02:47.012670+00:00,,
41,cpu,end_to_end,256,78,256,0.0066841,6.6841,26.109765625,38299.84590296375,10,2026-07-25T20:02:47.012670+00:00,,
41,cpu,end_to_end,256,79,256,0.0067986,6.7986,26.55703125,37654.81128467626,10,2026-07-25T20:02:47.012670+00:00,,
41,cpu,end_to_end,256,80,256,0.0071913,7.1913,28.091015625,35598.570494903564,10,2026-07-25T20:02:47.012670+00:00,,
41,cpu,end_to_end,256,81,256,0.0065245,6.5245,25.486328125,39236.723120545634,10,2026-07-25T20:02:47.012670+00:00,,
41,cpu,end_to_end,256,82,256,0.0078035,7.8035,30.482421875,32805.79227269815,10,2026-07-25T20:02:47.012670+00:00,,
41,cpu,end_to_end,256,83,256,0.0070663,7.0663,27.602734375,36228.29486435617,10,2026-07-25T20:02:47.012670+00:00,,
41,cpu,end_to_end,256,84,256,0.0074505,7.4505,29.103515625,34360.110059727536,10,2026-07-25T20:02:47.012670+00:00,,
41,cpu,end_to_end,256,85,256,0.0067107,6.7107,26.213671875,38148.03224700851,10,2026-07-25T20:02:47.012670+00:00,,
41,cpu,end_to_end,256,86,256,0.0069577,6.9577,27.178515625,36793.76805553559,10,2026-07-25T20:02:47.012670+00:00,,
41,cpu,end_to_end,256,87,256,0.0068055,6.8055,26.583984375,37616.63360517229,10,2026-07-25T20:02:47.012670+00:00,,
41,cpu,end_to_end,256,88,256,0.0076351,7.6350999999999996,29.824609374999998,33529.35783421304,10,2026-07-25T20:02:47.012670+00:00,,
41,cpu,end_to_end,256,89,256,0.0070693,7.0693,27.614453124999997,36212.92065692502,10,2026-07-25T20:02:47.012670+00:00,,
41,cpu,end_to_end,256,90,256,0.0070021,7.0020999999999995,27.351953124999998,36560.460433298584,10,2026-07-25T20:02:47.012670+00:00,,
41,cpu,end_to_end,256,91,256,0.00735,7.35,28.7109375,34829.93197278912,10,2026-07-25T20:02:47.012670+00:00,,
41,cpu,end_to_end,256,92,256,0.0071429,7.1429,27.901953125,35839.784961290236,10,2026-07-25T20:02:47.012670+00:00,,
41,cpu,end_to_end,256,93,256,0.0072111,7.2111,28.168359374999998,35500.825116833774,10,2026-07-25T20:02:47.012670+00:00,,
41,cpu,end_to_end,256,94,256,0.0070434,7.0434,27.51328125,36346.08285771077,10,2026-07-25T20:02:47.012670+00:00,,
41,cpu,end_to_end,256,95,256,0.0068626,6.8626,26.80703125,37303.64584851223,10,2026-07-25T20:02:47.012670+00:00,,
41,cpu,end_to_end,256,96,256,0.0069338,6.933800000000001,27.08515625,36920.59188323862,10,2026-07-25T20:02:47.012670+00:00,,
41,cpu,end_to_end,256,97,256,0.006766,6.766,26.4296875,37836.240023647646,10,2026-07-25T20:02:47.012670+00:00,,
41,cpu,end_to_end,256,98,256,0.0072246,7.224600000000001,28.22109375,35434.48772250367,10,2026-07-25T20:02:47.012670+00:00,,
41,cpu,end_to_end,256,99,256,0.0068637,6.863700000000001,26.811328125000003,37297.66743884494,10,2026-07-25T20:02:47.012670+00:00,,
41,cpu,model_only,512,0,512,0.0071503,7.1503,13.9654296875,71605.38718655161,10,2026-07-25T20:02:47.012670+00:00,,
41,cpu,model_only,512,1,512,0.0068171,6.817100000000001,13.3146484375,75105.25003300523,10,2026-07-25T20:02:47.012670+00:00,,
41,cpu,model_only,512,2,512,0.007069,7.069,13.806640625,72428.91498090254,10,2026-07-25T20:02:47.012670+00:00,,
41,cpu,model_only,512,3,512,0.0071966,7.1966,14.055859375,71144.70722285524,10,2026-07-25T20:02:47.012670+00:00,,
41,cpu,model_only,512,4,512,0.0072572,7.2572,14.17421875,70550.62558562531,10,2026-07-25T20:02:47.012670+00:00,,
41,cpu,model_only,512,5,512,0.0072978,7.2978000000000005,14.253515625,70158.12984735126,10,2026-07-25T20:02:47.012670+00:00,,
41,cpu,model_only,512,6,512,0.0069196,6.9196,13.514843749999999,73992.71634198508,10,2026-07-25T20:02:47.012670+00:00,,
41,cpu,model_only,512,7,512,0.0075523,7.5523,14.750585937499999,67793.91708486158,10,2026-07-25T20:02:47.012670+00:00,,
41,cpu,model_only,512,8,512,0.0066921,6.6921,13.0705078125,76508.12151641487,10,2026-07-25T20:02:47.012670+00:00,,
41,cpu,model_only,512,9,512,0.0069065,6.9065,13.4892578125,74133.06305654094,10,2026-07-25T20:02:47.012670+00:00,,
41,cpu,model_only,512,10,512,0.0066737,6.6737,13.034570312500001,76719.0613902333,10,2026-07-25T20:02:47.012670+00:00,,
41,cpu,model_only,512,11,512,0.0069091,6.9091,13.494335937499999,74105.16565109784,10,2026-07-25T20:02:47.012670+00:00,,
41,cpu,model_only,512,12,512,0.0068494,6.8494,13.377734375000001,74751.07308669372,10,2026-07-25T20:02:47.012670+00:00,,
41,cpu,model_only,512,13,512,0.0067177,6.7177,13.1205078125,76216.56221623473,10,2026-07-25T20:02:47.012670+00:00,,
41,cpu,model_only,512,14,512,0.0072147,7.2147,14.0912109375,70966.22174172176,10,2026-07-25T20:02:47.012670+00:00,,
41,cpu,model_only,512,15,512,0.0066988,6.6988,13.08359375,76431.59968949662,10,2026-07-25T20:02:47.012670+00:00,,
41,cpu,model_only,512,16,512,0.0074176,7.4176,14.487499999999999,69025.02157031924,10,2026-07-25T20:02:47.012670+00:00,,
41,cpu,model_only,512,17,512,0.006526,6.526,12.74609375,78455.40913269998,10,2026-07-25T20:02:47.012670+00:00,,
41,cpu,model_only,512,18,512,0.0074219,7.4219,14.495898437500001,68985.03078726471,10,2026-07-25T20:02:47.012670+00:00,,
41,cpu,model_only,512,19,512,0.0072495,7.2495,14.1591796875,70625.56038347473,10,2026-07-25T20:02:47.012670+00:00,,
41,cpu,model_only,512,20,512,0.0066973,6.697299999999999,13.0806640625,76448.71814014603,10,2026-07-25T20:02:47.012670+00:00,,
41,cpu,model_only,512,21,512,0.0073726,7.3726,14.399609375,69446.32829666603,10,2026-07-25T20:02:47.012670+00:00,,
41,cpu,model_only,512,22,512,0.0077344,7.7344,15.10625,66197.76582540339,10,2026-07-25T20:02:47.012670+00:00,,
41,cpu,model_only,512,23,512,0.0078089,7.8088999999999995,15.2517578125,65566.21291090935,10,2026-07-25T20:02:47.012670+00:00,,
41,cpu,model_only,512,24,512,0.0084714,8.471400000000001,16.545703125,60438.65240692211,10,2026-07-25T20:02:47.012670+00:00,,
41,cpu,model_only,512,25,512,0.0072622,7.2622,14.183984375,70502.05171986451,10,2026-07-25T20:02:47.012670+00:00,,
41,cpu,model_only,512,26,512,0.0077912,7.7912,15.2171875,65715.16582811376,10,2026-07-25T20:02:47.012670+00:00,,
41,cpu,model_only,512,27,512,0.0083054,8.305399999999999,16.221484375,61646.63953572375,10,2026-07-25T20:02:47.012670+00:00,,
41,cpu,model_only,512,28,512,0.0071906,7.1906,14.044140625,71204.07198286652,10,2026-07-25T20:02:47.012670+00:00,,
41,cpu,model_only,512,29,512,0.0072267,7.2267,14.1146484375,70848.38169565638,10,2026-07-25T20:02:47.012670+00:00,,
41,cpu,model_only,512,30,512,0.0074031,7.4031,14.4591796875,69160.21666599128,10,2026-07-25T20:02:47.012670+00:00,,
41,cpu,model_only,512,31,512,0.0073957,7.3957,14.4447265625,69229.41709371662,10,2026-07-25T20:02:47.012670+00:00,,
41,cpu,model_only,512,32,512,0.0065838,6.5838,12.858984375,77766.63932683253,10,2026-07-25T20:02:47.012670+00:00,,
41,cpu,model_only,512,33,512,0.0075376,7.5376,14.721875,67926.13033326257,10,2026-07-25T20:02:47.012670+00:00,,
41,cpu,model_only,512,34,512,0.0076594,7.659400000000001,14.959765625000001,66845.96704702718,10,2026-07-25T20:02:47.012670+00:00,,
41,cpu,model_only,512,35,512,0.0077807,7.7806999999999995,15.1966796875,65803.8479828293,10,2026-07-25T20:02:47.012670+00:00,,
41,cpu,model_only,512,36,512,0.0074268,7.4268,14.50546875,68939.51634620564,10,2026-07-25T20:02:47.012670+00:00,,
41,cpu,model_only,512,37,512,0.0073084,7.3084,14.27421875,70056.37348804116,10,2026-07-25T20:02:47.012670+00:00,,
41,cpu,model_only,512,38,512,0.0074315,7.4315,14.5146484375,68895.91603310233,10,2026-07-25T20:02:47.012670+00:00,,
41,cpu,model_only,512,39,512,0.0077514,7.7514,15.139453125000001,66052.58404933302,10,2026-07-25T20:02:47.012670+00:00,,
41,cpu,model_only,512,40,512,0.0067694,6.7694,13.221484375,75634.47277454427,10,2026-07-25T20:02:47.012670+00:00,,
41,cpu,model_only,512,41,512,0.0077896,7.7896,15.214062499999999,65728.66385950499,10,2026-07-25T20:02:47.012670+00:00,,
41,cpu,model_only,512,42,512,0.0074808,7.4808,14.6109375,68441.87787402417,10,2026-07-25T20:02:47.012670+00:00,,
41,cpu,model_only,512,43,512,0.0077119,7.7119,15.0623046875,66390.90237165938,10,2026-07-25T20:02:47.012670+00:00,,
41,cpu,model_only,512,44,512,0.0069376,6.937600000000001,13.55,73800.73800738007,10,2026-07-25T20:02:47.012670+00:00,,
41,cpu,model_only,512,45,512,0.0070549,7.0549,13.779101562500001,72573.6721994642,10,2026-07-25T20:02:47.012670+00:00,,
41,cpu,model_only,512,46,512,0.008103,8.103000000000002,15.826171875000002,63186.47414537825,10,2026-07-25T20:02:47.012670+00:00,,
41,cpu,model_only,512,47,512,0.0076248,7.6248000000000005,14.8921875,67149.30227678103,10,2026-07-25T20:02:47.012670+00:00,,
41,cpu,model_only,512,48,512,0.0073476,7.3476,14.35078125,69682.61745331809,10,2026-07-25T20:02:47.012670+00:00,,
41,cpu,model_only,512,49,512,0.0075264,7.5264,14.7,68027.21088435374,10,2026-07-25T20:02:47.012670+00:00,,
41,cpu,model_only,512,50,512,0.007303,7.303,14.263671875,70108.17472271669,10,2026-07-25T20:02:47.012670+00:00,,
41,cpu,model_only,512,51,512,0.0071179,7.1179,13.9021484375,71931.3280602425,10,2026-07-25T20:02:47.012670+00:00,,
41,cpu,model_only,512,52,512,0.0070144,7.014399999999999,13.7,72992.700729927,10,2026-07-25T20:02:47.012670+00:00,,
41,cpu,model_only,512,53,512,0.0068769,6.8769,13.4314453125,74452.15140542977,10,2026-07-25T20:02:47.012670+00:00,,
41,cpu,model_only,512,54,512,0.0074512,7.4512,14.553125,68713.7642258965,10,2026-07-25T20:02:47.012670+00:00,,
41,cpu,model_only,512,55,512,0.0068384,6.8384,13.35625,74871.31492746841,10,2026-07-25T20:02:47.012670+00:00,,
41,cpu,model_only,512,56,512,0.0071489,7.148899999999999,13.9626953125,71619.40997915763,10,2026-07-25T20:02:47.012670+00:00,,
41,cpu,model_only,512,57,512,0.006901,6.901,13.478515625,74192.14606578757,10,2026-07-25T20:02:47.012670+00:00,,
41,cpu,model_only,512,58,512,0.0070729,7.0729,13.8142578125,72388.97764707546,10,2026-07-25T20:02:47.012670+00:00,,
41,cpu,model_only,512,59,512,0.0069842,6.9842,13.641015625000001,73308.32450388018,10,2026-07-25T20:02:47.012670+00:00,,
41,cpu,model_only,512,60,512,0.007206,7.2059999999999995,14.07421875,71051.9011934499,10,2026-07-25T20:02:47.012670+00:00,,
41,cpu,model_only,512,61,512,0.0076731,7.673100000000001,14.9865234375,66726.61636105354,10,2026-07-25T20:02:47.012670+00:00,,
41,cpu,model_only,512,62,512,0.0069139,6.9139,13.5037109375,74053.71787269125,10,2026-07-25T20:02:47.012670+00:00,,
41,cpu,model_only,512,63,512,0.0069921,6.992100000000001,13.6564453125,73225.4973470059,10,2026-07-25T20:02:47.012670+00:00,,
41,cpu,model_only,512,64,512,0.0072127,7.2127,14.0873046875,70985.89987106077,10,2026-07-25T20:02:47.012670+00:00,,
41,cpu,model_only,512,65,512,0.0068464,6.8464,13.371875,74783.8279971956,10,2026-07-25T20:02:47.012670+00:00,,
41,cpu,model_only,512,66,512,0.0072585,7.258500000000001,14.1767578125,70537.98994282565,10,2026-07-25T20:02:47.012670+00:00,,
41,cpu,model_only,512,67,512,0.0069495,6.9495,13.5732421875,73674.36506223469,10,2026-07-25T20:02:47.012670+00:00,,
41,cpu,model_only,512,68,512,0.007189,7.189,14.041015625,71219.91932118514,10,2026-07-25T20:02:47.012670+00:00,,
41,cpu,model_only,512,69,512,0.0068191,6.8191,13.318554687499999,75083.22212608703,10,2026-07-25T20:02:47.012670+00:00,,
41,cpu,model_only,512,70,512,0.0070395,7.039499999999999,13.7490234375,72732.43838340792,10,2026-07-25T20:02:47.012670+00:00,,
41,cpu,model_only,512,71,512,0.0068357,6.8357,13.3509765625,74900.88798513685,10,2026-07-25T20:02:47.012670+00:00,,
41,cpu,model_only,512,72,512,0.006879,6.879,13.435546875,74429.42288123273,10,2026-07-25T20:02:47.012670+00:00,,
41,cpu,model_only,512,73,512,0.0073956,7.3956,14.444531249999999,69230.35318297366,10,2026-07-25T20:02:47.012670+00:00,,
41,cpu,model_only,512,74,512,0.0075641,7.5641,14.773632812499999,67688.15853835882,10,2026-07-25T20:02:47.012670+00:00,,
41,cpu,model_only,512,75,512,0.0075573,7.557300000000001,14.7603515625,67749.06381908883,10,2026-07-25T20:02:47.012670+00:00,,
41,cpu,model_only,512,76,512,0.006999,6.999,13.669921875,73153.30761537362,10,2026-07-25T20:02:47.012670+00:00,,
41,cpu,model_only,512,77,512,0.0075523,7.5523,14.750585937499999,67793.91708486158,10,2026-07-25T20:02:47.012670+00:00,,
41,cpu,model_only,512,78,512,0.007439,7.439,14.529296875,68826.45516870546,10,2026-07-25T20:02:47.012670+00:00,,
41,cpu,model_only,512,79,512,0.0069611,6.961099999999999,13.595898437499999,73551.59385729267,10,2026-07-25T20:02:47.012670+00:00,,
41,cpu,model_only,512,80,512,0.0065874,6.587400000000001,12.866015625000001,77724.14002489601,10,2026-07-25T20:02:47.012670+00:00,,
41,cpu,model_only,512,81,512,0.0067532,6.7532,13.18984375,75815.90949475805,10,2026-07-25T20:02:47.012670+00:00,,
41,cpu,model_only,512,82,512,0.0076798,7.679799999999999,14.999609374999999,66668.40282299019,10,2026-07-25T20:02:47.012670+00:00,,
41,cpu,model_only,512,83,512,0.0066396,6.6396,12.967968749999999,77113.07910115068,10,2026-07-25T20:02:47.012670+00:00,,
41,cpu,model_only,512,84,512,0.0072476,7.2476,14.155468749999999,70644.07528009271,10,2026-07-25T20:02:47.012670+00:00,,
41,cpu,model_only,512,85,512,0.0070998,7.0998,13.866796875,72114.70745654807,10,2026-07-25T20:02:47.012670+00:00,,
41,cpu,model_only,512,86,512,0.0071875,7.1875,14.0380859375,71234.78260869565,10,2026-07-25T20:02:47.012670+00:00,,
41,cpu,model_only,512,87,512,0.0069653,6.9653,13.6041015625,73507.2430476792,10,2026-07-25T20:02:47.012670+00:00,,
41,cpu,model_only,512,88,512,0.0071253,7.1253,13.9166015625,71856.62358076152,10,2026-07-25T20:02:47.012670+00:00,,
41,cpu,model_only,512,89,512,0.0069224,6.9224000000000006,13.520312500000001,73962.78747255287,10,2026-07-25T20:02:47.012670+00:00,,
41,cpu,model_only,512,90,512,0.006795,6.795,13.271484375,75349.52170713761,10,2026-07-25T20:02:47.012670+00:00,,
41,cpu,model_only,512,91,512,0.0069384,6.9384,13.5515625,73792.22875590915,10,2026-07-25T20:02:47.012670+00:00,,
41,cpu,model_only,512,92,512,0.0068731,6.8731,13.4240234375,74493.3145160117,10,2026-07-25T20:02:47.012670+00:00,,
41,cpu,model_only,512,93,512,0.0079209,7.9209,15.4705078125,64639.11929199965,10,2026-07-25T20:02:47.012670+00:00,,
41,cpu,model_only,512,94,512,0.0067329,6.7329,13.1501953125,76044.49791323204,10,2026-07-25T20:02:47.012670+00:00,,
41,cpu,model_only,512,95,512,0.0074585,7.4585,14.5673828125,68646.51069249849,10,2026-07-25T20:02:47.012670+00:00,,
41,cpu,model_only,512,96,512,0.0071622,7.1621999999999995,13.988671875,71486.41478875207,10,2026-07-25T20:02:47.012670+00:00,,
41,cpu,model_only,512,97,512,0.0085512,8.5512,16.7015625,59874.637477780896,10,2026-07-25T20:02:47.012670+00:00,,
41,cpu,model_only,512,98,512,0.0074113,7.4113,14.4751953125,69083.69651748006,10,2026-07-25T20:02:47.012670+00:00,,
41,cpu,model_only,512,99,512,0.0072342,7.2341999999999995,14.129296875,70774.93019269581,10,2026-07-25T20:02:47.012670+00:00,,
41,cpu,end_to_end,512,0,512,0.0076339,7.6339,14.9099609375,67069.25686739413,10,2026-07-25T20:02:47.012670+00:00,,
41,cpu,end_to_end,512,1,512,0.007281,7.281000000000001,14.220703125,70320.01098750172,10,2026-07-25T20:02:47.012670+00:00,,
41,cpu,end_to_end,512,2,512,0.0084601,8.4601,16.5236328125,60519.379203555516,10,2026-07-25T20:02:47.012670+00:00,,
41,cpu,end_to_end,512,3,512,0.0090245,9.0245,17.6259765625,56734.44512161339,10,2026-07-25T20:02:47.012670+00:00,,
41,cpu,end_to_end,512,4,512,0.0081695,8.1695,15.9560546875,62672.134157537184,10,2026-07-25T20:02:47.012670+00:00,,
41,cpu,end_to_end,512,5,512,0.0078772,7.877199999999999,15.385156249999998,64997.71492408471,10,2026-07-25T20:02:47.012670+00:00,,
41,cpu,end_to_end,512,6,512,0.0075136,7.513599999999999,14.674999999999999,68143.10051107325,10,2026-07-25T20:02:47.012670+00:00,,
41,cpu,end_to_end,512,7,512,0.008081,8.081,15.783203125,63358.495235738155,10,2026-07-25T20:02:47.012670+00:00,,
41,cpu,end_to_end,512,8,512,0.0075837,7.583699999999999,14.8119140625,67513.21914105253,10,2026-07-25T20:02:47.012670+00:00,,
41,cpu,end_to_end,512,9,512,0.007278,7.278,14.21484375,70348.99697719153,10,2026-07-25T20:02:47.012670+00:00,,
41,cpu,end_to_end,512,10,512,0.0072388,7.2388,14.13828125,70729.9552412002,10,2026-07-25T20:02:47.012670+00:00,,
41,cpu,end_to_end,512,11,512,0.0080644,8.0644,15.75078125,63488.91424036507,10,2026-07-25T20:02:47.012670+00:00,,
41,cpu,end_to_end,512,12,512,0.0078399,7.8399,15.312304687500001,65306.95544586027,10,2026-07-25T20:02:47.012670+00:00,,
41,cpu,end_to_end,512,13,512,0.0081647,8.1647,15.946679687500001,62708.978896958855,10,2026-07-25T20:02:47.012670+00:00,,
41,cpu,end_to_end,512,14,512,0.0073768,7.3768,14.4078125,69406.78885153454,10,2026-07-25T20:02:47.012670+00:00,,
41,cpu,end_to_end,512,15,512,0.0190378,19.0378,37.183203125,26893.863786782087,10,2026-07-25T20:02:47.012670+00:00,,
41,cpu,end_to_end,512,16,512,0.0126217,12.621699999999999,24.651757812499998,40565.05858957193,10,2026-07-25T20:02:47.012670+00:00,,
41,cpu,end_to_end,512,17,512,0.008592,8.592,16.78125,59590.31657355679,10,2026-07-25T20:02:47.012670+00:00,,
41,cpu,end_to_end,512,18,512,0.0078887,7.8887,15.4076171875,64902.962465298464,10,2026-07-25T20:02:47.012670+00:00,,
41,cpu,end_to_end,512,19,512,0.007343,7.343,14.341796875,69726.26991692769,10,2026-07-25T20:02:47.012670+00:00,,
41,cpu,end_to_end,512,20,512,0.0074078,7.4078,14.468359375,69116.33683414779,10,2026-07-25T20:02:47.012670+00:00,,
41,cpu,end_to_end,512,21,512,0.0074781,7.4780999999999995,14.605664062499999,68466.5891068587,10,2026-07-25T20:02:47.012670+00:00,,
41,cpu,end_to_end,512,22,512,0.0071417,7.1417,13.9486328125,71691.61404147472,10,2026-07-25T20:02:47.012670+00:00,,
41,cpu,end_to_end,512,23,512,0.0076949,7.6949000000000005,15.029101562500001,66537.57683660607,10,2026-07-25T20:02:47.012670+00:00,,
41,cpu,end_to_end,512,24,512,0.0091529,9.1529,17.8767578125,55938.554993499325,10,2026-07-25T20:02:47.012670+00:00,,
41,cpu,end_to_end,512,25,512,0.0082695,8.2695,16.1513671875,61914.26325654513,10,2026-07-25T20:02:47.012670+00:00,,
41,cpu,end_to_end,512,26,512,0.007741,7.741,15.119140625,66141.32541015373,10,2026-07-25T20:02:47.012670+00:00,,
41,cpu,end_to_end,512,27,512,0.0071273,7.1273,13.920507812499999,71836.45980946501,10,2026-07-25T20:02:47.012670+00:00,,
41,cpu,end_to_end,512,28,512,0.008284,8.283999999999999,16.1796875,61805.89087397393,10,2026-07-25T20:02:47.012670+00:00,,
41,cpu,end_to_end,512,29,512,0.0080115,8.0115,15.647460937499998,63908.132060163516,10,2026-07-25T20:02:47.012670+00:00,,
41,cpu,end_to_end,512,30,512,0.008087,8.087,15.794921875,63311.48757264746,10,2026-07-25T20:02:47.012670+00:00,,
41,cpu,end_to_end,512,31,512,0.0068187,6.8187,13.3177734375,75087.62667370614,10,2026-07-25T20:02:47.012670+00:00,,
41,cpu,end_to_end,512,32,512,0.0069448,6.9448,13.5640625,73724.22531966363,10,2026-07-25T20:02:47.012670+00:00,,
41,cpu,end_to_end,512,33,512,0.0076795,7.6795,14.9990234375,66671.00722703301,10,2026-07-25T20:02:47.012670+00:00,,
41,cpu,end_to_end,512,34,512,0.0073903,7.3903,14.4341796875,69280.00216500007,10,2026-07-25T20:02:47.012670+00:00,,
41,cpu,end_to_end,512,35,512,0.0072388,7.2388,14.13828125,70729.9552412002,10,2026-07-25T20:02:47.012670+00:00,,
41,cpu,end_to_end,512,36,512,0.007504,7.5040000000000004,14.65625,68230.27718550107,10,2026-07-25T20:02:47.012670+00:00,,
41,cpu,end_to_end,512,37,512,0.0081881,8.1881,15.9923828125,62529.76881083524,10,2026-07-25T20:02:47.012670+00:00,,
41,cpu,end_to_end,512,38,512,0.008493,8.493,16.587890625,60284.94053926763,10,2026-07-25T20:02:47.012670+00:00,,
41,cpu,end_to_end,512,39,512,0.0079854,7.9854,15.596484375000001,64117.01354972825,10,2026-07-25T20:02:47.012670+00:00,,
41,cpu,end_to_end,512,40,512,0.0072195,7.2195,14.1005859375,70919.03871459242,10,2026-07-25T20:02:47.012670+00:00,,
41,cpu,end_to_end,512,41,512,0.007222,7.222,14.10546875,70894.48906120188,10,2026-07-25T20:02:47.012670+00:00,,
41,cpu,end_to_end,512,42,512,0.0068934,6.8934,13.463671875,74273.94319203876,10,2026-07-25T20:02:47.012670+00:00,,
41,cpu,end_to_end,512,43,512,0.007517,7.517,14.681640625,68112.27883464147,10,2026-07-25T20:02:47.012670+00:00,,
41,cpu,end_to_end,512,44,512,0.0072551,7.2551,14.170117187499999,70571.04657413406,10,2026-07-25T20:02:47.012670+00:00,,
41,cpu,end_to_end,512,45,512,0.0078447,7.8447,15.3216796875,65266.99555113644,10,2026-07-25T20:02:47.012670+00:00,,
41,cpu,end_to_end,512,46,512,0.0072232,7.2232,14.1078125,70882.71126370583,10,2026-07-25T20:02:47.012670+00:00,,
41,cpu,end_to_end,512,47,512,0.0071875,7.1875,14.0380859375,71234.78260869565,10,2026-07-25T20:02:47.012670+00:00,,
41,cpu,end_to_end,512,48,512,0.0070559,7.0559,13.781054687500001,72563.3866693122,10,2026-07-25T20:02:47.012670+00:00,,
41,cpu,end_to_end,512,49,512,0.0078268,7.8268,15.28671875,65416.26207389993,10,2026-07-25T20:02:47.012670+00:00,,
41,cpu,end_to_end,512,50,512,0.0070171,7.0171,13.7052734375,72964.6150118995,10,2026-07-25T20:02:47.012670+00:00,,
41,cpu,end_to_end,512,51,512,0.0067102,6.7102,13.105859375000001,76301.74957527345,10,2026-07-25T20:02:47.012670+00:00,,
41,cpu,end_to_end,512,52,512,0.0080174,8.017399999999999,15.658984374999998,63861.10210292614,10,2026-07-25T20:02:47.012670+00:00,,
41,cpu,end_to_end,512,53,512,0.0069308,6.9308,13.53671875,73873.14595717666,10,2026-07-25T20:02:47.012670+00:00,,
41,cpu,end_to_end,512,54,512,0.0085209,8.5209,16.6423828125,60087.54943726602,10,2026-07-25T20:02:47.012670+00:00,,
41,cpu,end_to_end,512,55,512,0.0080224,8.022400000000001,15.668750000000001,63821.300358994806,10,2026-07-25T20:02:47.012670+00:00,,
41,cpu,end_to_end,512,56,512,0.008227,8.227,16.068359375,62234.10720797374,10,2026-07-25T20:02:47.012670+00:00,,
41,cpu,end_to_end,512,57,512,0.0079376,7.9376,15.503124999999999,64503.12437008668,10,2026-07-25T20:02:47.012670+00:00,,
41,cpu,end_to_end,512,58,512,0.0070762,7.0762,13.820703125000001,72355.21890280093,10,2026-07-25T20:02:47.012670+00:00,,
41,cpu,end_to_end,512,59,512,0.0068181,6.818099999999999,13.316601562499999,75094.23446414691,10,2026-07-25T20:02:47.012670+00:00,,
41,cpu,end_to_end,512,60,512,0.0071171,7.117100000000001,13.9005859375,71939.41352517177,10,2026-07-25T20:02:47.012670+00:00,,
41,cpu,end_to_end,512,61,512,0.0069196,6.9196,13.514843749999999,73992.71634198508,10,2026-07-25T20:02:47.012670+00:00,,
41,cpu,end_to_end,512,62,512,0.0071482,7.1482,13.961328125000001,71626.42343527041,10,2026-07-25T20:02:47.012670+00:00,,
41,cpu,end_to_end,512,63,512,0.0066324,6.6324000000000005,12.953906250000001,77196.79150835294,10,2026-07-25T20:02:47.012670+00:00,,
41,cpu,end_to_end,512,64,512,0.0070287,7.0287,13.7279296875,72844.19593950518,10,2026-07-25T20:02:47.012670+00:00,,
41,cpu,end_to_end,512,65,512,0.0067876,6.7876,13.25703125,75431.66951499794,10,2026-07-25T20:02:47.012670+00:00,,
41,cpu,end_to_end,512,66,512,0.0073839,7.3839,14.4216796875,69340.05065074013,10,2026-07-25T20:02:47.012670+00:00,,
41,cpu,end_to_end,512,67,512,0.0078623,7.862299999999999,15.356054687499999,65120.89337725603,10,2026-07-25T20:02:47.012670+00:00,,
41,cpu,end_to_end,512,68,512,0.0079591,7.9591,15.5451171875,64328.88140618914,10,2026-07-25T20:02:47.012670+00:00,,
41,cpu,end_to_end,512,69,512,0.0076273,7.6273,14.8970703125,67127.29275103903,10,2026-07-25T20:02:47.012670+00:00,,
41,cpu,end_to_end,512,70,512,0.0071119,7.1119,13.8904296875,71992.013386015,10,2026-07-25T20:02:47.012670+00:00,,
41,cpu,end_to_end,512,71,512,0.0074501,7.4501,14.5509765625,68723.9097461779,10,2026-07-25T20:02:47.012670+00:00,,
41,cpu,end_to_end,512,72,512,0.0074621,7.4621,14.5744140625,68613.3930126908,10,2026-07-25T20:02:47.012670+00:00,,
41,cpu,end_to_end,512,73,512,0.0072418,7.2418,14.144140624999999,70700.6545334033,10,2026-07-25T20:02:47.012670+00:00,,
41,cpu,end_to_end,512,74,512,0.0071459,7.1459,13.956835937500001,71649.47732266055,10,2026-07-25T20:02:47.012670+00:00,,
41,cpu,end_to_end,512,75,512,0.007256,7.256,14.171875,70562.29327453142,10,2026-07-25T20:02:47.012670+00:00,,
41,cpu,end_to_end,512,76,512,0.0070478,7.0478,13.765234375,72646.78339339935,10,2026-07-25T20:02:47.012670+00:00,,
41,cpu,end_to_end,512,77,512,0.0070186,7.0186,13.708203124999999,72949.02117231357,10,2026-07-25T20:02:47.012670+00:00,,
41,cpu,end_to_end,512,78,512,0.0098608,9.8608,19.259375,51922.764887230245,10,2026-07-25T20:02:47.012670+00:00,,
41,cpu,end_to_end,512,79,512,0.0074797,7.479699999999999,14.6087890625,68451.94325975642,10,2026-07-25T20:02:47.012670+00:00,,
41,cpu,end_to_end,512,80,512,0.0076643,7.6643,14.9693359375,66803.23056247798,10,2026-07-25T20:02:47.012670+00:00,,
41,cpu,end_to_end,512,81,512,0.007442,7.442,14.53515625,68798.71002418705,10,2026-07-25T20:02:47.012670+00:00,,
41,cpu,end_to_end,512,82,512,0.0067721,6.7721,13.226757812499999,75604.31771533203,10,2026-07-25T20:02:47.012670+00:00,,
41,cpu,end_to_end,512,83,512,0.0069789,6.978899999999999,13.6306640625,73363.99719153448,10,2026-07-25T20:02:47.012670+00:00,,
41,cpu,end_to_end,512,84,512,0.0072404,7.2404,14.141406250000001,70714.32517540468,10,2026-07-25T20:02:47.012670+00:00,,
41,cpu,end_to_end,512,85,512,0.0070513,7.0513,13.7720703125,72610.72426361097,10,2026-07-25T20:02:47.012670+00:00,,
41,cpu,end_to_end,512,86,512,0.007516,7.516,14.6796875,68121.34113890368,10,2026-07-25T20:02:47.012670+00:00,,
41,cpu,end_to_end,512,87,512,0.0071047,7.1047,13.8763671875,72064.97107548524,10,2026-07-25T20:02:47.012670+00:00,,
41,cpu,end_to_end,512,88,512,0.0073106,7.310600000000001,14.278515625,70035.29122096681,10,2026-07-25T20:02:47.012670+00:00,,
41,cpu,end_to_end,512,89,512,0.0069611,6.961099999999999,13.595898437499999,73551.59385729267,10,2026-07-25T20:02:47.012670+00:00,,
41,cpu,end_to_end,512,90,512,0.0072968,7.2968,14.2515625,70167.74476482841,10,2026-07-25T20:02:47.012670+00:00,,
41,cpu,end_to_end,512,91,512,0.007497,7.497,14.642578125,68293.98426037081,10,2026-07-25T20:02:47.012670+00:00,,
41,cpu,end_to_end,512,92,512,0.0075113,7.5113,14.6705078125,68163.96629078854,10,2026-07-25T20:02:47.012670+00:00,,
41,cpu,end_to_end,512,93,512,0.0066173,6.617299999999999,12.924414062499999,77372.94667009203,10,2026-07-25T20:02:47.012670+00:00,,
41,cpu,end_to_end,512,94,512,0.0066027,6.6027000000000005,12.895898437500001,77544.03501597831,10,2026-07-25T20:02:47.012670+00:00,,
41,cpu,end_to_end,512,95,512,0.0080727,8.072700000000001,15.766992187500001,63423.63769246968,10,2026-07-25T20:02:47.012670+00:00,,
41,cpu,end_to_end,512,96,512,0.0069099,6.9099,13.4958984375,74096.58605768534,10,2026-07-25T20:02:47.012670+00:00,,
41,cpu,end_to_end,512,97,512,0.0071743,7.1743,14.0123046875,71365.84753913274,10,2026-07-25T20:02:47.012670+00:00,,
41,cpu,end_to_end,512,98,512,0.0067091,6.7091,13.1037109375,76314.25973677542,10,2026-07-25T20:02:47.012670+00:00,,
41,cpu,end_to_end,512,99,512,0.0072363,7.2363,14.1333984375,70754.39105620276,10,2026-07-25T20:02:47.012670+00:00,,
41,cpu,model_only,4096,0,4096,0.011055,11.055,2.698974609375,370511.0809588421,10,2026-07-25T20:02:47.012670+00:00,,
41,cpu,model_only,4096,1,4096,0.0114869,11.4869,2.8044189453125,356580.1042927161,10,2026-07-25T20:02:47.012670+00:00,,
41,cpu,model_only,4096,2,4096,0.011559,11.559,2.822021484375,354355.9131412752,10,2026-07-25T20:02:47.012670+00:00,,
41,cpu,model_only,4096,3,4096,0.0116593,11.6593,2.8465087890625,351307.5399037678,10,2026-07-25T20:02:47.012670+00:00,,
41,cpu,model_only,4096,4,4096,0.0120245,12.0245,2.9356689453125,340637.86436026444,10,2026-07-25T20:02:47.012670+00:00,,
41,cpu,model_only,4096,5,4096,0.0108805,10.8805,2.6563720703125,376453.2879922798,10,2026-07-25T20:02:47.012670+00:00,,
41,cpu,model_only,4096,6,4096,0.0109509,10.950899999999999,2.6735595703125,374033.1844871198,10,2026-07-25T20:02:47.012670+00:00,,
41,cpu,model_only,4096,7,4096,0.010469,10.469,2.555908203125,391250.35820040124,10,2026-07-25T20:02:47.012670+00:00,,
41,cpu,model_only,4096,8,4096,0.0108447,10.844700000000001,2.6476318359375,377696.0174094258,10,2026-07-25T20:02:47.012670+00:00,,
41,cpu,model_only,4096,9,4096,0.0106216,10.6216,2.5931640625,385629.28372373275,10,2026-07-25T20:02:47.012670+00:00,,
41,cpu,model_only,4096,10,4096,0.0107773,10.7773,2.6311767578125,380058.08504913107,10,2026-07-25T20:02:47.012670+00:00,,
41,cpu,model_only,4096,11,4096,0.0110681,11.068100000000001,2.7021728515625,370072.55084431835,10,2026-07-25T20:02:47.012670+00:00,,
41,cpu,model_only,4096,12,4096,0.0111993,11.199300000000001,2.7342041015625003,365737.14428580354,10,2026-07-25T20:02:47.012670+00:00,,
41,cpu,model_only,4096,13,4096,0.0115541,11.5541,2.8208251953124996,354506.1926069534,10,2026-07-25T20:02:47.012670+00:00,,
41,cpu,model_only,4096,14,4096,0.0115893,11.5893,2.8294189453125003,353429.45648140955,10,2026-07-25T20:02:47.012670+00:00,,
41,cpu,model_only,4096,15,4096,0.0106681,10.668099999999999,2.6045166015625,383948.4069328184,10,2026-07-25T20:02:47.012670+00:00,,
41,cpu,model_only,4096,16,4096,0.0108935,10.8935,2.6595458984375,376004.0391058888,10,2026-07-25T20:02:47.012670+00:00,,
41,cpu,model_only,4096,17,4096,0.010598,10.597999999999999,2.58740234375,386488.01660690695,10,2026-07-25T20:02:47.012670+00:00,,
41,cpu,model_only,4096,18,4096,0.0129466,12.9466,3.160791015625,316376.5003939258,10,2026-07-25T20:02:47.012670+00:00,,
41,cpu,model_only,4096,19,4096,0.0113063,11.3063,2.7603271484375,362275.899277394,10,2026-07-25T20:02:47.012670+00:00,,
41,cpu,model_only,4096,20,4096,0.011038,11.037999999999998,2.69482421875,371081.71770248236,10,2026-07-25T20:02:47.012670+00:00,,
41,cpu,model_only,4096,21,4096,0.0104496,10.4496,2.551171875,391976.7263818711,10,2026-07-25T20:02:47.012670+00:00,,
41,cpu,model_only,4096,22,4096,0.0110582,11.058200000000001,2.699755859375,370403.8631965419,10,2026-07-25T20:02:47.012670+00:00,,
41,cpu,model_only,4096,23,4096,0.0112134,11.2134,2.737646484375,365277.2575668397,10,2026-07-25T20:02:47.012670+00:00,,
41,cpu,model_only,4096,24,4096,0.0107704,10.770399999999999,2.6294921875,380301.56725841196,10,2026-07-25T20:02:47.012670+00:00,,
41,cpu,model_only,4096,25,4096,0.0108155,10.8155,2.6405029296875,378715.73205122276,10,2026-07-25T20:02:47.012670+00:00,,
41,cpu,model_only,4096,26,4096,0.0112234,11.2234,2.740087890625,364951.79713812214,10,2026-07-25T20:02:47.012670+00:00,,
41,cpu,model_only,4096,27,4096,0.01076,10.76,2.626953125,380669.1449814126,10,2026-07-25T20:02:47.012670+00:00,,
41,cpu,model_only,4096,28,4096,0.0107424,10.7424,2.62265625,381292.8209711052,10,2026-07-25T20:02:47.012670+00:00,,
41,cpu,model_only,4096,29,4096,0.0107598,10.7598,2.626904296875,380676.2207475975,10,2026-07-25T20:02:47.012670+00:00,,
41,cpu,model_only,4096,30,4096,0.0102786,10.2786,2.509423828125,398497.8499017376,10,2026-07-25T20:02:47.012670+00:00,,
41,cpu,model_only,4096,31,4096,0.011158,11.158,2.72412109375,367090.8765011651,10,2026-07-25T20:02:47.012670+00:00,,
41,cpu,model_only,4096,32,4096,0.0107224,10.7224,2.6177734375,382004.02894874284,10,2026-07-25T20:02:47.012670+00:00,,
41,cpu,model_only,4096,33,4096,0.010629,10.629,2.594970703125,385360.80534387054,10,2026-07-25T20:02:47.012670+00:00,,
41,cpu,model_only,4096,34,4096,0.0108936,10.8936,2.6595703125,376000.58750091796,10,2026-07-25T20:02:47.012670+00:00,,
41,cpu,model_only,4096,35,4096,0.0109238,10.9238,2.666943359375,374961.0941247551,10,2026-07-25T20:02:47.012670+00:00,,
41,cpu,model_only,4096,36,4096,0.0106171,10.6171,2.5920654296875,385792.73059498356,10,2026-07-25T20:02:47.012670+00:00,,
41,cpu,model_only,4096,37,4096,0.0110337,11.0337,2.6937744140625,371226.33386805875,10,2026-07-25T20:02:47.012670+00:00,,
41,cpu,model_only,4096,38,4096,0.0121731,12.1731,2.9719482421874996,336479.6148885658,10,2026-07-25T20:02:47.012670+00:00,,
41,cpu,model_only,4096,39,4096,0.0120116,12.011600000000001,2.93251953125,341003.6964267874,10,2026-07-25T20:02:47.012670+00:00,,
41,cpu,model_only,4096,40,4096,0.0106292,10.6292,2.59501953125,385353.5543596884,10,2026-07-25T20:02:47.012670+00:00,,
41,cpu,model_only,4096,41,4096,0.0106153,10.6153,2.5916259765625,385858.1481446591,10,2026-07-25T20:02:47.012670+00:00,,
41,cpu,model_only,4096,42,4096,0.0100773,10.077300000000001,2.4602783203125003,406458.07904895156,10,2026-07-25T20:02:47.012670+00:00,,
41,cpu,model_only,4096,43,4096,0.0112709,11.270900000000001,2.7516845703125,363413.74690574844,10,2026-07-25T20:02:47.012670+00:00,,
41,cpu,model_only,4096,44,4096,0.0106822,10.6822,2.6079589843749997,383441.6131508491,10,2026-07-25T20:02:47.012670+00:00,,
41,cpu,model_only,4096,45,4096,0.0101931,10.1931,2.4885498046875,401840.46070380945,10,2026-07-25T20:02:47.012670+00:00,,
41,cpu,model_only,4096,46,4096,0.0110392,11.039200000000001,2.6951171875,371041.37981013115,10,2026-07-25T20:02:47.012670+00:00,,
41,cpu,model_only,4096,47,4096,0.0115169,11.5169,2.8117431640625,355651.26032178797,10,2026-07-25T20:02:47.012670+00:00,,
41,cpu,model_only,4096,48,4096,0.0103275,10.3275,2.5213623046875,396610.99007504235,10,2026-07-25T20:02:47.012670+00:00,,
41,cpu,model_only,4096,49,4096,0.0111509,11.1509,2.7223876953125,367324.6105695504,10,2026-07-25T20:02:47.012670+00:00,,
41,cpu,model_only,4096,50,4096,0.0115616,11.5616,2.82265625,354276.2247439801,10,2026-07-25T20:02:47.012670+00:00,,
41,cpu,model_only,4096,51,4096,0.0105399,10.5399,2.5732177734375,388618.48784144066,10,2026-07-25T20:02:47.012670+00:00,,
41,cpu,model_only,4096,52,4096,0.0109415,10.9415,2.6712646484375,374354.52177489374,10,2026-07-25T20:02:47.012670+00:00,,
41,cpu,model_only,4096,53,4096,0.0113841,11.3841,2.7793212890624996,359800.0720302879,10,2026-07-25T20:02:47.012670+00:00,,
41,cpu,model_only,4096,54,4096,0.0111928,11.1928,2.7326171875,365949.5389893503,10,2026-07-25T20:02:47.012670+00:00,,
41,cpu,model_only,4096,55,4096,0.0100768,10.0768,2.4601562500000003,406478.24706255953,10,2026-07-25T20:02:47.012670+00:00,,
41,cpu,model_only,4096,56,4096,0.0106101,10.610100000000001,2.5903564453125,386047.2568590305,10,2026-07-25T20:02:47.012670+00:00,,
41,cpu,model_only,4096,57,4096,0.0107327,10.7327,2.6202880859374997,381637.4258108398,10,2026-07-25T20:02:47.012670+00:00,,
41,cpu,model_only,4096,58,4096,0.0107054,10.705400000000001,2.613623046875,382610.64509499876,10,2026-07-25T20:02:47.012670+00:00,,
41,cpu,model_only,4096,59,4096,0.0100967,10.0967,2.4650146484375,405677.10241960245,10,2026-07-25T20:02:47.012670+00:00,,
41,cpu,model_only,4096,60,4096,0.0109618,10.9618,2.6762207031250003,373661.2600120418,10,2026-07-25T20:02:47.012670+00:00,,
41,cpu,model_only,4096,61,4096,0.0106675,10.6675,2.6043701171875,383970.0023435669,10,2026-07-25T20:02:47.012670+00:00,,
41,cpu,model_only,4096,62,4096,0.0112245,11.2245,2.7403564453125,364916.03189451643,10,2026-07-25T20:02:47.012670+00:00,,
41,cpu,model_only,4096,63,4096,0.011253,11.253,2.747314453125,363991.82440238155,10,2026-07-25T20:02:47.012670+00:00,,
41,cpu,model_only,4096,64,4096,0.0109073,10.9073,2.6629150390625,375528.3158985267,10,2026-07-25T20:02:47.012670+00:00,,
41,cpu,model_only,4096,65,4096,0.0104634,10.4634,2.554541015625,391459.75495536823,10,2026-07-25T20:02:47.012670+00:00,,
41,cpu,model_only,4096,66,4096,0.0111965,11.1965,2.7335205078125,365828.60715402133,10,2026-07-25T20:02:47.012670+00:00,,
41,cpu,model_only,4096,67,4096,0.0109862,10.9862,2.6821777343749997,372831.37026451365,10,2026-07-25T20:02:47.012670+00:00,,
41,cpu,model_only,4096,68,4096,0.0100995,10.0995,2.4656982421875,405564.63191247085,10,2026-07-25T20:02:47.012670+00:00,,
41,cpu,model_only,4096,69,4096,0.0111472,11.1472,2.7214843749999997,367446.53365867666,10,2026-07-25T20:02:47.012670+00:00,,
41,cpu,model_only,4096,70,4096,0.0109104,10.910400000000001,2.6636718750000004,375421.6160727379,10,2026-07-25T20:02:47.012670+00:00,,
41,cpu,model_only,4096,71,4096,0.0102409,10.2409,2.5002197265625004,399964.8468396332,10,2026-07-25T20:02:47.012670+00:00,,
41,cpu,model_only,4096,72,4096,0.0107515,10.7515,2.6248779296875,380970.0971957401,10,2026-07-25T20:02:47.012670+00:00,,
41,cpu,model_only,4096,73,4096,0.0110621,11.062100000000001,2.7007080078125,370273.2754178682,10,2026-07-25T20:02:47.012670+00:00,,
41,cpu,model_only,4096,74,4096,0.0109011,10.9011,2.6614013671875,375741.8976066635,10,2026-07-25T20:02:47.012670+00:00,,
41,cpu,model_only,4096,75,4096,0.0113151,11.3151,2.7624755859375,361994.1494109641,10,2026-07-25T20:02:47.012670+00:00,,
41,cpu,model_only,4096,76,4096,0.0101245,10.1245,2.4718017578125,404563.18830559537,10,2026-07-25T20:02:47.012670+00:00,,
41,cpu,model_only,4096,77,4096,0.0107448,10.7448,2.6232421875000003,381207.65393492667,10,2026-07-25T20:02:47.012670+00:00,,
41,cpu,model_only,4096,78,4096,0.0106567,10.6567,2.6017333984375,384359.1355672957,10,2026-07-25T20:02:47.012670+00:00,,
41,cpu,model_only,4096,79,4096,0.0107342,10.7342,2.6206542968749997,381584.0956941365,10,2026-07-25T20:02:47.012670+00:00,,
41,cpu,model_only,4096,80,4096,0.0106076,10.6076,2.58974609375,386138.24050680647,10,2026-07-25T20:02:47.012670+00:00,,
41,cpu,model_only,4096,81,4096,0.0110997,11.0997,2.7098876953125,369018.98249502236,10,2026-07-25T20:02:47.012670+00:00,,
41,cpu,model_only,4096,82,4096,0.0108074,10.8074,2.638525390625,378999.5743657124,10,2026-07-25T20:02:47.012670+00:00,,
41,cpu,model_only,4096,83,4096,0.0106981,10.6981,2.6118408203125,382871.72488572734,10,2026-07-25T20:02:47.012670+00:00,,
41,cpu,model_only,4096,84,4096,0.0109318,10.9318,2.6688964843750003,374686.69386560307,10,2026-07-25T20:02:47.012670+00:00,,
41,cpu,model_only,4096,85,4096,0.0111404,11.1404,2.71982421875,367670.81971922016,10,2026-07-25T20:02:47.012670+00:00,,
41,cpu,model_only,4096,86,4096,0.0106682,10.668199999999999,2.6045410156249997,383944.8079338595,10,2026-07-25T20:02:47.012670+00:00,,
41,cpu,model_only,4096,87,4096,0.0111059,11.1059,2.7114013671875,368812.9732844704,10,2026-07-25T20:02:47.012670+00:00,,
41,cpu,model_only,4096,88,4096,0.0116878,11.6878,2.853466796875,350450.89751706907,10,2026-07-25T20:02:47.012670+00:00,,
41,cpu,model_only,4096,89,4096,0.0114632,11.4632,2.7986328124999997,357317.3284946612,10,2026-07-25T20:02:47.012670+00:00,,
41,cpu,model_only,4096,90,4096,0.0109861,10.9861,2.6821533203125,372834.7639289648,10,2026-07-25T20:02:47.012670+00:00,,
41,cpu,model_only,4096,91,4096,0.0119861,11.9861,2.9262939453125,341729.16962147824,10,2026-07-25T20:02:47.012670+00:00,,
41,cpu,model_only,4096,92,4096,0.0113702,11.3702,2.775927734375,360239.9254190779,10,2026-07-25T20:02:47.012670+00:00,,
41,cpu,model_only,4096,93,4096,0.0107336,10.7336,2.6205078124999996,381605.42595215025,10,2026-07-25T20:02:47.012670+00:00,,
41,cpu,model_only,4096,94,4096,0.0110312,11.0312,2.6931640624999997,371310.46486329683,10,2026-07-25T20:02:47.012670+00:00,,
41,cpu,model_only,4096,95,4096,0.0108548,10.8548,2.65009765625,377344.5848841066,10,2026-07-25T20:02:47.012670+00:00,,
41,cpu,model_only,4096,96,4096,0.0110689,11.0689,2.7023681640625,370045.80400943186,10,2026-07-25T20:02:47.012670+00:00,,
41,cpu,model_only,4096,97,4096,0.0118484,11.8484,2.89267578125,345700.6853246008,10,2026-07-25T20:02:47.012670+00:00,,
41,cpu,model_only,4096,98,4096,0.0109098,10.9098,2.6635253906250003,375442.2629195769,10,2026-07-25T20:02:47.012670+00:00,,
41,cpu,model_only,4096,99,4096,0.0105113,10.5113,2.5662353515625,389675.87263231,10,2026-07-25T20:02:47.012670+00:00,,
41,cpu,end_to_end,4096,0,4096,0.0112927,11.2927,2.7570068359374997,362712.1946035935,10,2026-07-25T20:02:47.012670+00:00,,
41,cpu,end_to_end,4096,1,4096,0.0119203,11.9203,2.9102294921875,343615.5130323901,10,2026-07-25T20:02:47.012670+00:00,,
41,cpu,end_to_end,4096,2,4096,0.0111526,11.1526,2.722802734375,367268.61897674087,10,2026-07-25T20:02:47.012670+00:00,,
41,cpu,end_to_end,4096,3,4096,0.0108158,10.815800000000001,2.6405761718750003,378705.2275374914,10,2026-07-25T20:02:47.012670+00:00,,
41,cpu,end_to_end,4096,4,4096,0.0112878,11.2878,2.7558105468750003,362869.6468753876,10,2026-07-25T20:02:47.012670+00:00,,
41,cpu,end_to_end,4096,5,4096,0.0110507,11.0507,2.6979248046875,370655.252608432,10,2026-07-25T20:02:47.012670+00:00,,
41,cpu,end_to_end,4096,6,4096,0.0112937,11.2937,2.7572509765625,362680.07827372785,10,2026-07-25T20:02:47.012670+00:00,,
41,cpu,end_to_end,4096,7,4096,0.0114604,11.4604,2.7979492187500004,357404.62811071164,10,2026-07-25T20:02:47.012670+00:00,,
41,cpu,end_to_end,4096,8,4096,0.011464,11.464,2.798828125,357292.3935799023,10,2026-07-25T20:02:47.012670+00:00,,
41,cpu,end_to_end,4096,9,4096,0.0131782,13.178199999999999,3.2173339843749997,310816.34821144014,10,2026-07-25T20:02:47.012670+00:00,,
41,cpu,end_to_end,4096,10,4096,0.0142608,14.2608,3.4816406250000003,287220.91327274765,10,2026-07-25T20:02:47.012670+00:00,,
41,cpu,end_to_end,4096,11,4096,0.0110627,11.0627,2.7008544921875,370253.1931626095,10,2026-07-25T20:02:47.012670+00:00,,
41,cpu,end_to_end,4096,12,4096,0.0114501,11.450099999999999,2.7954345703125,357726.1333962149,10,2026-07-25T20:02:47.012670+00:00,,
41,cpu,end_to_end,4096,13,4096,0.0113108,11.310799999999999,2.76142578125,362131.7678678785,10,2026-07-25T20:02:47.012670+00:00,,
41,cpu,end_to_end,4096,14,4096,0.0108837,10.8837,2.6571533203124997,376342.60407765745,10,2026-07-25T20:02:47.012670+00:00,,
41,cpu,end_to_end,4096,15,4096,0.0106295,10.6295,2.5950927734375,385342.6783950327,10,2026-07-25T20:02:47.012670+00:00,,
41,cpu,end_to_end,4096,16,4096,0.0114711,11.4711,2.8005615234375,357071.24861608737,10,2026-07-25T20:02:47.012670+00:00,,
41,cpu,end_to_end,4096,17,4096,0.0111891,11.1891,2.7317138671875,366070.55080390733,10,2026-07-25T20:02:47.012670+00:00,,
41,cpu,end_to_end,4096,18,4096,0.0104455,10.4455,2.5501708984375,392130.5825475085,10,2026-07-25T20:02:47.012670+00:00,,
41,cpu,end_to_end,4096,19,4096,0.0115218,11.5218,2.8129394531250003,355500.00867919944,10,2026-07-25T20:02:47.012670+00:00,,
41,cpu,end_to_end,4096,20,4096,0.0106883,10.6883,2.6094482421875,383222.77630680276,10,2026-07-25T20:02:47.012670+00:00,,
41,cpu,end_to_end,4096,21,4096,0.0113164,11.316400000000002,2.7627929687500004,361952.5644197801,10,2026-07-25T20:02:47.012670+00:00,,
41,cpu,end_to_end,4096,22,4096,0.0116801,11.680100000000001,2.8515869140625,350681.92909307283,10,2026-07-25T20:02:47.012670+00:00,,
41,cpu,end_to_end,4096,23,4096,0.0125589,12.5589,3.0661376953125,326143.2131794982,10,2026-07-25T20:02:47.012670+00:00,,
41,cpu,end_to_end,4096,24,4096,0.011664,11.664000000000001,2.84765625,351165.9807956104,10,2026-07-25T20:02:47.012670+00:00,,
41,cpu,end_to_end,4096,25,4096,0.012198,12.198,2.97802734375,335792.75291031314,10,2026-07-25T20:02:47.012670+00:00,,
41,cpu,end_to_end,4096,26,4096,0.0117643,11.7643,2.8721435546875,348172.0119344117,10,2026-07-25T20:02:47.012670+00:00,,
41,cpu,end_to_end,4096,27,4096,0.0112919,11.2919,2.7568115234375004,362737.8917631222,10,2026-07-25T20:02:47.012670+00:00,,
41,cpu,end_to_end,4096,28,4096,0.0117062,11.706199999999999,2.857958984375,349900.05296338693,10,2026-07-25T20:02:47.012670+00:00,,
41,cpu,end_to_end,4096,29,4096,0.0109487,10.9487,2.6730224609375,374108.34162959986,10,2026-07-25T20:02:47.012670+00:00,,
41,cpu,end_to_end,4096,30,4096,0.0112622,11.2622,2.749560546875,363694.4824279448,10,2026-07-25T20:02:47.012670+00:00,,
41,cpu,end_to_end,4096,31,4096,0.0116825,11.682500000000001,2.8521728515625,350609.8865824952,10,2026-07-25T20:02:47.012670+00:00,,
41,cpu,end_to_end,4096,32,4096,0.0110642,11.0642,2.7012207031249997,370202.99705356016,10,2026-07-25T20:02:47.012670+00:00,,
41,cpu,end_to_end,4096,33,4096,0.0111742,11.1742,2.728076171875,366558.6798160047,10,2026-07-25T20:02:47.012670+00:00,,
41,cpu,end_to_end,4096,34,4096,0.0116132,11.6132,2.83525390625,352702.09761306096,10,2026-07-25T20:02:47.012670+00:00,,
41,cpu,end_to_end,4096,35,4096,0.0111747,11.1747,2.7281982421874997,366542.2785399161,10,2026-07-25T20:02:47.012670+00:00,,
41,cpu,end_to_end,4096,36,4096,0.0107193,10.719299999999999,2.6170166015625,382114.50374558044,10,2026-07-25T20:02:47.012670+00:00,,
41,cpu,end_to_end,4096,37,4096,0.0112345,11.234499999999999,2.7427978515625,364591.2145622858,10,2026-07-25T20:02:47.012670+00:00,,
41,cpu,end_to_end,4096,38,4096,0.0109693,10.969299999999999,2.6780517578125,373405.777943898,10,2026-07-25T20:02:47.012670+00:00,,
41,cpu,end_to_end,4096,39,4096,0.0112881,11.2881,2.7558837890625,362860.0030120215,10,2026-07-25T20:02:47.012670+00:00,,
41,cpu,end_to_end,4096,40,4096,0.0116243,11.6243,2.8379638671875003,352365.30371721304,10,2026-07-25T20:02:47.012670+00:00,,
41,cpu,end_to_end,4096,41,4096,0.0111259,11.1259,2.7162841796875,368149.99236016866,10,2026-07-25T20:02:47.012670+00:00,,
41,cpu,end_to_end,4096,42,4096,0.0112756,11.2756,2.75283203125,363262.2654226826,10,2026-07-25T20:02:47.012670+00:00,,
41,cpu,end_to_end,4096,43,4096,0.0113667,11.3667,2.7750732421875,360350.8494109988,10,2026-07-25T20:02:47.012670+00:00,,
41,cpu,end_to_end,4096,44,4096,0.0110202,11.0202,2.690478515625,371681.09471697424,10,2026-07-25T20:02:47.012670+00:00,,
41,cpu,end_to_end,4096,45,4096,0.0109824,10.9824,2.68125,372960.37296037294,10,2026-07-25T20:02:47.012670+00:00,,
41,cpu,end_to_end,4096,46,4096,0.0111913,11.1913,2.7322509765625,365998.5881890397,10,2026-07-25T20:02:47.012670+00:00,,
41,cpu,end_to_end,4096,47,4096,0.0111916,11.1916,2.73232421875,365988.77729725867,10,2026-07-25T20:02:47.012670+00:00,,
41,cpu,end_to_end,4096,48,4096,0.0113713,11.371300000000002,2.7761962890625003,360205.0776956021,10,2026-07-25T20:02:47.012670+00:00,,
41,cpu,end_to_end,4096,49,4096,0.01095,10.95,2.67333984375,374063.92694063927,10,2026-07-25T20:02:47.012670+00:00,,
41,cpu,end_to_end,4096,50,4096,0.0109089,10.9089,2.6633056640625,375473.23744832206,10,2026-07-25T20:02:47.012670+00:00,,
41,cpu,end_to_end,4096,51,4096,0.011133,11.133000000000001,2.718017578125,367915.207042127,10,2026-07-25T20:02:47.012670+00:00,,
41,cpu,end_to_end,4096,52,4096,0.0108517,10.851700000000001,2.6493408203125,377452.3807329727,10,2026-07-25T20:02:47.012670+00:00,,
41,cpu,end_to_end,4096,53,4096,0.0112927,11.2927,2.7570068359374997,362712.1946035935,10,2026-07-25T20:02:47.012670+00:00,,
41,cpu,end_to_end,4096,54,4096,0.010877,10.876999999999999,2.655517578125,376574.4230946033,10,2026-07-25T20:02:47.012670+00:00,,
41,cpu,end_to_end,4096,55,4096,0.0111394,11.1394,2.7195800781250004,367703.8260588541,10,2026-07-25T20:02:47.012670+00:00,,
41,cpu,end_to_end,4096,56,4096,0.0110691,11.0691,2.7024169921875,370039.117904798,10,2026-07-25T20:02:47.012670+00:00,,
41,cpu,end_to_end,4096,57,4096,0.0116958,11.695799999999998,2.855419921875,350211.186921801,10,2026-07-25T20:02:47.012670+00:00,,
41,cpu,end_to_end,4096,58,4096,0.01091,10.91,2.66357421875,375435.38038496795,10,2026-07-25T20:02:47.012670+00:00,,
41,cpu,end_to_end,4096,59,4096,0.0105361,10.5361,2.5722900390625,388758.64883590705,10,2026-07-25T20:02:47.012670+00:00,,
41,cpu,end_to_end,4096,60,4096,0.0110421,11.0421,2.6958251953124996,370943.9327664122,10,2026-07-25T20:02:47.012670+00:00,,
41,cpu,end_to_end,4096,61,4096,0.0118844,11.8844,2.90146484375,344653.49533842684,10,2026-07-25T20:02:47.012670+00:00,,
41,cpu,end_to_end,4096,62,4096,0.0112493,11.2493,2.7464111328125003,364111.544718338,10,2026-07-25T20:02:47.012670+00:00,,
41,cpu,end_to_end,4096,63,4096,0.0120995,12.099499999999999,2.9539794921875,338526.38538782595,10,2026-07-25T20:02:47.012670+00:00,,
41,cpu,end_to_end,4096,64,4096,0.0111065,11.1065,2.7115478515625,368793.0491153829,10,2026-07-25T20:02:47.012670+00:00,,
41,cpu,end_to_end,4096,65,4096,0.0107326,10.7326,2.620263671875,381640.9816819783,10,2026-07-25T20:02:47.012670+00:00,,
41,cpu,end_to_end,4096,66,4096,0.0113355,11.3355,2.7674560546875,361342.6844867893,10,2026-07-25T20:02:47.012670+00:00,,
41,cpu,end_to_end,4096,67,4096,0.0113678,11.3678,2.7753417968750003,360315.9802248456,10,2026-07-25T20:02:47.012670+00:00,,
41,cpu,end_to_end,4096,68,4096,0.0104608,10.460799999999999,2.55390625,391557.051085959,10,2026-07-25T20:02:47.012670+00:00,,
41,cpu,end_to_end,4096,69,4096,0.0108151,10.8151,2.6404052734374996,378729.7389760613,10,2026-07-25T20:02:47.012670+00:00,,
41,cpu,end_to_end,4096,70,4096,0.0113272,11.327200000000001,2.7654296875,361607.4581538244,10,2026-07-25T20:02:47.012670+00:00,,
41,cpu,end_to_end,4096,71,4096,0.0111839,11.1839,2.7304443359375,366240.7568021889,10,2026-07-25T20:02:47.012670+00:00,,
41,cpu,end_to_end,4096,72,4096,0.0120233,12.0233,2.9353759765625003,340671.86213435576,10,2026-07-25T20:02:47.012670+00:00,,
41,cpu,end_to_end,4096,73,4096,0.0112645,11.2645,2.7501220703125,363620.2228239158,10,2026-07-25T20:02:47.012670+00:00,,
41,cpu,end_to_end,4096,74,4096,0.0114247,11.4247,2.7892333984374997,358521.4491408965,10,2026-07-25T20:02:47.012670+00:00,,
41,cpu,end_to_end,4096,75,4096,0.0107156,10.7156,2.61611328125,382246.44443614915,10,2026-07-25T20:02:47.012670+00:00,,
41,cpu,end_to_end,4096,76,4096,0.0120801,12.0801,2.9492431640625,339070.0408109204,10,2026-07-25T20:02:47.012670+00:00,,
41,cpu,end_to_end,4096,77,4096,0.0110408,11.040799999999999,2.6955078125,370987.6095935077,10,2026-07-25T20:02:47.012670+00:00,,
41,cpu,end_to_end,4096,78,4096,0.0112738,11.273800000000001,2.7523925781250003,363320.2646844897,10,2026-07-25T20:02:47.012670+00:00,,
41,cpu,end_to_end,4096,79,4096,0.0108837,10.8837,2.6571533203124997,376342.60407765745,10,2026-07-25T20:02:47.012670+00:00,,
41,cpu,end_to_end,4096,80,4096,0.0109899,10.9899,2.6830810546875,372705.848096889,10,2026-07-25T20:02:47.012670+00:00,,
41,cpu,end_to_end,4096,81,4096,0.0113734,11.3734,2.776708984375,360138.5689415654,10,2026-07-25T20:02:47.012670+00:00,,
41,cpu,end_to_end,4096,82,4096,0.0110011,11.0011,2.6858154296875,372326.40372326405,10,2026-07-25T20:02:47.012670+00:00,,
41,cpu,end_to_end,4096,83,4096,0.0114853,11.4853,2.8040283203125003,356629.7789348123,10,2026-07-25T20:02:47.012670+00:00,,
41,cpu,end_to_end,4096,84,4096,0.0113967,11.3967,2.7823974609374997,359402.2831170427,10,2026-07-25T20:02:47.012670+00:00,,
41,cpu,end_to_end,4096,85,4096,0.0113292,11.3292,2.7659179687499997,361543.6217914769,10,2026-07-25T20:02:47.012670+00:00,,
41,cpu,end_to_end,4096,86,4096,0.0118742,11.8742,2.8989746093749997,344949.5544963029,10,2026-07-25T20:02:47.012670+00:00,,
41,cpu,end_to_end,4096,87,4096,0.0115585,11.558499999999999,2.8218994140625,354371.24194315873,10,2026-07-25T20:02:47.012670+00:00,,
41,cpu,end_to_end,4096,88,4096,0.011095,11.095,2.708740234375,369175.304191077,10,2026-07-25T20:02:47.012670+00:00,,
41,cpu,end_to_end,4096,89,4096,0.0112486,11.2486,2.7462402343749996,364134.2033675302,10,2026-07-25T20:02:47.012670+00:00,,
41,cpu,end_to_end,4096,90,4096,0.0114595,11.459499999999998,2.7977294921875,357432.69776168244,10,2026-07-25T20:02:47.012670+00:00,,
41,cpu,end_to_end,4096,91,4096,0.0112939,11.2939,2.7572998046875004,362673.65569023986,10,2026-07-25T20:02:47.012670+00:00,,
41,cpu,end_to_end,4096,92,4096,0.0112117,11.2117,2.7372314453124997,365332.64357769117,10,2026-07-25T20:02:47.012670+00:00,,
41,cpu,end_to_end,4096,93,4096,0.0109229,10.922899999999998,2.6667236328125,374991.9893068691,10,2026-07-25T20:02:47.012670+00:00,,
41,cpu,end_to_end,4096,94,4096,0.0107832,10.783199999999999,2.6326171874999997,379850.13725053787,10,2026-07-25T20:02:47.012670+00:00,,
41,cpu,end_to_end,4096,95,4096,0.0113839,11.3839,2.7792724609375004,359806.39323957515,10,2026-07-25T20:02:47.012670+00:00,,
41,cpu,end_to_end,4096,96,4096,0.0115487,11.5487,2.8195068359375,354671.9544191121,10,2026-07-25T20:02:47.012670+00:00,,
41,cpu,end_to_end,4096,97,4096,0.0114876,11.4876,2.80458984375,356558.37598802184,10,2026-07-25T20:02:47.012670+00:00,,
41,cpu,end_to_end,4096,98,4096,0.0111213,11.121300000000002,2.7151611328125003,368302.2668213248,10,2026-07-25T20:02:47.012670+00:00,,
41,cpu,end_to_end,4096,99,4096,0.0115055,11.5055,2.8089599609375,356003.65042805613,10,2026-07-25T20:02:47.012670+00:00,,
41,cpu,full_test_end_to_end,4096,0,1614182,19.5833608,19583.360800000002,12.132064909657029,82426.19928648815,1,2026-07-25T20:03:08.159881+00:00,4096.0,end_to_end
41,cpu,full_test_end_to_end,4096,1,1614182,20.0399609,20039.960900000002,12.414932702755948,80548.16114935633,1,2026-07-25T20:03:08.159881+00:00,4096.0,end_to_end
41,cpu,full_test_end_to_end,4096,2,1614182,21.5921906,21592.190599999998,13.37655270595261,74757.67650920978,1,2026-07-25T20:03:08.159881+00:00,4096.0,end_to_end
41,cpu,full_test_end_to_end,4096,3,1614182,25.2863327,25286.3327,15.66510635108061,63836.144970124515,1,2026-07-25T20:03:08.159881+00:00,4096.0,end_to_end
41,cpu,full_test_end_to_end,4096,4,1614182,24.6855824,24685.582400000003,15.292936236434306,65389.66647997739,1,2026-07-25T20:03:08.159881+00:00,4096.0,end_to_end
