seed,device,benchmark_type,batch_size,repetition,number_of_flows,elapsed_seconds,batch_latency_ms,effective_time_per_flow_us,throughput_flows_per_second,warmup_iterations,timestamp_utc,warmup_batch_size,warmup_scope
40,cpu,model_only,1,0,1,0.0064721,6.472099999999999,6472.099999999999,154.50935554147804,10,2026-07-25T19:58:59.068587+00:00,,
40,cpu,model_only,1,1,1,0.0070568,7.0568,7056.8,141.7072894229679,10,2026-07-25T19:58:59.068587+00:00,,
40,cpu,model_only,1,2,1,0.0063559,6.3559,6355.900000000001,157.3341304929278,10,2026-07-25T19:58:59.068587+00:00,,
40,cpu,model_only,1,3,1,0.0062116,6.211600000000001,6211.6,160.98911713568162,10,2026-07-25T19:58:59.068587+00:00,,
40,cpu,model_only,1,4,1,0.0073432,7.3432,7343.2,136.1804118095653,10,2026-07-25T19:58:59.068587+00:00,,
40,cpu,model_only,1,5,1,0.0066572,6.6572000000000005,6657.2,150.21330289010393,10,2026-07-25T19:58:59.068587+00:00,,
40,cpu,model_only,1,6,1,0.0071832,7.1832,7183.2,139.21372090433235,10,2026-07-25T19:58:59.068587+00:00,,
40,cpu,model_only,1,7,1,0.0065723,6.572299999999999,6572.299999999999,152.1537361349908,10,2026-07-25T19:58:59.068587+00:00,,
40,cpu,model_only,1,8,1,0.0068351,6.835100000000001,6835.1,146.30363857149126,10,2026-07-25T19:58:59.068587+00:00,,
40,cpu,model_only,1,9,1,0.0069003,6.9003,6900.3,144.92123530860977,10,2026-07-25T19:58:59.068587+00:00,,
40,cpu,model_only,1,10,1,0.0061192,6.1192,6119.2,163.42005490913846,10,2026-07-25T19:58:59.068587+00:00,,
40,cpu,model_only,1,11,1,0.0084011,8.4011,8401.1,119.03203151968195,10,2026-07-25T19:58:59.068587+00:00,,
40,cpu,model_only,1,12,1,0.006471,6.471,6471.0,154.53562046051616,10,2026-07-25T19:58:59.068587+00:00,,
40,cpu,model_only,1,13,1,0.0070028,7.0028,7002.8,142.80002284800366,10,2026-07-25T19:58:59.068587+00:00,,
40,cpu,model_only,1,14,1,0.0065189,6.5189,6518.900000000001,153.400113516084,10,2026-07-25T19:58:59.068587+00:00,,
40,cpu,model_only,1,15,1,0.006845,6.845000000000001,6845.0,146.09203798392986,10,2026-07-25T19:58:59.068587+00:00,,
40,cpu,model_only,1,16,1,0.006309,6.309,6309.0,158.50372483753367,10,2026-07-25T19:58:59.068587+00:00,,
40,cpu,model_only,1,17,1,0.0064671,6.4671,6467.1,154.62881353311377,10,2026-07-25T19:58:59.068587+00:00,,
40,cpu,model_only,1,18,1,0.0070208,7.0207999999999995,7020.8,142.43391066545124,10,2026-07-25T19:58:59.068587+00:00,,
40,cpu,model_only,1,19,1,0.0067837,6.7837000000000005,6783.7,147.41217919424503,10,2026-07-25T19:58:59.068587+00:00,,
40,cpu,model_only,1,20,1,0.0070293,7.029299999999999,7029.299999999999,142.26167612706814,10,2026-07-25T19:58:59.068587+00:00,,
40,cpu,model_only,1,21,1,0.0065647,6.564699999999999,6564.7,152.32988560025592,10,2026-07-25T19:58:59.068587+00:00,,
40,cpu,model_only,1,22,1,0.0072591,7.2591,7259.1,137.75812428537972,10,2026-07-25T19:58:59.068587+00:00,,
40,cpu,model_only,1,23,1,0.0064082,6.4082,6408.2,156.05006085952374,10,2026-07-25T19:58:59.068587+00:00,,
40,cpu,model_only,1,24,1,0.0065048,6.5047999999999995,6504.8,153.73262821301194,10,2026-07-25T19:58:59.068587+00:00,,
40,cpu,model_only,1,25,1,0.0071707,7.1707,7170.700000000001,139.45639895686614,10,2026-07-25T19:58:59.068587+00:00,,
40,cpu,model_only,1,26,1,0.0065638,6.5638,6563.8,152.35077241841617,10,2026-07-25T19:58:59.068587+00:00,,
40,cpu,model_only,1,27,1,0.006667,6.667,6667.0,149.99250037498123,10,2026-07-25T19:58:59.068587+00:00,,
40,cpu,model_only,1,28,1,0.0064903,6.4903,6490.3,154.07608276967167,10,2026-07-25T19:58:59.068587+00:00,,
40,cpu,model_only,1,29,1,0.0064149,6.4149,6414.900000000001,155.88707540257838,10,2026-07-25T19:58:59.068587+00:00,,
40,cpu,model_only,1,30,1,0.0068989,6.8989,6898.900000000001,144.95064430561393,10,2026-07-25T19:58:59.068587+00:00,,
40,cpu,model_only,1,31,1,0.0063492,6.3492,6349.2,157.50015750015748,10,2026-07-25T19:58:59.068587+00:00,,
40,cpu,model_only,1,32,1,0.0064796,6.4796000000000005,6479.6,154.3305142292734,10,2026-07-25T19:58:59.068587+00:00,,
40,cpu,model_only,1,33,1,0.0065115,6.5115,6511.5,153.57444521231668,10,2026-07-25T19:58:59.068587+00:00,,
40,cpu,model_only,1,34,1,0.0067632,6.763199999999999,6763.2,147.85900165602084,10,2026-07-25T19:58:59.068587+00:00,,
40,cpu,model_only,1,35,1,0.0066594,6.659400000000001,6659.400000000001,150.1636784094663,10,2026-07-25T19:58:59.068587+00:00,,
40,cpu,model_only,1,36,1,0.0065019,6.5019,6501.9,153.80119657330934,10,2026-07-25T19:58:59.068587+00:00,,
40,cpu,model_only,1,37,1,0.006962,6.962000000000001,6962.0,143.63688595231255,10,2026-07-25T19:58:59.068587+00:00,,
40,cpu,model_only,1,38,1,0.0064776,6.4776,6477.6,154.37816475237742,10,2026-07-25T19:58:59.068587+00:00,,
40,cpu,model_only,1,39,1,0.0068705,6.8705,6870.5,145.54981442398662,10,2026-07-25T19:58:59.068587+00:00,,
40,cpu,model_only,1,40,1,0.0066371,6.6371,6637.1,150.66821352699222,10,2026-07-25T19:58:59.068587+00:00,,
40,cpu,model_only,1,41,1,0.0071134,7.1133999999999995,7113.4,140.57975089268143,10,2026-07-25T19:58:59.068587+00:00,,
40,cpu,model_only,1,42,1,0.0064923,6.4923,6492.3,154.02861851732052,10,2026-07-25T19:58:59.068587+00:00,,
40,cpu,model_only,1,43,1,0.0069659,6.9658999999999995,6965.9,143.5564679366629,10,2026-07-25T19:58:59.068587+00:00,,
40,cpu,model_only,1,44,1,0.0068408,6.8408,6840.8,146.181733130628,10,2026-07-25T19:58:59.068587+00:00,,
40,cpu,model_only,1,45,1,0.0065169,6.5169,6516.9,153.447191149166,10,2026-07-25T19:58:59.068587+00:00,,
40,cpu,model_only,1,46,1,0.0068303,6.8303,6830.3,146.40645359647453,10,2026-07-25T19:58:59.068587+00:00,,
40,cpu,model_only,1,47,1,0.0065033,6.5033,6503.3,153.76808697123,10,2026-07-25T19:58:59.068587+00:00,,
40,cpu,model_only,1,48,1,0.0066997,6.6997,6699.700000000001,149.26041464543187,10,2026-07-25T19:58:59.068587+00:00,,
40,cpu,model_only,1,49,1,0.006483,6.483,6483.0,154.24957581366652,10,2026-07-25T19:58:59.068587+00:00,,
40,cpu,model_only,1,50,1,0.0069057,6.9056999999999995,6905.7,144.8079123043283,10,2026-07-25T19:58:59.068587+00:00,,
40,cpu,model_only,1,51,1,0.0063023,6.302300000000001,6302.3,158.67223077289242,10,2026-07-25T19:58:59.068587+00:00,,
40,cpu,model_only,1,52,1,0.0059094,5.909400000000001,5909.400000000001,169.2219176227705,10,2026-07-25T19:58:59.068587+00:00,,
40,cpu,model_only,1,53,1,0.0071385,7.1385,7138.5,140.08545212579673,10,2026-07-25T19:58:59.068587+00:00,,
40,cpu,model_only,1,54,1,0.0063766,6.3766,6376.599999999999,156.82338550324624,10,2026-07-25T19:58:59.068587+00:00,,
40,cpu,model_only,1,55,1,0.0075783,7.5783,7578.299999999999,131.9557156618239,10,2026-07-25T19:58:59.068587+00:00,,
40,cpu,model_only,1,56,1,0.0066446,6.6446,6644.599999999999,150.49814887276887,10,2026-07-25T19:58:59.068587+00:00,,
40,cpu,model_only,1,57,1,0.0066384,6.6384,6638.4,150.63870812243914,10,2026-07-25T19:58:59.068587+00:00,,
40,cpu,model_only,1,58,1,0.0067064,6.7064,6706.400000000001,149.11129667183585,10,2026-07-25T19:58:59.068587+00:00,,
40,cpu,model_only,1,59,1,0.0061099,6.1099,6109.9,163.66879981669095,10,2026-07-25T19:58:59.068587+00:00,,
40,cpu,model_only,1,60,1,0.0070647,7.0647,7064.7,141.5488272679661,10,2026-07-25T19:58:59.068587+00:00,,
40,cpu,model_only,1,61,1,0.0061539,6.1539,6153.900000000001,162.49857813744129,10,2026-07-25T19:58:59.068587+00:00,,
40,cpu,model_only,1,62,1,0.0063402,6.340199999999999,6340.2,157.7237311125832,10,2026-07-25T19:58:59.068587+00:00,,
40,cpu,model_only,1,63,1,0.0062531,6.2531,6253.1,159.92067934304583,10,2026-07-25T19:58:59.068587+00:00,,
40,cpu,model_only,1,64,1,0.0062211,6.2211,6221.1,160.74327691244312,10,2026-07-25T19:58:59.068587+00:00,,
40,cpu,model_only,1,65,1,0.0070361,7.0361,7036.1,142.12418811557538,10,2026-07-25T19:58:59.068587+00:00,,
40,cpu,model_only,1,66,1,0.006283,6.283,6283.0,159.15963711602737,10,2026-07-25T19:58:59.068587+00:00,,
40,cpu,model_only,1,67,1,0.0063325,6.3325,6332.5,157.91551519936834,10,2026-07-25T19:58:59.068587+00:00,,
40,cpu,model_only,1,68,1,0.0064598,6.4597999999999995,6459.8,154.8035542896065,10,2026-07-25T19:58:59.068587+00:00,,
40,cpu,model_only,1,69,1,0.006369,6.369,6369.0,157.01051970482024,10,2026-07-25T19:58:59.068587+00:00,,
40,cpu,model_only,1,70,1,0.0067594,6.759399999999999,6759.4,147.9421250406841,10,2026-07-25T19:58:59.068587+00:00,,
40,cpu,model_only,1,71,1,0.0064008,6.4008,6400.8,156.23047119110112,10,2026-07-25T19:58:59.068587+00:00,,
40,cpu,model_only,1,72,1,0.0064744,6.4744,6474.4,154.45446682318052,10,2026-07-25T19:58:59.068587+00:00,,
40,cpu,model_only,1,73,1,0.0060052,6.005199999999999,6005.2,166.52234729900755,10,2026-07-25T19:58:59.068587+00:00,,
40,cpu,model_only,1,74,1,0.0060116,6.0116,6011.599999999999,166.34506620533637,10,2026-07-25T19:58:59.068587+00:00,,
40,cpu,model_only,1,75,1,0.0068304,6.8304,6830.400000000001,146.4043101428906,10,2026-07-25T19:58:59.068587+00:00,,
40,cpu,model_only,1,76,1,0.0064314,6.4314,6431.400000000001,155.48714121342164,10,2026-07-25T19:58:59.068587+00:00,,
40,cpu,model_only,1,77,1,0.0069139,6.9139,6913.9,144.6361677201001,10,2026-07-25T19:58:59.068587+00:00,,
40,cpu,model_only,1,78,1,0.0065767,6.576700000000001,6576.700000000001,152.05194094302612,10,2026-07-25T19:58:59.068587+00:00,,
40,cpu,model_only,1,79,1,0.0068991,6.8991,6899.1,144.946442289574,10,2026-07-25T19:58:59.068587+00:00,,
40,cpu,model_only,1,80,1,0.0081467,8.1467,8146.7,122.74908858801724,10,2026-07-25T19:58:59.068587+00:00,,
40,cpu,model_only,1,81,1,0.0065608,6.5608,6560.8,152.42043653213022,10,2026-07-25T19:58:59.068587+00:00,,
40,cpu,model_only,1,82,1,0.0072247,7.2246999999999995,7224.7,138.41405179453818,10,2026-07-25T19:58:59.068587+00:00,,
40,cpu,model_only,1,83,1,0.0063767,6.3767,6376.7,156.82092618439006,10,2026-07-25T19:58:59.068587+00:00,,
40,cpu,model_only,1,84,1,0.0067615,6.7615,6761.5,147.89617688382754,10,2026-07-25T19:58:59.068587+00:00,,
40,cpu,model_only,1,85,1,0.0065918,6.5918,6591.8,151.70363178494492,10,2026-07-25T19:58:59.068587+00:00,,
40,cpu,model_only,1,86,1,0.0070664,7.0664,7066.4,141.51477414242046,10,2026-07-25T19:58:59.068587+00:00,,
40,cpu,model_only,1,87,1,0.0061561,6.1561,6156.1,162.4405061646172,10,2026-07-25T19:58:59.068587+00:00,,
40,cpu,model_only,1,88,1,0.0060765,6.0765,6076.5,164.56841932033242,10,2026-07-25T19:58:59.068587+00:00,,
40,cpu,model_only,1,89,1,0.0065045,6.5045,6504.5,153.73971865631486,10,2026-07-25T19:58:59.068587+00:00,,
40,cpu,model_only,1,90,1,0.0062797,6.2797,6279.7,159.2432759526729,10,2026-07-25T19:58:59.068587+00:00,,
40,cpu,model_only,1,91,1,0.0065245,6.5245,6524.5,153.26844968963138,10,2026-07-25T19:58:59.068587+00:00,,
40,cpu,model_only,1,92,1,0.0062007,6.2007,6200.7,161.2721144386924,10,2026-07-25T19:58:59.068587+00:00,,
40,cpu,model_only,1,93,1,0.0062565,6.2565,6256.5,159.83377287620874,10,2026-07-25T19:58:59.068587+00:00,,
40,cpu,model_only,1,94,1,0.0066373,6.6373,6637.299999999999,150.66367348168683,10,2026-07-25T19:58:59.068587+00:00,,
40,cpu,model_only,1,95,1,0.0063625,6.3625,6362.5,157.17092337917484,10,2026-07-25T19:58:59.068587+00:00,,
40,cpu,model_only,1,96,1,0.0066019,6.6019,6601.9,151.47154607007073,10,2026-07-25T19:58:59.068587+00:00,,
40,cpu,model_only,1,97,1,0.006615,6.615,6615.0,151.17157974300832,10,2026-07-25T19:58:59.068587+00:00,,
40,cpu,model_only,1,98,1,0.0064195,6.4195,6419.5,155.77537191370044,10,2026-07-25T19:58:59.068587+00:00,,
40,cpu,model_only,1,99,1,0.0073054,7.3054,7305.4,136.8850439400991,10,2026-07-25T19:58:59.068587+00:00,,
40,cpu,model_only,1,100,1,0.006441,6.441,6441.0,155.2553951249806,10,2026-07-25T19:58:59.068587+00:00,,
40,cpu,model_only,1,101,1,0.0072308,7.2308,7230.8,138.29728384134535,10,2026-07-25T19:58:59.068587+00:00,,
40,cpu,model_only,1,102,1,0.0064684,6.4684,6468.4,154.59773668913488,10,2026-07-25T19:58:59.068587+00:00,,
40,cpu,model_only,1,103,1,0.0067176,6.7176,6717.599999999999,148.8626890556151,10,2026-07-25T19:58:59.068587+00:00,,
40,cpu,model_only,1,104,1,0.0068395,6.8395,6839.5,146.2095182396374,10,2026-07-25T19:58:59.068587+00:00,,
40,cpu,model_only,1,105,1,0.0062881,6.2881,6288.099999999999,159.03054976861057,10,2026-07-25T19:58:59.068587+00:00,,
40,cpu,model_only,1,106,1,0.0071896,7.1895999999999995,7189.6,139.0897963725381,10,2026-07-25T19:58:59.068587+00:00,,
40,cpu,model_only,1,107,1,0.0060813,6.081300000000001,6081.3,164.43852465755677,10,2026-07-25T19:58:59.068587+00:00,,
40,cpu,model_only,1,108,1,0.0069697,6.9697,6969.7,143.4781984877398,10,2026-07-25T19:58:59.068587+00:00,,
40,cpu,model_only,1,109,1,0.0064358,6.4358,6435.8,155.3808384350042,10,2026-07-25T19:58:59.068587+00:00,,
40,cpu,model_only,1,110,1,0.0062955,6.2955,6295.5,158.84361845762848,10,2026-07-25T19:58:59.068587+00:00,,
40,cpu,model_only,1,111,1,0.0066,6.6,6600.0,151.51515151515153,10,2026-07-25T19:58:59.068587+00:00,,
40,cpu,model_only,1,112,1,0.0062161,6.2161,6216.099999999999,160.87257283505735,10,2026-07-25T19:58:59.068587+00:00,,
40,cpu,model_only,1,113,1,0.0069275,6.927499999999999,6927.5,144.35221941537353,10,2026-07-25T19:58:59.068587+00:00,,
40,cpu,model_only,1,114,1,0.00618,6.18,6180.0,161.81229773462783,10,2026-07-25T19:58:59.068587+00:00,,
40,cpu,model_only,1,115,1,0.0062756,6.2756,6275.6,159.347313404296,10,2026-07-25T19:58:59.068587+00:00,,
40,cpu,model_only,1,116,1,0.0064018,6.4018,6401.8,156.20606704364397,10,2026-07-25T19:58:59.068587+00:00,,
40,cpu,model_only,1,117,1,0.0062742,6.2741999999999996,6274.2,159.382869529183,10,2026-07-25T19:58:59.068587+00:00,,
40,cpu,model_only,1,118,1,0.0067427,6.7427,6742.7,148.3085410888813,10,2026-07-25T19:58:59.068587+00:00,,
40,cpu,model_only,1,119,1,0.0062561,6.2561,6256.099999999999,159.84399226355077,10,2026-07-25T19:58:59.068587+00:00,,
40,cpu,model_only,1,120,1,0.0063453,6.3453,6345.3,157.5969615305817,10,2026-07-25T19:58:59.068587+00:00,,
40,cpu,model_only,1,121,1,0.0067878,6.7878,6787.8,147.32313857214413,10,2026-07-25T19:58:59.068587+00:00,,
40,cpu,model_only,1,122,1,0.0066723,6.6723,6672.3,149.87335701332375,10,2026-07-25T19:58:59.068587+00:00,,
40,cpu,model_only,1,123,1,0.0081655,8.1655,8165.499999999999,122.46647480252282,10,2026-07-25T19:58:59.068587+00:00,,
40,cpu,model_only,1,124,1,0.0069669,6.9669,6966.9,143.53586243522943,10,2026-07-25T19:58:59.068587+00:00,,
40,cpu,model_only,1,125,1,0.0068271,6.8271,6827.1,146.47507726560326,10,2026-07-25T19:58:59.068587+00:00,,
40,cpu,model_only,1,126,1,0.0065818,6.581799999999999,6581.799999999999,151.93412136497616,10,2026-07-25T19:58:59.068587+00:00,,
40,cpu,model_only,1,127,1,0.0068556,6.8556,6855.599999999999,145.86615321780735,10,2026-07-25T19:58:59.068587+00:00,,
40,cpu,model_only,1,128,1,0.0068638,6.8637999999999995,6863.8,145.69189078935867,10,2026-07-25T19:58:59.068587+00:00,,
40,cpu,model_only,1,129,1,0.0064408,6.4408,6440.8,155.26021612222084,10,2026-07-25T19:58:59.068587+00:00,,
40,cpu,model_only,1,130,1,0.0106255,10.625499999999999,10625.5,94.11321820149641,10,2026-07-25T19:58:59.068587+00:00,,
40,cpu,model_only,1,131,1,0.0095583,9.558300000000001,9558.300000000001,104.6211146333553,10,2026-07-25T19:58:59.068587+00:00,,
40,cpu,model_only,1,132,1,0.0076276,7.6276,7627.6,131.10283706539408,10,2026-07-25T19:58:59.068587+00:00,,
40,cpu,model_only,1,133,1,0.0072164,7.2164,7216.400000000001,138.57324981985477,10,2026-07-25T19:58:59.068587+00:00,,
40,cpu,model_only,1,134,1,0.008527,8.527,8527.0,117.27453969743169,10,2026-07-25T19:58:59.068587+00:00,,
40,cpu,model_only,1,135,1,0.0071649,7.1649,7164.9,139.56928917361023,10,2026-07-25T19:58:59.068587+00:00,,
40,cpu,model_only,1,136,1,0.0068047,6.8047,6804.700000000001,146.95725013593545,10,2026-07-25T19:58:59.068587+00:00,,
40,cpu,model_only,1,137,1,0.0064877,6.4877,6487.7,154.1378300476286,10,2026-07-25T19:58:59.068587+00:00,,
40,cpu,model_only,1,138,1,0.007546,7.545999999999999,7546.0,132.520540683806,10,2026-07-25T19:58:59.068587+00:00,,
40,cpu,model_only,1,139,1,0.0066701,6.6701,6670.1,149.9227897632719,10,2026-07-25T19:58:59.068587+00:00,,
40,cpu,model_only,1,140,1,0.007023,7.023,7023.0,142.38929232521716,10,2026-07-25T19:58:59.068587+00:00,,
40,cpu,model_only,1,141,1,0.0066998,6.6998,6699.799999999999,149.2581868115466,10,2026-07-25T19:58:59.068587+00:00,,
40,cpu,model_only,1,142,1,0.0073226,7.3226,7322.6,136.56351569114796,10,2026-07-25T19:58:59.068587+00:00,,
40,cpu,model_only,1,143,1,0.0063993,6.3993,6399.3,156.26709171315613,10,2026-07-25T19:58:59.068587+00:00,,
40,cpu,model_only,1,144,1,0.0063376,6.337599999999999,6337.599999999999,157.78843726331735,10,2026-07-25T19:58:59.068587+00:00,,
40,cpu,model_only,1,145,1,0.0068523,6.8523000000000005,6852.3,145.93640091648058,10,2026-07-25T19:58:59.068587+00:00,,
40,cpu,model_only,1,146,1,0.0065347,6.5347,6534.7,153.02921327681454,10,2026-07-25T19:58:59.068587+00:00,,
40,cpu,model_only,1,147,1,0.0074351,7.4351,7435.1,134.49718228403114,10,2026-07-25T19:58:59.068587+00:00,,
40,cpu,model_only,1,148,1,0.0073209,7.3209,7320.9,136.59522736275594,10,2026-07-25T19:58:59.068587+00:00,,
40,cpu,model_only,1,149,1,0.0080292,8.0292,8029.2,124.54540925621481,10,2026-07-25T19:58:59.068587+00:00,,
40,cpu,model_only,1,150,1,0.0067146,6.7146,6714.6,148.92919905876747,10,2026-07-25T19:58:59.068587+00:00,,
40,cpu,model_only,1,151,1,0.0070139,7.0139,7013.9,142.57403156589058,10,2026-07-25T19:58:59.068587+00:00,,
40,cpu,model_only,1,152,1,0.0067931,6.7931,6793.099999999999,147.20819655238404,10,2026-07-25T19:58:59.068587+00:00,,
40,cpu,model_only,1,153,1,0.0064971,6.4971,6497.099999999999,153.91482353665484,10,2026-07-25T19:58:59.068587+00:00,,
40,cpu,model_only,1,154,1,0.0069501,6.9501,6950.099999999999,143.88282182990173,10,2026-07-25T19:58:59.068587+00:00,,
40,cpu,model_only,1,155,1,0.0066763,6.6762999999999995,6676.299999999999,149.78356275182364,10,2026-07-25T19:58:59.068587+00:00,,
40,cpu,model_only,1,156,1,0.0070048,7.0048,7004.8,142.7592507994518,10,2026-07-25T19:58:59.068587+00:00,,
40,cpu,model_only,1,157,1,0.0065315,6.5315,6531.5,153.1041873995254,10,2026-07-25T19:58:59.068587+00:00,,
40,cpu,model_only,1,158,1,0.0067329,6.7329,6732.9,148.52440998678134,10,2026-07-25T19:58:59.068587+00:00,,
40,cpu,model_only,1,159,1,0.0074001,7.4001,7400.099999999999,135.13330900933772,10,2026-07-25T19:58:59.068587+00:00,,
40,cpu,model_only,1,160,1,0.0072565,7.2565,7256.5,137.807482946324,10,2026-07-25T19:58:59.068587+00:00,,
40,cpu,model_only,1,161,1,0.0083607,8.3607,8360.7,119.60720992261413,10,2026-07-25T19:58:59.068587+00:00,,
40,cpu,model_only,1,162,1,0.0071438,7.1438,7143.799999999999,139.98152243903806,10,2026-07-25T19:58:59.068587+00:00,,
40,cpu,model_only,1,163,1,0.0072873,7.2873,7287.3,137.2250353354466,10,2026-07-25T19:58:59.068587+00:00,,
40,cpu,model_only,1,164,1,0.0068385,6.8385,6838.5,146.23089858887184,10,2026-07-25T19:58:59.068587+00:00,,
40,cpu,model_only,1,165,1,0.0070585,7.0584999999999996,7058.5,141.67316001983426,10,2026-07-25T19:58:59.068587+00:00,,
40,cpu,model_only,1,166,1,0.0065835,6.5835,6583.5,151.894888736994,10,2026-07-25T19:58:59.068587+00:00,,
40,cpu,model_only,1,167,1,0.0079978,7.9978,7997.799999999999,125.03438445572533,10,2026-07-25T19:58:59.068587+00:00,,
40,cpu,model_only,1,168,1,0.0078427,7.842699999999999,7842.699999999999,127.50710852130007,10,2026-07-25T19:58:59.068587+00:00,,
40,cpu,model_only,1,169,1,0.0068497,6.8497,6849.7,145.99179526110632,10,2026-07-25T19:58:59.068587+00:00,,
40,cpu,model_only,1,170,1,0.0071552,7.1552,7155.2,139.75849731663686,10,2026-07-25T19:58:59.068587+00:00,,
40,cpu,model_only,1,171,1,0.0078495,7.849500000000001,7849.500000000001,127.39664946811898,10,2026-07-25T19:58:59.068587+00:00,,
40,cpu,model_only,1,172,1,0.0084863,8.4863,8486.300000000001,117.83698431589738,10,2026-07-25T19:58:59.068587+00:00,,
40,cpu,model_only,1,173,1,0.0083685,8.3685,8368.5,119.49572802772302,10,2026-07-25T19:58:59.068587+00:00,,
40,cpu,model_only,1,174,1,0.0069209,6.9209,6920.9,144.4898784840122,10,2026-07-25T19:58:59.068587+00:00,,
40,cpu,model_only,1,175,1,0.0073757,7.3757,7375.7,135.5803516954323,10,2026-07-25T19:58:59.068587+00:00,,
40,cpu,model_only,1,176,1,0.0068623,6.8623,6862.3,145.72373693951008,10,2026-07-25T19:58:59.068587+00:00,,
40,cpu,model_only,1,177,1,0.0079672,7.967200000000001,7967.200000000001,125.51460990059242,10,2026-07-25T19:58:59.068587+00:00,,
40,cpu,model_only,1,178,1,0.0073854,7.385400000000001,7385.400000000001,135.40228017439813,10,2026-07-25T19:58:59.068587+00:00,,
40,cpu,model_only,1,179,1,0.0074171,7.4171000000000005,7417.1,134.82358334119803,10,2026-07-25T19:58:59.068587+00:00,,
40,cpu,model_only,1,180,1,0.0071856,7.1856,7185.6,139.16722333556,10,2026-07-25T19:58:59.068587+00:00,,
40,cpu,model_only,1,181,1,0.0077766,7.7766,7776.599999999999,128.59090090785176,10,2026-07-25T19:58:59.068587+00:00,,
40,cpu,model_only,1,182,1,0.0085838,8.5838,8583.800000000001,116.49852046879003,10,2026-07-25T19:58:59.068587+00:00,,
40,cpu,model_only,1,183,1,0.0069072,6.9072,6907.2,144.77646513782722,10,2026-07-25T19:58:59.068587+00:00,,
40,cpu,model_only,1,184,1,0.0073436,7.3435999999999995,7343.599999999999,136.17299417179586,10,2026-07-25T19:58:59.068587+00:00,,
40,cpu,model_only,1,185,1,0.0064203,6.4203,6420.3,155.75596155942867,10,2026-07-25T19:58:59.068587+00:00,,
40,cpu,model_only,1,186,1,0.0069628,6.9628,6962.8,143.62038260469927,10,2026-07-25T19:58:59.068587+00:00,,
40,cpu,model_only,1,187,1,0.0072064,7.2064,7206.4,138.76554174067496,10,2026-07-25T19:58:59.068587+00:00,,
40,cpu,model_only,1,188,1,0.0079184,7.918400000000001,7918.400000000001,126.28813901798343,10,2026-07-25T19:58:59.068587+00:00,,
40,cpu,model_only,1,189,1,0.006782,6.782,6782.0,147.4491300501327,10,2026-07-25T19:58:59.068587+00:00,,
40,cpu,model_only,1,190,1,0.0070326,7.0326,7032.6,142.19492079742912,10,2026-07-25T19:58:59.068587+00:00,,
40,cpu,model_only,1,191,1,0.0067586,6.7586,6758.6,147.95963661113248,10,2026-07-25T19:58:59.068587+00:00,,
40,cpu,model_only,1,192,1,0.0066129,6.6129,6612.9,151.21958596077366,10,2026-07-25T19:58:59.068587+00:00,,
40,cpu,model_only,1,193,1,0.0082166,8.2166,8216.599999999999,121.70484141859164,10,2026-07-25T19:58:59.068587+00:00,,
40,cpu,model_only,1,194,1,0.0065584,6.5584,6558.4,152.47621371066114,10,2026-07-25T19:58:59.068587+00:00,,
40,cpu,model_only,1,195,1,0.0070456,7.0456,7045.6,141.93255365050527,10,2026-07-25T19:58:59.068587+00:00,,
40,cpu,model_only,1,196,1,0.0077944,7.7943999999999996,7794.4,128.2972390434158,10,2026-07-25T19:58:59.068587+00:00,,
40,cpu,model_only,1,197,1,0.0074445,7.4445,7444.5,134.32735576600174,10,2026-07-25T19:58:59.068587+00:00,,
40,cpu,model_only,1,198,1,0.0077705,7.770499999999999,7770.5,128.691847371469,10,2026-07-25T19:58:59.068587+00:00,,
40,cpu,model_only,1,199,1,0.0074128,7.4128,7412.8,134.90179149579106,10,2026-07-25T19:58:59.068587+00:00,,
40,cpu,model_only,1,200,1,0.0067041,6.7041,6704.1,149.1624528273743,10,2026-07-25T19:58:59.068587+00:00,,
40,cpu,model_only,1,201,1,0.006967,6.9670000000000005,6967.0,143.53380221042056,10,2026-07-25T19:58:59.068587+00:00,,
40,cpu,model_only,1,202,1,0.0068648,6.8648,6864.8,145.670667754341,10,2026-07-25T19:58:59.068587+00:00,,
40,cpu,model_only,1,203,1,0.0066835,6.6835,6683.5,149.62220393506396,10,2026-07-25T19:58:59.068587+00:00,,
40,cpu,model_only,1,204,1,0.0070225,7.0225,7022.5,142.3994304022784,10,2026-07-25T19:58:59.068587+00:00,,
40,cpu,model_only,1,205,1,0.0063213,6.3213,6321.3,158.19530792716688,10,2026-07-25T19:58:59.068587+00:00,,
40,cpu,model_only,1,206,1,0.0072227,7.222700000000001,7222.700000000001,138.45237930413833,10,2026-07-25T19:58:59.068587+00:00,,
40,cpu,model_only,1,207,1,0.0068043,6.8043000000000005,6804.3,146.9658892171127,10,2026-07-25T19:58:59.068587+00:00,,
40,cpu,model_only,1,208,1,0.0070641,7.0641,7064.1,141.56084993134297,10,2026-07-25T19:58:59.068587+00:00,,
40,cpu,model_only,1,209,1,0.0077298,7.7298,7729.8,129.36945328469042,10,2026-07-25T19:58:59.068587+00:00,,
40,cpu,model_only,1,210,1,0.0067721,6.7721,6772.099999999999,147.66468303775787,10,2026-07-25T19:58:59.068587+00:00,,
40,cpu,model_only,1,211,1,0.0070356,7.0356000000000005,7035.6,142.13428847575187,10,2026-07-25T19:58:59.068587+00:00,,
40,cpu,model_only,1,212,1,0.0065228,6.522799999999999,6522.799999999999,153.3083951677194,10,2026-07-25T19:58:59.068587+00:00,,
40,cpu,model_only,1,213,1,0.0078335,7.8335,7833.5,127.65685836471565,10,2026-07-25T19:58:59.068587+00:00,,
40,cpu,model_only,1,214,1,0.006377,6.377,6377.0,156.81354869060686,10,2026-07-25T19:58:59.068587+00:00,,
40,cpu,model_only,1,215,1,0.0068729,6.8729000000000005,6872.900000000001,145.49898878202796,10,2026-07-25T19:58:59.068587+00:00,,
40,cpu,model_only,1,216,1,0.0071288,7.1288,7128.8,140.27606329255974,10,2026-07-25T19:58:59.068587+00:00,,
40,cpu,model_only,1,217,1,0.0072397,7.2397,7239.7,138.12727046700832,10,2026-07-25T19:58:59.068587+00:00,,
40,cpu,model_only,1,218,1,0.0068586,6.8586,6858.6,145.80235033388738,10,2026-07-25T19:58:59.068587+00:00,,
40,cpu,model_only,1,219,1,0.0069367,6.936699999999999,6936.7,144.16076808857238,10,2026-07-25T19:58:59.068587+00:00,,
40,cpu,model_only,1,220,1,0.0079413,7.9413,7941.3,125.9239671086598,10,2026-07-25T19:58:59.068587+00:00,,
40,cpu,model_only,1,221,1,0.006638,6.638,6638.0,150.6477854775535,10,2026-07-25T19:58:59.068587+00:00,,
40,cpu,model_only,1,222,1,0.0071722,7.1722,7172.2,139.42723292713532,10,2026-07-25T19:58:59.068587+00:00,,
40,cpu,model_only,1,223,1,0.0072215,7.2215,7221.5,138.47538600013849,10,2026-07-25T19:58:59.068587+00:00,,
40,cpu,model_only,1,224,1,0.0076288,7.6288,7628.8,131.08221476510067,10,2026-07-25T19:58:59.068587+00:00,,
40,cpu,model_only,1,225,1,0.0065976,6.5976,6597.6,151.57026797623377,10,2026-07-25T19:58:59.068587+00:00,,
40,cpu,model_only,1,226,1,0.0072607,7.2607,7260.7,137.72776729516437,10,2026-07-25T19:58:59.068587+00:00,,
40,cpu,model_only,1,227,1,0.0067565,6.7565,6756.5,148.00562421372013,10,2026-07-25T19:58:59.068587+00:00,,
40,cpu,model_only,1,228,1,0.0070721,7.0721,7072.099999999999,141.40071548762037,10,2026-07-25T19:58:59.068587+00:00,,
40,cpu,model_only,1,229,1,0.0074866,7.4866,7486.6,133.57198194106803,10,2026-07-25T19:58:59.068587+00:00,,
40,cpu,model_only,1,230,1,0.0080388,8.0388,8038.8,124.39667612081405,10,2026-07-25T19:58:59.068587+00:00,,
40,cpu,model_only,1,231,1,0.0081354,8.135399999999999,8135.4,122.91958600683434,10,2026-07-25T19:58:59.068587+00:00,,
40,cpu,model_only,1,232,1,0.0065829,6.5829,6582.9,151.90873323307358,10,2026-07-25T19:58:59.068587+00:00,,
40,cpu,model_only,1,233,1,0.0082338,8.233799999999999,8233.8,121.45060603852414,10,2026-07-25T19:58:59.068587+00:00,,
40,cpu,model_only,1,234,1,0.0075529,7.5529,7552.900000000001,132.39947569807623,10,2026-07-25T19:58:59.068587+00:00,,
40,cpu,model_only,1,235,1,0.0089743,8.9743,8974.3,111.42930367828133,10,2026-07-25T19:58:59.068587+00:00,,
40,cpu,model_only,1,236,1,0.007266,7.266,7266.0,137.62730525736308,10,2026-07-25T19:58:59.068587+00:00,,
40,cpu,model_only,1,237,1,0.0081788,8.1788,8178.8,122.26732527999218,10,2026-07-25T19:58:59.068587+00:00,,
40,cpu,model_only,1,238,1,0.0070604,7.0604,7060.4,141.63503484221857,10,2026-07-25T19:58:59.068587+00:00,,
40,cpu,model_only,1,239,1,0.0075913,7.5912999999999995,7591.299999999999,131.7297432587304,10,2026-07-25T19:58:59.068587+00:00,,
40,cpu,model_only,1,240,1,0.0068463,6.846299999999999,6846.299999999999,146.06429750376117,10,2026-07-25T19:58:59.068587+00:00,,
40,cpu,model_only,1,241,1,0.0078263,7.8263,7826.299999999999,127.77429947740312,10,2026-07-25T19:58:59.068587+00:00,,
40,cpu,model_only,1,242,1,0.0071631,7.1631,7163.1,139.60436124024514,10,2026-07-25T19:58:59.068587+00:00,,
40,cpu,model_only,1,243,1,0.0075322,7.5322000000000005,7532.2,132.76333607710893,10,2026-07-25T19:58:59.068587+00:00,,
40,cpu,model_only,1,244,1,0.0097437,9.743699999999999,9743.699999999999,102.63041760316924,10,2026-07-25T19:58:59.068587+00:00,,
40,cpu,model_only,1,245,1,0.0081601,8.1601,8160.1,122.54751780002697,10,2026-07-25T19:58:59.068587+00:00,,
40,cpu,model_only,1,246,1,0.0068227,6.8227,6822.7,146.5695399182142,10,2026-07-25T19:58:59.068587+00:00,,
40,cpu,model_only,1,247,1,0.0073787,7.3787,7378.7,135.52522802119614,10,2026-07-25T19:58:59.068587+00:00,,
40,cpu,model_only,1,248,1,0.0076512,7.6512,7651.200000000001,130.69845253032204,10,2026-07-25T19:58:59.068587+00:00,,
40,cpu,model_only,1,249,1,0.0088199,8.8199,8819.9,113.37997029444777,10,2026-07-25T19:58:59.068587+00:00,,
40,cpu,model_only,1,250,1,0.0071894,7.1894,7189.400000000001,139.09366567446517,10,2026-07-25T19:58:59.068587+00:00,,
40,cpu,model_only,1,251,1,0.0066841,6.6841,6684.1,149.60877305845216,10,2026-07-25T19:58:59.068587+00:00,,
40,cpu,model_only,1,252,1,0.006746,6.746,6746.0,148.23599169878446,10,2026-07-25T19:58:59.068587+00:00,,
40,cpu,model_only,1,253,1,0.0077982,7.7982,7798.2,128.23472083301274,10,2026-07-25T19:58:59.068587+00:00,,
40,cpu,model_only,1,254,1,0.0072572,7.2572,7257.2,137.79419059692444,10,2026-07-25T19:58:59.068587+00:00,,
40,cpu,model_only,1,255,1,0.0066776,6.6776,6677.599999999999,149.75440277944173,10,2026-07-25T19:58:59.068587+00:00,,
40,cpu,model_only,1,256,1,0.0072191,7.2191,7219.1,138.52142233796457,10,2026-07-25T19:58:59.068587+00:00,,
40,cpu,model_only,1,257,1,0.0066085,6.608499999999999,6608.5,151.32026935007946,10,2026-07-25T19:58:59.068587+00:00,,
40,cpu,model_only,1,258,1,0.006842,6.842,6842.0,146.1560947091494,10,2026-07-25T19:58:59.068587+00:00,,
40,cpu,model_only,1,259,1,0.0071924,7.1924,7192.4,139.03564874033702,10,2026-07-25T19:58:59.068587+00:00,,
40,cpu,model_only,1,260,1,0.0074223,7.4223,7422.3,134.72912708998558,10,2026-07-25T19:58:59.068587+00:00,,
40,cpu,model_only,1,261,1,0.0073219,7.3219,7321.900000000001,136.57657165489832,10,2026-07-25T19:58:59.068587+00:00,,
40,cpu,model_only,1,262,1,0.006392,6.392,6392.0,156.44555694618273,10,2026-07-25T19:58:59.068587+00:00,,
40,cpu,model_only,1,263,1,0.0078425,7.8425,7842.500000000001,127.51036021676761,10,2026-07-25T19:58:59.068587+00:00,,
40,cpu,model_only,1,264,1,0.0069008,6.9008,6900.8,144.91073498724785,10,2026-07-25T19:58:59.068587+00:00,,
40,cpu,model_only,1,265,1,0.0075686,7.5686,7568.6,132.12483154083978,10,2026-07-25T19:58:59.068587+00:00,,
40,cpu,model_only,1,266,1,0.0063724,6.372400000000001,6372.400000000001,156.9267465946896,10,2026-07-25T19:58:59.068587+00:00,,
40,cpu,model_only,1,267,1,0.0073002,7.300199999999999,7300.2,136.98254842333088,10,2026-07-25T19:58:59.068587+00:00,,
40,cpu,model_only,1,268,1,0.0065579,6.5579,6557.900000000001,152.4878390948322,10,2026-07-25T19:58:59.068587+00:00,,
40,cpu,model_only,1,269,1,0.0068126,6.812600000000001,6812.6,146.78683615653347,10,2026-07-25T19:58:59.068587+00:00,,
40,cpu,model_only,1,270,1,0.0065583,6.5583,6558.3,152.4785386456856,10,2026-07-25T19:58:59.068587+00:00,,
40,cpu,model_only,1,271,1,0.0064968,6.4967999999999995,6496.799999999999,153.9219307966999,10,2026-07-25T19:58:59.068587+00:00,,
40,cpu,model_only,1,272,1,0.0074312,7.4312,7431.2,134.56776832813006,10,2026-07-25T19:58:59.068587+00:00,,
40,cpu,model_only,1,273,1,0.0061668,6.1668,6166.8,162.15865602905882,10,2026-07-25T19:58:59.068587+00:00,,
40,cpu,model_only,1,274,1,0.0065999,6.5999,6599.9,151.517447234049,10,2026-07-25T19:58:59.068587+00:00,,
40,cpu,model_only,1,275,1,0.0063867,6.3867,6386.700000000001,156.5753832182504,10,2026-07-25T19:58:59.068587+00:00,,
40,cpu,model_only,1,276,1,0.006553,6.553,6553.0,152.60186174271325,10,2026-07-25T19:58:59.068587+00:00,,
40,cpu,model_only,1,277,1,0.006654,6.654,6654.0,150.28554253080853,10,2026-07-25T19:58:59.068587+00:00,,
40,cpu,model_only,1,278,1,0.0060748,6.0748,6074.8,164.61447290445776,10,2026-07-25T19:58:59.068587+00:00,,
40,cpu,model_only,1,279,1,0.0063141,6.3141,6314.099999999999,158.37569883277112,10,2026-07-25T19:58:59.068587+00:00,,
40,cpu,model_only,1,280,1,0.0064201,6.4201,6420.099999999999,155.76081369449074,10,2026-07-25T19:58:59.068587+00:00,,
40,cpu,model_only,1,281,1,0.006311,6.311,6311.0,158.4534938995405,10,2026-07-25T19:58:59.068587+00:00,,
40,cpu,model_only,1,282,1,0.0068534,6.8534,6853.4,145.91297750021886,10,2026-07-25T19:58:59.068587+00:00,,
40,cpu,model_only,1,283,1,0.0063525,6.3525,6352.5,157.41833923652106,10,2026-07-25T19:58:59.068587+00:00,,
40,cpu,model_only,1,284,1,0.0069115,6.9115,6911.5,144.68639224480938,10,2026-07-25T19:58:59.068587+00:00,,
40,cpu,model_only,1,285,1,0.0064027,6.4027,6402.7,156.18410982866604,10,2026-07-25T19:58:59.068587+00:00,,
40,cpu,model_only,1,286,1,0.007246,7.2459999999999996,7246.0,138.0071763731714,10,2026-07-25T19:58:59.068587+00:00,,
40,cpu,model_only,1,287,1,0.0068191,6.8191,6819.099999999999,146.64691821501373,10,2026-07-25T19:58:59.068587+00:00,,
40,cpu,model_only,1,288,1,0.006365,6.365,6365.0,157.10919088766693,10,2026-07-25T19:58:59.068587+00:00,,
40,cpu,model_only,1,289,1,0.0071198,7.1198,7119.8,140.45338352200903,10,2026-07-25T19:58:59.068587+00:00,,
40,cpu,model_only,1,290,1,0.0065705,6.5705,6570.5,152.19541891789058,10,2026-07-25T19:58:59.068587+00:00,,
40,cpu,model_only,1,291,1,0.0068479,6.847899999999999,6847.9,146.0301698330875,10,2026-07-25T19:58:59.068587+00:00,,
40,cpu,model_only,1,292,1,0.0065046,6.5046,6504.6,153.7373551025428,10,2026-07-25T19:58:59.068587+00:00,,
40,cpu,model_only,1,293,1,0.0069592,6.959199999999999,6959.2,143.6946775491436,10,2026-07-25T19:58:59.068587+00:00,,
40,cpu,model_only,1,294,1,0.0066352,6.6352,6635.2,150.71135760790932,10,2026-07-25T19:58:59.068587+00:00,,
40,cpu,model_only,1,295,1,0.0065345,6.5345,6534.5,153.0338970081873,10,2026-07-25T19:58:59.068587+00:00,,
40,cpu,model_only,1,296,1,0.0072506,7.2506,7250.6,137.91962044520454,10,2026-07-25T19:58:59.068587+00:00,,
40,cpu,model_only,1,297,1,0.0063298,6.3298,6329.8,157.98287465638725,10,2026-07-25T19:58:59.068587+00:00,,
40,cpu,model_only,1,298,1,0.0066858,6.6858,6685.8,149.5707319991624,10,2026-07-25T19:58:59.068587+00:00,,
40,cpu,model_only,1,299,1,0.0065933,6.5933,6593.3,151.66911865075153,10,2026-07-25T19:58:59.068587+00:00,,
40,cpu,model_only,1,300,1,0.006374,6.3740000000000006,6374.0,156.88735487919672,10,2026-07-25T19:58:59.068587+00:00,,
40,cpu,model_only,1,301,1,0.0070779,7.0779,7077.9,141.28484437474393,10,2026-07-25T19:58:59.068587+00:00,,
40,cpu,model_only,1,302,1,0.0063659,6.3659,6365.9,157.0869790603057,10,2026-07-25T19:58:59.068587+00:00,,
40,cpu,model_only,1,303,1,0.0072697,7.269699999999999,7269.7,137.5572582087294,10,2026-07-25T19:58:59.068587+00:00,,
40,cpu,model_only,1,304,1,0.0063811,6.3811,6381.099999999999,156.71279246524895,10,2026-07-25T19:58:59.068587+00:00,,
40,cpu,model_only,1,305,1,0.0068013,6.8012999999999995,6801.299999999999,147.03071471630423,10,2026-07-25T19:58:59.068587+00:00,,
40,cpu,model_only,1,306,1,0.0064799,6.479900000000001,6479.900000000001,154.3233691877961,10,2026-07-25T19:58:59.068587+00:00,,
40,cpu,model_only,1,307,1,0.0063798,6.3797999999999995,6379.799999999999,156.74472553998558,10,2026-07-25T19:58:59.068587+00:00,,
40,cpu,model_only,1,308,1,0.0067933,6.7933,6793.3,147.2038626293554,10,2026-07-25T19:58:59.068587+00:00,,
40,cpu,model_only,1,309,1,0.0063557,6.3557,6355.7,157.33908145444246,10,2026-07-25T19:58:59.068587+00:00,,
40,cpu,model_only,1,310,1,0.006633,6.633,6633.0,150.76134479119554,10,2026-07-25T19:58:59.068587+00:00,,
40,cpu,model_only,1,311,1,0.0061992,6.1992,6199.2,161.311136920893,10,2026-07-25T19:58:59.068587+00:00,,
40,cpu,model_only,1,312,1,0.0063532,6.3532,6353.2,157.40099477428697,10,2026-07-25T19:58:59.068587+00:00,,
40,cpu,model_only,1,313,1,0.0073023,7.302300000000001,7302.3,136.9431548964025,10,2026-07-25T19:58:59.068587+00:00,,
40,cpu,model_only,1,314,1,0.0065666,6.566599999999999,6566.599999999999,152.28581000822345,10,2026-07-25T19:58:59.068587+00:00,,
40,cpu,model_only,1,315,1,0.0066075,6.6075,6607.5,151.3431706394249,10,2026-07-25T19:58:59.068587+00:00,,
40,cpu,model_only,1,316,1,0.006251,6.2509999999999994,6251.0,159.97440409534477,10,2026-07-25T19:58:59.068587+00:00,,
40,cpu,model_only,1,317,1,0.0064077,6.407699999999999,6407.7,156.06223762036302,10,2026-07-25T19:58:59.068587+00:00,,
40,cpu,model_only,1,318,1,0.0069145,6.914499999999999,6914.5,144.6236170366621,10,2026-07-25T19:58:59.068587+00:00,,
40,cpu,model_only,1,319,1,0.0065147,6.5147,6514.7,153.49900993138596,10,2026-07-25T19:58:59.068587+00:00,,
40,cpu,model_only,1,320,1,0.0069136,6.9136,6913.599999999999,144.64244387873177,10,2026-07-25T19:58:59.068587+00:00,,
40,cpu,model_only,1,321,1,0.0064947,6.4947,6494.7,153.97170000153972,10,2026-07-25T19:58:59.068587+00:00,,
40,cpu,model_only,1,322,1,0.0066961,6.6961,6696.1,149.3406609817655,10,2026-07-25T19:58:59.068587+00:00,,
40,cpu,model_only,1,323,1,0.0066141,6.6141000000000005,6614.1,151.1921501035666,10,2026-07-25T19:58:59.068587+00:00,,
40,cpu,model_only,1,324,1,0.0063026,6.3026,6302.6,158.6646780693682,10,2026-07-25T19:58:59.068587+00:00,,
40,cpu,model_only,1,325,1,0.0067143,6.714300000000001,6714.3,148.93585332797164,10,2026-07-25T19:58:59.068587+00:00,,
40,cpu,model_only,1,326,1,0.0060512,6.0512,6051.2,165.25647805393973,10,2026-07-25T19:58:59.068587+00:00,,
40,cpu,model_only,1,327,1,0.0068506,6.8506,6850.6,145.9726155373252,10,2026-07-25T19:58:59.068587+00:00,,
40,cpu,model_only,1,328,1,0.0066469,6.6469,6646.9,150.44607260527465,10,2026-07-25T19:58:59.068587+00:00,,
40,cpu,model_only,1,329,1,0.006269,6.269,6269.0,159.5150741745095,10,2026-07-25T19:58:59.068587+00:00,,
40,cpu,model_only,1,330,1,0.0064215,6.4215,6421.5,155.72685509616133,10,2026-07-25T19:58:59.068587+00:00,,
40,cpu,model_only,1,331,1,0.0062453,6.245299999999999,6245.299999999999,160.12041054873265,10,2026-07-25T19:58:59.068587+00:00,,
40,cpu,model_only,1,332,1,0.0065861,6.5861,6586.1,151.83492506946448,10,2026-07-25T19:58:59.068587+00:00,,
40,cpu,model_only,1,333,1,0.0066084,6.6084000000000005,6608.400000000001,151.32255916712063,10,2026-07-25T19:58:59.068587+00:00,,
40,cpu,model_only,1,334,1,0.0064192,6.4192,6419.2,155.7826520438684,10,2026-07-25T19:58:59.068587+00:00,,
40,cpu,model_only,1,335,1,0.0071443,7.1443,7144.3,139.9717257114063,10,2026-07-25T19:58:59.068587+00:00,,
40,cpu,model_only,1,336,1,0.0064816,6.481599999999999,6481.599999999999,154.28289311281165,10,2026-07-25T19:58:59.068587+00:00,,
40,cpu,model_only,1,337,1,0.0066376,6.6376,6637.599999999999,150.65686392672052,10,2026-07-25T19:58:59.068587+00:00,,
40,cpu,model_only,1,338,1,0.0064912,6.4912,6491.2,154.05472023662804,10,2026-07-25T19:58:59.068587+00:00,,
40,cpu,model_only,1,339,1,0.0062175,6.2175,6217.5,160.83634901487736,10,2026-07-25T19:58:59.068587+00:00,,
40,cpu,model_only,1,340,1,0.0066994,6.699400000000001,6699.400000000001,149.26709854613844,10,2026-07-25T19:58:59.068587+00:00,,
40,cpu,model_only,1,341,1,0.0062447,6.2447,6244.7,160.13579515429083,10,2026-07-25T19:58:59.068587+00:00,,
40,cpu,model_only,1,342,1,0.0066012,6.6011999999999995,6601.2,151.48760831363995,10,2026-07-25T19:58:59.068587+00:00,,
40,cpu,model_only,1,343,1,0.0063402,6.340199999999999,6340.2,157.7237311125832,10,2026-07-25T19:58:59.068587+00:00,,
40,cpu,model_only,1,344,1,0.0066563,6.656300000000001,6656.3,150.23361326863272,10,2026-07-25T19:58:59.068587+00:00,,
40,cpu,model_only,1,345,1,0.0067547,6.7547,6754.7,148.04506491776098,10,2026-07-25T19:58:59.068587+00:00,,
40,cpu,model_only,1,346,1,0.0060587,6.0587,6058.7,165.05190882532557,10,2026-07-25T19:58:59.068587+00:00,,
40,cpu,model_only,1,347,1,0.0062003,6.2002999999999995,6200.3,161.28251858781027,10,2026-07-25T19:58:59.068587+00:00,,
40,cpu,model_only,1,348,1,0.0064486,6.4486,6448.599999999999,155.07241881958876,10,2026-07-25T19:58:59.068587+00:00,,
40,cpu,model_only,1,349,1,0.0065516,6.5516000000000005,6551.6,152.6344709689236,10,2026-07-25T19:58:59.068587+00:00,,
40,cpu,model_only,1,350,1,0.006372,6.372,6372.0,156.9365976145637,10,2026-07-25T19:58:59.068587+00:00,,
40,cpu,model_only,1,351,1,0.006366,6.3660000000000005,6366.0,157.08451146716934,10,2026-07-25T19:58:59.068587+00:00,,
40,cpu,model_only,1,352,1,0.0065272,6.527200000000001,6527.200000000001,153.20504963843607,10,2026-07-25T19:58:59.068587+00:00,,
40,cpu,model_only,1,353,1,0.0063854,6.385400000000001,6385.400000000001,156.6072603125881,10,2026-07-25T19:58:59.068587+00:00,,
40,cpu,model_only,1,354,1,0.0064931,6.4931,6493.1,154.0096410035268,10,2026-07-25T19:58:59.068587+00:00,,
40,cpu,model_only,1,355,1,0.0067603,6.7603,6760.3,147.92242947798175,10,2026-07-25T19:58:59.068587+00:00,,
40,cpu,model_only,1,356,1,0.0064023,6.402299999999999,6402.299999999999,156.19386782874906,10,2026-07-25T19:58:59.068587+00:00,,
40,cpu,model_only,1,357,1,0.0069238,6.9238,6923.8,144.42935960021953,10,2026-07-25T19:58:59.068587+00:00,,
40,cpu,model_only,1,358,1,0.0062851,6.2851,6285.1,159.10645813113555,10,2026-07-25T19:58:59.068587+00:00,,
40,cpu,model_only,1,359,1,0.0067628,6.7628,6762.8,147.86774708700537,10,2026-07-25T19:58:59.068587+00:00,,
40,cpu,model_only,1,360,1,0.0063984,6.3984000000000005,6398.400000000001,156.289072268067,10,2026-07-25T19:58:59.068587+00:00,,
40,cpu,model_only,1,361,1,0.0062843,6.2843,6284.299999999999,159.12671260124438,10,2026-07-25T19:58:59.068587+00:00,,
40,cpu,model_only,1,362,1,0.006772,6.772,6772.0,147.66686355581808,10,2026-07-25T19:58:59.068587+00:00,,
40,cpu,model_only,1,363,1,0.0062965,6.2965,6296.5,158.81839116969746,10,2026-07-25T19:58:59.068587+00:00,,
40,cpu,model_only,1,364,1,0.0073453,7.3453,7345.3,136.14147822417056,10,2026-07-25T19:58:59.068587+00:00,,
40,cpu,model_only,1,365,1,0.0065892,6.5892,6589.2,151.76349177441875,10,2026-07-25T19:58:59.068587+00:00,,
40,cpu,model_only,1,366,1,0.0065721,6.5721,6572.1,152.15836642777802,10,2026-07-25T19:58:59.068587+00:00,,
40,cpu,model_only,1,367,1,0.0068245,6.8245,6824.5,146.5308813832515,10,2026-07-25T19:58:59.068587+00:00,,
40,cpu,model_only,1,368,1,0.0064853,6.4853000000000005,6485.3,154.1948714785746,10,2026-07-25T19:58:59.068587+00:00,,
40,cpu,model_only,1,369,1,0.0070196,7.0196,7019.6,142.45825972989914,10,2026-07-25T19:58:59.068587+00:00,,
40,cpu,model_only,1,370,1,0.0065937,6.5937,6593.7,151.65991780032456,10,2026-07-25T19:58:59.068587+00:00,,
40,cpu,model_only,1,371,1,0.0065905,6.5905,6590.5,151.73355587588196,10,2026-07-25T19:58:59.068587+00:00,,
40,cpu,model_only,1,372,1,0.0064562,6.4562,6456.2,154.88987330008365,10,2026-07-25T19:58:59.068587+00:00,,
40,cpu,model_only,1,373,1,0.0064224,6.4224,6422.4,155.70503238664674,10,2026-07-25T19:58:59.068587+00:00,,
40,cpu,model_only,1,374,1,0.0068099,6.8099,6809.9,146.84503443516058,10,2026-07-25T19:58:59.068587+00:00,,
40,cpu,model_only,1,375,1,0.0065065,6.5065,6506.5,153.69246138476908,10,2026-07-25T19:58:59.068587+00:00,,
40,cpu,model_only,1,376,1,0.006726,6.726,6726.0,148.6767766874814,10,2026-07-25T19:58:59.068587+00:00,,
40,cpu,model_only,1,377,1,0.0064484,6.4484,6448.4,155.07722845977295,10,2026-07-25T19:58:59.068587+00:00,,
40,cpu,model_only,1,378,1,0.0069037,6.9037,6903.7,144.84986311687936,10,2026-07-25T19:58:59.068587+00:00,,
40,cpu,model_only,1,379,1,0.006617,6.617,6617.0,151.12588786459122,10,2026-07-25T19:58:59.068587+00:00,,
40,cpu,model_only,1,380,1,0.0063742,6.3742,6374.2,156.88243230523045,10,2026-07-25T19:58:59.068587+00:00,,
40,cpu,model_only,1,381,1,0.0069448,6.9448,6944.8,143.99262757746803,10,2026-07-25T19:58:59.068587+00:00,,
40,cpu,model_only,1,382,1,0.006157,6.157,6157.0,162.41676140977748,10,2026-07-25T19:58:59.068587+00:00,,
40,cpu,model_only,1,383,1,0.006475,6.475,6475.0,154.44015444015443,10,2026-07-25T19:58:59.068587+00:00,,
40,cpu,model_only,1,384,1,0.0064132,6.4132,6413.2,155.92839767978543,10,2026-07-25T19:58:59.068587+00:00,,
40,cpu,model_only,1,385,1,0.0063568,6.3568,6356.8,157.31185502139442,10,2026-07-25T19:58:59.068587+00:00,,
40,cpu,model_only,1,386,1,0.0065129,6.5129,6512.900000000001,153.54143315573708,10,2026-07-25T19:58:59.068587+00:00,,
40,cpu,model_only,1,387,1,0.0061161,6.1161,6116.1,163.5028858259348,10,2026-07-25T19:58:59.068587+00:00,,
40,cpu,model_only,1,388,1,0.0065625,6.5625,6562.5,152.38095238095238,10,2026-07-25T19:58:59.068587+00:00,,
40,cpu,model_only,1,389,1,0.0065216,6.521599999999999,6521.599999999999,153.33660451422963,10,2026-07-25T19:58:59.068587+00:00,,
40,cpu,model_only,1,390,1,0.0061113,6.1113,6111.3,163.63130594145272,10,2026-07-25T19:58:59.068587+00:00,,
40,cpu,model_only,1,391,1,0.0066522,6.6522,6652.2,150.32620787108024,10,2026-07-25T19:58:59.068587+00:00,,
40,cpu,model_only,1,392,1,0.0060205,6.0205,6020.5,166.09916119923594,10,2026-07-25T19:58:59.068587+00:00,,
40,cpu,model_only,1,393,1,0.0070249,7.0249,7024.9,142.35078079403266,10,2026-07-25T19:58:59.068587+00:00,,
40,cpu,model_only,1,394,1,0.0067754,6.7754,6775.4,147.59276205094903,10,2026-07-25T19:58:59.068587+00:00,,
40,cpu,model_only,1,395,1,0.0068397,6.8397,6839.7,146.20524292001113,10,2026-07-25T19:58:59.068587+00:00,,
40,cpu,model_only,1,396,1,0.006537,6.537,6537.0,152.97537096527458,10,2026-07-25T19:58:59.068587+00:00,,
40,cpu,model_only,1,397,1,0.0068158,6.8158,6815.8,146.71792012676428,10,2026-07-25T19:58:59.068587+00:00,,
40,cpu,model_only,1,398,1,0.0071383,7.1383,7138.3,140.0893770225404,10,2026-07-25T19:58:59.068587+00:00,,
40,cpu,model_only,1,399,1,0.0068576,6.857600000000001,6857.6,145.82361175921605,10,2026-07-25T19:58:59.068587+00:00,,
40,cpu,model_only,1,400,1,0.0065265,6.5265,6526.5,153.22148165172757,10,2026-07-25T19:58:59.068587+00:00,,
40,cpu,model_only,1,401,1,0.0070277,7.027699999999999,7027.7,142.29406491455242,10,2026-07-25T19:58:59.068587+00:00,,
40,cpu,model_only,1,402,1,0.0064981,6.4981,6498.099999999999,153.8911374093966,10,2026-07-25T19:58:59.068587+00:00,,
40,cpu,model_only,1,403,1,0.0069853,6.9853,6985.3,143.157774182927,10,2026-07-25T19:58:59.068587+00:00,,
40,cpu,model_only,1,404,1,0.0072883,7.2883000000000004,7288.3,137.20620720881413,10,2026-07-25T19:58:59.068587+00:00,,
40,cpu,model_only,1,405,1,0.006811,6.811,6811.0,146.82131845543972,10,2026-07-25T19:58:59.068587+00:00,,
40,cpu,model_only,1,406,1,0.0070314,7.0314000000000005,7031.400000000001,142.2191882128737,10,2026-07-25T19:58:59.068587+00:00,,
40,cpu,model_only,1,407,1,0.0067294,6.7294,6729.4,148.6016583945077,10,2026-07-25T19:58:59.068587+00:00,,
40,cpu,model_only,1,408,1,0.0075927,7.5927,7592.7,131.70545392284694,10,2026-07-25T19:58:59.068587+00:00,,
40,cpu,model_only,1,409,1,0.0066659,6.6659,6665.9,150.01725198397816,10,2026-07-25T19:58:59.068587+00:00,,
40,cpu,model_only,1,410,1,0.0072284,7.228400000000001,7228.400000000001,138.3432018150628,10,2026-07-25T19:58:59.068587+00:00,,
40,cpu,model_only,1,411,1,0.0067605,6.7605,6760.5,147.91805339841727,10,2026-07-25T19:58:59.068587+00:00,,
40,cpu,model_only,1,412,1,0.0060296,6.0296,6029.6,165.8484808279156,10,2026-07-25T19:58:59.068587+00:00,,
40,cpu,model_only,1,413,1,0.0069538,6.9538,6953.8,143.80626420086858,10,2026-07-25T19:58:59.068587+00:00,,
40,cpu,model_only,1,414,1,0.0076918,7.691800000000001,7691.8,130.00858056631736,10,2026-07-25T19:58:59.068587+00:00,,
40,cpu,model_only,1,415,1,0.0065634,6.5634,6563.4,152.36005728738155,10,2026-07-25T19:58:59.068587+00:00,,
40,cpu,model_only,1,416,1,0.0074602,7.4602,7460.2,134.04466368193883,10,2026-07-25T19:58:59.068587+00:00,,
40,cpu,model_only,1,417,1,0.0071815,7.181500000000001,7181.5,139.24667548562277,10,2026-07-25T19:58:59.068587+00:00,,
40,cpu,model_only,1,418,1,0.0072062,7.2062,7206.200000000001,138.7693930226749,10,2026-07-25T19:58:59.068587+00:00,,
40,cpu,model_only,1,419,1,0.0065852,6.5852,6585.2,151.85567636518252,10,2026-07-25T19:58:59.068587+00:00,,
40,cpu,model_only,1,420,1,0.0074763,7.4763,7476.3,133.75600230060323,10,2026-07-25T19:58:59.068587+00:00,,
40,cpu,model_only,1,421,1,0.0069416,6.9416,6941.6,144.0590065690907,10,2026-07-25T19:58:59.068587+00:00,,
40,cpu,model_only,1,422,1,0.0064309,6.430899999999999,6430.9,155.49923027881013,10,2026-07-25T19:58:59.068587+00:00,,
40,cpu,model_only,1,423,1,0.0073754,7.3754,7375.4,135.585866529273,10,2026-07-25T19:58:59.068587+00:00,,
40,cpu,model_only,1,424,1,0.0069902,6.990200000000001,6990.2,143.05742324969242,10,2026-07-25T19:58:59.068587+00:00,,
40,cpu,model_only,1,425,1,0.0088238,8.8238,8823.8,113.32985788435822,10,2026-07-25T19:58:59.068587+00:00,,
40,cpu,model_only,1,426,1,0.0065346,6.5346,6534.599999999999,153.031555106663,10,2026-07-25T19:58:59.068587+00:00,,
40,cpu,model_only,1,427,1,0.0069604,6.9604,6960.400000000001,143.6699040285041,10,2026-07-25T19:58:59.068587+00:00,,
40,cpu,model_only,1,428,1,0.0062159,6.2158999999999995,6215.9,160.87774899853602,10,2026-07-25T19:58:59.068587+00:00,,
40,cpu,model_only,1,429,1,0.0065466,6.5466,6546.599999999999,152.75104634466746,10,2026-07-25T19:58:59.068587+00:00,,
40,cpu,model_only,1,430,1,0.0062439,6.2439,6243.900000000001,160.1563125610596,10,2026-07-25T19:58:59.068587+00:00,,
40,cpu,model_only,1,431,1,0.0064561,6.4561,6456.1,154.89227242452873,10,2026-07-25T19:58:59.068587+00:00,,
40,cpu,model_only,1,432,1,0.0065191,6.5191,6519.099999999999,153.3954073415042,10,2026-07-25T19:58:59.068587+00:00,,
40,cpu,model_only,1,433,1,0.0065069,6.506900000000001,6506.900000000001,153.68301341652707,10,2026-07-25T19:58:59.068587+00:00,,
40,cpu,model_only,1,434,1,0.0067455,6.7455,6745.5,148.24697946779335,10,2026-07-25T19:58:59.068587+00:00,,
40,cpu,model_only,1,435,1,0.006574,6.574,6574.0,152.114390021296,10,2026-07-25T19:58:59.068587+00:00,,
40,cpu,model_only,1,436,1,0.0074169,7.4169,7416.9,134.82721891895537,10,2026-07-25T19:58:59.068587+00:00,,
40,cpu,model_only,1,437,1,0.0072772,7.277200000000001,7277.2,137.4154894739735,10,2026-07-25T19:58:59.068587+00:00,,
40,cpu,model_only,1,438,1,0.0062751,6.275099999999999,6275.099999999999,159.36001019904066,10,2026-07-25T19:58:59.068587+00:00,,
40,cpu,model_only,1,439,1,0.0068315,6.8315,6831.5,146.38073629510356,10,2026-07-25T19:58:59.068587+00:00,,
40,cpu,model_only,1,440,1,0.0064514,6.4514000000000005,6451.400000000001,155.00511516880056,10,2026-07-25T19:58:59.068587+00:00,,
40,cpu,model_only,1,441,1,0.0067005,6.7005,6700.5,149.2425938362809,10,2026-07-25T19:58:59.068587+00:00,,
40,cpu,model_only,1,442,1,0.006596,6.596,6596.0,151.60703456640388,10,2026-07-25T19:58:59.068587+00:00,,
40,cpu,model_only,1,443,1,0.0064064,6.4064,6406.4,156.0939060939061,10,2026-07-25T19:58:59.068587+00:00,,
40,cpu,model_only,1,444,1,0.0068154,6.8154,6815.400000000001,146.72653109135194,10,2026-07-25T19:58:59.068587+00:00,,
40,cpu,model_only,1,445,1,0.0066825,6.6825,6682.5,149.64459408903852,10,2026-07-25T19:58:59.068587+00:00,,
40,cpu,model_only,1,446,1,0.0072362,7.2362,7236.2,138.19407976562283,10,2026-07-25T19:58:59.068587+00:00,,
40,cpu,model_only,1,447,1,0.0064615,6.4615,6461.5,154.7628259692022,10,2026-07-25T19:58:59.068587+00:00,,
40,cpu,model_only,1,448,1,0.0068167,6.8167,6816.7,146.69854915134889,10,2026-07-25T19:58:59.068587+00:00,,
40,cpu,model_only,1,449,1,0.0065865,6.5865,6586.5,151.8257040917027,10,2026-07-25T19:58:59.068587+00:00,,
40,cpu,model_only,1,450,1,0.0063993,6.3993,6399.3,156.26709171315613,10,2026-07-25T19:58:59.068587+00:00,,
40,cpu,model_only,1,451,1,0.0073375,7.3375,7337.5,136.2862010221465,10,2026-07-25T19:58:59.068587+00:00,,
40,cpu,model_only,1,452,1,0.006915,6.915,6915.0,144.61315979754158,10,2026-07-25T19:58:59.068587+00:00,,
40,cpu,model_only,1,453,1,0.0074736,7.4736,7473.6,133.80432455576963,10,2026-07-25T19:58:59.068587+00:00,,
40,cpu,model_only,1,454,1,0.0065366,6.5366,6536.6,152.98473212373406,10,2026-07-25T19:58:59.068587+00:00,,
40,cpu,model_only,1,455,1,0.0070007,7.0007,7000.700000000001,142.84285857128572,10,2026-07-25T19:58:59.068587+00:00,,
40,cpu,model_only,1,456,1,0.0068621,6.862100000000001,6862.1,145.72798414479533,10,2026-07-25T19:58:59.068587+00:00,,
40,cpu,model_only,1,457,1,0.0066525,6.652500000000001,6652.5,150.3194287861706,10,2026-07-25T19:58:59.068587+00:00,,
40,cpu,model_only,1,458,1,0.0069836,6.9836,6983.6,143.19262271607766,10,2026-07-25T19:58:59.068587+00:00,,
40,cpu,model_only,1,459,1,0.0067323,6.7323,6732.3,148.53764686659835,10,2026-07-25T19:58:59.068587+00:00,,
40,cpu,model_only,1,460,1,0.0065956,6.5956,6595.6,151.61622900115228,10,2026-07-25T19:58:59.068587+00:00,,
40,cpu,model_only,1,461,1,0.006447,6.446999999999999,6447.0,155.11090429657204,10,2026-07-25T19:58:59.068587+00:00,,
40,cpu,model_only,1,462,1,0.006752,6.752,6752.0,148.1042654028436,10,2026-07-25T19:58:59.068587+00:00,,
40,cpu,model_only,1,463,1,0.0064607,6.4607,6460.7,154.7819895676939,10,2026-07-25T19:58:59.068587+00:00,,
40,cpu,model_only,1,464,1,0.0066494,6.6494,6649.4,150.38950882786418,10,2026-07-25T19:58:59.068587+00:00,,
40,cpu,model_only,1,465,1,0.006483,6.483,6483.0,154.24957581366652,10,2026-07-25T19:58:59.068587+00:00,,
40,cpu,model_only,1,466,1,0.006367,6.367,6367.0,157.0598397989634,10,2026-07-25T19:58:59.068587+00:00,,
40,cpu,model_only,1,467,1,0.0066103,6.6103000000000005,6610.3,151.27906449026517,10,2026-07-25T19:58:59.068587+00:00,,
40,cpu,model_only,1,468,1,0.006279,6.279,6279.0,159.26102882624622,10,2026-07-25T19:58:59.068587+00:00,,
40,cpu,model_only,1,469,1,0.0068876,6.8876,6887.599999999999,145.1884546140891,10,2026-07-25T19:58:59.068587+00:00,,
40,cpu,model_only,1,470,1,0.0063816,6.381600000000001,6381.6,156.70051397768583,10,2026-07-25T19:58:59.068587+00:00,,
40,cpu,model_only,1,471,1,0.0064358,6.4358,6435.8,155.3808384350042,10,2026-07-25T19:58:59.068587+00:00,,
40,cpu,model_only,1,472,1,0.0071556,7.1556,7155.599999999999,139.7506847783554,10,2026-07-25T19:58:59.068587+00:00,,
40,cpu,model_only,1,473,1,0.0066191,6.6191,6619.1,151.07794110981854,10,2026-07-25T19:58:59.068587+00:00,,
40,cpu,model_only,1,474,1,0.0065477,6.5477,6547.7,152.72538448615543,10,2026-07-25T19:58:59.068587+00:00,,
40,cpu,model_only,1,475,1,0.0063402,6.340199999999999,6340.2,157.7237311125832,10,2026-07-25T19:58:59.068587+00:00,,
40,cpu,model_only,1,476,1,0.0067279,6.7279,6727.900000000001,148.63478945882073,10,2026-07-25T19:58:59.068587+00:00,,
40,cpu,model_only,1,477,1,0.0063216,6.3216,6321.6,158.18780055682106,10,2026-07-25T19:58:59.068587+00:00,,
40,cpu,model_only,1,478,1,0.006329,6.329000000000001,6329.0,158.0028440511929,10,2026-07-25T19:58:59.068587+00:00,,
40,cpu,model_only,1,479,1,0.0068095,6.8095,6809.5,146.85366032748368,10,2026-07-25T19:58:59.068587+00:00,,
40,cpu,model_only,1,480,1,0.0062949,6.2949,6294.9,158.8587586776597,10,2026-07-25T19:58:59.068587+00:00,,
40,cpu,model_only,1,481,1,0.0069443,6.944299999999999,6944.299999999999,144.00299526230145,10,2026-07-25T19:58:59.068587+00:00,,
40,cpu,model_only,1,482,1,0.0064194,6.4193999999999996,6419.4,155.77779854815094,10,2026-07-25T19:58:59.068587+00:00,,
40,cpu,model_only,1,483,1,0.0064371,6.4371,6437.1,155.34945860713674,10,2026-07-25T19:58:59.068587+00:00,,
40,cpu,model_only,1,484,1,0.0068273,6.827299999999999,6827.299999999999,146.4707864016522,10,2026-07-25T19:58:59.068587+00:00,,
40,cpu,model_only,1,485,1,0.0063881,6.3881,6388.099999999999,156.54106854933391,10,2026-07-25T19:58:59.068587+00:00,,
40,cpu,model_only,1,486,1,0.0066326,6.6326,6632.599999999999,150.77043693272623,10,2026-07-25T19:58:59.068587+00:00,,
40,cpu,model_only,1,487,1,0.0063881,6.3881,6388.099999999999,156.54106854933391,10,2026-07-25T19:58:59.068587+00:00,,
40,cpu,model_only,1,488,1,0.006283,6.283,6283.0,159.15963711602737,10,2026-07-25T19:58:59.068587+00:00,,
40,cpu,model_only,1,489,1,0.0063934,6.3934,6393.4,156.41129915225076,10,2026-07-25T19:58:59.068587+00:00,,
40,cpu,model_only,1,490,1,0.0063265,6.326499999999999,6326.5,158.0652809610369,10,2026-07-25T19:58:59.068587+00:00,,
40,cpu,model_only,1,491,1,0.0066292,6.6292,6629.2,150.84776443613106,10,2026-07-25T19:58:59.068587+00:00,,
40,cpu,model_only,1,492,1,0.0063012,6.3012,6301.2,158.69993017203072,10,2026-07-25T19:58:59.068587+00:00,,
40,cpu,model_only,1,493,1,0.0063232,6.3232,6323.2,158.14777327935224,10,2026-07-25T19:58:59.068587+00:00,,
40,cpu,model_only,1,494,1,0.0066742,6.6742,6674.2,149.83069131880976,10,2026-07-25T19:58:59.068587+00:00,,
40,cpu,model_only,1,495,1,0.0062576,6.2576,6257.6,159.80567629762209,10,2026-07-25T19:58:59.068587+00:00,,
40,cpu,model_only,1,496,1,0.0063249,6.3248999999999995,6324.9,158.10526648642667,10,2026-07-25T19:58:59.068587+00:00,,
40,cpu,model_only,1,497,1,0.0062758,6.275799999999999,6275.8,159.34223525287612,10,2026-07-25T19:58:59.068587+00:00,,
40,cpu,model_only,1,498,1,0.0064103,6.410299999999999,6410.3,155.9989392072134,10,2026-07-25T19:58:59.068587+00:00,,
40,cpu,model_only,1,499,1,0.0063169,6.3169,6316.900000000001,158.3054979499438,10,2026-07-25T19:58:59.068587+00:00,,
40,cpu,model_only,1,500,1,0.006272,6.272,6272.0,159.4387755102041,10,2026-07-25T19:58:59.068587+00:00,,
40,cpu,model_only,1,501,1,0.006457,6.457,6457.0,154.87068297971194,10,2026-07-25T19:58:59.068587+00:00,,
40,cpu,model_only,1,502,1,0.0062029,6.2029,6202.9,161.21491560399167,10,2026-07-25T19:58:59.068587+00:00,,
40,cpu,model_only,1,503,1,0.0066988,6.6988,6698.8,149.2804681435481,10,2026-07-25T19:58:59.068587+00:00,,
40,cpu,model_only,1,504,1,0.006624,6.624,6624.0,150.96618357487924,10,2026-07-25T19:58:59.068587+00:00,,
40,cpu,model_only,1,505,1,0.0062495,6.2495,6249.5,160.01280102408194,10,2026-07-25T19:58:59.068587+00:00,,
40,cpu,model_only,1,506,1,0.0065275,6.527500000000001,6527.5,153.19800842589046,10,2026-07-25T19:58:59.068587+00:00,,
40,cpu,model_only,1,507,1,0.0063872,6.3872,6387.2,156.56312625250501,10,2026-07-25T19:58:59.068587+00:00,,
40,cpu,model_only,1,508,1,0.0065313,6.5313,6531.3,153.10887572152558,10,2026-07-25T19:58:59.068587+00:00,,
40,cpu,model_only,1,509,1,0.0064713,6.4713,6471.3,154.52845641524885,10,2026-07-25T19:58:59.068587+00:00,,
40,cpu,model_only,1,510,1,0.0064098,6.409800000000001,6409.8,156.01110799088895,10,2026-07-25T19:58:59.068587+00:00,,
40,cpu,model_only,1,511,1,0.0068944,6.8944,6894.400000000001,145.0452541192852,10,2026-07-25T19:58:59.068587+00:00,,
40,cpu,model_only,1,512,1,0.0066943,6.6943,6694.3,149.38081651554307,10,2026-07-25T19:58:59.068587+00:00,,
40,cpu,model_only,1,513,1,0.0072127,7.2127,7212.7,138.64433568566557,10,2026-07-25T19:58:59.068587+00:00,,
40,cpu,model_only,1,514,1,0.0067952,6.7952,6795.200000000001,147.16270308453025,10,2026-07-25T19:58:59.068587+00:00,,
40,cpu,model_only,1,515,1,0.0073842,7.3842,7384.2,135.42428428265757,10,2026-07-25T19:58:59.068587+00:00,,
40,cpu,model_only,1,516,1,0.0072457,7.2457,7245.7,138.01289040396372,10,2026-07-25T19:58:59.068587+00:00,,
40,cpu,model_only,1,517,1,0.0068616,6.8616,6861.599999999999,145.73860324122654,10,2026-07-25T19:58:59.068587+00:00,,
40,cpu,model_only,1,518,1,0.0066681,6.6681,6668.099999999999,149.96775693225956,10,2026-07-25T19:58:59.068587+00:00,,
40,cpu,model_only,1,519,1,0.0075085,7.508500000000001,7508.5,133.18239328760737,10,2026-07-25T19:58:59.068587+00:00,,
40,cpu,model_only,1,520,1,0.0070615,7.0615,7061.5,141.61297174821215,10,2026-07-25T19:58:59.068587+00:00,,
40,cpu,model_only,1,521,1,0.0068421,6.8421,6842.1,146.15395857996813,10,2026-07-25T19:58:59.068587+00:00,,
40,cpu,model_only,1,522,1,0.0068543,6.854299999999999,6854.3,145.89381847891104,10,2026-07-25T19:58:59.068587+00:00,,
40,cpu,model_only,1,523,1,0.0070868,7.0868,7086.8,141.10741096122368,10,2026-07-25T19:58:59.068587+00:00,,
40,cpu,model_only,1,524,1,0.006661,6.6610000000000005,6661.0,150.12760846719712,10,2026-07-25T19:58:59.068587+00:00,,
40,cpu,model_only,1,525,1,0.0071633,7.1633000000000004,7163.3,139.60046347353872,10,2026-07-25T19:58:59.068587+00:00,,
40,cpu,model_only,1,526,1,0.0069665,6.9665,6966.5,143.54410392593124,10,2026-07-25T19:58:59.068587+00:00,,
40,cpu,model_only,1,527,1,0.007073,7.073,7073.0,141.38272303124558,10,2026-07-25T19:58:59.068587+00:00,,
40,cpu,model_only,1,528,1,0.0069313,6.931299999999999,6931.299999999999,144.27308008598678,10,2026-07-25T19:58:59.068587+00:00,,
40,cpu,model_only,1,529,1,0.0069058,6.9058,6905.8,144.8058154015465,10,2026-07-25T19:58:59.068587+00:00,,
40,cpu,model_only,1,530,1,0.0071388,7.1388,7138.8,140.07956519302965,10,2026-07-25T19:58:59.068587+00:00,,
40,cpu,model_only,1,531,1,0.0066375,6.6375,6637.5,150.65913370998118,10,2026-07-25T19:58:59.068587+00:00,,
40,cpu,model_only,1,532,1,0.0068568,6.8568,6856.799999999999,145.84062536460158,10,2026-07-25T19:58:59.068587+00:00,,
40,cpu,model_only,1,533,1,0.0066296,6.6296,6629.6,150.83866296609148,10,2026-07-25T19:58:59.068587+00:00,,
40,cpu,model_only,1,534,1,0.0061837,6.1837,6183.700000000001,161.7154777883791,10,2026-07-25T19:58:59.068587+00:00,,
40,cpu,model_only,1,535,1,0.0066843,6.6842999999999995,6684.3,149.60429663539938,10,2026-07-25T19:58:59.068587+00:00,,
40,cpu,model_only,1,536,1,0.0073976,7.3976,7397.599999999999,135.17897696550233,10,2026-07-25T19:58:59.068587+00:00,,
40,cpu,model_only,1,537,1,0.0066075,6.6075,6607.5,151.3431706394249,10,2026-07-25T19:58:59.068587+00:00,,
40,cpu,model_only,1,538,1,0.0069156,6.9156,6915.6,144.60061310659958,10,2026-07-25T19:58:59.068587+00:00,,
40,cpu,model_only,1,539,1,0.0068061,6.8061,6806.099999999999,146.9270213484962,10,2026-07-25T19:58:59.068587+00:00,,
40,cpu,model_only,1,540,1,0.0065507,6.5507,6550.7,152.65544140320884,10,2026-07-25T19:58:59.068587+00:00,,
40,cpu,model_only,1,541,1,0.0075453,7.545299999999999,7545.299999999999,132.5328350098737,10,2026-07-25T19:58:59.068587+00:00,,
40,cpu,model_only,1,542,1,0.0065028,6.502800000000001,6502.8,153.77991019253244,10,2026-07-25T19:58:59.068587+00:00,,
40,cpu,model_only,1,543,1,0.006057,6.0569999999999995,6057.0,165.0982334489021,10,2026-07-25T19:58:59.068587+00:00,,
40,cpu,model_only,1,544,1,0.0068207,6.8206999999999995,6820.7,146.6125177767678,10,2026-07-25T19:58:59.068587+00:00,,
40,cpu,model_only,1,545,1,0.0068905,6.8905,6890.5,145.12734924896597,10,2026-07-25T19:58:59.068587+00:00,,
40,cpu,model_only,1,546,1,0.0062549,6.2549,6254.9,159.87465826791797,10,2026-07-25T19:58:59.068587+00:00,,
40,cpu,model_only,1,547,1,0.0067231,6.7231000000000005,6723.1,148.74090821198553,10,2026-07-25T19:58:59.068587+00:00,,
40,cpu,model_only,1,548,1,0.006767,6.7669999999999995,6767.0,147.77597162701346,10,2026-07-25T19:58:59.068587+00:00,,
40,cpu,model_only,1,549,1,0.0064805,6.4805,6480.5,154.3090810894221,10,2026-07-25T19:58:59.068587+00:00,,
40,cpu,model_only,1,550,1,0.0071672,7.1672,7167.200000000001,139.5245005022882,10,2026-07-25T19:58:59.068587+00:00,,
40,cpu,model_only,1,551,1,0.0066307,6.6307,6630.7,150.81363958556412,10,2026-07-25T19:58:59.068587+00:00,,
40,cpu,model_only,1,552,1,0.0065975,6.5975,6597.5,151.57256536566882,10,2026-07-25T19:58:59.068587+00:00,,
40,cpu,model_only,1,553,1,0.0067901,6.790100000000001,6790.1,147.2732360348154,10,2026-07-25T19:58:59.068587+00:00,,
40,cpu,model_only,1,554,1,0.0064528,6.4528,6452.8,154.97148524671462,10,2026-07-25T19:58:59.068587+00:00,,
40,cpu,model_only,1,555,1,0.0064003,6.4003000000000005,6400.3,156.24267612455665,10,2026-07-25T19:58:59.068587+00:00,,
40,cpu,model_only,1,556,1,0.006882,6.882,6882.0,145.30659691950015,10,2026-07-25T19:58:59.068587+00:00,,
40,cpu,model_only,1,557,1,0.0061819,6.1819,6181.9,161.76256490722918,10,2026-07-25T19:58:59.068587+00:00,,
40,cpu,model_only,1,558,1,0.0069604,6.9604,6960.400000000001,143.6699040285041,10,2026-07-25T19:58:59.068587+00:00,,
40,cpu,model_only,1,559,1,0.006485,6.485,6485.0,154.20200462606013,10,2026-07-25T19:58:59.068587+00:00,,
40,cpu,model_only,1,560,1,0.0071455,7.1455,7145.5,139.9482191589112,10,2026-07-25T19:58:59.068587+00:00,,
40,cpu,model_only,1,561,1,0.006963,6.962999999999999,6963.0,143.6162573603332,10,2026-07-25T19:58:59.068587+00:00,,
40,cpu,model_only,1,562,1,0.0064995,6.4995,6499.5,153.8579890760828,10,2026-07-25T19:58:59.068587+00:00,,
40,cpu,model_only,1,563,1,0.0068425,6.842499999999999,6842.5,146.1454146876142,10,2026-07-25T19:58:59.068587+00:00,,
40,cpu,model_only,1,564,1,0.0061663,6.166300000000001,6166.3,162.17180481001571,10,2026-07-25T19:58:59.068587+00:00,,
40,cpu,model_only,1,565,1,0.0070249,7.0249,7024.9,142.35078079403266,10,2026-07-25T19:58:59.068587+00:00,,
40,cpu,model_only,1,566,1,0.0068072,6.8072,6807.2,146.90327888118463,10,2026-07-25T19:58:59.068587+00:00,,
40,cpu,model_only,1,567,1,0.0068908,6.8908,6890.8,145.1210309398038,10,2026-07-25T19:58:59.068587+00:00,,
40,cpu,model_only,1,568,1,0.0077343,7.7343,7734.3,129.29418305470438,10,2026-07-25T19:58:59.068587+00:00,,
40,cpu,model_only,1,569,1,0.006693,6.6930000000000005,6693.0,149.40983116689077,10,2026-07-25T19:58:59.068587+00:00,,
40,cpu,model_only,1,570,1,0.0071903,7.190300000000001,7190.3,139.07625551089663,10,2026-07-25T19:58:59.068587+00:00,,
40,cpu,model_only,1,571,1,0.006211,6.211,6211.0,161.00466913540492,10,2026-07-25T19:58:59.068587+00:00,,
40,cpu,model_only,1,572,1,0.0070121,7.0121,7012.1,142.61063019637484,10,2026-07-25T19:58:59.068587+00:00,,
40,cpu,model_only,1,573,1,0.007418,7.418,7418.0,134.80722566729577,10,2026-07-25T19:58:59.068587+00:00,,
40,cpu,model_only,1,574,1,0.006966,6.966,6966.0,143.5544071202986,10,2026-07-25T19:58:59.068587+00:00,,
40,cpu,model_only,1,575,1,0.0077189,7.7189,7718.9,129.55213825804196,10,2026-07-25T19:58:59.068587+00:00,,
40,cpu,model_only,1,576,1,0.0071431,7.1431000000000004,7143.1,139.9952401618345,10,2026-07-25T19:58:59.068587+00:00,,
40,cpu,model_only,1,577,1,0.0065252,6.5252,6525.2,153.25200760129957,10,2026-07-25T19:58:59.068587+00:00,,
40,cpu,model_only,1,578,1,0.0063461,6.346100000000001,6346.1,157.57709459352986,10,2026-07-25T19:58:59.068587+00:00,,
40,cpu,model_only,1,579,1,0.0068954,6.8954,6895.400000000001,145.02421904458043,10,2026-07-25T19:58:59.068587+00:00,,
40,cpu,model_only,1,580,1,0.0065424,6.542400000000001,6542.400000000001,152.84910736121302,10,2026-07-25T19:58:59.068587+00:00,,
40,cpu,model_only,1,581,1,0.0067632,6.763199999999999,6763.2,147.85900165602084,10,2026-07-25T19:58:59.068587+00:00,,
40,cpu,model_only,1,582,1,0.0064473,6.4473,6447.3,155.10368681463558,10,2026-07-25T19:58:59.068587+00:00,,
40,cpu,model_only,1,583,1,0.006366,6.3660000000000005,6366.0,157.08451146716934,10,2026-07-25T19:58:59.068587+00:00,,
40,cpu,model_only,1,584,1,0.0067664,6.7664,6766.4,147.78907543154412,10,2026-07-25T19:58:59.068587+00:00,,
40,cpu,model_only,1,585,1,0.0064489,6.448899999999999,6448.9,155.06520491866831,10,2026-07-25T19:58:59.068587+00:00,,
40,cpu,model_only,1,586,1,0.0072011,7.2011,7201.1,138.86767299440362,10,2026-07-25T19:58:59.068587+00:00,,
40,cpu,model_only,1,587,1,0.0062459,6.245900000000001,6245.900000000001,160.1050288989577,10,2026-07-25T19:58:59.068587+00:00,,
40,cpu,model_only,1,588,1,0.0066763,6.6762999999999995,6676.299999999999,149.78356275182364,10,2026-07-25T19:58:59.068587+00:00,,
40,cpu,model_only,1,589,1,0.0067654,6.7654000000000005,6765.400000000001,147.8109202707896,10,2026-07-25T19:58:59.068587+00:00,,
40,cpu,model_only,1,590,1,0.0063421,6.342099999999999,6342.099999999999,157.67647939956797,10,2026-07-25T19:58:59.068587+00:00,,
40,cpu,model_only,1,591,1,0.0068663,6.8663,6866.299999999999,145.6388447926831,10,2026-07-25T19:58:59.068587+00:00,,
40,cpu,model_only,1,592,1,0.0065234,6.5234000000000005,6523.400000000001,153.29429438636294,10,2026-07-25T19:58:59.068587+00:00,,
40,cpu,model_only,1,593,1,0.0067337,6.7337,6733.7,148.50676448312223,10,2026-07-25T19:58:59.068587+00:00,,
40,cpu,model_only,1,594,1,0.0064654,6.4654,6465.4,154.66947133974696,10,2026-07-25T19:58:59.068587+00:00,,
40,cpu,model_only,1,595,1,0.00662,6.62,6620.0,151.05740181268882,10,2026-07-25T19:58:59.068587+00:00,,
40,cpu,model_only,1,596,1,0.007014,7.014,7014.0,142.571998859424,10,2026-07-25T19:58:59.068587+00:00,,
40,cpu,model_only,1,597,1,0.0061411,6.1411,6141.1,162.8372767093843,10,2026-07-25T19:58:59.068587+00:00,,
40,cpu,model_only,1,598,1,0.0065304,6.530399999999999,6530.4,153.12997672424356,10,2026-07-25T19:58:59.068587+00:00,,
40,cpu,model_only,1,599,1,0.0062874,6.2874,6287.400000000001,159.04825524064,10,2026-07-25T19:58:59.068587+00:00,,
40,cpu,model_only,1,600,1,0.0062976,6.2976,6297.6,158.79065040650406,10,2026-07-25T19:58:59.068587+00:00,,
40,cpu,model_only,1,601,1,0.0063611,6.3610999999999995,6361.099999999999,157.20551476945812,10,2026-07-25T19:58:59.068587+00:00,,
40,cpu,model_only,1,602,1,0.0063377,6.3377,6337.7,157.7859475835082,10,2026-07-25T19:58:59.068587+00:00,,
40,cpu,model_only,1,603,1,0.0067276,6.727600000000001,6727.6,148.64141744455674,10,2026-07-25T19:58:59.068587+00:00,,
40,cpu,model_only,1,604,1,0.0064656,6.4656,6465.6,154.6646869586736,10,2026-07-25T19:58:59.068587+00:00,,
40,cpu,model_only,1,605,1,0.0067864,6.7863999999999995,6786.4,147.35353059059295,10,2026-07-25T19:58:59.068587+00:00,,
40,cpu,model_only,1,606,1,0.0068822,6.8822,6882.2,145.3023742407951,10,2026-07-25T19:58:59.068587+00:00,,
40,cpu,model_only,1,607,1,0.0063421,6.342099999999999,6342.099999999999,157.67647939956797,10,2026-07-25T19:58:59.068587+00:00,,
40,cpu,model_only,1,608,1,0.0067583,6.7583,6758.3,147.96620451888788,10,2026-07-25T19:58:59.068587+00:00,,
40,cpu,model_only,1,609,1,0.0064715,6.4715,6471.5,154.52368075407557,10,2026-07-25T19:58:59.068587+00:00,,
40,cpu,model_only,1,610,1,0.0073577,7.3577,7357.7,135.91203772918166,10,2026-07-25T19:58:59.068587+00:00,,
40,cpu,model_only,1,611,1,0.0064167,6.4167,6416.7,155.84334626833106,10,2026-07-25T19:58:59.068587+00:00,,
40,cpu,model_only,1,612,1,0.0063337,6.3337,6333.7,157.88559609706806,10,2026-07-25T19:58:59.068587+00:00,,
40,cpu,model_only,1,613,1,0.0065766,6.5766,6576.6,152.05425295745522,10,2026-07-25T19:58:59.068587+00:00,,
40,cpu,model_only,1,614,1,0.0065092,6.5092,6509.2,153.62871013334973,10,2026-07-25T19:58:59.068587+00:00,,
40,cpu,model_only,1,615,1,0.007183,7.183,7183.0,139.21759710427398,10,2026-07-25T19:58:59.068587+00:00,,
40,cpu,model_only,1,616,1,0.0063743,6.3743,6374.3,156.8799711340853,10,2026-07-25T19:58:59.068587+00:00,,
40,cpu,model_only,1,617,1,0.0062795,6.2795000000000005,6279.5,159.2483477983916,10,2026-07-25T19:58:59.068587+00:00,,
40,cpu,model_only,1,618,1,0.0060987,6.0987,6098.700000000001,163.96937052158657,10,2026-07-25T19:58:59.068587+00:00,,
40,cpu,model_only,1,619,1,0.0062062,6.2062,6206.2,161.12919338725789,10,2026-07-25T19:58:59.068587+00:00,,
40,cpu,model_only,1,620,1,0.006622,6.622,6622.0,151.01177891875565,10,2026-07-25T19:58:59.068587+00:00,,
40,cpu,model_only,1,621,1,0.0062804,6.2804,6280.400000000001,159.2255270364945,10,2026-07-25T19:58:59.068587+00:00,,
40,cpu,model_only,1,622,1,0.0068034,6.8034,6803.400000000001,146.98533086397978,10,2026-07-25T19:58:59.068587+00:00,,
40,cpu,model_only,1,623,1,0.006473,6.473,6473.0,154.4878727019929,10,2026-07-25T19:58:59.068587+00:00,,
40,cpu,model_only,1,624,1,0.0065086,6.5085999999999995,6508.599999999999,153.6428725071444,10,2026-07-25T19:58:59.068587+00:00,,
40,cpu,model_only,1,625,1,0.0073647,7.3647,7364.7,135.78285605659428,10,2026-07-25T19:58:59.068587+00:00,,
40,cpu,model_only,1,626,1,0.0061795,6.1795,6179.5,161.82539040375434,10,2026-07-25T19:58:59.068587+00:00,,
40,cpu,model_only,1,627,1,0.0063346,6.3346,6334.6,157.8631642092634,10,2026-07-25T19:58:59.068587+00:00,,
40,cpu,model_only,1,628,1,0.0064266,6.4266000000000005,6426.6,155.6032738928827,10,2026-07-25T19:58:59.068587+00:00,,
40,cpu,model_only,1,629,1,0.0068608,6.8608,6860.8,145.75559701492537,10,2026-07-25T19:58:59.068587+00:00,,
40,cpu,model_only,1,630,1,0.0065306,6.5306,6530.6,153.12528710991333,10,2026-07-25T19:58:59.068587+00:00,,
40,cpu,model_only,1,631,1,0.007396,7.396,7396.0,135.2082206598161,10,2026-07-25T19:58:59.068587+00:00,,
40,cpu,model_only,1,632,1,0.006826,6.826,6826.0,146.4986815118664,10,2026-07-25T19:58:59.068587+00:00,,
40,cpu,model_only,1,633,1,0.0064821,6.4821,6482.1,154.27099242529428,10,2026-07-25T19:58:59.068587+00:00,,
40,cpu,model_only,1,634,1,0.0069702,6.9702,6970.2,143.4679062293765,10,2026-07-25T19:58:59.068587+00:00,,
40,cpu,model_only,1,635,1,0.0066202,6.6202,6620.2,151.05283828283135,10,2026-07-25T19:58:59.068587+00:00,,
40,cpu,model_only,1,636,1,0.00687,6.87,6870.0,145.56040756914118,10,2026-07-25T19:58:59.068587+00:00,,
40,cpu,model_only,1,637,1,0.0061997,6.1997,6199.7,161.2981273287417,10,2026-07-25T19:58:59.068587+00:00,,
40,cpu,model_only,1,638,1,0.0065981,6.5981,6598.1,151.55878207362727,10,2026-07-25T19:58:59.068587+00:00,,
40,cpu,model_only,1,639,1,0.0064414,6.4414,6441.4,155.24575402862732,10,2026-07-25T19:58:59.068587+00:00,,
40,cpu,model_only,1,640,1,0.0065027,6.5027,6502.7,153.78227505497716,10,2026-07-25T19:58:59.068587+00:00,,
40,cpu,model_only,1,641,1,0.0066184,6.6184,6618.4,151.09391998066,10,2026-07-25T19:58:59.068587+00:00,,
40,cpu,model_only,1,642,1,0.0063073,6.3073,6307.3,158.54644618140884,10,2026-07-25T19:58:59.068587+00:00,,
40,cpu,model_only,1,643,1,0.006613,6.6129999999999995,6613.0,151.21729925903523,10,2026-07-25T19:58:59.068587+00:00,,
40,cpu,model_only,1,644,1,0.006147,6.146999999999999,6147.0,162.68098259313487,10,2026-07-25T19:58:59.068587+00:00,,
40,cpu,model_only,1,645,1,0.0061365,6.1365,6136.5,162.95934164425978,10,2026-07-25T19:58:59.068587+00:00,,
40,cpu,model_only,1,646,1,0.0065325,6.5325,6532.5,153.08075009567546,10,2026-07-25T19:58:59.068587+00:00,,
40,cpu,model_only,1,647,1,0.0063382,6.3382000000000005,6338.200000000001,157.77350036287905,10,2026-07-25T19:58:59.068587+00:00,,
40,cpu,model_only,1,648,1,0.006866,6.866,6866.0,145.64520827264784,10,2026-07-25T19:58:59.068587+00:00,,
40,cpu,model_only,1,649,1,0.006359,6.359,6359.0,157.25743041358703,10,2026-07-25T19:58:59.068587+00:00,,
40,cpu,model_only,1,650,1,0.0063836,6.3835999999999995,6383.599999999999,156.6514192618585,10,2026-07-25T19:58:59.068587+00:00,,
40,cpu,model_only,1,651,1,0.0068759,6.8759,6875.9,145.43550662458733,10,2026-07-25T19:58:59.068587+00:00,,
40,cpu,model_only,1,652,1,0.00664,6.64,6640.0,150.6024096385542,10,2026-07-25T19:58:59.068587+00:00,,
40,cpu,model_only,1,653,1,0.0072062,7.2062,7206.200000000001,138.7693930226749,10,2026-07-25T19:58:59.068587+00:00,,
40,cpu,model_only,1,654,1,0.0064605,6.4605,6460.5,154.78678120888475,10,2026-07-25T19:58:59.068587+00:00,,
40,cpu,model_only,1,655,1,0.0066254,6.6254,6625.4,150.93428321308903,10,2026-07-25T19:58:59.068587+00:00,,
40,cpu,model_only,1,656,1,0.0064314,6.4314,6431.400000000001,155.48714121342164,10,2026-07-25T19:58:59.068587+00:00,,
40,cpu,model_only,1,657,1,0.006357,6.357,6357.0,157.30690577316344,10,2026-07-25T19:58:59.068587+00:00,,
40,cpu,model_only,1,658,1,0.0067739,6.7739,6773.900000000001,147.62544472165223,10,2026-07-25T19:58:59.068587+00:00,,
40,cpu,model_only,1,659,1,0.0063836,6.3835999999999995,6383.599999999999,156.6514192618585,10,2026-07-25T19:58:59.068587+00:00,,
40,cpu,model_only,1,660,1,0.0064544,6.4544,6454.4,154.93306891422907,10,2026-07-25T19:58:59.068587+00:00,,
40,cpu,model_only,1,661,1,0.0062377,6.237699999999999,6237.7,160.31550090578259,10,2026-07-25T19:58:59.068587+00:00,,
40,cpu,model_only,1,662,1,0.0061214,6.1213999999999995,6121.4,163.36132257326756,10,2026-07-25T19:58:59.068587+00:00,,
40,cpu,model_only,1,663,1,0.006767,6.7669999999999995,6767.0,147.77597162701346,10,2026-07-25T19:58:59.068587+00:00,,
40,cpu,model_only,1,664,1,0.0064957,6.4957,6495.7,153.94799636682728,10,2026-07-25T19:58:59.068587+00:00,,
40,cpu,model_only,1,665,1,0.0068609,6.8609,6860.9,145.75347257648414,10,2026-07-25T19:58:59.068587+00:00,,
40,cpu,model_only,1,666,1,0.0065029,6.5028999999999995,6502.9,153.7775454028203,10,2026-07-25T19:58:59.068587+00:00,,
40,cpu,model_only,1,667,1,0.006611,6.611,6611.0,151.26304643775526,10,2026-07-25T19:58:59.068587+00:00,,
40,cpu,model_only,1,668,1,0.0065498,6.549799999999999,6549.799999999999,152.67641760053743,10,2026-07-25T19:58:59.068587+00:00,,
40,cpu,model_only,1,669,1,0.0064281,6.4281,6428.1,155.56696379956753,10,2026-07-25T19:58:59.068587+00:00,,
40,cpu,model_only,1,670,1,0.0069024,6.9024,6902.400000000001,144.87714418173388,10,2026-07-25T19:58:59.068587+00:00,,
40,cpu,model_only,1,671,1,0.0063988,6.3988,6398.799999999999,156.27930236919423,10,2026-07-25T19:58:59.068587+00:00,,
40,cpu,model_only,1,672,1,0.0066028,6.6028,6602.8,151.45089961834373,10,2026-07-25T19:58:59.068587+00:00,,
40,cpu,model_only,1,673,1,0.0064611,6.4611,6461.1,154.7724071752488,10,2026-07-25T19:58:59.068587+00:00,,
40,cpu,model_only,1,674,1,0.0060467,6.0467,6046.700000000001,165.3794631782625,10,2026-07-25T19:58:59.068587+00:00,,
40,cpu,model_only,1,675,1,0.0065115,6.5115,6511.5,153.57444521231668,10,2026-07-25T19:58:59.068587+00:00,,
40,cpu,model_only,1,676,1,0.0060849,6.0849,6084.9,164.3412381468882,10,2026-07-25T19:58:59.068587+00:00,,
40,cpu,model_only,1,677,1,0.006194,6.194,6194.0,161.4465611882467,10,2026-07-25T19:58:59.068587+00:00,,
40,cpu,model_only,1,678,1,0.0062456,6.2456,6245.599999999999,160.11271935442554,10,2026-07-25T19:58:59.068587+00:00,,
40,cpu,model_only,1,679,1,0.0060168,6.0168,6016.8,166.20130301821567,10,2026-07-25T19:58:59.068587+00:00,,
40,cpu,model_only,1,680,1,0.006315,6.315,6315.0,158.3531274742676,10,2026-07-25T19:58:59.068587+00:00,,
40,cpu,model_only,1,681,1,0.0060279,6.0279,6027.900000000001,165.89525373679058,10,2026-07-25T19:58:59.068587+00:00,,
40,cpu,model_only,1,682,1,0.0059167,5.9167000000000005,5916.700000000001,169.0131323203813,10,2026-07-25T19:58:59.068587+00:00,,
40,cpu,model_only,1,683,1,0.0065297,6.5297,6529.7,153.14639263672143,10,2026-07-25T19:58:59.068587+00:00,,
40,cpu,model_only,1,684,1,0.0064771,6.4771,6477.1,154.39008198113353,10,2026-07-25T19:58:59.068587+00:00,,
40,cpu,model_only,1,685,1,0.0066638,6.6638,6663.8,150.0645277469312,10,2026-07-25T19:58:59.068587+00:00,,
40,cpu,model_only,1,686,1,0.0061623,6.1623,6162.3,162.27707187251514,10,2026-07-25T19:58:59.068587+00:00,,
40,cpu,model_only,1,687,1,0.0062111,6.2111,6211.099999999999,161.00207692679237,10,2026-07-25T19:58:59.068587+00:00,,
40,cpu,model_only,1,688,1,0.0068513,6.8513,6851.3,145.95770145811744,10,2026-07-25T19:58:59.068587+00:00,,
40,cpu,model_only,1,689,1,0.0067156,6.7156,6715.6,148.90702245517897,10,2026-07-25T19:58:59.068587+00:00,,
40,cpu,model_only,1,690,1,0.0069806,6.9806,6980.6,143.25416153339253,10,2026-07-25T19:58:59.068587+00:00,,
40,cpu,model_only,1,691,1,0.0065317,6.5317,6531.7,153.0994993646371,10,2026-07-25T19:58:59.068587+00:00,,
40,cpu,model_only,1,692,1,0.0072924,7.2924,7292.400000000001,137.12906587680325,10,2026-07-25T19:58:59.068587+00:00,,
40,cpu,model_only,1,693,1,0.0067847,6.7847,6784.700000000001,147.39045204651643,10,2026-07-25T19:58:59.068587+00:00,,
40,cpu,model_only,1,694,1,0.0065878,6.5878000000000005,6587.8,151.79574364734813,10,2026-07-25T19:58:59.068587+00:00,,
40,cpu,model_only,1,695,1,0.0069593,6.9593,6959.3,143.69261276277786,10,2026-07-25T19:58:59.068587+00:00,,
40,cpu,model_only,1,696,1,0.0066203,6.6203,6620.3,151.05055662130115,10,2026-07-25T19:58:59.068587+00:00,,
40,cpu,model_only,1,697,1,0.0068043,6.8043000000000005,6804.3,146.9658892171127,10,2026-07-25T19:58:59.068587+00:00,,
40,cpu,model_only,1,698,1,0.0064049,6.4049,6404.9,156.13046261456074,10,2026-07-25T19:58:59.068587+00:00,,
40,cpu,model_only,1,699,1,0.006916,6.916,6916.0,144.59224985540774,10,2026-07-25T19:58:59.068587+00:00,,
40,cpu,model_only,1,700,1,0.0069473,6.9473,6947.3,143.94081153829546,10,2026-07-25T19:58:59.068587+00:00,,
40,cpu,model_only,1,701,1,0.0062472,6.247199999999999,6247.2,160.07171212703292,10,2026-07-25T19:58:59.068587+00:00,,
40,cpu,model_only,1,702,1,0.0065471,6.5471,6547.1,152.73938079455024,10,2026-07-25T19:58:59.068587+00:00,,
40,cpu,model_only,1,703,1,0.0062946,6.2946,6294.6,158.86632987004734,10,2026-07-25T19:58:59.068587+00:00,,
40,cpu,model_only,1,704,1,0.0071419,7.1419,7141.9,140.0187625141769,10,2026-07-25T19:58:59.068587+00:00,,
40,cpu,model_only,1,705,1,0.0067462,6.7462,6746.2,148.2315970472266,10,2026-07-25T19:58:59.068587+00:00,,
40,cpu,model_only,1,706,1,0.0062712,6.2712,6271.2,159.45911468299528,10,2026-07-25T19:58:59.068587+00:00,,
40,cpu,model_only,1,707,1,0.0067607,6.7607,6760.7,147.9136775777656,10,2026-07-25T19:58:59.068587+00:00,,
40,cpu,model_only,1,708,1,0.0063929,6.3929,6392.9,156.42353235620766,10,2026-07-25T19:58:59.068587+00:00,,
40,cpu,model_only,1,709,1,0.0068011,6.8011,6801.1,147.03503844966255,10,2026-07-25T19:58:59.068587+00:00,,
40,cpu,model_only,1,710,1,0.0063719,6.3719,6371.9,156.93906056278348,10,2026-07-25T19:58:59.068587+00:00,,
40,cpu,model_only,1,711,1,0.0064898,6.489800000000001,6489.8,154.08795340380289,10,2026-07-25T19:58:59.068587+00:00,,
40,cpu,model_only,1,712,1,0.0069133,6.9133,6913.3,144.64872058206646,10,2026-07-25T19:58:59.068587+00:00,,
40,cpu,model_only,1,713,1,0.0060941,6.0941,6094.099999999999,164.0931392658473,10,2026-07-25T19:58:59.068587+00:00,,
40,cpu,model_only,1,714,1,0.0069688,6.9688,6968.8,143.49672827459534,10,2026-07-25T19:58:59.068587+00:00,,
40,cpu,model_only,1,715,1,0.0066717,6.6717,6671.7,149.88683543924338,10,2026-07-25T19:58:59.068587+00:00,,
40,cpu,model_only,1,716,1,0.0068963,6.8963,6896.3,145.0052926931833,10,2026-07-25T19:58:59.068587+00:00,,
40,cpu,model_only,1,717,1,0.0065511,6.5511,6551.099999999999,152.64612049884752,10,2026-07-25T19:58:59.068587+00:00,,
40,cpu,model_only,1,718,1,0.0065164,6.5164,6516.400000000001,153.45896507273955,10,2026-07-25T19:58:59.068587+00:00,,
40,cpu,model_only,1,719,1,0.0073341,7.334099999999999,7334.099999999999,136.3493816555542,10,2026-07-25T19:58:59.068587+00:00,,
40,cpu,model_only,1,720,1,0.0065054,6.5054,6505.4,153.71844928828358,10,2026-07-25T19:58:59.068587+00:00,,
40,cpu,model_only,1,721,1,0.007085,7.085,7085.0,141.14326040931545,10,2026-07-25T19:58:59.068587+00:00,,
40,cpu,model_only,1,722,1,0.0063443,6.3443,6344.3,157.6218022476869,10,2026-07-25T19:58:59.068587+00:00,,
40,cpu,model_only,1,723,1,0.0072776,7.2776000000000005,7277.6,137.40793668242276,10,2026-07-25T19:58:59.068587+00:00,,
40,cpu,model_only,1,724,1,0.0065595,6.5595,6559.5,152.45064410397134,10,2026-07-25T19:58:59.068587+00:00,,
40,cpu,model_only,1,725,1,0.0065266,6.526599999999999,6526.599999999999,153.2191340054546,10,2026-07-25T19:58:59.068587+00:00,,
40,cpu,model_only,1,726,1,0.0081436,8.143600000000001,8143.600000000001,122.79581511862075,10,2026-07-25T19:58:59.068587+00:00,,
40,cpu,model_only,1,727,1,0.006244,6.244000000000001,6244.0,160.15374759769378,10,2026-07-25T19:58:59.068587+00:00,,
40,cpu,model_only,1,728,1,0.0062596,6.2596,6259.599999999999,159.75461690842866,10,2026-07-25T19:58:59.068587+00:00,,
40,cpu,model_only,1,729,1,0.0063828,6.3828000000000005,6382.8,156.67105345616343,10,2026-07-25T19:58:59.068587+00:00,,
40,cpu,model_only,1,730,1,0.0065692,6.5691999999999995,6569.2,152.22553735614687,10,2026-07-25T19:58:59.068587+00:00,,
40,cpu,model_only,1,731,1,0.0063123,6.3123,6312.3,158.42086085895792,10,2026-07-25T19:58:59.068587+00:00,,
40,cpu,model_only,1,732,1,0.0058593,5.859299999999999,5859.299999999999,170.6688512279624,10,2026-07-25T19:58:59.068587+00:00,,
40,cpu,model_only,1,733,1,0.0062442,6.2442,6244.2,160.14861791742737,10,2026-07-25T19:58:59.068587+00:00,,
40,cpu,model_only,1,734,1,0.006139,6.139,6139.0,162.89297931259162,10,2026-07-25T19:58:59.068587+00:00,,
40,cpu,model_only,1,735,1,0.0060099,6.0099,6009.900000000001,166.39211966921246,10,2026-07-25T19:58:59.068587+00:00,,
40,cpu,model_only,1,736,1,0.006693,6.6930000000000005,6693.0,149.40983116689077,10,2026-07-25T19:58:59.068587+00:00,,
40,cpu,model_only,1,737,1,0.0062611,6.261100000000001,6261.1,159.71634377345833,10,2026-07-25T19:58:59.068587+00:00,,
40,cpu,model_only,1,738,1,0.0075132,7.5132,7513.2,133.09907895437362,10,2026-07-25T19:58:59.068587+00:00,,
40,cpu,model_only,1,739,1,0.0063885,6.3885000000000005,6388.5,156.53126712060734,10,2026-07-25T19:58:59.068587+00:00,,
40,cpu,model_only,1,740,1,0.0067578,6.7578,6757.799999999999,147.9771523276806,10,2026-07-25T19:58:59.068587+00:00,,
40,cpu,model_only,1,741,1,0.0066557,6.6556999999999995,6655.7,150.24715657256186,10,2026-07-25T19:58:59.068587+00:00,,
40,cpu,model_only,1,742,1,0.0066007,6.6007,6600.7,151.49908343054526,10,2026-07-25T19:58:59.068587+00:00,,
40,cpu,model_only,1,743,1,0.0070424,7.0424,7042.4,141.9970464614336,10,2026-07-25T19:58:59.068587+00:00,,
40,cpu,model_only,1,744,1,0.0062681,6.2681000000000004,6268.1,159.53797801566662,10,2026-07-25T19:58:59.068587+00:00,,
40,cpu,model_only,1,745,1,0.0069593,6.9593,6959.3,143.69261276277786,10,2026-07-25T19:58:59.068587+00:00,,
40,cpu,model_only,1,746,1,0.0061936,6.1936,6193.599999999999,161.45698785843453,10,2026-07-25T19:58:59.068587+00:00,,
40,cpu,model_only,1,747,1,0.0061722,6.1722,6172.2,162.01678493891967,10,2026-07-25T19:58:59.068587+00:00,,
40,cpu,model_only,1,748,1,0.0064236,6.4235999999999995,6423.599999999999,155.67594495298587,10,2026-07-25T19:58:59.068587+00:00,,
40,cpu,model_only,1,749,1,0.0063052,6.3052,6305.200000000001,158.59925141153332,10,2026-07-25T19:58:59.068587+00:00,,
40,cpu,model_only,1,750,1,0.0065112,6.5112,6511.2,153.58152107138469,10,2026-07-25T19:58:59.068587+00:00,,
40,cpu,model_only,1,751,1,0.0060415,6.0415,6041.5,165.5218074981379,10,2026-07-25T19:58:59.068587+00:00,,
40,cpu,model_only,1,752,1,0.0061265,6.1265,6126.5,163.22533257161513,10,2026-07-25T19:58:59.068587+00:00,,
40,cpu,model_only,1,753,1,0.0065623,6.5623000000000005,6562.3,152.38559651341754,10,2026-07-25T19:58:59.068587+00:00,,
40,cpu,model_only,1,754,1,0.0060443,6.0443,6044.3,165.44513012259483,10,2026-07-25T19:58:59.068587+00:00,,
40,cpu,model_only,1,755,1,0.0066612,6.6612,6661.2,150.12310094277308,10,2026-07-25T19:58:59.068587+00:00,,
40,cpu,model_only,1,756,1,0.0085263,8.5263,8526.300000000001,117.2841678101873,10,2026-07-25T19:58:59.068587+00:00,,
40,cpu,model_only,1,757,1,0.0068422,6.8422,6842.2,146.15182251322673,10,2026-07-25T19:58:59.068587+00:00,,
40,cpu,model_only,1,758,1,0.0065095,6.5095,6509.5,153.62162992549352,10,2026-07-25T19:58:59.068587+00:00,,
40,cpu,model_only,1,759,1,0.0064352,6.4352,6435.200000000001,155.39532570860268,10,2026-07-25T19:58:59.068587+00:00,,
40,cpu,model_only,1,760,1,0.0072952,7.2952,7295.2,137.07643381949777,10,2026-07-25T19:58:59.068587+00:00,,
40,cpu,model_only,1,761,1,0.0065536,6.553599999999999,6553.599999999999,152.587890625,10,2026-07-25T19:58:59.068587+00:00,,
40,cpu,model_only,1,762,1,0.0068757,6.8757,6875.7,145.43973704495542,10,2026-07-25T19:58:59.068587+00:00,,
40,cpu,model_only,1,763,1,0.0064983,6.4983,6498.3,153.88640105873844,10,2026-07-25T19:58:59.068587+00:00,,
40,cpu,model_only,1,764,1,0.0066247,6.6247,6624.7,150.95023170860568,10,2026-07-25T19:58:59.068587+00:00,,
40,cpu,model_only,1,765,1,0.006677,6.677,6677.0,149.7678598172832,10,2026-07-25T19:58:59.068587+00:00,,
40,cpu,model_only,1,766,1,0.0063546,6.3546000000000005,6354.6,157.36631731344224,10,2026-07-25T19:58:59.068587+00:00,,
40,cpu,model_only,1,767,1,0.006583,6.583,6583.0,151.90642564180465,10,2026-07-25T19:58:59.068587+00:00,,
40,cpu,model_only,1,768,1,0.0063528,6.352799999999999,6352.799999999999,157.41090542752804,10,2026-07-25T19:58:59.068587+00:00,,
40,cpu,model_only,1,769,1,0.0065172,6.5172,6517.2,153.44012766218623,10,2026-07-25T19:58:59.068587+00:00,,
40,cpu,model_only,1,770,1,0.0065333,6.5333,6533.299999999999,153.062005418395,10,2026-07-25T19:58:59.068587+00:00,,
40,cpu,model_only,1,771,1,0.0064872,6.4872000000000005,6487.2,154.14971019854482,10,2026-07-25T19:58:59.068587+00:00,,
40,cpu,model_only,1,772,1,0.006925,6.925,6925.0,144.4043321299639,10,2026-07-25T19:58:59.068587+00:00,,
40,cpu,model_only,1,773,1,0.0063842,6.3842,6384.2,156.63669684533693,10,2026-07-25T19:58:59.068587+00:00,,
40,cpu,model_only,1,774,1,0.0069791,6.9791,6979.1,143.28495078161941,10,2026-07-25T19:58:59.068587+00:00,,
40,cpu,model_only,1,775,1,0.0063896,6.3896,6389.599999999999,156.50431951921874,10,2026-07-25T19:58:59.068587+00:00,,
40,cpu,model_only,1,776,1,0.0065504,6.5504,6550.4,152.66243282852957,10,2026-07-25T19:58:59.068587+00:00,,
40,cpu,model_only,1,777,1,0.0072573,7.257300000000001,7257.3,137.79229189919116,10,2026-07-25T19:58:59.068587+00:00,,
40,cpu,model_only,1,778,1,0.0063944,6.3944,6394.4,156.38683848367322,10,2026-07-25T19:58:59.068587+00:00,,
40,cpu,model_only,1,779,1,0.0067339,6.7339,6733.900000000001,148.50235376230714,10,2026-07-25T19:58:59.068587+00:00,,
40,cpu,model_only,1,780,1,0.0063918,6.391800000000001,6391.8,156.4504521418067,10,2026-07-25T19:58:59.068587+00:00,,
40,cpu,model_only,1,781,1,0.006857,6.857,6857.0,145.83637159107482,10,2026-07-25T19:58:59.068587+00:00,,
40,cpu,model_only,1,782,1,0.0064698,6.4698,6469.8,154.56428328541838,10,2026-07-25T19:58:59.068587+00:00,,
40,cpu,model_only,1,783,1,0.0064038,6.4038,6403.8,156.15728161404166,10,2026-07-25T19:58:59.068587+00:00,,
40,cpu,model_only,1,784,1,0.0072354,7.2354,7235.400000000001,138.2093595378279,10,2026-07-25T19:58:59.068587+00:00,,
40,cpu,model_only,1,785,1,0.0062888,6.2888,6288.8,159.01284823813765,10,2026-07-25T19:58:59.068587+00:00,,
40,cpu,model_only,1,786,1,0.0063456,6.3456,6345.599999999999,157.58951084215835,10,2026-07-25T19:58:59.068587+00:00,,
40,cpu,model_only,1,787,1,0.0059987,5.9987,5998.7,166.70278560354743,10,2026-07-25T19:58:59.068587+00:00,,
40,cpu,model_only,1,788,1,0.0060215,6.0215,6021.5,166.07157684962218,10,2026-07-25T19:58:59.068587+00:00,,
40,cpu,model_only,1,789,1,0.006446,6.446000000000001,6446.0,155.13496742165682,10,2026-07-25T19:58:59.068587+00:00,,
40,cpu,model_only,1,790,1,0.006319,6.319,6319.0,158.2528881152081,10,2026-07-25T19:58:59.068587+00:00,,
40,cpu,model_only,1,791,1,0.0064322,6.4322,6432.2,155.4678026180778,10,2026-07-25T19:58:59.068587+00:00,,
40,cpu,model_only,1,792,1,0.0062764,6.2764,6276.4,159.32700274042446,10,2026-07-25T19:58:59.068587+00:00,,
40,cpu,model_only,1,793,1,0.006125,6.125,6125.0,163.26530612244898,10,2026-07-25T19:58:59.068587+00:00,,
40,cpu,model_only,1,794,1,0.0063793,6.3793,6379.3,156.75701095731506,10,2026-07-25T19:58:59.068587+00:00,,
40,cpu,model_only,1,795,1,0.0064914,6.4914,6491.4,154.04997381150446,10,2026-07-25T19:58:59.068587+00:00,,
40,cpu,model_only,1,796,1,0.0067479,6.7479000000000005,6747.900000000001,148.1942530268676,10,2026-07-25T19:58:59.068587+00:00,,
40,cpu,model_only,1,797,1,0.0065934,6.5934,6593.400000000001,151.666818333485,10,2026-07-25T19:58:59.068587+00:00,,
40,cpu,model_only,1,798,1,0.0065371,6.5371,6537.099999999999,152.97303085466032,10,2026-07-25T19:58:59.068587+00:00,,
40,cpu,model_only,1,799,1,0.0070118,7.0118,7011.8,142.61673179497419,10,2026-07-25T19:58:59.068587+00:00,,
40,cpu,model_only,1,800,1,0.0062697,6.269699999999999,6269.7,159.49726462191174,10,2026-07-25T19:58:59.068587+00:00,,
40,cpu,model_only,1,801,1,0.006773,6.773000000000001,6773.0,147.64506127270042,10,2026-07-25T19:58:59.068587+00:00,,
40,cpu,model_only,1,802,1,0.0064605,6.4605,6460.5,154.78678120888475,10,2026-07-25T19:58:59.068587+00:00,,
40,cpu,model_only,1,803,1,0.0065485,6.5485,6548.5,152.70672673131253,10,2026-07-25T19:58:59.068587+00:00,,
40,cpu,model_only,1,804,1,0.0068363,6.8363,6836.3,146.27795737460323,10,2026-07-25T19:58:59.068587+00:00,,
40,cpu,model_only,1,805,1,0.0063739,6.3739,6373.9,156.88981628202512,10,2026-07-25T19:58:59.068587+00:00,,
40,cpu,model_only,1,806,1,0.0067895,6.7895,6789.5,147.28625082848515,10,2026-07-25T19:58:59.068587+00:00,,
40,cpu,model_only,1,807,1,0.0064931,6.4931,6493.1,154.0096410035268,10,2026-07-25T19:58:59.068587+00:00,,
40,cpu,model_only,1,808,1,0.006763,6.763,6763.0,147.86337424220022,10,2026-07-25T19:58:59.068587+00:00,,
40,cpu,model_only,1,809,1,0.0065833,6.5833,6583.3,151.89950328862423,10,2026-07-25T19:58:59.068587+00:00,,
40,cpu,model_only,1,810,1,0.0064405,6.4405,6440.5,155.26744817948918,10,2026-07-25T19:58:59.068587+00:00,,
40,cpu,model_only,1,811,1,0.0070194,7.0194,7019.400000000001,142.46231871669943,10,2026-07-25T19:58:59.068587+00:00,,
40,cpu,model_only,1,812,1,0.0063961,6.3961,6396.1,156.34527290067385,10,2026-07-25T19:58:59.068587+00:00,,
40,cpu,model_only,1,813,1,0.0064694,6.4694,6469.400000000001,154.57383992333138,10,2026-07-25T19:58:59.068587+00:00,,
40,cpu,model_only,1,814,1,0.0062736,6.2736,6273.599999999999,159.39811272634532,10,2026-07-25T19:58:59.068587+00:00,,
40,cpu,model_only,1,815,1,0.0065118,6.5118,6511.8,153.5673700052213,10,2026-07-25T19:58:59.068587+00:00,,
40,cpu,model_only,1,816,1,0.0072468,7.2468,7246.8,137.99194127062978,10,2026-07-25T19:58:59.068587+00:00,,
40,cpu,model_only,1,817,1,0.0061421,6.1421,6142.1,162.81076504778497,10,2026-07-25T19:58:59.068587+00:00,,
40,cpu,model_only,1,818,1,0.0060103,6.0103,6010.299999999999,166.38104587125434,10,2026-07-25T19:58:59.068587+00:00,,
40,cpu,model_only,1,819,1,0.0061637,6.1637,6163.7,162.24021285915927,10,2026-07-25T19:58:59.068587+00:00,,
40,cpu,model_only,1,820,1,0.0059445,5.944500000000001,5944.5,168.2227268904029,10,2026-07-25T19:58:59.068587+00:00,,
40,cpu,model_only,1,821,1,0.006496,6.496,6496.0,153.9408866995074,10,2026-07-25T19:58:59.068587+00:00,,
40,cpu,model_only,1,822,1,0.0064545,6.4545,6454.5,154.93066852583468,10,2026-07-25T19:58:59.068587+00:00,,
40,cpu,model_only,1,823,1,0.0070202,7.0202,7020.2,142.44608415714652,10,2026-07-25T19:58:59.068587+00:00,,
40,cpu,model_only,1,824,1,0.0063817,6.3816999999999995,6381.7,156.69805851105505,10,2026-07-25T19:58:59.068587+00:00,,
40,cpu,model_only,1,825,1,0.006327,6.327,6327.0,158.052789631737,10,2026-07-25T19:58:59.068587+00:00,,
40,cpu,model_only,1,826,1,0.0065454,6.5454,6545.4,152.77905093653558,10,2026-07-25T19:58:59.068587+00:00,,
40,cpu,model_only,1,827,1,0.006245,6.245,6245.0,160.1281024819856,10,2026-07-25T19:58:59.068587+00:00,,
40,cpu,model_only,1,828,1,0.0068403,6.8403,6840.299999999999,146.19241846117862,10,2026-07-25T19:58:59.068587+00:00,,
40,cpu,model_only,1,829,1,0.006717,6.717,6717.0,148.87598630340926,10,2026-07-25T19:58:59.068587+00:00,,
40,cpu,model_only,1,830,1,0.0067731,6.7730999999999995,6773.099999999999,147.64288139847338,10,2026-07-25T19:58:59.068587+00:00,,
40,cpu,model_only,1,831,1,0.0065622,6.5622,6562.2,152.3879186858066,10,2026-07-25T19:58:59.068587+00:00,,
40,cpu,model_only,1,832,1,0.0064337,6.4337,6433.7,155.43155571444115,10,2026-07-25T19:58:59.068587+00:00,,
40,cpu,model_only,1,833,1,0.007124,7.1240000000000006,7124.0,140.3705783267827,10,2026-07-25T19:58:59.068587+00:00,,
40,cpu,model_only,1,834,1,0.0062126,6.2126,6212.6,160.96320381160865,10,2026-07-25T19:58:59.068587+00:00,,
40,cpu,model_only,1,835,1,0.0065103,6.5103,6510.3,153.6027525613259,10,2026-07-25T19:58:59.068587+00:00,,
40,cpu,model_only,1,836,1,0.0059988,5.9988,5998.8,166.70000666800027,10,2026-07-25T19:58:59.068587+00:00,,
40,cpu,model_only,1,837,1,0.0061768,6.1768,6176.799999999999,161.89612744463153,10,2026-07-25T19:58:59.068587+00:00,,
40,cpu,model_only,1,838,1,0.0066197,6.6197,6619.7,151.0642476245147,10,2026-07-25T19:58:59.068587+00:00,,
40,cpu,model_only,1,839,1,0.0062404,6.2404,6240.400000000001,160.24613806807255,10,2026-07-25T19:58:59.068587+00:00,,
40,cpu,model_only,1,840,1,0.006433,6.433000000000001,6433.0,155.448468832582,10,2026-07-25T19:58:59.068587+00:00,,
40,cpu,model_only,1,841,1,0.0063714,6.3714,6371.400000000001,156.9513764635716,10,2026-07-25T19:58:59.068587+00:00,,
40,cpu,model_only,1,842,1,0.0061864,6.1864,6186.4,161.64489848700376,10,2026-07-25T19:58:59.068587+00:00,,
40,cpu,model_only,1,843,1,0.006788,6.787999999999999,6788.0,147.3187978786093,10,2026-07-25T19:58:59.068587+00:00,,
40,cpu,model_only,1,844,1,0.0059932,5.9932,5993.2,166.8557698725222,10,2026-07-25T19:58:59.068587+00:00,,
40,cpu,model_only,1,845,1,0.0073547,7.354699999999999,7354.7,135.96747657960216,10,2026-07-25T19:58:59.068587+00:00,,
40,cpu,model_only,1,846,1,0.0064143,6.414300000000001,6414.3,155.9016572346164,10,2026-07-25T19:58:59.068587+00:00,,
40,cpu,model_only,1,847,1,0.0062336,6.2336,6233.599999999999,160.42094455852157,10,2026-07-25T19:58:59.068587+00:00,,
40,cpu,model_only,1,848,1,0.0068712,6.8712,6871.2,145.53498661078123,10,2026-07-25T19:58:59.068587+00:00,,
40,cpu,model_only,1,849,1,0.0062939,6.2939,6293.9,158.8839987924816,10,2026-07-25T19:58:59.068587+00:00,,
40,cpu,model_only,1,850,1,0.0065862,6.586200000000001,6586.200000000001,151.83261972002063,10,2026-07-25T19:58:59.068587+00:00,,
40,cpu,model_only,1,851,1,0.0063406,6.3406,6340.6,157.71378103018642,10,2026-07-25T19:58:59.068587+00:00,,
40,cpu,model_only,1,852,1,0.0062219,6.2219,6221.9,160.72260884938686,10,2026-07-25T19:58:59.068587+00:00,,
40,cpu,model_only,1,853,1,0.0069685,6.9685,6968.5,143.50290593384517,10,2026-07-25T19:58:59.068587+00:00,,
40,cpu,model_only,1,854,1,0.0064363,6.4363,6436.3,155.3687677703028,10,2026-07-25T19:58:59.068587+00:00,,
40,cpu,model_only,1,855,1,0.0068577,6.8577,6857.700000000001,145.82148533764965,10,2026-07-25T19:58:59.068587+00:00,,
40,cpu,model_only,1,856,1,0.0060441,6.0441,6044.1,165.45060472196025,10,2026-07-25T19:58:59.068587+00:00,,
40,cpu,model_only,1,857,1,0.0065559,6.5559,6555.9,152.53435836422153,10,2026-07-25T19:58:59.068587+00:00,,
40,cpu,model_only,1,858,1,0.0065535,6.5535000000000005,6553.5,152.59021896696422,10,2026-07-25T19:58:59.068587+00:00,,
40,cpu,model_only,1,859,1,0.0066676,6.6676,6667.6,149.97900293958847,10,2026-07-25T19:58:59.068587+00:00,,
40,cpu,model_only,1,860,1,0.0072257,7.2257,7225.7,138.39489599623568,10,2026-07-25T19:58:59.068587+00:00,,
40,cpu,model_only,1,861,1,0.0065143,6.5142999999999995,6514.3,153.5084352885191,10,2026-07-25T19:58:59.068587+00:00,,
40,cpu,model_only,1,862,1,0.0070586,7.0586,7058.6,141.67115291984246,10,2026-07-25T19:58:59.068587+00:00,,
40,cpu,model_only,1,863,1,0.0061221,6.1221000000000005,6122.1,163.3426438640336,10,2026-07-25T19:58:59.068587+00:00,,
40,cpu,model_only,1,864,1,0.0059054,5.9054,5905.4,169.33653943848003,10,2026-07-25T19:58:59.068587+00:00,,
40,cpu,model_only,1,865,1,0.0063722,6.372199999999999,6372.2,156.93167195003295,10,2026-07-25T19:58:59.068587+00:00,,
40,cpu,model_only,1,866,1,0.0064622,6.4622,6462.200000000001,154.74606171272941,10,2026-07-25T19:58:59.068587+00:00,,
40,cpu,model_only,1,867,1,0.0075121,7.5121,7512.099999999999,133.11856870914923,10,2026-07-25T19:58:59.068587+00:00,,
40,cpu,model_only,1,868,1,0.0066108,6.6108,6610.8,151.267622678042,10,2026-07-25T19:58:59.068587+00:00,,
40,cpu,model_only,1,869,1,0.0068634,6.8634,6863.400000000001,145.70038173500015,10,2026-07-25T19:58:59.068587+00:00,,
40,cpu,model_only,1,870,1,0.0065977,6.5977,6597.7,151.56797065644088,10,2026-07-25T19:58:59.068587+00:00,,
40,cpu,model_only,1,871,1,0.0065003,6.500299999999999,6500.299999999999,153.83905358214238,10,2026-07-25T19:58:59.068587+00:00,,
40,cpu,model_only,1,872,1,0.0076512,7.6512,7651.200000000001,130.69845253032204,10,2026-07-25T19:58:59.068587+00:00,,
40,cpu,model_only,1,873,1,0.0064395,6.4395,6439.5,155.29155990371925,10,2026-07-25T19:58:59.068587+00:00,,
40,cpu,model_only,1,874,1,0.0069178,6.9178,6917.8,144.55462719361645,10,2026-07-25T19:58:59.068587+00:00,,
40,cpu,model_only,1,875,1,0.0064378,6.437799999999999,6437.799999999999,155.3325670260027,10,2026-07-25T19:58:59.068587+00:00,,
40,cpu,model_only,1,876,1,0.0068542,6.8542000000000005,6854.200000000001,145.89594701059204,10,2026-07-25T19:58:59.068587+00:00,,
40,cpu,model_only,1,877,1,0.006949,6.949000000000001,6949.0,143.90559792775937,10,2026-07-25T19:58:59.068587+00:00,,
40,cpu,model_only,1,878,1,0.0062404,6.2404,6240.400000000001,160.24613806807255,10,2026-07-25T19:58:59.068587+00:00,,
40,cpu,model_only,1,879,1,0.0072325,7.2325,7232.5,138.264777048047,10,2026-07-25T19:58:59.068587+00:00,,
40,cpu,model_only,1,880,1,0.0066453,6.6453,6645.3,150.4822957579041,10,2026-07-25T19:58:59.068587+00:00,,
40,cpu,model_only,1,881,1,0.0070038,7.0038,7003.8,142.77963391301864,10,2026-07-25T19:58:59.068587+00:00,,
40,cpu,model_only,1,882,1,0.0070134,7.013400000000001,7013.400000000001,142.58419596771893,10,2026-07-25T19:58:59.068587+00:00,,
40,cpu,model_only,1,883,1,0.0066631,6.6631,6663.1,150.08029295673185,10,2026-07-25T19:58:59.068587+00:00,,
40,cpu,model_only,1,884,1,0.0067881,6.7881,6788.1,147.31662762776034,10,2026-07-25T19:58:59.068587+00:00,,
40,cpu,model_only,1,885,1,0.0060705,6.0705,6070.5,164.73107651758502,10,2026-07-25T19:58:59.068587+00:00,,
40,cpu,model_only,1,886,1,0.0064218,6.4218,6421.8,155.71958018001183,10,2026-07-25T19:58:59.068587+00:00,,
40,cpu,model_only,1,887,1,0.006352,6.352,6352.0,157.43073047858942,10,2026-07-25T19:58:59.068587+00:00,,
40,cpu,model_only,1,888,1,0.0064135,6.4135,6413.5,155.92110392141578,10,2026-07-25T19:58:59.068587+00:00,,
40,cpu,model_only,1,889,1,0.0060445,6.0445,6044.5,165.43965588551575,10,2026-07-25T19:58:59.068587+00:00,,
40,cpu,model_only,1,890,1,0.0059456,5.9456,5945.599999999999,168.19160387513458,10,2026-07-25T19:58:59.068587+00:00,,
40,cpu,model_only,1,891,1,0.0074753,7.4753,7475.3,133.77389536205905,10,2026-07-25T19:58:59.068587+00:00,,
40,cpu,model_only,1,892,1,0.0076765,7.6765,7676.5,130.2677001237543,10,2026-07-25T19:58:59.068587+00:00,,
40,cpu,model_only,1,893,1,0.0075601,7.5601,7560.1,132.27338262721392,10,2026-07-25T19:58:59.068587+00:00,,
40,cpu,model_only,1,894,1,0.0066633,6.6633,6663.299999999999,150.0757882730779,10,2026-07-25T19:58:59.068587+00:00,,
40,cpu,model_only,1,895,1,0.0072019,7.2019,7201.9,138.85224732362295,10,2026-07-25T19:58:59.068587+00:00,,
40,cpu,model_only,1,896,1,0.006462,6.462,6462.0,154.75085112968122,10,2026-07-25T19:58:59.068587+00:00,,
40,cpu,model_only,1,897,1,0.0064167,6.4167,6416.7,155.84334626833106,10,2026-07-25T19:58:59.068587+00:00,,
40,cpu,model_only,1,898,1,0.0072657,7.2657,7265.7,137.63298787453377,10,2026-07-25T19:58:59.068587+00:00,,
40,cpu,model_only,1,899,1,0.0065664,6.5664,6566.4,152.29044834307993,10,2026-07-25T19:58:59.068587+00:00,,
40,cpu,model_only,1,900,1,0.0068721,6.8721,6872.1,145.51592671817932,10,2026-07-25T19:58:59.068587+00:00,,
40,cpu,model_only,1,901,1,0.0065948,6.594799999999999,6594.799999999999,151.6346212167162,10,2026-07-25T19:58:59.068587+00:00,,
40,cpu,model_only,1,902,1,0.0064943,6.4943,6494.299999999999,153.98118349937639,10,2026-07-25T19:58:59.068587+00:00,,
40,cpu,model_only,1,903,1,0.0066746,6.6746,6674.6,149.82171216252658,10,2026-07-25T19:58:59.068587+00:00,,
40,cpu,model_only,1,904,1,0.0064949,6.4948999999999995,6494.9,153.966958690665,10,2026-07-25T19:58:59.068587+00:00,,
40,cpu,model_only,1,905,1,0.0068971,6.8971,6897.099999999999,144.9884734163634,10,2026-07-25T19:58:59.068587+00:00,,
40,cpu,model_only,1,906,1,0.0062045,6.2045,6204.5,161.1733419292449,10,2026-07-25T19:58:59.068587+00:00,,
40,cpu,model_only,1,907,1,0.0061991,6.1991,6199.1,161.3137390911584,10,2026-07-25T19:58:59.068587+00:00,,
40,cpu,model_only,1,908,1,0.0078219,7.821899999999999,7821.9,127.84617548166047,10,2026-07-25T19:58:59.068587+00:00,,
40,cpu,model_only,1,909,1,0.0064355,6.4355,6435.5,155.388081734131,10,2026-07-25T19:58:59.068587+00:00,,
40,cpu,model_only,1,910,1,0.0071871,7.1871,7187.1,139.13817812469563,10,2026-07-25T19:58:59.068587+00:00,,
40,cpu,model_only,1,911,1,0.0067209,6.7209,6720.900000000001,148.78959663140353,10,2026-07-25T19:58:59.068587+00:00,,
40,cpu,model_only,1,912,1,0.0067064,6.7064,6706.400000000001,149.11129667183585,10,2026-07-25T19:58:59.068587+00:00,,
40,cpu,model_only,1,913,1,0.0062841,6.2841,6284.1,159.13177702455403,10,2026-07-25T19:58:59.068587+00:00,,
40,cpu,model_only,1,914,1,0.006101,6.101,6101.0,163.90755613833798,10,2026-07-25T19:58:59.068587+00:00,,
40,cpu,model_only,1,915,1,0.0068957,6.895700000000001,6895.7,145.0179097118494,10,2026-07-25T19:58:59.068587+00:00,,
40,cpu,model_only,1,916,1,0.0071372,7.1372,7137.2,140.11096788656616,10,2026-07-25T19:58:59.068587+00:00,,
40,cpu,model_only,1,917,1,0.0072254,7.2254,7225.4,138.40064217897972,10,2026-07-25T19:58:59.068587+00:00,,
40,cpu,model_only,1,918,1,0.006372,6.372,6372.0,156.9365976145637,10,2026-07-25T19:58:59.068587+00:00,,
40,cpu,model_only,1,919,1,0.0065397,6.5397,6539.7,152.91221309846017,10,2026-07-25T19:58:59.068587+00:00,,
40,cpu,model_only,1,920,1,0.006023,6.023,6023.0,166.03021749958492,10,2026-07-25T19:58:59.068587+00:00,,
40,cpu,model_only,1,921,1,0.0058823,5.8823,5882.3,170.00153001377012,10,2026-07-25T19:58:59.068587+00:00,,
40,cpu,model_only,1,922,1,0.0065715,6.5715,6571.5,152.1722589971848,10,2026-07-25T19:58:59.068587+00:00,,
40,cpu,model_only,1,923,1,0.0061026,6.1026,6102.599999999999,163.8645823091797,10,2026-07-25T19:58:59.068587+00:00,,
40,cpu,model_only,1,924,1,0.0070914,7.0914,7091.400000000001,141.01587838790647,10,2026-07-25T19:58:59.068587+00:00,,
40,cpu,model_only,1,925,1,0.0068162,6.816199999999999,6816.2,146.70931017282356,10,2026-07-25T19:58:59.068587+00:00,,
40,cpu,model_only,1,926,1,0.0065101,6.5100999999999996,6510.099999999999,153.60747146741218,10,2026-07-25T19:58:59.068587+00:00,,
40,cpu,model_only,1,927,1,0.006593,6.593,6593.0,151.67602002123465,10,2026-07-25T19:58:59.068587+00:00,,
40,cpu,model_only,1,928,1,0.0061491,6.1491,6149.1,162.62542485892243,10,2026-07-25T19:58:59.068587+00:00,,
40,cpu,model_only,1,929,1,0.0068239,6.8239,6823.9,146.5437652955055,10,2026-07-25T19:58:59.068587+00:00,,
40,cpu,model_only,1,930,1,0.006137,6.1370000000000005,6137.0,162.94606485253382,10,2026-07-25T19:58:59.068587+00:00,,
40,cpu,model_only,1,931,1,0.0060552,6.0552,6055.2,165.14731140177037,10,2026-07-25T19:58:59.068587+00:00,,
40,cpu,model_only,1,932,1,0.0063226,6.3226,6322.6,158.16278113434345,10,2026-07-25T19:58:59.068587+00:00,,
40,cpu,model_only,1,933,1,0.0063168,6.3168,6316.8,158.3080040526849,10,2026-07-25T19:58:59.068587+00:00,,
40,cpu,model_only,1,934,1,0.0067399,6.7399000000000004,6739.9,148.37015385984955,10,2026-07-25T19:58:59.068587+00:00,,
40,cpu,model_only,1,935,1,0.0063957,6.3957,6395.7,156.35505104992419,10,2026-07-25T19:58:59.068587+00:00,,
40,cpu,model_only,1,936,1,0.0064461,6.4460999999999995,6446.099999999999,155.1325607731807,10,2026-07-25T19:58:59.068587+00:00,,
40,cpu,model_only,1,937,1,0.0063934,6.3934,6393.4,156.41129915225076,10,2026-07-25T19:58:59.068587+00:00,,
40,cpu,model_only,1,938,1,0.0061859,6.1859,6185.900000000001,161.65796407960036,10,2026-07-25T19:58:59.068587+00:00,,
40,cpu,model_only,1,939,1,0.0064221,6.4221,6422.1,155.71230594353872,10,2026-07-25T19:58:59.068587+00:00,,
40,cpu,model_only,1,940,1,0.0061286,6.1286,6128.599999999999,163.16940247364815,10,2026-07-25T19:58:59.068587+00:00,,
40,cpu,model_only,1,941,1,0.0063697,6.3697,6369.7,156.99326498893197,10,2026-07-25T19:58:59.068587+00:00,,
40,cpu,model_only,1,942,1,0.006504,6.5040000000000004,6504.0,153.75153751537516,10,2026-07-25T19:58:59.068587+00:00,,
40,cpu,model_only,1,943,1,0.0061827,6.1827000000000005,6182.7,161.7416339139858,10,2026-07-25T19:58:59.068587+00:00,,
40,cpu,model_only,1,944,1,0.0065144,6.5144,6514.4,153.5060788407221,10,2026-07-25T19:58:59.068587+00:00,,
40,cpu,model_only,1,945,1,0.0062847,6.2847,6284.7,159.11658472162554,10,2026-07-25T19:58:59.068587+00:00,,
40,cpu,model_only,1,946,1,0.0063277,6.3277,6327.700000000001,158.03530508715647,10,2026-07-25T19:58:59.068587+00:00,,
40,cpu,model_only,1,947,1,0.0069128,6.9128,6912.8,144.65918296493462,10,2026-07-25T19:58:59.068587+00:00,,
40,cpu,model_only,1,948,1,0.0066184,6.6184,6618.4,151.09391998066,10,2026-07-25T19:58:59.068587+00:00,,
40,cpu,model_only,1,949,1,0.0067996,6.7996,6799.6,147.0674745573269,10,2026-07-25T19:58:59.068587+00:00,,
40,cpu,model_only,1,950,1,0.0064542,6.4542,6454.2,154.93786991416442,10,2026-07-25T19:58:59.068587+00:00,,
40,cpu,model_only,1,951,1,0.0066114,6.6114,6611.4,151.25389478779078,10,2026-07-25T19:58:59.068587+00:00,,
40,cpu,model_only,1,952,1,0.0068178,6.8178,6817.8,146.67488045997243,10,2026-07-25T19:58:59.068587+00:00,,
40,cpu,model_only,1,953,1,0.0063151,6.315099999999999,6315.099999999999,158.35061994267707,10,2026-07-25T19:58:59.068587+00:00,,
40,cpu,model_only,1,954,1,0.0064688,6.4688,6468.8,154.58817709621567,10,2026-07-25T19:58:59.068587+00:00,,
40,cpu,model_only,1,955,1,0.0063352,6.3352,6335.2,157.84821315822705,10,2026-07-25T19:58:59.068587+00:00,,
40,cpu,model_only,1,956,1,0.0066299,6.6299,6629.900000000001,150.83183758427728,10,2026-07-25T19:58:59.068587+00:00,,
40,cpu,model_only,1,957,1,0.0067698,6.7698,6769.8,147.71485125114478,10,2026-07-25T19:58:59.068587+00:00,,
40,cpu,model_only,1,958,1,0.0062325,6.2325,6232.5,160.4492579221821,10,2026-07-25T19:58:59.068587+00:00,,
40,cpu,model_only,1,959,1,0.0072813,7.2813,7281.3,137.33811269965528,10,2026-07-25T19:58:59.068587+00:00,,
40,cpu,model_only,1,960,1,0.0063502,6.3502,6350.200000000001,157.47535510692575,10,2026-07-25T19:58:59.068587+00:00,,
40,cpu,model_only,1,961,1,0.0069226,6.9226,6922.6,144.4543957472626,10,2026-07-25T19:58:59.068587+00:00,,
40,cpu,model_only,1,962,1,0.0067523,6.7523,6752.3,148.0976852331798,10,2026-07-25T19:58:59.068587+00:00,,
40,cpu,model_only,1,963,1,0.0062186,6.2186,6218.6,160.80789888399318,10,2026-07-25T19:58:59.068587+00:00,,
40,cpu,model_only,1,964,1,0.0068406,6.840599999999999,6840.599999999999,146.18600707540276,10,2026-07-25T19:58:59.068587+00:00,,
40,cpu,model_only,1,965,1,0.0061518,6.1518,6151.8,162.5540492213661,10,2026-07-25T19:58:59.068587+00:00,,
40,cpu,model_only,1,966,1,0.0063545,6.3545,6354.5,157.36879376819576,10,2026-07-25T19:58:59.068587+00:00,,
40,cpu,model_only,1,967,1,0.0060828,6.0828,6082.8,164.39797461695272,10,2026-07-25T19:58:59.068587+00:00,,
40,cpu,model_only,1,968,1,0.0062535,6.253500000000001,6253.5,159.91045014791715,10,2026-07-25T19:58:59.068587+00:00,,
40,cpu,model_only,1,969,1,0.0065379,6.5379000000000005,6537.900000000001,152.95431254684226,10,2026-07-25T19:58:59.068587+00:00,,
40,cpu,model_only,1,970,1,0.006184,6.184,6184.0,161.70763260025873,10,2026-07-25T19:58:59.068587+00:00,,
40,cpu,model_only,1,971,1,0.0064097,6.4097,6409.7,156.01354197544347,10,2026-07-25T19:58:59.068587+00:00,,
40,cpu,model_only,1,972,1,0.0065447,6.5447,6544.7,152.7953916909866,10,2026-07-25T19:58:59.068587+00:00,,
40,cpu,model_only,1,973,1,0.0065499,6.5499,6549.9,152.67408662727675,10,2026-07-25T19:58:59.068587+00:00,,
40,cpu,model_only,1,974,1,0.0067226,6.7226,6722.599999999999,148.75197096361526,10,2026-07-25T19:58:59.068587+00:00,,
40,cpu,model_only,1,975,1,0.0064769,6.4769,6476.9,154.39484938782442,10,2026-07-25T19:58:59.068587+00:00,,
40,cpu,model_only,1,976,1,0.0066515,6.6515,6651.5,150.34202811395926,10,2026-07-25T19:58:59.068587+00:00,,
40,cpu,model_only,1,977,1,0.0064532,6.4532,6453.2,154.96187937767309,10,2026-07-25T19:58:59.068587+00:00,,
40,cpu,model_only,1,978,1,0.0068354,6.8354,6835.400000000001,146.29721742692453,10,2026-07-25T19:58:59.068587+00:00,,
40,cpu,model_only,1,979,1,0.0067386,6.7386,6738.6,148.39877719407593,10,2026-07-25T19:58:59.068587+00:00,,
40,cpu,model_only,1,980,1,0.0058137,5.8137,5813.7,172.0074995269794,10,2026-07-25T19:58:59.068587+00:00,,
40,cpu,model_only,1,981,1,0.0065302,6.5302,6530.2,153.13466662583076,10,2026-07-25T19:58:59.068587+00:00,,
40,cpu,model_only,1,982,1,0.0065036,6.5036,6503.6,153.76099391106465,10,2026-07-25T19:58:59.068587+00:00,,
40,cpu,model_only,1,983,1,0.006951,6.951,6951.0,143.8641922025608,10,2026-07-25T19:58:59.068587+00:00,,
40,cpu,model_only,1,984,1,0.0070111,7.0111,7011.1,142.63097088901884,10,2026-07-25T19:58:59.068587+00:00,,
40,cpu,model_only,1,985,1,0.006415,6.415,6415.0,155.8846453624318,10,2026-07-25T19:58:59.068587+00:00,,
40,cpu,model_only,1,986,1,0.0069296,6.9296,6929.6,144.30847379358116,10,2026-07-25T19:58:59.068587+00:00,,
40,cpu,model_only,1,987,1,0.0068139,6.8139,6813.900000000001,146.7588312126682,10,2026-07-25T19:58:59.068587+00:00,,
40,cpu,model_only,1,988,1,0.0067388,6.7387999999999995,6738.799999999999,148.3943728853802,10,2026-07-25T19:58:59.068587+00:00,,
40,cpu,model_only,1,989,1,0.0065009,6.500900000000001,6500.900000000001,153.82485502007412,10,2026-07-25T19:58:59.068587+00:00,,
40,cpu,model_only,1,990,1,0.0066831,6.6831,6683.1,149.63115919259027,10,2026-07-25T19:58:59.068587+00:00,,
40,cpu,model_only,1,991,1,0.0064482,6.4482,6448.200000000001,155.0820383983127,10,2026-07-25T19:58:59.068587+00:00,,
40,cpu,model_only,1,992,1,0.0064037,6.4037,6403.7,156.15972016178148,10,2026-07-25T19:58:59.068587+00:00,,
40,cpu,model_only,1,993,1,0.0066253,6.6253,6625.3,150.93656136325902,10,2026-07-25T19:58:59.068587+00:00,,
40,cpu,model_only,1,994,1,0.0063405,6.3405,6340.5,157.71626843308889,10,2026-07-25T19:58:59.068587+00:00,,
40,cpu,model_only,1,995,1,0.006553,6.553,6553.0,152.60186174271325,10,2026-07-25T19:58:59.068587+00:00,,
40,cpu,model_only,1,996,1,0.0059751,5.975099999999999,5975.099999999999,167.36121571187093,10,2026-07-25T19:58:59.068587+00:00,,
40,cpu,model_only,1,997,1,0.0058923,5.8923,5892.299999999999,169.71301529114268,10,2026-07-25T19:58:59.068587+00:00,,
40,cpu,model_only,1,998,1,0.0074943,7.4943,7494.3,133.43474373857467,10,2026-07-25T19:58:59.068587+00:00,,
40,cpu,model_only,1,999,1,0.00687,6.87,6870.0,145.56040756914118,10,2026-07-25T19:58:59.068587+00:00,,
40,cpu,end_to_end,1,0,1,0.0067913,6.7913,6791.3,147.24721334648743,10,2026-07-25T19:58:59.068587+00:00,,
40,cpu,end_to_end,1,1,1,0.0074101,7.4101,7410.1,134.95094533137205,10,2026-07-25T19:58:59.068587+00:00,,
40,cpu,end_to_end,1,2,1,0.0073328,7.332800000000001,7332.8,136.37355444032292,10,2026-07-25T19:58:59.068587+00:00,,
40,cpu,end_to_end,1,3,1,0.0070926,7.0926,7092.6,140.9920198516764,10,2026-07-25T19:58:59.068587+00:00,,
40,cpu,end_to_end,1,4,1,0.0066756,6.6756,6675.6,149.7992689795674,10,2026-07-25T19:58:59.068587+00:00,,
40,cpu,end_to_end,1,5,1,0.0071532,7.1532,7153.2,139.79757311413073,10,2026-07-25T19:58:59.068587+00:00,,
40,cpu,end_to_end,1,6,1,0.007281,7.281000000000001,7281.0,137.3437714599643,10,2026-07-25T19:58:59.068587+00:00,,
40,cpu,end_to_end,1,7,1,0.0065438,6.5438,6543.8,152.81640636938783,10,2026-07-25T19:58:59.068587+00:00,,
40,cpu,end_to_end,1,8,1,0.0076602,7.6602,7660.2,130.54489438918046,10,2026-07-25T19:58:59.068587+00:00,,
40,cpu,end_to_end,1,9,1,0.0071485,7.1485,7148.5,139.889487305029,10,2026-07-25T19:58:59.068587+00:00,,
40,cpu,end_to_end,1,10,1,0.0068095,6.8095,6809.5,146.85366032748368,10,2026-07-25T19:58:59.068587+00:00,,
40,cpu,end_to_end,1,11,1,0.0069346,6.9346,6934.6,144.2044241917342,10,2026-07-25T19:58:59.068587+00:00,,
40,cpu,end_to_end,1,12,1,0.0071708,7.1708,7170.8,139.45445417526636,10,2026-07-25T19:58:59.068587+00:00,,
40,cpu,end_to_end,1,13,1,0.0072689,7.2689,7268.9,137.57239747417077,10,2026-07-25T19:58:59.068587+00:00,,
40,cpu,end_to_end,1,14,1,0.006902,6.902,6902.0,144.88554042306578,10,2026-07-25T19:58:59.068587+00:00,,
40,cpu,end_to_end,1,15,1,0.0071372,7.1372,7137.2,140.11096788656616,10,2026-07-25T19:58:59.068587+00:00,,
40,cpu,end_to_end,1,16,1,0.0065212,6.521199999999999,6521.2,153.34600993682145,10,2026-07-25T19:58:59.068587+00:00,,
40,cpu,end_to_end,1,17,1,0.0061798,6.1798,6179.8,161.81753454804362,10,2026-07-25T19:58:59.068587+00:00,,
40,cpu,end_to_end,1,18,1,0.0064297,6.4297,6429.7,155.52825170692256,10,2026-07-25T19:58:59.068587+00:00,,
40,cpu,end_to_end,1,19,1,0.0064022,6.402200000000001,6402.2,156.19630751929023,10,2026-07-25T19:58:59.068587+00:00,,
40,cpu,end_to_end,1,20,1,0.0068124,6.812399999999999,6812.4,146.79114555809994,10,2026-07-25T19:58:59.068587+00:00,,
40,cpu,end_to_end,1,21,1,0.0064933,6.4933,6493.299999999999,154.00489735573592,10,2026-07-25T19:58:59.068587+00:00,,
40,cpu,end_to_end,1,22,1,0.0069298,6.9298,6929.8,144.30430892666456,10,2026-07-25T19:58:59.068587+00:00,,
40,cpu,end_to_end,1,23,1,0.0068925,6.8925,6892.5,145.08523757707653,10,2026-07-25T19:58:59.068587+00:00,,
40,cpu,end_to_end,1,24,1,0.0066516,6.651599999999999,6651.599999999999,150.3397678753984,10,2026-07-25T19:58:59.068587+00:00,,
40,cpu,end_to_end,1,25,1,0.0075146,7.5146,7514.599999999999,133.07428206424828,10,2026-07-25T19:58:59.068587+00:00,,
40,cpu,end_to_end,1,26,1,0.0066914,6.6914,6691.400000000001,149.44555698359088,10,2026-07-25T19:58:59.068587+00:00,,
40,cpu,end_to_end,1,27,1,0.0066657,6.6657,6665.7,150.02175315420735,10,2026-07-25T19:58:59.068587+00:00,,
40,cpu,end_to_end,1,28,1,0.0063631,6.3631,6363.1,157.1561031572661,10,2026-07-25T19:58:59.068587+00:00,,
40,cpu,end_to_end,1,29,1,0.0064329,6.4329,6432.9,155.45088529279175,10,2026-07-25T19:58:59.068587+00:00,,
40,cpu,end_to_end,1,30,1,0.0062951,6.2951,6295.099999999999,158.85371161697194,10,2026-07-25T19:58:59.068587+00:00,,
40,cpu,end_to_end,1,31,1,0.006213,6.213,6213.0,160.95284081764044,10,2026-07-25T19:58:59.068587+00:00,,
40,cpu,end_to_end,1,32,1,0.0067698,6.7698,6769.8,147.71485125114478,10,2026-07-25T19:58:59.068587+00:00,,
40,cpu,end_to_end,1,33,1,0.0064604,6.4604,6460.4,154.78917714073432,10,2026-07-25T19:58:59.068587+00:00,,
40,cpu,end_to_end,1,34,1,0.0069024,6.9024,6902.400000000001,144.87714418173388,10,2026-07-25T19:58:59.068587+00:00,,
40,cpu,end_to_end,1,35,1,0.0064255,6.4254999999999995,6425.5,155.62991206909967,10,2026-07-25T19:58:59.068587+00:00,,
40,cpu,end_to_end,1,36,1,0.0066567,6.6567,6656.7,150.2245857557048,10,2026-07-25T19:58:59.068587+00:00,,
40,cpu,end_to_end,1,37,1,0.007029,7.029,7029.0,142.26774790155073,10,2026-07-25T19:58:59.068587+00:00,,
40,cpu,end_to_end,1,38,1,0.0066878,6.6878,6687.8,149.52600257184724,10,2026-07-25T19:58:59.068587+00:00,,
40,cpu,end_to_end,1,39,1,0.006604,6.603999999999999,6604.0,151.42337976983646,10,2026-07-25T19:58:59.068587+00:00,,
40,cpu,end_to_end,1,40,1,0.0063914,6.3914,6391.400000000001,156.4602434521388,10,2026-07-25T19:58:59.068587+00:00,,
40,cpu,end_to_end,1,41,1,0.0063907,6.3907,6390.7,156.47738119454831,10,2026-07-25T19:58:59.068587+00:00,,
40,cpu,end_to_end,1,42,1,0.0066157,6.6157,6615.700000000001,151.15558444306723,10,2026-07-25T19:58:59.068587+00:00,,
40,cpu,end_to_end,1,43,1,0.0066214,6.6214,6621.400000000001,151.02546289304377,10,2026-07-25T19:58:59.068587+00:00,,
40,cpu,end_to_end,1,44,1,0.0067105,6.710500000000001,6710.5,149.020192236048,10,2026-07-25T19:58:59.068587+00:00,,
40,cpu,end_to_end,1,45,1,0.0064129,6.4129,6412.9,155.93569212056948,10,2026-07-25T19:58:59.068587+00:00,,
40,cpu,end_to_end,1,46,1,0.0065516,6.5516000000000005,6551.6,152.6344709689236,10,2026-07-25T19:58:59.068587+00:00,,
40,cpu,end_to_end,1,47,1,0.0064957,6.4957,6495.7,153.94799636682728,10,2026-07-25T19:58:59.068587+00:00,,
40,cpu,end_to_end,1,48,1,0.0069744,6.9744,6974.400000000001,143.38150952053223,10,2026-07-25T19:58:59.068587+00:00,,
40,cpu,end_to_end,1,49,1,0.0069602,6.9601999999999995,6960.2,143.6740323553921,10,2026-07-25T19:58:59.068587+00:00,,
40,cpu,end_to_end,1,50,1,0.0064232,6.4232,6423.2,155.6856395566073,10,2026-07-25T19:58:59.068587+00:00,,
40,cpu,end_to_end,1,51,1,0.0066977,6.6977,6697.7,149.30498529345894,10,2026-07-25T19:58:59.068587+00:00,,
40,cpu,end_to_end,1,52,1,0.0070377,7.0377,7037.7,142.09187660741435,10,2026-07-25T19:58:59.068587+00:00,,
40,cpu,end_to_end,1,53,1,0.0066395,6.6395,6639.5,150.61375103546956,10,2026-07-25T19:58:59.068587+00:00,,
40,cpu,end_to_end,1,54,1,0.006957,6.957,6957.0,143.74011786689667,10,2026-07-25T19:58:59.068587+00:00,,
40,cpu,end_to_end,1,55,1,0.0069758,6.9758,6975.8,143.35273373663236,10,2026-07-25T19:58:59.068587+00:00,,
40,cpu,end_to_end,1,56,1,0.0071272,7.1272,7127.2,140.3075541587159,10,2026-07-25T19:58:59.068587+00:00,,
40,cpu,end_to_end,1,57,1,0.0064138,6.4138,6413.8,155.91381084536468,10,2026-07-25T19:58:59.068587+00:00,,
40,cpu,end_to_end,1,58,1,0.0066349,6.6349,6634.9,150.7181720900089,10,2026-07-25T19:58:59.068587+00:00,,
40,cpu,end_to_end,1,59,1,0.006374,6.3740000000000006,6374.0,156.88735487919672,10,2026-07-25T19:58:59.068587+00:00,,
40,cpu,end_to_end,1,60,1,0.0065433,6.5433,6543.3,152.82808368865864,10,2026-07-25T19:58:59.068587+00:00,,
40,cpu,end_to_end,1,61,1,0.0073089,7.3089,7308.900000000001,136.81949404151104,10,2026-07-25T19:58:59.068587+00:00,,
40,cpu,end_to_end,1,62,1,0.0064645,6.4645,6464.5,154.69100471807565,10,2026-07-25T19:58:59.068587+00:00,,
40,cpu,end_to_end,1,63,1,0.0068055,6.8055,6805.5,146.93997502020426,10,2026-07-25T19:58:59.068587+00:00,,
40,cpu,end_to_end,1,64,1,0.0063229,6.322900000000001,6322.900000000001,158.15527685081213,10,2026-07-25T19:58:59.068587+00:00,,
40,cpu,end_to_end,1,65,1,0.0060826,6.082599999999999,6082.599999999999,164.40338013349555,10,2026-07-25T19:58:59.068587+00:00,,
40,cpu,end_to_end,1,66,1,0.006615,6.615,6615.0,151.17157974300832,10,2026-07-25T19:58:59.068587+00:00,,
40,cpu,end_to_end,1,67,1,0.006598,6.598,6598.0,151.5610791148833,10,2026-07-25T19:58:59.068587+00:00,,
40,cpu,end_to_end,1,68,1,0.0071724,7.1724,7172.4,139.42334504489432,10,2026-07-25T19:58:59.068587+00:00,,
40,cpu,end_to_end,1,69,1,0.00666,6.66,6660.0,150.15015015015015,10,2026-07-25T19:58:59.068587+00:00,,
40,cpu,end_to_end,1,70,1,0.0066183,6.6183,6618.299999999999,151.09620295241982,10,2026-07-25T19:58:59.068587+00:00,,
40,cpu,end_to_end,1,71,1,0.0066203,6.6203,6620.3,151.05055662130115,10,2026-07-25T19:58:59.068587+00:00,,
40,cpu,end_to_end,1,72,1,0.0065876,6.5876,6587.599999999999,151.80035217681706,10,2026-07-25T19:58:59.068587+00:00,,
40,cpu,end_to_end,1,73,1,0.0072636,7.2636,7263.6,137.67277933806926,10,2026-07-25T19:58:59.068587+00:00,,
40,cpu,end_to_end,1,74,1,0.0065403,6.540299999999999,6540.3,152.89818509854288,10,2026-07-25T19:58:59.068587+00:00,,
40,cpu,end_to_end,1,75,1,0.0070321,7.032100000000001,7032.1,142.20503121400435,10,2026-07-25T19:58:59.068587+00:00,,
40,cpu,end_to_end,1,76,1,0.0066538,6.6537999999999995,6653.799999999999,150.2900598154438,10,2026-07-25T19:58:59.068587+00:00,,
40,cpu,end_to_end,1,77,1,0.0066633,6.6633,6663.299999999999,150.0757882730779,10,2026-07-25T19:58:59.068587+00:00,,
40,cpu,end_to_end,1,78,1,0.0066099,6.6099000000000006,6609.900000000001,151.28821918637195,10,2026-07-25T19:58:59.068587+00:00,,
40,cpu,end_to_end,1,79,1,0.0062503,6.2503,6250.3,159.9923203686223,10,2026-07-25T19:58:59.068587+00:00,,
40,cpu,end_to_end,1,80,1,0.0065602,6.5602,6560.200000000001,152.43437700070118,10,2026-07-25T19:58:59.068587+00:00,,
40,cpu,end_to_end,1,81,1,0.0063628,6.3628,6362.8,157.16351291884075,10,2026-07-25T19:58:59.068587+00:00,,
40,cpu,end_to_end,1,82,1,0.0064695,6.4695,6469.5,154.57145065306437,10,2026-07-25T19:58:59.068587+00:00,,
40,cpu,end_to_end,1,83,1,0.0069915,6.9915,6991.5,143.0308231423872,10,2026-07-25T19:58:59.068587+00:00,,
40,cpu,end_to_end,1,84,1,0.0065805,6.580500000000001,6580.5,151.96413646379455,10,2026-07-25T19:58:59.068587+00:00,,
40,cpu,end_to_end,1,85,1,0.0068113,6.8113,6811.3,146.81485179040712,10,2026-07-25T19:58:59.068587+00:00,,
40,cpu,end_to_end,1,86,1,0.0064702,6.4702,6470.2,154.5547278291243,10,2026-07-25T19:58:59.068587+00:00,,
40,cpu,end_to_end,1,87,1,0.0067811,6.7811,6781.1,147.46869976847415,10,2026-07-25T19:58:59.068587+00:00,,
40,cpu,end_to_end,1,88,1,0.0065192,6.5192000000000005,6519.2,153.39305436249848,10,2026-07-25T19:58:59.068587+00:00,,
40,cpu,end_to_end,1,89,1,0.0065931,6.5931,6593.1,151.67371949462316,10,2026-07-25T19:58:59.068587+00:00,,
40,cpu,end_to_end,1,90,1,0.0069646,6.9646,6964.599999999999,143.58326393475576,10,2026-07-25T19:58:59.068587+00:00,,
40,cpu,end_to_end,1,91,1,0.0066615,6.6615,6661.5,150.1163401636268,10,2026-07-25T19:58:59.068587+00:00,,
40,cpu,end_to_end,1,92,1,0.0066564,6.6564,6656.4,150.23135628868457,10,2026-07-25T19:58:59.068587+00:00,,
40,cpu,end_to_end,1,93,1,0.0064072,6.4072000000000005,6407.2,156.0744162816831,10,2026-07-25T19:58:59.068587+00:00,,
40,cpu,end_to_end,1,94,1,0.0064318,6.4318,6431.799999999999,155.47747131440656,10,2026-07-25T19:58:59.068587+00:00,,
40,cpu,end_to_end,1,95,1,0.0061346,6.1346,6134.599999999999,163.0098131907541,10,2026-07-25T19:58:59.068587+00:00,,
40,cpu,end_to_end,1,96,1,0.0063687,6.3687,6368.7,157.0179157441864,10,2026-07-25T19:58:59.068587+00:00,,
40,cpu,end_to_end,1,97,1,0.0070538,7.0538,7053.8,141.7675579120474,10,2026-07-25T19:58:59.068587+00:00,,
40,cpu,end_to_end,1,98,1,0.0066978,6.6978,6697.8,149.30275612887814,10,2026-07-25T19:58:59.068587+00:00,,
40,cpu,end_to_end,1,99,1,0.0081715,8.1715,8171.5,122.37655265251178,10,2026-07-25T19:58:59.068587+00:00,,
40,cpu,end_to_end,1,100,1,0.0069127,6.9127,6912.7,144.66127562312843,10,2026-07-25T19:58:59.068587+00:00,,
40,cpu,end_to_end,1,101,1,0.0069401,6.9401,6940.1,144.0901427933315,10,2026-07-25T19:58:59.068587+00:00,,
40,cpu,end_to_end,1,102,1,0.0067889,6.7889,6788.9,147.29926792263842,10,2026-07-25T19:58:59.068587+00:00,,
40,cpu,end_to_end,1,103,1,0.0066547,6.6547,6654.700000000001,150.26973417284023,10,2026-07-25T19:58:59.068587+00:00,,
40,cpu,end_to_end,1,104,1,0.006736,6.736,6736.0,148.4560570071259,10,2026-07-25T19:58:59.068587+00:00,,
40,cpu,end_to_end,1,105,1,0.0065277,6.5277,6527.7,153.19331464374895,10,2026-07-25T19:58:59.068587+00:00,,
40,cpu,end_to_end,1,106,1,0.0073137,7.3137,7313.7,136.72969905793238,10,2026-07-25T19:58:59.068587+00:00,,
40,cpu,end_to_end,1,107,1,0.0070809,7.080900000000001,7080.900000000001,141.22498552443898,10,2026-07-25T19:58:59.068587+00:00,,
40,cpu,end_to_end,1,108,1,0.0065658,6.5658,6565.8,152.30436504310214,10,2026-07-25T19:58:59.068587+00:00,,
40,cpu,end_to_end,1,109,1,0.0068459,6.8459,6845.900000000001,146.0728319139923,10,2026-07-25T19:58:59.068587+00:00,,
40,cpu,end_to_end,1,110,1,0.0067915,6.7915,6791.5,147.24287712581904,10,2026-07-25T19:58:59.068587+00:00,,
40,cpu,end_to_end,1,111,1,0.0069805,6.9805,6980.5,143.2562137382709,10,2026-07-25T19:58:59.068587+00:00,,
40,cpu,end_to_end,1,112,1,0.0068887,6.8887,6888.7,145.16527066064714,10,2026-07-25T19:58:59.068587+00:00,,
40,cpu,end_to_end,1,113,1,0.0073566,7.356599999999999,7356.599999999999,135.93236005763532,10,2026-07-25T19:58:59.068587+00:00,,
40,cpu,end_to_end,1,114,1,0.0067181,6.718100000000001,6718.1,148.8516098301603,10,2026-07-25T19:58:59.068587+00:00,,
40,cpu,end_to_end,1,115,1,0.0066402,6.6402,6640.2,150.59787355802536,10,2026-07-25T19:58:59.068587+00:00,,
40,cpu,end_to_end,1,116,1,0.0061362,6.1362,6136.2,162.96730875786318,10,2026-07-25T19:58:59.068587+00:00,,
40,cpu,end_to_end,1,117,1,0.0061963,6.1963,6196.3,161.38663395897552,10,2026-07-25T19:58:59.068587+00:00,,
40,cpu,end_to_end,1,118,1,0.0071288,7.1288,7128.8,140.27606329255974,10,2026-07-25T19:58:59.068587+00:00,,
40,cpu,end_to_end,1,119,1,0.0065268,6.5268,6526.8,153.21443892872463,10,2026-07-25T19:58:59.068587+00:00,,
40,cpu,end_to_end,1,120,1,0.0068805,6.8805000000000005,6880.5,145.33827483467772,10,2026-07-25T19:58:59.068587+00:00,,
40,cpu,end_to_end,1,121,1,0.0069533,6.9533,6953.3,143.81660506522084,10,2026-07-25T19:58:59.068587+00:00,,
40,cpu,end_to_end,1,122,1,0.0077701,7.7701,7770.1,128.6984723491332,10,2026-07-25T19:58:59.068587+00:00,,
40,cpu,end_to_end,1,123,1,0.0064324,6.4323999999999995,6432.4,155.4629687208507,10,2026-07-25T19:58:59.068587+00:00,,
40,cpu,end_to_end,1,124,1,0.0071965,7.1964999999999995,7196.5,138.9564371569513,10,2026-07-25T19:58:59.068587+00:00,,
40,cpu,end_to_end,1,125,1,0.0073381,7.3381,7338.1,136.27505757621182,10,2026-07-25T19:58:59.068587+00:00,,
40,cpu,end_to_end,1,126,1,0.0075369,7.5369,7536.9,132.68054505167908,10,2026-07-25T19:58:59.068587+00:00,,
40,cpu,end_to_end,1,127,1,0.0069928,6.992800000000001,6992.8,143.0042329252946,10,2026-07-25T19:58:59.068587+00:00,,
40,cpu,end_to_end,1,128,1,0.0066671,6.6671,6667.099999999999,149.99025063370883,10,2026-07-25T19:58:59.068587+00:00,,
40,cpu,end_to_end,1,129,1,0.0064937,6.4937,6493.7,153.9954109367541,10,2026-07-25T19:58:59.068587+00:00,,
40,cpu,end_to_end,1,130,1,0.0063857,6.3857,6385.7,156.5999029080602,10,2026-07-25T19:58:59.068587+00:00,,
40,cpu,end_to_end,1,131,1,0.0068081,6.8081000000000005,6808.1,146.88385893274187,10,2026-07-25T19:58:59.068587+00:00,,
40,cpu,end_to_end,1,132,1,0.0072696,7.2696000000000005,7269.6,137.5591504346869,10,2026-07-25T19:58:59.068587+00:00,,
40,cpu,end_to_end,1,133,1,0.006353,6.353,6353.0,157.40594994490792,10,2026-07-25T19:58:59.068587+00:00,,
40,cpu,end_to_end,1,134,1,0.0068871,6.8871,6887.1,145.19899522295304,10,2026-07-25T19:58:59.068587+00:00,,
40,cpu,end_to_end,1,135,1,0.007167,7.167,7167.0,139.52839402818475,10,2026-07-25T19:58:59.068587+00:00,,
40,cpu,end_to_end,1,136,1,0.0065769,6.5769,6576.900000000001,152.04731712508934,10,2026-07-25T19:58:59.068587+00:00,,
40,cpu,end_to_end,1,137,1,0.0078776,7.8776,7877.6,126.9422159033208,10,2026-07-25T19:58:59.068587+00:00,,
40,cpu,end_to_end,1,138,1,0.0074089,7.4089,7408.900000000001,134.97280298019948,10,2026-07-25T19:58:59.068587+00:00,,
40,cpu,end_to_end,1,139,1,0.0071331,7.1331,7133.099999999999,140.19150159117353,10,2026-07-25T19:58:59.068587+00:00,,
40,cpu,end_to_end,1,140,1,0.0062137,6.2137,6213.7,160.93470878864446,10,2026-07-25T19:58:59.068587+00:00,,
40,cpu,end_to_end,1,141,1,0.0065142,6.514200000000001,6514.200000000001,153.51079180866415,10,2026-07-25T19:58:59.068587+00:00,,
40,cpu,end_to_end,1,142,1,0.0067594,6.759399999999999,6759.4,147.9421250406841,10,2026-07-25T19:58:59.068587+00:00,,
40,cpu,end_to_end,1,143,1,0.0066072,6.6072,6607.2,151.35004237801186,10,2026-07-25T19:58:59.068587+00:00,,
40,cpu,end_to_end,1,144,1,0.00678,6.779999999999999,6780.0,147.49262536873158,10,2026-07-25T19:58:59.068587+00:00,,
40,cpu,end_to_end,1,145,1,0.0067731,6.7730999999999995,6773.099999999999,147.64288139847338,10,2026-07-25T19:58:59.068587+00:00,,
40,cpu,end_to_end,1,146,1,0.0064792,6.4792,6479.2,154.3400419804914,10,2026-07-25T19:58:59.068587+00:00,,
40,cpu,end_to_end,1,147,1,0.0068057,6.8057,6805.7,146.93565687585408,10,2026-07-25T19:58:59.068587+00:00,,
40,cpu,end_to_end,1,148,1,0.0062261,6.2261,6226.1,160.61418865742598,10,2026-07-25T19:58:59.068587+00:00,,
40,cpu,end_to_end,1,149,1,0.0060928,6.0927999999999995,6092.8,164.1281512605042,10,2026-07-25T19:58:59.068587+00:00,,
40,cpu,end_to_end,1,150,1,0.0064454,6.445399999999999,6445.4,155.14940888075216,10,2026-07-25T19:58:59.068587+00:00,,
40,cpu,end_to_end,1,151,1,0.0062909,6.290900000000001,6290.900000000001,158.95976728290069,10,2026-07-25T19:58:59.068587+00:00,,
40,cpu,end_to_end,1,152,1,0.0067084,6.7084,6708.4,149.0668415717608,10,2026-07-25T19:58:59.068587+00:00,,
40,cpu,end_to_end,1,153,1,0.0068736,6.8736,6873.599999999999,145.48417132216017,10,2026-07-25T19:58:59.068587+00:00,,
40,cpu,end_to_end,1,154,1,0.0072794,7.2794,7279.400000000001,137.3739593922576,10,2026-07-25T19:58:59.068587+00:00,,
40,cpu,end_to_end,1,155,1,0.0066886,6.6886,6688.6,149.50811829082318,10,2026-07-25T19:58:59.068587+00:00,,
40,cpu,end_to_end,1,156,1,0.0064702,6.4702,6470.2,154.5547278291243,10,2026-07-25T19:58:59.068587+00:00,,
40,cpu,end_to_end,1,157,1,0.0068323,6.8323,6832.3,146.36359644629187,10,2026-07-25T19:58:59.068587+00:00,,
40,cpu,end_to_end,1,158,1,0.0065015,6.5015,6501.5,153.81065907867415,10,2026-07-25T19:58:59.068587+00:00,,
40,cpu,end_to_end,1,159,1,0.0073407,7.3407,7340.700000000001,136.2267903605923,10,2026-07-25T19:58:59.068587+00:00,,
40,cpu,end_to_end,1,160,1,0.0068568,6.8568,6856.799999999999,145.84062536460158,10,2026-07-25T19:58:59.068587+00:00,,
40,cpu,end_to_end,1,161,1,0.0070992,7.0992,7099.2,140.8609420779806,10,2026-07-25T19:58:59.068587+00:00,,
40,cpu,end_to_end,1,162,1,0.0065059,6.5059000000000005,6505.900000000001,153.7066355154552,10,2026-07-25T19:58:59.068587+00:00,,
40,cpu,end_to_end,1,163,1,0.0066301,6.6301,6630.099999999999,150.82728767288577,10,2026-07-25T19:58:59.068587+00:00,,
40,cpu,end_to_end,1,164,1,0.0068456,6.8456,6845.6,146.07923337618323,10,2026-07-25T19:58:59.068587+00:00,,
40,cpu,end_to_end,1,165,1,0.0073571,7.3571,7357.1,135.9231218822634,10,2026-07-25T19:58:59.068587+00:00,,
40,cpu,end_to_end,1,166,1,0.0074158,7.4158,7415.8,134.84721810189055,10,2026-07-25T19:58:59.068587+00:00,,
40,cpu,end_to_end,1,167,1,0.0065249,6.524900000000001,6524.900000000001,153.25905377860198,10,2026-07-25T19:58:59.068587+00:00,,
40,cpu,end_to_end,1,168,1,0.0071551,7.1551,7155.1,139.7604505876927,10,2026-07-25T19:58:59.068587+00:00,,
40,cpu,end_to_end,1,169,1,0.0071843,7.1843,7184.3,139.19240566234706,10,2026-07-25T19:58:59.068587+00:00,,
40,cpu,end_to_end,1,170,1,0.0065637,6.5637,6563.7,152.35309352956412,10,2026-07-25T19:58:59.068587+00:00,,
40,cpu,end_to_end,1,171,1,0.0062614,6.2614,6261.400000000001,159.7086913469831,10,2026-07-25T19:58:59.068587+00:00,,
40,cpu,end_to_end,1,172,1,0.0064926,6.4926,6492.6,154.02150140159566,10,2026-07-25T19:58:59.068587+00:00,,
40,cpu,end_to_end,1,173,1,0.006342,6.3420000000000005,6342.0,157.67896562598548,10,2026-07-25T19:58:59.068587+00:00,,
40,cpu,end_to_end,1,174,1,0.0067693,6.769299999999999,6769.3,147.72576189561698,10,2026-07-25T19:58:59.068587+00:00,,
40,cpu,end_to_end,1,175,1,0.0069464,6.946400000000001,6946.400000000001,143.95946101577795,10,2026-07-25T19:58:59.068587+00:00,,
40,cpu,end_to_end,1,176,1,0.0064996,6.4996,6499.6,153.85562188442364,10,2026-07-25T19:58:59.068587+00:00,,
40,cpu,end_to_end,1,177,1,0.0068164,6.8164,6816.400000000001,146.70500557479022,10,2026-07-25T19:58:59.068587+00:00,,
40,cpu,end_to_end,1,178,1,0.0065589,6.5589,6558.900000000001,152.46459009894951,10,2026-07-25T19:58:59.068587+00:00,,
40,cpu,end_to_end,1,179,1,0.0072873,7.2873,7287.3,137.2250353354466,10,2026-07-25T19:58:59.068587+00:00,,
40,cpu,end_to_end,1,180,1,0.0067595,6.7595,6759.5,147.93993638582737,10,2026-07-25T19:58:59.068587+00:00,,
40,cpu,end_to_end,1,181,1,0.0070189,7.0188999999999995,7018.9,142.47246719571444,10,2026-07-25T19:58:59.068587+00:00,,
40,cpu,end_to_end,1,182,1,0.0068484,6.8484,6848.400000000001,146.01950820629636,10,2026-07-25T19:58:59.068587+00:00,,
40,cpu,end_to_end,1,183,1,0.0066627,6.6627,6662.7,150.08930313536555,10,2026-07-25T19:58:59.068587+00:00,,
40,cpu,end_to_end,1,184,1,0.0073002,7.300199999999999,7300.2,136.98254842333088,10,2026-07-25T19:58:59.068587+00:00,,
40,cpu,end_to_end,1,185,1,0.0066241,6.6241,6624.1,150.9639045304268,10,2026-07-25T19:58:59.068587+00:00,,
40,cpu,end_to_end,1,186,1,0.0070754,7.0754,7075.4,141.334765525624,10,2026-07-25T19:58:59.068587+00:00,,
40,cpu,end_to_end,1,187,1,0.0066369,6.636900000000001,6636.900000000001,150.67275384592205,10,2026-07-25T19:58:59.068587+00:00,,
40,cpu,end_to_end,1,188,1,0.0066237,6.6236999999999995,6623.7,150.97302112112567,10,2026-07-25T19:58:59.068587+00:00,,
40,cpu,end_to_end,1,189,1,0.0058855,5.8855,5885.5,169.90909863223175,10,2026-07-25T19:58:59.068587+00:00,,
40,cpu,end_to_end,1,190,1,0.0061501,6.1501,6150.1,162.59898213037187,10,2026-07-25T19:58:59.068587+00:00,,
40,cpu,end_to_end,1,191,1,0.0070077,7.007700000000001,7007.700000000001,142.70017266720893,10,2026-07-25T19:58:59.068587+00:00,,
40,cpu,end_to_end,1,192,1,0.0064488,6.4488,6448.8,155.06760947773228,10,2026-07-25T19:58:59.068587+00:00,,
40,cpu,end_to_end,1,193,1,0.0067981,6.7981,6798.099999999999,147.09992497903826,10,2026-07-25T19:58:59.068587+00:00,,
40,cpu,end_to_end,1,194,1,0.0063996,6.3996,6399.6,156.25976623538972,10,2026-07-25T19:58:59.068587+00:00,,
40,cpu,end_to_end,1,195,1,0.0063916,6.3915999999999995,6391.599999999999,156.45534764378246,10,2026-07-25T19:58:59.068587+00:00,,
40,cpu,end_to_end,1,196,1,0.0069496,6.9496,6949.6,143.89317370783928,10,2026-07-25T19:58:59.068587+00:00,,
40,cpu,end_to_end,1,197,1,0.0063528,6.352799999999999,6352.799999999999,157.41090542752804,10,2026-07-25T19:58:59.068587+00:00,,
40,cpu,end_to_end,1,198,1,0.0063334,6.3334,6333.400000000001,157.89307480973883,10,2026-07-25T19:58:59.068587+00:00,,
40,cpu,end_to_end,1,199,1,0.0064106,6.4106,6410.599999999999,155.99163884815775,10,2026-07-25T19:58:59.068587+00:00,,
40,cpu,end_to_end,1,200,1,0.0062747,6.2747,6274.7,159.3701690917494,10,2026-07-25T19:58:59.068587+00:00,,
40,cpu,end_to_end,1,201,1,0.0061155,6.1155,6115.5,163.5189273158368,10,2026-07-25T19:58:59.068587+00:00,,
40,cpu,end_to_end,1,202,1,0.00607,6.07,6070.0,164.74464579901152,10,2026-07-25T19:58:59.068587+00:00,,
40,cpu,end_to_end,1,203,1,0.0064692,6.4692,6469.2,154.57861868546343,10,2026-07-25T19:58:59.068587+00:00,,
40,cpu,end_to_end,1,204,1,0.0064289,6.4289000000000005,6428.900000000001,155.5476053446157,10,2026-07-25T19:58:59.068587+00:00,,
40,cpu,end_to_end,1,205,1,0.0063144,6.3144,6314.400000000001,158.3681743316863,10,2026-07-25T19:58:59.068587+00:00,,
40,cpu,end_to_end,1,206,1,0.0063864,6.3864,6386.400000000001,156.5827383189277,10,2026-07-25T19:58:59.068587+00:00,,
40,cpu,end_to_end,1,207,1,0.0062997,6.2997000000000005,6299.7,158.73771766909536,10,2026-07-25T19:58:59.068587+00:00,,
40,cpu,end_to_end,1,208,1,0.0065018,6.5018,6501.8,153.80356209049802,10,2026-07-25T19:58:59.068587+00:00,,
40,cpu,end_to_end,1,209,1,0.006571,6.571,6571.0,152.18383807639628,10,2026-07-25T19:58:59.068587+00:00,,
40,cpu,end_to_end,1,210,1,0.0066502,6.6502,6650.2,150.37141740098042,10,2026-07-25T19:58:59.068587+00:00,,
40,cpu,end_to_end,1,211,1,0.0068596,6.8596,6859.6,145.78109510758645,10,2026-07-25T19:58:59.068587+00:00,,
40,cpu,end_to_end,1,212,1,0.0062849,6.2849,6284.900000000001,159.1115212652548,10,2026-07-25T19:58:59.068587+00:00,,
40,cpu,end_to_end,1,213,1,0.0073345,7.3345,7334.5,136.3419455995637,10,2026-07-25T19:58:59.068587+00:00,,
40,cpu,end_to_end,1,214,1,0.0065644,6.5644,6564.4,152.3368472366096,10,2026-07-25T19:58:59.068587+00:00,,
40,cpu,end_to_end,1,215,1,0.0071581,7.1581,7158.099999999999,139.70187619619733,10,2026-07-25T19:58:59.068587+00:00,,
40,cpu,end_to_end,1,216,1,0.0065184,6.5184,6518.4,153.41188021600394,10,2026-07-25T19:58:59.068587+00:00,,
40,cpu,end_to_end,1,217,1,0.0063079,6.3079,6307.9,158.53136543065045,10,2026-07-25T19:58:59.068587+00:00,,
40,cpu,end_to_end,1,218,1,0.0071106,7.1106,7110.599999999999,140.63510814839816,10,2026-07-25T19:58:59.068587+00:00,,
40,cpu,end_to_end,1,219,1,0.0062388,6.2388,6238.8,160.28723472462653,10,2026-07-25T19:58:59.068587+00:00,,
40,cpu,end_to_end,1,220,1,0.0071553,7.1552999999999995,7155.3,139.7565441001775,10,2026-07-25T19:58:59.068587+00:00,,
40,cpu,end_to_end,1,221,1,0.0063149,6.3149,6314.9,158.3556350852745,10,2026-07-25T19:58:59.068587+00:00,,
40,cpu,end_to_end,1,222,1,0.0062757,6.2757000000000005,6275.700000000001,159.3447742881272,10,2026-07-25T19:58:59.068587+00:00,,
40,cpu,end_to_end,1,223,1,0.0070076,7.0076,7007.6,142.70220903019577,10,2026-07-25T19:58:59.068587+00:00,,
40,cpu,end_to_end,1,224,1,0.0066255,6.625500000000001,6625.5,150.93200513168816,10,2026-07-25T19:58:59.068587+00:00,,
40,cpu,end_to_end,1,225,1,0.0078104,7.8104000000000005,7810.400000000001,128.03441565092697,10,2026-07-25T19:58:59.068587+00:00,,
40,cpu,end_to_end,1,226,1,0.0071299,7.1299,7129.9,140.25442152063843,10,2026-07-25T19:58:59.068587+00:00,,
40,cpu,end_to_end,1,227,1,0.0063705,6.370500000000001,6370.5,156.97354995683227,10,2026-07-25T19:58:59.068587+00:00,,
40,cpu,end_to_end,1,228,1,0.0064923,6.4923,6492.3,154.02861851732052,10,2026-07-25T19:58:59.068587+00:00,,
40,cpu,end_to_end,1,229,1,0.0069155,6.9155,6915.5,144.60270407056612,10,2026-07-25T19:58:59.068587+00:00,,
40,cpu,end_to_end,1,230,1,0.0065787,6.5786999999999995,6578.7,152.0057154148996,10,2026-07-25T19:58:59.068587+00:00,,
40,cpu,end_to_end,1,231,1,0.0076452,7.6452,7645.200000000001,130.80102548003975,10,2026-07-25T19:58:59.068587+00:00,,
40,cpu,end_to_end,1,232,1,0.0065574,6.5573999999999995,6557.4,152.4994662518681,10,2026-07-25T19:58:59.068587+00:00,,
40,cpu,end_to_end,1,233,1,0.0075341,7.5341000000000005,7534.1,132.72985492626856,10,2026-07-25T19:58:59.068587+00:00,,
40,cpu,end_to_end,1,234,1,0.0065006,6.5005999999999995,6500.599999999999,153.8319539734794,10,2026-07-25T19:58:59.068587+00:00,,
40,cpu,end_to_end,1,235,1,0.0066869,6.6869,6686.9,149.54612750302832,10,2026-07-25T19:58:59.068587+00:00,,
40,cpu,end_to_end,1,236,1,0.0065981,6.5981,6598.1,151.55878207362727,10,2026-07-25T19:58:59.068587+00:00,,
40,cpu,end_to_end,1,237,1,0.0065626,6.5626,6562.6,152.37863042086977,10,2026-07-25T19:58:59.068587+00:00,,
40,cpu,end_to_end,1,238,1,0.0067553,6.7553,6755.299999999999,148.03191568102085,10,2026-07-25T19:58:59.068587+00:00,,
40,cpu,end_to_end,1,239,1,0.0062939,6.2939,6293.9,158.8839987924816,10,2026-07-25T19:58:59.068587+00:00,,
40,cpu,end_to_end,1,240,1,0.006633,6.633,6633.0,150.76134479119554,10,2026-07-25T19:58:59.068587+00:00,,
40,cpu,end_to_end,1,241,1,0.0076785,7.6785000000000005,7678.5,130.23376961646153,10,2026-07-25T19:58:59.068587+00:00,,
40,cpu,end_to_end,1,242,1,0.0067072,6.7072,6707.2,149.09351145038167,10,2026-07-25T19:58:59.068587+00:00,,
40,cpu,end_to_end,1,243,1,0.0069322,6.9322,6932.200000000001,144.25434926863045,10,2026-07-25T19:58:59.068587+00:00,,
40,cpu,end_to_end,1,244,1,0.0063612,6.3612,6361.2,157.2030434509212,10,2026-07-25T19:58:59.068587+00:00,,
40,cpu,end_to_end,1,245,1,0.0064989,6.4989,6498.900000000001,153.87219375586636,10,2026-07-25T19:58:59.068587+00:00,,
40,cpu,end_to_end,1,246,1,0.0061606,6.1606,6160.599999999999,162.321851767685,10,2026-07-25T19:58:59.068587+00:00,,
40,cpu,end_to_end,1,247,1,0.0063362,6.3362,6336.2,157.82330103216438,10,2026-07-25T19:58:59.068587+00:00,,
40,cpu,end_to_end,1,248,1,0.0064382,6.4382,6438.2,155.32291634307725,10,2026-07-25T19:58:59.068587+00:00,,
40,cpu,end_to_end,1,249,1,0.0066074,6.6074,6607.400000000001,151.34546114962012,10,2026-07-25T19:58:59.068587+00:00,,
40,cpu,end_to_end,1,250,1,0.0069854,6.9854,6985.400000000001,143.15572479743466,10,2026-07-25T19:58:59.068587+00:00,,
40,cpu,end_to_end,1,251,1,0.0063011,6.3011,6301.099999999999,158.70244877878466,10,2026-07-25T19:58:59.068587+00:00,,
40,cpu,end_to_end,1,252,1,0.0066133,6.6133,6613.3,151.21043956874783,10,2026-07-25T19:58:59.068587+00:00,,
40,cpu,end_to_end,1,253,1,0.0060827,6.0827,6082.7,164.40067733079061,10,2026-07-25T19:58:59.068587+00:00,,
40,cpu,end_to_end,1,254,1,0.0059582,5.958200000000001,5958.200000000001,167.83592360108756,10,2026-07-25T19:58:59.068587+00:00,,
40,cpu,end_to_end,1,255,1,0.0072129,7.2129,7212.900000000001,138.6404913419013,10,2026-07-25T19:58:59.068587+00:00,,
40,cpu,end_to_end,1,256,1,0.0063407,6.3407,6340.700000000001,157.71129370574226,10,2026-07-25T19:58:59.068587+00:00,,
40,cpu,end_to_end,1,257,1,0.0068769,6.8769,6876.9,145.41435821373003,10,2026-07-25T19:58:59.068587+00:00,,
40,cpu,end_to_end,1,258,1,0.00652,6.52,6520.0,153.37423312883436,10,2026-07-25T19:58:59.068587+00:00,,
40,cpu,end_to_end,1,259,1,0.0064732,6.4732,6473.2,154.48309954890934,10,2026-07-25T19:58:59.068587+00:00,,
40,cpu,end_to_end,1,260,1,0.0066313,6.6312999999999995,6631.299999999999,150.79999396800025,10,2026-07-25T19:58:59.068587+00:00,,
40,cpu,end_to_end,1,261,1,0.0061372,6.1372,6137.2,162.94075474157597,10,2026-07-25T19:58:59.068587+00:00,,
40,cpu,end_to_end,1,262,1,0.0069728,6.9728,6972.8,143.41441027994492,10,2026-07-25T19:58:59.068587+00:00,,
40,cpu,end_to_end,1,263,1,0.0060374,6.0374,6037.4,165.63421340312055,10,2026-07-25T19:58:59.068587+00:00,,
40,cpu,end_to_end,1,264,1,0.0061718,6.1718,6171.8,162.02728539486048,10,2026-07-25T19:58:59.068587+00:00,,
40,cpu,end_to_end,1,265,1,0.0064296,6.4296,6429.599999999999,155.53067064825183,10,2026-07-25T19:58:59.068587+00:00,,
40,cpu,end_to_end,1,266,1,0.0063002,6.300199999999999,6300.2,158.72511983746548,10,2026-07-25T19:58:59.068587+00:00,,
40,cpu,end_to_end,1,267,1,0.0068425,6.842499999999999,6842.5,146.1454146876142,10,2026-07-25T19:58:59.068587+00:00,,
40,cpu,end_to_end,1,268,1,0.0063814,6.3814,6381.4,156.7054251418184,10,2026-07-25T19:58:59.068587+00:00,,
40,cpu,end_to_end,1,269,1,0.0064878,6.4878,6487.8,154.13545423718364,10,2026-07-25T19:58:59.068587+00:00,,
40,cpu,end_to_end,1,270,1,0.0064061,6.4060999999999995,6406.099999999999,156.10121602847286,10,2026-07-25T19:58:59.068587+00:00,,
40,cpu,end_to_end,1,271,1,0.0059873,5.9873,5987.3,167.02019274130242,10,2026-07-25T19:58:59.068587+00:00,,
40,cpu,end_to_end,1,272,1,0.0062729,6.2729,6272.9,159.41590014188017,10,2026-07-25T19:58:59.068587+00:00,,
40,cpu,end_to_end,1,273,1,0.0062678,6.267799999999999,6267.799999999999,159.54561409106864,10,2026-07-25T19:58:59.068587+00:00,,
40,cpu,end_to_end,1,274,1,0.0061309,6.1309,6130.9,163.10818966220293,10,2026-07-25T19:58:59.068587+00:00,,
40,cpu,end_to_end,1,275,1,0.006386,6.386,6386.0,156.59254619480112,10,2026-07-25T19:58:59.068587+00:00,,
40,cpu,end_to_end,1,276,1,0.0063588,6.3588000000000005,6358.8,157.2623765490344,10,2026-07-25T19:58:59.068587+00:00,,
40,cpu,end_to_end,1,277,1,0.0069753,6.9753,6975.3,143.36300947629493,10,2026-07-25T19:58:59.068587+00:00,,
40,cpu,end_to_end,1,278,1,0.0062533,6.253299999999999,6253.3,159.91556458190075,10,2026-07-25T19:58:59.068587+00:00,,
40,cpu,end_to_end,1,279,1,0.0065856,6.5855999999999995,6585.599999999999,151.84645286686103,10,2026-07-25T19:58:59.068587+00:00,,
40,cpu,end_to_end,1,280,1,0.0067701,6.7701,6770.1,147.70830563802602,10,2026-07-25T19:58:59.068587+00:00,,
40,cpu,end_to_end,1,281,1,0.0065272,6.527200000000001,6527.200000000001,153.20504963843607,10,2026-07-25T19:58:59.068587+00:00,,
40,cpu,end_to_end,1,282,1,0.0068227,6.8227,6822.7,146.5695399182142,10,2026-07-25T19:58:59.068587+00:00,,
40,cpu,end_to_end,1,283,1,0.0064908,6.4908,6490.799999999999,154.06421396438037,10,2026-07-25T19:58:59.068587+00:00,,
40,cpu,end_to_end,1,284,1,0.0069755,6.9755,6975.5,143.35889900365567,10,2026-07-25T19:58:59.068587+00:00,,
40,cpu,end_to_end,1,285,1,0.0065036,6.5036,6503.6,153.76099391106465,10,2026-07-25T19:58:59.068587+00:00,,
40,cpu,end_to_end,1,286,1,0.0060094,6.009399999999999,6009.4,166.4059639897494,10,2026-07-25T19:58:59.068587+00:00,,
40,cpu,end_to_end,1,287,1,0.0065169,6.5169,6516.9,153.447191149166,10,2026-07-25T19:58:59.068587+00:00,,
40,cpu,end_to_end,1,288,1,0.0062615,6.2615,6261.5,159.70614070110997,10,2026-07-25T19:58:59.068587+00:00,,
40,cpu,end_to_end,1,289,1,0.0069464,6.946400000000001,6946.400000000001,143.95946101577795,10,2026-07-25T19:58:59.068587+00:00,,
40,cpu,end_to_end,1,290,1,0.0068729,6.8729000000000005,6872.900000000001,145.49898878202796,10,2026-07-25T19:58:59.068587+00:00,,
40,cpu,end_to_end,1,291,1,0.0061583,6.1583000000000006,6158.3,162.38247568322427,10,2026-07-25T19:58:59.068587+00:00,,
40,cpu,end_to_end,1,292,1,0.0067131,6.7131,6713.099999999999,148.9624763522069,10,2026-07-25T19:58:59.068587+00:00,,
40,cpu,end_to_end,1,293,1,0.0069709,6.9709,6970.900000000001,143.45349954812147,10,2026-07-25T19:58:59.068587+00:00,,
40,cpu,end_to_end,1,294,1,0.0063133,6.3133,6313.3,158.395767665088,10,2026-07-25T19:58:59.068587+00:00,,
40,cpu,end_to_end,1,295,1,0.0062482,6.2482,6248.2,160.04609327486315,10,2026-07-25T19:58:59.068587+00:00,,
40,cpu,end_to_end,1,296,1,0.006344,6.343999999999999,6344.0,157.62925598991174,10,2026-07-25T19:58:59.068587+00:00,,
40,cpu,end_to_end,1,297,1,0.0066734,6.6734,6673.400000000001,149.84865286061077,10,2026-07-25T19:58:59.068587+00:00,,
40,cpu,end_to_end,1,298,1,0.006355,6.355,6355.0,157.35641227380015,10,2026-07-25T19:58:59.068587+00:00,,
40,cpu,end_to_end,1,299,1,0.0067402,6.7402,6740.2,148.36355004302544,10,2026-07-25T19:58:59.068587+00:00,,
40,cpu,end_to_end,1,300,1,0.0064579,6.4578999999999995,6457.9,154.8490995524861,10,2026-07-25T19:58:59.068587+00:00,,
40,cpu,end_to_end,1,301,1,0.0065791,6.5791,6579.1,151.99647368181058,10,2026-07-25T19:58:59.068587+00:00,,
40,cpu,end_to_end,1,302,1,0.0062296,6.2296000000000005,6229.6,160.52395017336588,10,2026-07-25T19:58:59.068587+00:00,,
40,cpu,end_to_end,1,303,1,0.0061747,6.1747,6174.7,161.95118791196333,10,2026-07-25T19:58:59.068587+00:00,,
40,cpu,end_to_end,1,304,1,0.0071417,7.1417,7141.7,140.0226836747553,10,2026-07-25T19:58:59.068587+00:00,,
40,cpu,end_to_end,1,305,1,0.0065202,6.5202,6520.200000000001,153.36952854206925,10,2026-07-25T19:58:59.068587+00:00,,
40,cpu,end_to_end,1,306,1,0.0068411,6.8411,6841.1,146.1753226820248,10,2026-07-25T19:58:59.068587+00:00,,
40,cpu,end_to_end,1,307,1,0.0066204,6.6204,6620.400000000001,151.04827502869918,10,2026-07-25T19:58:59.068587+00:00,,
40,cpu,end_to_end,1,308,1,0.0067292,6.7292000000000005,6729.200000000001,148.60607501634667,10,2026-07-25T19:58:59.068587+00:00,,
40,cpu,end_to_end,1,309,1,0.0066584,6.6584,6658.4,150.18623092634866,10,2026-07-25T19:58:59.068587+00:00,,
40,cpu,end_to_end,1,310,1,0.0065287,6.5287,6528.7,153.1698500467168,10,2026-07-25T19:58:59.068587+00:00,,
40,cpu,end_to_end,1,311,1,0.007363,7.3629999999999995,7363.0,135.81420616596498,10,2026-07-25T19:58:59.068587+00:00,,
40,cpu,end_to_end,1,312,1,0.0062057,6.205699999999999,6205.7,161.14217574165687,10,2026-07-25T19:58:59.068587+00:00,,
40,cpu,end_to_end,1,313,1,0.0066161,6.616099999999999,6616.099999999999,151.1464457913272,10,2026-07-25T19:58:59.068587+00:00,,
40,cpu,end_to_end,1,314,1,0.006427,6.4270000000000005,6427.0,155.59358954411078,10,2026-07-25T19:58:59.068587+00:00,,
40,cpu,end_to_end,1,315,1,0.0064788,6.4788,6478.8,154.34957090819287,10,2026-07-25T19:58:59.068587+00:00,,
40,cpu,end_to_end,1,316,1,0.0072469,7.2469,7246.9,137.99003711932,10,2026-07-25T19:58:59.068587+00:00,,
40,cpu,end_to_end,1,317,1,0.0064793,6.4793,6479.3,154.3376599324001,10,2026-07-25T19:58:59.068587+00:00,,
40,cpu,end_to_end,1,318,1,0.006834,6.834,6834.0,146.3271875914545,10,2026-07-25T19:58:59.068587+00:00,,
40,cpu,end_to_end,1,319,1,0.0068222,6.8222,6822.2,146.58028202046262,10,2026-07-25T19:58:59.068587+00:00,,
40,cpu,end_to_end,1,320,1,0.0066506,6.6506,6650.599999999999,150.36237331970048,10,2026-07-25T19:58:59.068587+00:00,,
40,cpu,end_to_end,1,321,1,0.0065273,6.527299999999999,6527.3,153.20270249567204,10,2026-07-25T19:58:59.068587+00:00,,
40,cpu,end_to_end,1,322,1,0.0068384,6.8384,6838.4,146.23303696771174,10,2026-07-25T19:58:59.068587+00:00,,
40,cpu,end_to_end,1,323,1,0.006635,6.635000000000001,6635.0,150.71590052750565,10,2026-07-25T19:58:59.068587+00:00,,
40,cpu,end_to_end,1,324,1,0.0064117,6.411700000000001,6411.7,155.96487670976495,10,2026-07-25T19:58:59.068587+00:00,,
40,cpu,end_to_end,1,325,1,0.0070489,7.048900000000001,7048.900000000001,141.86610676843196,10,2026-07-25T19:58:59.068587+00:00,,
40,cpu,end_to_end,1,326,1,0.0065254,6.525399999999999,6525.4,153.24731050970055,10,2026-07-25T19:58:59.068587+00:00,,
40,cpu,end_to_end,1,327,1,0.0067769,6.7768999999999995,6776.9,147.56009384821968,10,2026-07-25T19:58:59.068587+00:00,,
40,cpu,end_to_end,1,328,1,0.0065562,6.5562,6556.2,152.52737866447026,10,2026-07-25T19:58:59.068587+00:00,,
40,cpu,end_to_end,1,329,1,0.0064472,6.4472000000000005,6447.2,155.10609256731604,10,2026-07-25T19:58:59.068587+00:00,,
40,cpu,end_to_end,1,330,1,0.0066783,6.6783,6678.3,149.7387059581031,10,2026-07-25T19:58:59.068587+00:00,,
40,cpu,end_to_end,1,331,1,0.0061867,6.1867,6186.7,161.6370601451501,10,2026-07-25T19:58:59.068587+00:00,,
40,cpu,end_to_end,1,332,1,0.0075035,7.5035,7503.5,133.27114013460385,10,2026-07-25T19:58:59.068587+00:00,,
40,cpu,end_to_end,1,333,1,0.0067624,6.7624,6762.4,147.8764935525849,10,2026-07-25T19:58:59.068587+00:00,,
40,cpu,end_to_end,1,334,1,0.00747,7.47,7470.0,133.86880856760374,10,2026-07-25T19:58:59.068587+00:00,,
40,cpu,end_to_end,1,335,1,0.0067953,6.7953,6795.3,147.1605374302827,10,2026-07-25T19:58:59.068587+00:00,,
40,cpu,end_to_end,1,336,1,0.0067235,6.7235000000000005,6723.5,148.73205919535954,10,2026-07-25T19:58:59.068587+00:00,,
40,cpu,end_to_end,1,337,1,0.0068186,6.8186,6818.6,146.6576716628047,10,2026-07-25T19:58:59.068587+00:00,,
40,cpu,end_to_end,1,338,1,0.0065535,6.5535000000000005,6553.5,152.59021896696422,10,2026-07-25T19:58:59.068587+00:00,,
40,cpu,end_to_end,1,339,1,0.0067264,6.7264,6726.4,148.66793529971457,10,2026-07-25T19:58:59.068587+00:00,,
40,cpu,end_to_end,1,340,1,0.006639,6.639,6639.0,150.62509414068384,10,2026-07-25T19:58:59.068587+00:00,,
40,cpu,end_to_end,1,341,1,0.0072955,7.2955,7295.5,137.07079706668495,10,2026-07-25T19:58:59.068587+00:00,,
40,cpu,end_to_end,1,342,1,0.006416,6.4159999999999995,6416.0,155.86034912718205,10,2026-07-25T19:58:59.068587+00:00,,
40,cpu,end_to_end,1,343,1,0.0063001,6.3001000000000005,6300.1,158.72763924382153,10,2026-07-25T19:58:59.068587+00:00,,
40,cpu,end_to_end,1,344,1,0.0067037,6.7036999999999995,6703.7,149.17135313334427,10,2026-07-25T19:58:59.068587+00:00,,
40,cpu,end_to_end,1,345,1,0.0061505,6.1505,6150.5,162.58840744654907,10,2026-07-25T19:58:59.068587+00:00,,
40,cpu,end_to_end,1,346,1,0.0067464,6.7463999999999995,6746.4,148.22720265623147,10,2026-07-25T19:58:59.068587+00:00,,
40,cpu,end_to_end,1,347,1,0.0063514,6.3514,6351.400000000001,157.44560254432093,10,2026-07-25T19:58:59.068587+00:00,,
40,cpu,end_to_end,1,348,1,0.0064674,6.4674,6467.4,154.62164084485264,10,2026-07-25T19:58:59.068587+00:00,,
40,cpu,end_to_end,1,349,1,0.006845,6.845000000000001,6845.0,146.09203798392986,10,2026-07-25T19:58:59.068587+00:00,,
40,cpu,end_to_end,1,350,1,0.0063678,6.3678,6367.8,157.04010804359433,10,2026-07-25T19:58:59.068587+00:00,,
40,cpu,end_to_end,1,351,1,0.006798,6.798,6798.0,147.10208884966167,10,2026-07-25T19:58:59.068587+00:00,,
40,cpu,end_to_end,1,352,1,0.0066275,6.6274999999999995,6627.5,150.88645794039985,10,2026-07-25T19:58:59.068587+00:00,,
40,cpu,end_to_end,1,353,1,0.0071636,7.1636,7163.6,139.59461723155954,10,2026-07-25T19:58:59.068587+00:00,,
40,cpu,end_to_end,1,354,1,0.0065212,6.521199999999999,6521.2,153.34600993682145,10,2026-07-25T19:58:59.068587+00:00,,
40,cpu,end_to_end,1,355,1,0.0064107,6.4107,6410.7,155.98920554697614,10,2026-07-25T19:58:59.068587+00:00,,
40,cpu,end_to_end,1,356,1,0.0072962,7.2962,7296.2,137.05764644609522,10,2026-07-25T19:58:59.068587+00:00,,
40,cpu,end_to_end,1,357,1,0.006584,6.584,6584.0,151.88335358444715,10,2026-07-25T19:58:59.068587+00:00,,
40,cpu,end_to_end,1,358,1,0.0072086,7.2086,7208.599999999999,138.72319174319563,10,2026-07-25T19:58:59.068587+00:00,,
40,cpu,end_to_end,1,359,1,0.0064914,6.4914,6491.4,154.04997381150446,10,2026-07-25T19:58:59.068587+00:00,,
40,cpu,end_to_end,1,360,1,0.0066346,6.6346,6634.6,150.72498718837608,10,2026-07-25T19:58:59.068587+00:00,,
40,cpu,end_to_end,1,361,1,0.0073036,7.3036,7303.6,136.9187797798346,10,2026-07-25T19:58:59.068587+00:00,,
40,cpu,end_to_end,1,362,1,0.0073392,7.3392,7339.2,136.25463265751037,10,2026-07-25T19:58:59.068587+00:00,,
40,cpu,end_to_end,1,363,1,0.0071957,7.1957,7195.7,138.97188598746473,10,2026-07-25T19:58:59.068587+00:00,,
40,cpu,end_to_end,1,364,1,0.0066715,6.6715,6671.5,149.89132878662969,10,2026-07-25T19:58:59.068587+00:00,,
40,cpu,end_to_end,1,365,1,0.0070501,7.0501000000000005,7050.1,141.84195968851506,10,2026-07-25T19:58:59.068587+00:00,,
40,cpu,end_to_end,1,366,1,0.006584,6.584,6584.0,151.88335358444715,10,2026-07-25T19:58:59.068587+00:00,,
40,cpu,end_to_end,1,367,1,0.0067889,6.7889,6788.9,147.29926792263842,10,2026-07-25T19:58:59.068587+00:00,,
40,cpu,end_to_end,1,368,1,0.0064707,6.4707,6470.7,154.54278517007432,10,2026-07-25T19:58:59.068587+00:00,,
40,cpu,end_to_end,1,369,1,0.0064466,6.4466,6446.6,155.12052865076163,10,2026-07-25T19:58:59.068587+00:00,,
40,cpu,end_to_end,1,370,1,0.0076534,7.6534,7653.400000000001,130.6608827449238,10,2026-07-25T19:58:59.068587+00:00,,
40,cpu,end_to_end,1,371,1,0.0073457,7.3457,7345.7,136.13406482704167,10,2026-07-25T19:58:59.068587+00:00,,
40,cpu,end_to_end,1,372,1,0.0071416,7.1415999999999995,7141.599999999999,140.0246443374034,10,2026-07-25T19:58:59.068587+00:00,,
40,cpu,end_to_end,1,373,1,0.0065879,6.587899999999999,6587.9,151.79343948754536,10,2026-07-25T19:58:59.068587+00:00,,
40,cpu,end_to_end,1,374,1,0.0074399,7.4399,7439.900000000001,134.410408742053,10,2026-07-25T19:58:59.068587+00:00,,
40,cpu,end_to_end,1,375,1,0.0063434,6.3434,6343.4,157.64416558943154,10,2026-07-25T19:58:59.068587+00:00,,
40,cpu,end_to_end,1,376,1,0.0066233,6.6233,6623.3,150.9821388129784,10,2026-07-25T19:58:59.068587+00:00,,
40,cpu,end_to_end,1,377,1,0.0066677,6.6677,6667.700000000001,149.9767536031915,10,2026-07-25T19:58:59.068587+00:00,,
40,cpu,end_to_end,1,378,1,0.006572,6.572,6572.0,152.16068167985392,10,2026-07-25T19:58:59.068587+00:00,,
40,cpu,end_to_end,1,379,1,0.0070983,7.0983,7098.3,140.87880196666808,10,2026-07-25T19:58:59.068587+00:00,,
40,cpu,end_to_end,1,380,1,0.0063886,6.3886,6388.6,156.52881695520145,10,2026-07-25T19:58:59.068587+00:00,,
40,cpu,end_to_end,1,381,1,0.0072038,7.2038,7203.8,138.81562508675978,10,2026-07-25T19:58:59.068587+00:00,,
40,cpu,end_to_end,1,382,1,0.0062553,6.2553,6255.3,159.86443495915464,10,2026-07-25T19:58:59.068587+00:00,,
40,cpu,end_to_end,1,383,1,0.0062932,6.2932,6293.2,158.9016716455857,10,2026-07-25T19:58:59.068587+00:00,,
40,cpu,end_to_end,1,384,1,0.0063089,6.3089,6308.900000000001,158.50623722043463,10,2026-07-25T19:58:59.068587+00:00,,
40,cpu,end_to_end,1,385,1,0.0061749,6.1749,6174.9,161.94594244441205,10,2026-07-25T19:58:59.068587+00:00,,
40,cpu,end_to_end,1,386,1,0.0070736,7.0736,7073.6,141.37073060393575,10,2026-07-25T19:58:59.068587+00:00,,
40,cpu,end_to_end,1,387,1,0.0065111,6.5111,6511.099999999999,153.58387983597243,10,2026-07-25T19:58:59.068587+00:00,,
40,cpu,end_to_end,1,388,1,0.0066868,6.6868,6686.799999999999,149.5483639408985,10,2026-07-25T19:58:59.068587+00:00,,
40,cpu,end_to_end,1,389,1,0.0063966,6.396599999999999,6396.599999999999,156.33305193383987,10,2026-07-25T19:58:59.068587+00:00,,
40,cpu,end_to_end,1,390,1,0.0066428,6.6428,6642.8,150.53892936713433,10,2026-07-25T19:58:59.068587+00:00,,
40,cpu,end_to_end,1,391,1,0.0068746,6.8746,6874.599999999999,145.46300875687314,10,2026-07-25T19:58:59.068587+00:00,,
40,cpu,end_to_end,1,392,1,0.0064633,6.4633,6463.3,154.719725217768,10,2026-07-25T19:58:59.068587+00:00,,
40,cpu,end_to_end,1,393,1,0.0069388,6.9388000000000005,6938.8,144.11713841009973,10,2026-07-25T19:58:59.068587+00:00,,
40,cpu,end_to_end,1,394,1,0.0066016,6.6016,6601.6,151.47842947164324,10,2026-07-25T19:58:59.068587+00:00,,
40,cpu,end_to_end,1,395,1,0.0068204,6.8204,6820.4,146.6189666295232,10,2026-07-25T19:58:59.068587+00:00,,
40,cpu,end_to_end,1,396,1,0.0068119,6.8119000000000005,6811.9,146.80192016911582,10,2026-07-25T19:58:59.068587+00:00,,
40,cpu,end_to_end,1,397,1,0.0068469,6.846900000000001,6846.900000000001,146.0514977581095,10,2026-07-25T19:58:59.068587+00:00,,
40,cpu,end_to_end,1,398,1,0.0072247,7.2246999999999995,7224.7,138.41405179453818,10,2026-07-25T19:58:59.068587+00:00,,
40,cpu,end_to_end,1,399,1,0.0064488,6.4488,6448.8,155.06760947773228,10,2026-07-25T19:58:59.068587+00:00,,
40,cpu,end_to_end,1,400,1,0.0062824,6.2824,6282.4,159.17483764166562,10,2026-07-25T19:58:59.068587+00:00,,
40,cpu,end_to_end,1,401,1,0.0060599,6.0599,6059.9,165.01922473968216,10,2026-07-25T19:58:59.068587+00:00,,
40,cpu,end_to_end,1,402,1,0.0062315,6.2315000000000005,6231.5,160.47500601781272,10,2026-07-25T19:58:59.068587+00:00,,
40,cpu,end_to_end,1,403,1,0.0064525,6.4525,6452.5,154.97869043006588,10,2026-07-25T19:58:59.068587+00:00,,
40,cpu,end_to_end,1,404,1,0.0063067,6.3067,6306.7,158.56152980163952,10,2026-07-25T19:58:59.068587+00:00,,
40,cpu,end_to_end,1,405,1,0.0065743,6.5743,6574.3,152.10744870176293,10,2026-07-25T19:58:59.068587+00:00,,
40,cpu,end_to_end,1,406,1,0.0062387,6.2387,6238.7,160.28980396556975,10,2026-07-25T19:58:59.068587+00:00,,
40,cpu,end_to_end,1,407,1,0.0061915,6.1915,6191.5,161.51174997981104,10,2026-07-25T19:58:59.068587+00:00,,
40,cpu,end_to_end,1,408,1,0.009981,9.981,9981.0,100.1903616872057,10,2026-07-25T19:58:59.068587+00:00,,
40,cpu,end_to_end,1,409,1,0.0075679,7.5679,7567.9,132.1370525509058,10,2026-07-25T19:58:59.068587+00:00,,
40,cpu,end_to_end,1,410,1,0.0071445,7.1445,7144.5,139.96780740429702,10,2026-07-25T19:58:59.068587+00:00,,
40,cpu,end_to_end,1,411,1,0.0066066,6.606599999999999,6606.599999999999,151.3637877274241,10,2026-07-25T19:58:59.068587+00:00,,
40,cpu,end_to_end,1,412,1,0.0073379,7.337899999999999,7337.9,136.27877185570804,10,2026-07-25T19:58:59.068587+00:00,,
40,cpu,end_to_end,1,413,1,0.0063624,6.3624,6362.4,157.1733936879165,10,2026-07-25T19:58:59.068587+00:00,,
40,cpu,end_to_end,1,414,1,0.0066832,6.6832,6683.2,149.62892027771127,10,2026-07-25T19:58:59.068587+00:00,,
40,cpu,end_to_end,1,415,1,0.0063804,6.3804,6380.4,156.72998558084134,10,2026-07-25T19:58:59.068587+00:00,,
40,cpu,end_to_end,1,416,1,0.0064148,6.4148,6414.8,155.8895055184885,10,2026-07-25T19:58:59.068587+00:00,,
40,cpu,end_to_end,1,417,1,0.0064569,6.4569,6456.9,154.8730815097028,10,2026-07-25T19:58:59.068587+00:00,,
40,cpu,end_to_end,1,418,1,0.0063122,6.3122,6312.2,158.42337061563322,10,2026-07-25T19:58:59.068587+00:00,,
40,cpu,end_to_end,1,419,1,0.0065291,6.529100000000001,6529.1,153.16046622045917,10,2026-07-25T19:58:59.068587+00:00,,
40,cpu,end_to_end,1,420,1,0.0064365,6.4365000000000006,6436.5,155.36394002951914,10,2026-07-25T19:58:59.068587+00:00,,
40,cpu,end_to_end,1,421,1,0.0072449,7.2449,7244.900000000001,138.0281301329211,10,2026-07-25T19:58:59.068587+00:00,,
40,cpu,end_to_end,1,422,1,0.0067653,6.7653,6765.3,147.81310510989903,10,2026-07-25T19:58:59.068587+00:00,,
40,cpu,end_to_end,1,423,1,0.0066164,6.6164,6616.4,151.13959252765855,10,2026-07-25T19:58:59.068587+00:00,,
40,cpu,end_to_end,1,424,1,0.0068862,6.8862000000000005,6886.200000000001,145.21797217623651,10,2026-07-25T19:58:59.068587+00:00,,
40,cpu,end_to_end,1,425,1,0.0065302,6.5302,6530.2,153.13466662583076,10,2026-07-25T19:58:59.068587+00:00,,
40,cpu,end_to_end,1,426,1,0.0068953,6.8953,6895.3,145.02632227749336,10,2026-07-25T19:58:59.068587+00:00,,
40,cpu,end_to_end,1,427,1,0.0062952,6.2952,6295.2,158.8511882068878,10,2026-07-25T19:58:59.068587+00:00,,
40,cpu,end_to_end,1,428,1,0.0062603,6.2603,6260.3,159.73675382968867,10,2026-07-25T19:58:59.068587+00:00,,
40,cpu,end_to_end,1,429,1,0.0068608,6.8608,6860.8,145.75559701492537,10,2026-07-25T19:58:59.068587+00:00,,
40,cpu,end_to_end,1,430,1,0.00688,6.88,6880.0,145.34883720930233,10,2026-07-25T19:58:59.068587+00:00,,
40,cpu,end_to_end,1,431,1,0.0068423,6.8423,6842.3,146.14968650892243,10,2026-07-25T19:58:59.068587+00:00,,
40,cpu,end_to_end,1,432,1,0.0067327,6.7327,6732.700000000001,148.52882201791257,10,2026-07-25T19:58:59.068587+00:00,,
40,cpu,end_to_end,1,433,1,0.0067559,6.7559,6755.9,148.0187687798813,10,2026-07-25T19:58:59.068587+00:00,,
40,cpu,end_to_end,1,434,1,0.0065224,6.5224,6522.400000000001,153.31779712989083,10,2026-07-25T19:58:59.068587+00:00,,
40,cpu,end_to_end,1,435,1,0.0064302,6.430199999999999,6430.2,155.5161581288296,10,2026-07-25T19:58:59.068587+00:00,,
40,cpu,end_to_end,1,436,1,0.0069972,6.9972,6997.200000000001,142.91430858057507,10,2026-07-25T19:58:59.068587+00:00,,
40,cpu,end_to_end,1,437,1,0.0063382,6.3382000000000005,6338.200000000001,157.77350036287905,10,2026-07-25T19:58:59.068587+00:00,,
40,cpu,end_to_end,1,438,1,0.0067605,6.7605,6760.5,147.91805339841727,10,2026-07-25T19:58:59.068587+00:00,,
40,cpu,end_to_end,1,439,1,0.0070214,7.0214,7021.4,142.42173925427977,10,2026-07-25T19:58:59.068587+00:00,,
40,cpu,end_to_end,1,440,1,0.0070755,7.0755,7075.5,141.33276800226133,10,2026-07-25T19:58:59.068587+00:00,,
40,cpu,end_to_end,1,441,1,0.0067082,6.7082,6708.2,149.0712858889121,10,2026-07-25T19:58:59.068587+00:00,,
40,cpu,end_to_end,1,442,1,0.0065779,6.5779000000000005,6577.900000000001,152.02420225299866,10,2026-07-25T19:58:59.068587+00:00,,
40,cpu,end_to_end,1,443,1,0.0067276,6.727600000000001,6727.6,148.64141744455674,10,2026-07-25T19:58:59.068587+00:00,,
40,cpu,end_to_end,1,444,1,0.0061938,6.1938,6193.8,161.45177435500017,10,2026-07-25T19:58:59.068587+00:00,,
40,cpu,end_to_end,1,445,1,0.0065958,6.5958,6595.8,151.61163164437977,10,2026-07-25T19:58:59.068587+00:00,,
40,cpu,end_to_end,1,446,1,0.0063709,6.3709,6370.9,156.963694297509,10,2026-07-25T19:58:59.068587+00:00,,
40,cpu,end_to_end,1,447,1,0.0064374,6.4374,6437.400000000001,155.3422189082549,10,2026-07-25T19:58:59.068587+00:00,,
40,cpu,end_to_end,1,448,1,0.0069831,6.9831,6983.099999999999,143.2028755137403,10,2026-07-25T19:58:59.068587+00:00,,
40,cpu,end_to_end,1,449,1,0.006311,6.311,6311.0,158.4534938995405,10,2026-07-25T19:58:59.068587+00:00,,
40,cpu,end_to_end,1,450,1,0.0067399,6.7399000000000004,6739.9,148.37015385984955,10,2026-07-25T19:58:59.068587+00:00,,
40,cpu,end_to_end,1,451,1,0.0065915,6.5915,6591.5,151.7105362967458,10,2026-07-25T19:58:59.068587+00:00,,
40,cpu,end_to_end,1,452,1,0.0070691,7.0691,7069.1,141.4607234301396,10,2026-07-25T19:58:59.068587+00:00,,
40,cpu,end_to_end,1,453,1,0.0067281,6.7280999999999995,6728.099999999999,148.6303711300367,10,2026-07-25T19:58:59.068587+00:00,,
40,cpu,end_to_end,1,454,1,0.0065515,6.5515,6551.5,152.63680073265664,10,2026-07-25T19:58:59.068587+00:00,,
40,cpu,end_to_end,1,455,1,0.0068222,6.8222,6822.2,146.58028202046262,10,2026-07-25T19:58:59.068587+00:00,,
40,cpu,end_to_end,1,456,1,0.0065593,6.5592999999999995,6559.299999999999,152.45529248547865,10,2026-07-25T19:58:59.068587+00:00,,
40,cpu,end_to_end,1,457,1,0.0069533,6.9533,6953.3,143.81660506522084,10,2026-07-25T19:58:59.068587+00:00,,
40,cpu,end_to_end,1,458,1,0.0064535,6.4535,6453.5,154.95467575734096,10,2026-07-25T19:58:59.068587+00:00,,
40,cpu,end_to_end,1,459,1,0.0066957,6.6956999999999995,6695.7,149.34958256791674,10,2026-07-25T19:58:59.068587+00:00,,
40,cpu,end_to_end,1,460,1,0.0066955,6.6955,6695.5,149.3540437607348,10,2026-07-25T19:58:59.068587+00:00,,
40,cpu,end_to_end,1,461,1,0.0062929,6.2928999999999995,6292.9,158.90924692907882,10,2026-07-25T19:58:59.068587+00:00,,
40,cpu,end_to_end,1,462,1,0.00753,7.53,7530.0,132.80212483399734,10,2026-07-25T19:58:59.068587+00:00,,
40,cpu,end_to_end,1,463,1,0.0067273,6.7273000000000005,6727.3,148.64804602143505,10,2026-07-25T19:58:59.068587+00:00,,
40,cpu,end_to_end,1,464,1,0.0069811,6.9811,6981.099999999999,143.2439013908983,10,2026-07-25T19:58:59.068587+00:00,,
40,cpu,end_to_end,1,465,1,0.0065975,6.5975,6597.5,151.57256536566882,10,2026-07-25T19:58:59.068587+00:00,,
40,cpu,end_to_end,1,466,1,0.0066384,6.6384,6638.4,150.63870812243914,10,2026-07-25T19:58:59.068587+00:00,,
40,cpu,end_to_end,1,467,1,0.0070943,7.0943000000000005,7094.3,140.9582340752435,10,2026-07-25T19:58:59.068587+00:00,,
40,cpu,end_to_end,1,468,1,0.0065275,6.527500000000001,6527.5,153.19800842589046,10,2026-07-25T19:58:59.068587+00:00,,
40,cpu,end_to_end,1,469,1,0.0067735,6.7735,6773.5,147.63416254521297,10,2026-07-25T19:58:59.068587+00:00,,
40,cpu,end_to_end,1,470,1,0.0064934,6.4934,6493.4,154.00252564142053,10,2026-07-25T19:58:59.068587+00:00,,
40,cpu,end_to_end,1,471,1,0.0072088,7.208799999999999,7208.799999999999,138.71934302519145,10,2026-07-25T19:58:59.068587+00:00,,
40,cpu,end_to_end,1,472,1,0.0064246,6.4246,6424.6,155.65171372536813,10,2026-07-25T19:58:59.068587+00:00,,
40,cpu,end_to_end,1,473,1,0.0062068,6.2068,6206.8,161.11361732293614,10,2026-07-25T19:58:59.068587+00:00,,
40,cpu,end_to_end,1,474,1,0.006598,6.598,6598.0,151.5610791148833,10,2026-07-25T19:58:59.068587+00:00,,
40,cpu,end_to_end,1,475,1,0.0060934,6.0934,6093.4,164.111990021991,10,2026-07-25T19:58:59.068587+00:00,,
40,cpu,end_to_end,1,476,1,0.0064046,6.4046,6404.599999999999,156.13777597351904,10,2026-07-25T19:58:59.068587+00:00,,
40,cpu,end_to_end,1,477,1,0.0063623,6.3623,6362.3,157.17586407431273,10,2026-07-25T19:58:59.068587+00:00,,
40,cpu,end_to_end,1,478,1,0.006393,6.393000000000001,6393.0,156.4210855623338,10,2026-07-25T19:58:59.068587+00:00,,
40,cpu,end_to_end,1,479,1,0.0067296,6.7296,6729.599999999999,148.59724203518783,10,2026-07-25T19:58:59.068587+00:00,,
40,cpu,end_to_end,1,480,1,0.0063034,6.3034,6303.4,158.64454104134276,10,2026-07-25T19:58:59.068587+00:00,,
40,cpu,end_to_end,1,481,1,0.0070467,7.0467,7046.700000000001,141.91039777484497,10,2026-07-25T19:58:59.068587+00:00,,
40,cpu,end_to_end,1,482,1,0.0078959,7.895900000000001,7895.900000000001,126.6480071936068,10,2026-07-25T19:58:59.068587+00:00,,
40,cpu,end_to_end,1,483,1,0.0084111,8.4111,8411.1,118.89051372590981,10,2026-07-25T19:58:59.068587+00:00,,
40,cpu,end_to_end,1,484,1,0.0083651,8.3651,8365.1,119.54429713930496,10,2026-07-25T19:58:59.068587+00:00,,
40,cpu,end_to_end,1,485,1,0.0074672,7.4672,7467.2,133.91900578530104,10,2026-07-25T19:58:59.068587+00:00,,
40,cpu,end_to_end,1,486,1,0.0066279,6.6279,6627.9,150.8773518007212,10,2026-07-25T19:58:59.068587+00:00,,
40,cpu,end_to_end,1,487,1,0.0071889,7.188899999999999,7188.9,139.10333987119031,10,2026-07-25T19:58:59.068587+00:00,,
40,cpu,end_to_end,1,488,1,0.0076813,7.6813,7681.3,130.18629659042088,10,2026-07-25T19:58:59.068587+00:00,,
40,cpu,end_to_end,1,489,1,0.0076322,7.632199999999999,7632.2,131.02382013049973,10,2026-07-25T19:58:59.068587+00:00,,
40,cpu,end_to_end,1,490,1,0.0073647,7.3647,7364.7,135.78285605659428,10,2026-07-25T19:58:59.068587+00:00,,
40,cpu,end_to_end,1,491,1,0.0077176,7.7176,7717.599999999999,129.57396081683424,10,2026-07-25T19:58:59.068587+00:00,,
40,cpu,end_to_end,1,492,1,0.0074694,7.4694,7469.400000000001,133.87956194607332,10,2026-07-25T19:58:59.068587+00:00,,
40,cpu,end_to_end,1,493,1,0.0073344,7.3344,7334.4,136.34380453752183,10,2026-07-25T19:58:59.068587+00:00,,
40,cpu,end_to_end,1,494,1,0.0077067,7.7067000000000005,7706.700000000001,129.7572242334592,10,2026-07-25T19:58:59.068587+00:00,,
40,cpu,end_to_end,1,495,1,0.008376,8.376,8376.0,119.38872970391596,10,2026-07-25T19:58:59.068587+00:00,,
40,cpu,end_to_end,1,496,1,0.0086256,8.6256,8625.6,115.93396401409755,10,2026-07-25T19:58:59.068587+00:00,,
40,cpu,end_to_end,1,497,1,0.0080788,8.078800000000001,8078.8,123.7807595187404,10,2026-07-25T19:58:59.068587+00:00,,
40,cpu,end_to_end,1,498,1,0.0083658,8.3658,8365.8,119.53429438906022,10,2026-07-25T19:58:59.068587+00:00,,
40,cpu,end_to_end,1,499,1,0.0088878,8.8878,8887.8,112.51378293840996,10,2026-07-25T19:58:59.068587+00:00,,
40,cpu,end_to_end,1,500,1,0.0078404,7.840400000000001,7840.400000000001,127.54451303504922,10,2026-07-25T19:58:59.068587+00:00,,
40,cpu,end_to_end,1,501,1,0.0080466,8.0466,8046.599999999999,124.27609176546618,10,2026-07-25T19:58:59.068587+00:00,,
40,cpu,end_to_end,1,502,1,0.0079189,7.9189,7918.9,126.28016517445606,10,2026-07-25T19:58:59.068587+00:00,,
40,cpu,end_to_end,1,503,1,0.0102512,10.2512,10251.2,97.5495551740284,10,2026-07-25T19:58:59.068587+00:00,,
40,cpu,end_to_end,1,504,1,0.010578,10.578000000000001,10578.0,94.53582907922102,10,2026-07-25T19:58:59.068587+00:00,,
40,cpu,end_to_end,1,505,1,0.0087269,8.726899999999999,8726.9,114.58822720553691,10,2026-07-25T19:58:59.068587+00:00,,
40,cpu,end_to_end,1,506,1,0.0129283,12.9283,12928.300000000001,77.34969021449069,10,2026-07-25T19:58:59.068587+00:00,,
40,cpu,end_to_end,1,507,1,0.0098804,9.8804,9880.4,101.21047730861099,10,2026-07-25T19:58:59.068587+00:00,,
40,cpu,end_to_end,1,508,1,0.0084098,8.4098,8409.800000000001,118.90889200694427,10,2026-07-25T19:58:59.068587+00:00,,
40,cpu,end_to_end,1,509,1,0.0075476,7.5476,7547.599999999999,132.49244793046796,10,2026-07-25T19:58:59.068587+00:00,,
40,cpu,end_to_end,1,510,1,0.0095653,9.5653,9565.300000000001,104.5445516606902,10,2026-07-25T19:58:59.068587+00:00,,
40,cpu,end_to_end,1,511,1,0.0074443,7.4443,7444.3,134.330964630657,10,2026-07-25T19:58:59.068587+00:00,,
40,cpu,end_to_end,1,512,1,0.0093276,9.3276,9327.6,107.20871392426777,10,2026-07-25T19:58:59.068587+00:00,,
40,cpu,end_to_end,1,513,1,0.0084842,8.484200000000001,8484.2,117.86615119869874,10,2026-07-25T19:58:59.068587+00:00,,
40,cpu,end_to_end,1,514,1,0.0084315,8.4315,8431.5,118.60285832888573,10,2026-07-25T19:58:59.068587+00:00,,
40,cpu,end_to_end,1,515,1,0.0082172,8.217199999999998,8217.199999999999,121.69595482646159,10,2026-07-25T19:58:59.068587+00:00,,
40,cpu,end_to_end,1,516,1,0.0074129,7.4129000000000005,7412.9,134.89997167100594,10,2026-07-25T19:58:59.068587+00:00,,
40,cpu,end_to_end,1,517,1,0.0090621,9.0621,9062.1,110.34969819357543,10,2026-07-25T19:58:59.068587+00:00,,
40,cpu,end_to_end,1,518,1,0.0095232,9.523200000000001,9523.2,105.00672043010752,10,2026-07-25T19:58:59.068587+00:00,,
40,cpu,end_to_end,1,519,1,0.0076586,7.6586,7658.599999999999,130.5721672368318,10,2026-07-25T19:58:59.068587+00:00,,
40,cpu,end_to_end,1,520,1,0.0088675,8.8675,8867.5,112.77135607555681,10,2026-07-25T19:58:59.068587+00:00,,
40,cpu,end_to_end,1,521,1,0.0085391,8.539100000000001,8539.1,117.10836036584651,10,2026-07-25T19:58:59.068587+00:00,,
40,cpu,end_to_end,1,522,1,0.0086616,8.6616,8661.6,115.45211046457929,10,2026-07-25T19:58:59.068587+00:00,,
40,cpu,end_to_end,1,523,1,0.0089606,8.960600000000001,8960.6,111.59966966497778,10,2026-07-25T19:58:59.068587+00:00,,
40,cpu,end_to_end,1,524,1,0.0079437,7.9437,7943.7,125.88592217732291,10,2026-07-25T19:58:59.068587+00:00,,
40,cpu,end_to_end,1,525,1,0.0083844,8.3844,8384.4,119.26911883975,10,2026-07-25T19:58:59.068587+00:00,,
40,cpu,end_to_end,1,526,1,0.0076318,7.6318,7631.8,131.03068738698602,10,2026-07-25T19:58:59.068587+00:00,,
40,cpu,end_to_end,1,527,1,0.0071947,7.1947,7194.7,138.99120185692246,10,2026-07-25T19:58:59.068587+00:00,,
40,cpu,end_to_end,1,528,1,0.0074903,7.4903,7490.3,133.5060010947492,10,2026-07-25T19:58:59.068587+00:00,,
40,cpu,end_to_end,1,529,1,0.0072073,7.2073,7207.3,138.7482136167497,10,2026-07-25T19:58:59.068587+00:00,,
40,cpu,end_to_end,1,530,1,0.0074283,7.428299999999999,7428.299999999999,134.62030343416396,10,2026-07-25T19:58:59.068587+00:00,,
40,cpu,end_to_end,1,531,1,0.0077436,7.7436,7743.599999999999,129.13890180277906,10,2026-07-25T19:58:59.068587+00:00,,
40,cpu,end_to_end,1,532,1,0.0073601,7.360099999999999,7360.099999999999,135.867719188598,10,2026-07-25T19:58:59.068587+00:00,,
40,cpu,end_to_end,1,533,1,0.0069936,6.9936,6993.6,142.98787462823154,10,2026-07-25T19:58:59.068587+00:00,,
40,cpu,end_to_end,1,534,1,0.0077576,7.7576,7757.6,128.9058471692276,10,2026-07-25T19:58:59.068587+00:00,,
40,cpu,end_to_end,1,535,1,0.0072384,7.2383999999999995,7238.4,138.15207780725024,10,2026-07-25T19:58:59.068587+00:00,,
40,cpu,end_to_end,1,536,1,0.0073406,7.3406,7340.6,136.22864615971446,10,2026-07-25T19:58:59.068587+00:00,,
40,cpu,end_to_end,1,537,1,0.0068424,6.8424000000000005,6842.400000000001,146.1475505670525,10,2026-07-25T19:58:59.068587+00:00,,
40,cpu,end_to_end,1,538,1,0.0074538,7.4538,7453.8,134.15975743915854,10,2026-07-25T19:58:59.068587+00:00,,
40,cpu,end_to_end,1,539,1,0.0075311,7.5310999999999995,7531.099999999999,132.78272762279084,10,2026-07-25T19:58:59.068587+00:00,,
40,cpu,end_to_end,1,540,1,0.0077303,7.7303,7730.3,129.36108559823035,10,2026-07-25T19:58:59.068587+00:00,,
40,cpu,end_to_end,1,541,1,0.0068043,6.8043000000000005,6804.3,146.9658892171127,10,2026-07-25T19:58:59.068587+00:00,,
40,cpu,end_to_end,1,542,1,0.0072979,7.2979,7297.900000000001,137.02571972759287,10,2026-07-25T19:58:59.068587+00:00,,
40,cpu,end_to_end,1,543,1,0.0073798,7.3797999999999995,7379.8,135.50502723651047,10,2026-07-25T19:58:59.068587+00:00,,
40,cpu,end_to_end,1,544,1,0.0073749,7.3749,7374.900000000001,135.5950589160531,10,2026-07-25T19:58:59.068587+00:00,,
40,cpu,end_to_end,1,545,1,0.0073779,7.3778999999999995,7377.9,135.53992328440341,10,2026-07-25T19:58:59.068587+00:00,,
40,cpu,end_to_end,1,546,1,0.0072943,7.2943,7294.3,137.0933468598769,10,2026-07-25T19:58:59.068587+00:00,,
40,cpu,end_to_end,1,547,1,0.0073122,7.3122,7312.2,136.75774732638604,10,2026-07-25T19:58:59.068587+00:00,,
40,cpu,end_to_end,1,548,1,0.0065901,6.5901,6590.099999999999,151.742765663647,10,2026-07-25T19:58:59.068587+00:00,,
40,cpu,end_to_end,1,549,1,0.007213,7.213,7213.0,138.63856924996534,10,2026-07-25T19:58:59.068587+00:00,,
40,cpu,end_to_end,1,550,1,0.0074917,7.4917,7491.7,133.48105236461686,10,2026-07-25T19:58:59.068587+00:00,,
40,cpu,end_to_end,1,551,1,0.0073051,7.3051,7305.1,136.89066542552465,10,2026-07-25T19:58:59.068587+00:00,,
40,cpu,end_to_end,1,552,1,0.0069432,6.9432,6943.2,144.02580942504898,10,2026-07-25T19:58:59.068587+00:00,,
40,cpu,end_to_end,1,553,1,0.0075024,7.502400000000001,7502.400000000001,133.29068031563233,10,2026-07-25T19:58:59.068587+00:00,,
40,cpu,end_to_end,1,554,1,0.0073657,7.3657,7365.7,135.76442157568187,10,2026-07-25T19:58:59.068587+00:00,,
40,cpu,end_to_end,1,555,1,0.0070487,7.0487,7048.7,141.87013208109298,10,2026-07-25T19:58:59.068587+00:00,,
40,cpu,end_to_end,1,556,1,0.0073212,7.3212,7321.2,136.58963011528164,10,2026-07-25T19:58:59.068587+00:00,,
40,cpu,end_to_end,1,557,1,0.0078004,7.8004,7800.4,128.19855392031178,10,2026-07-25T19:58:59.068587+00:00,,
40,cpu,end_to_end,1,558,1,0.0080175,8.0175,8017.5,124.72715933894605,10,2026-07-25T19:58:59.068587+00:00,,
40,cpu,end_to_end,1,559,1,0.0071235,7.1235,7123.5,140.38043096792308,10,2026-07-25T19:58:59.068587+00:00,,
40,cpu,end_to_end,1,560,1,0.007906,7.906,7906.0,126.4862130027827,10,2026-07-25T19:58:59.068587+00:00,,
40,cpu,end_to_end,1,561,1,0.0078402,7.8402,7840.200000000001,127.54776663860615,10,2026-07-25T19:58:59.068587+00:00,,
40,cpu,end_to_end,1,562,1,0.0082087,8.208699999999999,8208.699999999999,121.8219693739569,10,2026-07-25T19:58:59.068587+00:00,,
40,cpu,end_to_end,1,563,1,0.0075979,7.5979,7597.900000000001,131.61531475802525,10,2026-07-25T19:58:59.068587+00:00,,
40,cpu,end_to_end,1,564,1,0.006908,6.908,6908.0,144.75969889982628,10,2026-07-25T19:58:59.068587+00:00,,
40,cpu,end_to_end,1,565,1,0.0077157,7.7157,7715.7,129.60586855372813,10,2026-07-25T19:58:59.068587+00:00,,
40,cpu,end_to_end,1,566,1,0.008192,8.192,8192.0,122.0703125,10,2026-07-25T19:58:59.068587+00:00,,
40,cpu,end_to_end,1,567,1,0.0083968,8.396799999999999,8396.8,119.09298780487806,10,2026-07-25T19:58:59.068587+00:00,,
40,cpu,end_to_end,1,568,1,0.0076513,7.6513,7651.3,130.6967443440984,10,2026-07-25T19:58:59.068587+00:00,,
40,cpu,end_to_end,1,569,1,0.0075014,7.5014,7501.4,133.30844908950328,10,2026-07-25T19:58:59.068587+00:00,,
40,cpu,end_to_end,1,570,1,0.0083314,8.331399999999999,8331.4,120.02784646037883,10,2026-07-25T19:58:59.068587+00:00,,
40,cpu,end_to_end,1,571,1,0.007863,7.863,7863.0,127.17792191275595,10,2026-07-25T19:58:59.068587+00:00,,
40,cpu,end_to_end,1,572,1,0.0088194,8.8194,8819.4,113.38639816767581,10,2026-07-25T19:58:59.068587+00:00,,
40,cpu,end_to_end,1,573,1,0.0084224,8.4224,8422.4,118.73100303951368,10,2026-07-25T19:58:59.068587+00:00,,
40,cpu,end_to_end,1,574,1,0.0072541,7.2541,7254.1,137.85307619139522,10,2026-07-25T19:58:59.068587+00:00,,
40,cpu,end_to_end,1,575,1,0.0076904,7.6904,7690.4,130.0322479975034,10,2026-07-25T19:58:59.068587+00:00,,
40,cpu,end_to_end,1,576,1,0.0079811,7.9811,7981.099999999999,125.29601182794352,10,2026-07-25T19:58:59.068587+00:00,,
40,cpu,end_to_end,1,577,1,0.0074093,7.4093,7409.3,134.96551631058264,10,2026-07-25T19:58:59.068587+00:00,,
40,cpu,end_to_end,1,578,1,0.006894,6.894,6894.0,145.0536698578474,10,2026-07-25T19:58:59.068587+00:00,,
40,cpu,end_to_end,1,579,1,0.0075505,7.5504999999999995,7550.5,132.4415601615787,10,2026-07-25T19:58:59.068587+00:00,,
40,cpu,end_to_end,1,580,1,0.0072246,7.224600000000001,7224.6,138.41596766602996,10,2026-07-25T19:58:59.068587+00:00,,
40,cpu,end_to_end,1,581,1,0.0075287,7.5287,7528.7,132.82505611858622,10,2026-07-25T19:58:59.068587+00:00,,
40,cpu,end_to_end,1,582,1,0.0069087,6.9087000000000005,6908.7,144.7450316267894,10,2026-07-25T19:58:59.068587+00:00,,
40,cpu,end_to_end,1,583,1,0.0073606,7.3606,7360.6,135.8584897970274,10,2026-07-25T19:58:59.068587+00:00,,
40,cpu,end_to_end,1,584,1,0.0074979,7.4979000000000005,7497.9,133.37067712292776,10,2026-07-25T19:58:59.068587+00:00,,
40,cpu,end_to_end,1,585,1,0.0073971,7.3971,7397.1,135.18811426099418,10,2026-07-25T19:58:59.068587+00:00,,
40,cpu,end_to_end,1,586,1,0.0069374,6.9374,6937.4,144.14622192752327,10,2026-07-25T19:58:59.068587+00:00,,
40,cpu,end_to_end,1,587,1,0.0068135,6.8135,6813.5,146.76744698025976,10,2026-07-25T19:58:59.068587+00:00,,
40,cpu,end_to_end,1,588,1,0.007911,7.911,7911.0,126.40626975097966,10,2026-07-25T19:58:59.068587+00:00,,
40,cpu,end_to_end,1,589,1,0.0070172,7.017200000000001,7017.200000000001,142.50698284215926,10,2026-07-25T19:58:59.068587+00:00,,
40,cpu,end_to_end,1,590,1,0.0083767,8.376700000000001,8376.7,119.37875296954647,10,2026-07-25T19:58:59.068587+00:00,,
40,cpu,end_to_end,1,591,1,0.0081272,8.1272,8127.199999999999,123.04360665419826,10,2026-07-25T19:58:59.068587+00:00,,
40,cpu,end_to_end,1,592,1,0.0077605,7.7605,7760.5,128.85767669608916,10,2026-07-25T19:58:59.068587+00:00,,
40,cpu,end_to_end,1,593,1,0.0076845,7.684500000000001,7684.5,130.1320840653263,10,2026-07-25T19:58:59.068587+00:00,,
40,cpu,end_to_end,1,594,1,0.0085416,8.5416,8541.6,117.07408448065937,10,2026-07-25T19:58:59.068587+00:00,,
40,cpu,end_to_end,1,595,1,0.0081038,8.1038,8103.799999999999,123.39889928181842,10,2026-07-25T19:58:59.068587+00:00,,
40,cpu,end_to_end,1,596,1,0.0088841,8.8841,8884.1,112.56064204590223,10,2026-07-25T19:58:59.068587+00:00,,
40,cpu,end_to_end,1,597,1,0.008688,8.687999999999999,8688.0,115.10128913443832,10,2026-07-25T19:58:59.068587+00:00,,
40,cpu,end_to_end,1,598,1,0.0081405,8.1405,8140.5,122.84257723727043,10,2026-07-25T19:58:59.068587+00:00,,
40,cpu,end_to_end,1,599,1,0.0071964,7.196400000000001,7196.400000000001,138.95836807292534,10,2026-07-25T19:58:59.068587+00:00,,
40,cpu,end_to_end,1,600,1,0.00693,6.930000000000001,6930.0,144.3001443001443,10,2026-07-25T19:58:59.068587+00:00,,
40,cpu,end_to_end,1,601,1,0.0074262,7.4262,7426.2,134.65837171096928,10,2026-07-25T19:58:59.068587+00:00,,
40,cpu,end_to_end,1,602,1,0.0076919,7.6918999999999995,7691.9,130.00689036518935,10,2026-07-25T19:58:59.068587+00:00,,
40,cpu,end_to_end,1,603,1,0.0067224,6.7223999999999995,6722.4,148.75639652505058,10,2026-07-25T19:58:59.068587+00:00,,
40,cpu,end_to_end,1,604,1,0.0079629,7.9629,7962.900000000001,125.58238832586117,10,2026-07-25T19:58:59.068587+00:00,,
40,cpu,end_to_end,1,605,1,0.0077912,7.7912,7791.2,128.3499332580347,10,2026-07-25T19:58:59.068587+00:00,,
40,cpu,end_to_end,1,606,1,0.0071053,7.1053,7105.3,140.74001097772086,10,2026-07-25T19:58:59.068587+00:00,,
40,cpu,end_to_end,1,607,1,0.0107812,10.7812,10781.199999999999,92.75405335213149,10,2026-07-25T19:58:59.068587+00:00,,
40,cpu,end_to_end,1,608,1,0.0073197,7.3197,7319.7,136.61762094074894,10,2026-07-25T19:58:59.068587+00:00,,
40,cpu,end_to_end,1,609,1,0.0067344,6.7344,6734.4,148.4913281064386,10,2026-07-25T19:58:59.068587+00:00,,
40,cpu,end_to_end,1,610,1,0.0070636,7.0636,7063.599999999999,141.5708703777111,10,2026-07-25T19:58:59.068587+00:00,,
40,cpu,end_to_end,1,611,1,0.0073827,7.3827,7382.7,135.45179947715604,10,2026-07-25T19:58:59.068587+00:00,,
40,cpu,end_to_end,1,612,1,0.0085655,8.5655,8565.5,116.74741696339969,10,2026-07-25T19:58:59.068587+00:00,,
40,cpu,end_to_end,1,613,1,0.0073426,7.3426,7342.6,136.19153978154876,10,2026-07-25T19:58:59.068587+00:00,,
40,cpu,end_to_end,1,614,1,0.0079839,7.9839,7983.900000000001,125.25206979045328,10,2026-07-25T19:58:59.068587+00:00,,
40,cpu,end_to_end,1,615,1,0.0071746,7.1746,7174.599999999999,139.38059264627995,10,2026-07-25T19:58:59.068587+00:00,,
40,cpu,end_to_end,1,616,1,0.0067534,6.7534,6753.4,148.0735629460716,10,2026-07-25T19:58:59.068587+00:00,,
40,cpu,end_to_end,1,617,1,0.0064475,6.4475,6447.5,155.09887553315238,10,2026-07-25T19:58:59.068587+00:00,,
40,cpu,end_to_end,1,618,1,0.0067795,6.7795,6779.5,147.5035032082012,10,2026-07-25T19:58:59.068587+00:00,,
40,cpu,end_to_end,1,619,1,0.0070836,7.0836,7083.599999999999,141.17115590942458,10,2026-07-25T19:58:59.068587+00:00,,
40,cpu,end_to_end,1,620,1,0.0070108,7.010800000000001,7010.8,142.63707422833343,10,2026-07-25T19:58:59.068587+00:00,,
40,cpu,end_to_end,1,621,1,0.0072917,7.2917,7291.7,137.14223020694763,10,2026-07-25T19:58:59.068587+00:00,,
40,cpu,end_to_end,1,622,1,0.0070345,7.0344999999999995,7034.5,142.1565143222688,10,2026-07-25T19:58:59.068587+00:00,,
40,cpu,end_to_end,1,623,1,0.0063393,6.3393,6339.3,157.74612338901773,10,2026-07-25T19:58:59.068587+00:00,,
40,cpu,end_to_end,1,624,1,0.0075319,7.5319,7531.900000000001,132.76862411874825,10,2026-07-25T19:58:59.068587+00:00,,
40,cpu,end_to_end,1,625,1,0.0068636,6.8636,6863.6,145.6961361384696,10,2026-07-25T19:58:59.068587+00:00,,
40,cpu,end_to_end,1,626,1,0.0063539,6.3539,6353.9,157.3836541336817,10,2026-07-25T19:58:59.068587+00:00,,
40,cpu,end_to_end,1,627,1,0.0065567,6.5567,6556.700000000001,152.51574725090364,10,2026-07-25T19:58:59.068587+00:00,,
40,cpu,end_to_end,1,628,1,0.007168,7.168,7168.0,139.50892857142858,10,2026-07-25T19:58:59.068587+00:00,,
40,cpu,end_to_end,1,629,1,0.0066201,6.6201,6620.1,151.05512001329285,10,2026-07-25T19:58:59.068587+00:00,,
40,cpu,end_to_end,1,630,1,0.0069761,6.9761,6976.099999999999,143.34656899987098,10,2026-07-25T19:58:59.068587+00:00,,
40,cpu,end_to_end,1,631,1,0.0066212,6.6212,6621.2,151.03002476892408,10,2026-07-25T19:58:59.068587+00:00,,
40,cpu,end_to_end,1,632,1,0.0064395,6.4395,6439.5,155.29155990371925,10,2026-07-25T19:58:59.068587+00:00,,
40,cpu,end_to_end,1,633,1,0.0073968,7.3968,7396.8,135.19359723123512,10,2026-07-25T19:58:59.068587+00:00,,
40,cpu,end_to_end,1,634,1,0.0064024,6.4024,6402.4,156.1914282144196,10,2026-07-25T19:58:59.068587+00:00,,
40,cpu,end_to_end,1,635,1,0.0073497,7.3496999999999995,7349.7,136.0599752370845,10,2026-07-25T19:58:59.068587+00:00,,
40,cpu,end_to_end,1,636,1,0.0070625,7.0625,7062.5,141.5929203539823,10,2026-07-25T19:58:59.068587+00:00,,
40,cpu,end_to_end,1,637,1,0.0072636,7.2636,7263.6,137.67277933806926,10,2026-07-25T19:58:59.068587+00:00,,
40,cpu,end_to_end,1,638,1,0.0067522,6.7522,6752.2,148.0998785580996,10,2026-07-25T19:58:59.068587+00:00,,
40,cpu,end_to_end,1,639,1,0.0069469,6.946899999999999,6946.9,143.94909959838202,10,2026-07-25T19:58:59.068587+00:00,,
40,cpu,end_to_end,1,640,1,0.0072168,7.2168,7216.8,138.5655692273584,10,2026-07-25T19:58:59.068587+00:00,,
40,cpu,end_to_end,1,641,1,0.0063457,6.3457,6345.7,157.58702743590146,10,2026-07-25T19:58:59.068587+00:00,,
40,cpu,end_to_end,1,642,1,0.0066149,6.6149,6614.9,151.17386506220805,10,2026-07-25T19:58:59.068587+00:00,,
40,cpu,end_to_end,1,643,1,0.0062393,6.2393,6239.299999999999,160.274389755261,10,2026-07-25T19:58:59.068587+00:00,,
40,cpu,end_to_end,1,644,1,0.0066936,6.6936,6693.6,149.39643838890882,10,2026-07-25T19:58:59.068587+00:00,,
40,cpu,end_to_end,1,645,1,0.0064556,6.4556,6455.599999999999,154.9042691616581,10,2026-07-25T19:58:59.068587+00:00,,
40,cpu,end_to_end,1,646,1,0.0064138,6.4138,6413.8,155.91381084536468,10,2026-07-25T19:58:59.068587+00:00,,
40,cpu,end_to_end,1,647,1,0.0064892,6.489199999999999,6489.2,154.10220057942428,10,2026-07-25T19:58:59.068587+00:00,,
40,cpu,end_to_end,1,648,1,0.0063837,6.3837,6383.7,156.64896533358396,10,2026-07-25T19:58:59.068587+00:00,,
40,cpu,end_to_end,1,649,1,0.0070855,7.0855,7085.5,141.1333004022299,10,2026-07-25T19:58:59.068587+00:00,,
40,cpu,end_to_end,1,650,1,0.0066053,6.6053,6605.299999999999,151.39357788442615,10,2026-07-25T19:58:59.068587+00:00,,
40,cpu,end_to_end,1,651,1,0.0063795,6.3795,6379.5,156.7520965592915,10,2026-07-25T19:58:59.068587+00:00,,
40,cpu,end_to_end,1,652,1,0.0073711,7.3711,7371.1,135.66496181031326,10,2026-07-25T19:58:59.068587+00:00,,
40,cpu,end_to_end,1,653,1,0.0066066,6.606599999999999,6606.599999999999,151.3637877274241,10,2026-07-25T19:58:59.068587+00:00,,
40,cpu,end_to_end,1,654,1,0.0071287,7.1287,7128.7,140.27803105755606,10,2026-07-25T19:58:59.068587+00:00,,
40,cpu,end_to_end,1,655,1,0.007232,7.231999999999999,7232.0,138.27433628318585,10,2026-07-25T19:58:59.068587+00:00,,
40,cpu,end_to_end,1,656,1,0.0078321,7.8321,7832.099999999999,127.67967722577598,10,2026-07-25T19:58:59.068587+00:00,,
40,cpu,end_to_end,1,657,1,0.0064876,6.4876,6487.599999999999,154.14020593131514,10,2026-07-25T19:58:59.068587+00:00,,
40,cpu,end_to_end,1,658,1,0.0073831,7.3831,7383.1,135.44446099876745,10,2026-07-25T19:58:59.068587+00:00,,
40,cpu,end_to_end,1,659,1,0.0066947,6.694699999999999,6694.7,149.37189119751446,10,2026-07-25T19:58:59.068587+00:00,,
40,cpu,end_to_end,1,660,1,0.0066446,6.6446,6644.599999999999,150.49814887276887,10,2026-07-25T19:58:59.068587+00:00,,
40,cpu,end_to_end,1,661,1,0.0072063,7.2063,7206.299999999999,138.7674673549533,10,2026-07-25T19:58:59.068587+00:00,,
40,cpu,end_to_end,1,662,1,0.0066542,6.6541999999999994,6654.2,150.28102551771815,10,2026-07-25T19:58:59.068587+00:00,,
40,cpu,end_to_end,1,663,1,0.0075206,7.5206,7520.599999999999,132.96811424620375,10,2026-07-25T19:58:59.068587+00:00,,
40,cpu,end_to_end,1,664,1,0.0063863,6.3863,6386.3,156.58519017271345,10,2026-07-25T19:58:59.068587+00:00,,
40,cpu,end_to_end,1,665,1,0.0071119,7.1119,7111.9,140.60940114456054,10,2026-07-25T19:58:59.068587+00:00,,
40,cpu,end_to_end,1,666,1,0.0069612,6.9612,6961.2,143.65339309314487,10,2026-07-25T19:58:59.068587+00:00,,
40,cpu,end_to_end,1,667,1,0.0067136,6.7136000000000005,6713.6,148.95138226882744,10,2026-07-25T19:58:59.068587+00:00,,
40,cpu,end_to_end,1,668,1,0.0072859,7.2859,7285.9,137.25140339559974,10,2026-07-25T19:58:59.068587+00:00,,
40,cpu,end_to_end,1,669,1,0.0073295,7.3295,7329.5,136.43495463537758,10,2026-07-25T19:58:59.068587+00:00,,
40,cpu,end_to_end,1,670,1,0.0072548,7.2547999999999995,7254.799999999999,137.83977504548713,10,2026-07-25T19:58:59.068587+00:00,,
40,cpu,end_to_end,1,671,1,0.0071441,7.1441,7144.099999999999,139.9756442379026,10,2026-07-25T19:58:59.068587+00:00,,
40,cpu,end_to_end,1,672,1,0.007606,7.606,7606.0,131.47515119642387,10,2026-07-25T19:58:59.068587+00:00,,
40,cpu,end_to_end,1,673,1,0.0070743,7.0743,7074.3,141.35674200981015,10,2026-07-25T19:58:59.068587+00:00,,
40,cpu,end_to_end,1,674,1,0.0076185,7.6185,7618.5,131.25943427183827,10,2026-07-25T19:58:59.068587+00:00,,
40,cpu,end_to_end,1,675,1,0.0071444,7.1444,7144.400000000001,139.9697665304294,10,2026-07-25T19:58:59.068587+00:00,,
40,cpu,end_to_end,1,676,1,0.0092384,9.2384,9238.400000000001,108.24385174922064,10,2026-07-25T19:58:59.068587+00:00,,
40,cpu,end_to_end,1,677,1,0.0074139,7.4139,7413.900000000001,134.88177612322798,10,2026-07-25T19:58:59.068587+00:00,,
40,cpu,end_to_end,1,678,1,0.0069534,6.9534,6953.400000000001,143.81453677337706,10,2026-07-25T19:58:59.068587+00:00,,
40,cpu,end_to_end,1,679,1,0.0070039,7.003900000000001,7003.900000000001,142.7775953397393,10,2026-07-25T19:58:59.068587+00:00,,
40,cpu,end_to_end,1,680,1,0.0075527,7.5527,7552.7,132.40298171514823,10,2026-07-25T19:58:59.068587+00:00,,
40,cpu,end_to_end,1,681,1,0.0074547,7.4547,7454.7,134.14356043838114,10,2026-07-25T19:58:59.068587+00:00,,
40,cpu,end_to_end,1,682,1,0.0070789,7.0789,7078.9,141.26488578733984,10,2026-07-25T19:58:59.068587+00:00,,
40,cpu,end_to_end,1,683,1,0.0071181,7.118099999999999,7118.099999999999,140.48692769137833,10,2026-07-25T19:58:59.068587+00:00,,
40,cpu,end_to_end,1,684,1,0.0082032,8.2032,8203.2,121.90364735712892,10,2026-07-25T19:58:59.068587+00:00,,
40,cpu,end_to_end,1,685,1,0.0068308,6.8308,6830.799999999999,146.39573695613984,10,2026-07-25T19:58:59.068587+00:00,,
40,cpu,end_to_end,1,686,1,0.0072044,7.2044,7204.4,138.8040641829993,10,2026-07-25T19:58:59.068587+00:00,,
40,cpu,end_to_end,1,687,1,0.0068494,6.8494,6849.400000000001,145.99818962244868,10,2026-07-25T19:58:59.068587+00:00,,
40,cpu,end_to_end,1,688,1,0.0073703,7.370299999999999,7370.3,135.67968739400024,10,2026-07-25T19:58:59.068587+00:00,,
40,cpu,end_to_end,1,689,1,0.0070677,7.067699999999999,7067.7,141.48874457036942,10,2026-07-25T19:58:59.068587+00:00,,
40,cpu,end_to_end,1,690,1,0.0091037,9.1037,9103.699999999999,109.84544745543022,10,2026-07-25T19:58:59.068587+00:00,,
40,cpu,end_to_end,1,691,1,0.0086604,8.660400000000001,8660.4,115.46810770865086,10,2026-07-25T19:58:59.068587+00:00,,
40,cpu,end_to_end,1,692,1,0.0082825,8.2825,8282.5,120.73649260488983,10,2026-07-25T19:58:59.068587+00:00,,
40,cpu,end_to_end,1,693,1,0.0082675,8.2675,8267.5,120.95554883580283,10,2026-07-25T19:58:59.068587+00:00,,
40,cpu,end_to_end,1,694,1,0.0071152,7.115200000000001,7115.200000000001,140.54418709242185,10,2026-07-25T19:58:59.068587+00:00,,
40,cpu,end_to_end,1,695,1,0.0073059,7.305899999999999,7305.9,136.87567582364937,10,2026-07-25T19:58:59.068587+00:00,,
40,cpu,end_to_end,1,696,1,0.0070778,7.077800000000001,7077.8,141.28684054367176,10,2026-07-25T19:58:59.068587+00:00,,
40,cpu,end_to_end,1,697,1,0.0069193,6.9193,6919.3,144.52328992817192,10,2026-07-25T19:58:59.068587+00:00,,
40,cpu,end_to_end,1,698,1,0.0071893,7.1893,7189.3,139.09560040615915,10,2026-07-25T19:58:59.068587+00:00,,
40,cpu,end_to_end,1,699,1,0.0067801,6.7801,6780.099999999999,147.49044999336294,10,2026-07-25T19:58:59.068587+00:00,,
40,cpu,end_to_end,1,700,1,0.0071815,7.181500000000001,7181.5,139.24667548562277,10,2026-07-25T19:58:59.068587+00:00,,
40,cpu,end_to_end,1,701,1,0.0071671,7.1671000000000005,7167.1,139.52644723807398,10,2026-07-25T19:58:59.068587+00:00,,
40,cpu,end_to_end,1,702,1,0.0066064,6.6064,6606.400000000001,151.36837006539113,10,2026-07-25T19:58:59.068587+00:00,,
40,cpu,end_to_end,1,703,1,0.0071199,7.1199,7119.900000000001,140.45141083442184,10,2026-07-25T19:58:59.068587+00:00,,
40,cpu,end_to_end,1,704,1,0.0072125,7.2125,7212.5,138.6481802426343,10,2026-07-25T19:58:59.068587+00:00,,
40,cpu,end_to_end,1,705,1,0.0069743,6.9743,6974.3,143.38356537573662,10,2026-07-25T19:58:59.068587+00:00,,
40,cpu,end_to_end,1,706,1,0.007637,7.637,7637.0,130.941469163284,10,2026-07-25T19:58:59.068587+00:00,,
40,cpu,end_to_end,1,707,1,0.0075493,7.5493,7549.3,132.46261242764228,10,2026-07-25T19:58:59.068587+00:00,,
40,cpu,end_to_end,1,708,1,0.0066789,6.6789,6678.9,149.72525415861895,10,2026-07-25T19:58:59.068587+00:00,,
40,cpu,end_to_end,1,709,1,0.0070675,7.0675,7067.5,141.49274849663954,10,2026-07-25T19:58:59.068587+00:00,,
40,cpu,end_to_end,1,710,1,0.0073436,7.3435999999999995,7343.599999999999,136.17299417179586,10,2026-07-25T19:58:59.068587+00:00,,
40,cpu,end_to_end,1,711,1,0.006888,6.888,6888.0,145.18002322880372,10,2026-07-25T19:58:59.068587+00:00,,
40,cpu,end_to_end,1,712,1,0.0067366,6.7366,6736.599999999999,148.44283466437076,10,2026-07-25T19:58:59.068587+00:00,,
40,cpu,end_to_end,1,713,1,0.0074087,7.4087,7408.7,134.97644661006655,10,2026-07-25T19:58:59.068587+00:00,,
40,cpu,end_to_end,1,714,1,0.007109,7.109,7109.0,140.66676044450696,10,2026-07-25T19:58:59.068587+00:00,,
40,cpu,end_to_end,1,715,1,0.006221,6.221,6221.0,160.74586079408456,10,2026-07-25T19:58:59.068587+00:00,,
40,cpu,end_to_end,1,716,1,0.0067768,6.776800000000001,6776.8,147.5622712784795,10,2026-07-25T19:58:59.068587+00:00,,
40,cpu,end_to_end,1,717,1,0.0067323,6.7323,6732.3,148.53764686659835,10,2026-07-25T19:58:59.068587+00:00,,
40,cpu,end_to_end,1,718,1,0.0072833,7.2833000000000006,7283.3,137.30039954416267,10,2026-07-25T19:58:59.068587+00:00,,
40,cpu,end_to_end,1,719,1,0.0070615,7.0615,7061.5,141.61297174821215,10,2026-07-25T19:58:59.068587+00:00,,
40,cpu,end_to_end,1,720,1,0.0084053,8.405299999999999,8405.3,118.97255303201553,10,2026-07-25T19:58:59.068587+00:00,,
40,cpu,end_to_end,1,721,1,0.0093173,9.317300000000001,9317.300000000001,107.32722999152114,10,2026-07-25T19:58:59.068587+00:00,,
40,cpu,end_to_end,1,722,1,0.0103093,10.3093,10309.300000000001,96.99979630042776,10,2026-07-25T19:58:59.068587+00:00,,
40,cpu,end_to_end,1,723,1,0.0111733,11.173300000000001,11173.300000000001,89.49907368458736,10,2026-07-25T19:58:59.068587+00:00,,
40,cpu,end_to_end,1,724,1,0.0084034,8.4034,8403.4,118.99945260251803,10,2026-07-25T19:58:59.068587+00:00,,
40,cpu,end_to_end,1,725,1,0.0102216,10.2216,10221.6,97.83204195037958,10,2026-07-25T19:58:59.068587+00:00,,
40,cpu,end_to_end,1,726,1,0.0084094,8.4094,8409.4,118.91454800580304,10,2026-07-25T19:58:59.068587+00:00,,
40,cpu,end_to_end,1,727,1,0.0090878,9.0878,9087.8,110.03763287044168,10,2026-07-25T19:58:59.068587+00:00,,
40,cpu,end_to_end,1,728,1,0.0096328,9.6328,9632.800000000001,103.81197574952246,10,2026-07-25T19:58:59.068587+00:00,,
40,cpu,end_to_end,1,729,1,0.0101974,10.1974,10197.400000000001,98.06421244630984,10,2026-07-25T19:58:59.068587+00:00,,
40,cpu,end_to_end,1,730,1,0.0080635,8.0635,8063.499999999999,124.01562596887209,10,2026-07-25T19:58:59.068587+00:00,,
40,cpu,end_to_end,1,731,1,0.0094463,9.446299999999999,9446.3,105.86155425933964,10,2026-07-25T19:58:59.068587+00:00,,
40,cpu,end_to_end,1,732,1,0.0100039,10.0039,10003.9,99.96101520407042,10,2026-07-25T19:58:59.068587+00:00,,
40,cpu,end_to_end,1,733,1,0.0088468,8.8468,8846.8,113.03522177510511,10,2026-07-25T19:58:59.068587+00:00,,
40,cpu,end_to_end,1,734,1,0.0079953,7.9953,7995.3,125.07348066989356,10,2026-07-25T19:58:59.068587+00:00,,
40,cpu,end_to_end,1,735,1,0.0083394,8.3394,8339.4,119.91270355181427,10,2026-07-25T19:58:59.068587+00:00,,
40,cpu,end_to_end,1,736,1,0.0088345,8.8345,8834.5,113.19259720414284,10,2026-07-25T19:58:59.068587+00:00,,
40,cpu,end_to_end,1,737,1,0.0089275,8.9275,8927.5,112.01344161299356,10,2026-07-25T19:58:59.068587+00:00,,
40,cpu,end_to_end,1,738,1,0.0083732,8.3732,8373.2,119.42865332250513,10,2026-07-25T19:58:59.068587+00:00,,
40,cpu,end_to_end,1,739,1,0.0076096,7.6096,7609.6,131.41295206055509,10,2026-07-25T19:58:59.068587+00:00,,
40,cpu,end_to_end,1,740,1,0.0082169,8.216899999999999,8216.9,121.70039796030134,10,2026-07-25T19:58:59.068587+00:00,,
40,cpu,end_to_end,1,741,1,0.008265,8.265,8265.0,120.99213551119178,10,2026-07-25T19:58:59.068587+00:00,,
40,cpu,end_to_end,1,742,1,0.0087513,8.7513,8751.3,114.26873721618502,10,2026-07-25T19:58:59.068587+00:00,,
40,cpu,end_to_end,1,743,1,0.0079425,7.9425,7942.5,125.90494176896443,10,2026-07-25T19:58:59.068587+00:00,,
40,cpu,end_to_end,1,744,1,0.0075642,7.5642000000000005,7564.2,132.20168689352477,10,2026-07-25T19:58:59.068587+00:00,,
40,cpu,end_to_end,1,745,1,0.007646,7.646,7646.0,130.78733978550875,10,2026-07-25T19:58:59.068587+00:00,,
40,cpu,end_to_end,1,746,1,0.0085722,8.5722,8572.2,116.65616761158162,10,2026-07-25T19:58:59.068587+00:00,,
40,cpu,end_to_end,1,747,1,0.0079915,7.9915,7991.5,125.13295376337358,10,2026-07-25T19:58:59.068587+00:00,,
40,cpu,end_to_end,1,748,1,0.0081782,8.1782,8178.2,122.276295517351,10,2026-07-25T19:58:59.068587+00:00,,
40,cpu,end_to_end,1,749,1,0.0070209,7.0209,7020.9,142.43188195245622,10,2026-07-25T19:58:59.068587+00:00,,
40,cpu,end_to_end,1,750,1,0.0086837,8.6837,8683.7,115.15828506281883,10,2026-07-25T19:58:59.068587+00:00,,
40,cpu,end_to_end,1,751,1,0.0082395,8.2395,8239.5,121.36658777838461,10,2026-07-25T19:58:59.068587+00:00,,
40,cpu,end_to_end,1,752,1,0.0078484,7.8484,7848.400000000001,127.41450486723409,10,2026-07-25T19:58:59.068587+00:00,,
40,cpu,end_to_end,1,753,1,0.0076244,7.6244,7624.4,131.15786160222444,10,2026-07-25T19:58:59.068587+00:00,,
40,cpu,end_to_end,1,754,1,0.0074256,7.4256,7425.6,134.66925231631114,10,2026-07-25T19:58:59.068587+00:00,,
40,cpu,end_to_end,1,755,1,0.0076219,7.6219,7621.9,131.20088166992483,10,2026-07-25T19:58:59.068587+00:00,,
40,cpu,end_to_end,1,756,1,0.0081593,8.1593,8159.299999999999,122.55953329329722,10,2026-07-25T19:58:59.068587+00:00,,
40,cpu,end_to_end,1,757,1,0.0081112,8.1112,8111.200000000001,123.28632014991615,10,2026-07-25T19:58:59.068587+00:00,,
40,cpu,end_to_end,1,758,1,0.0076116,7.611599999999999,7611.599999999999,131.37842240790374,10,2026-07-25T19:58:59.068587+00:00,,
40,cpu,end_to_end,1,759,1,0.0087821,8.7821,8782.099999999999,113.86798146229263,10,2026-07-25T19:58:59.068587+00:00,,
40,cpu,end_to_end,1,760,1,0.0082811,8.2811,8281.1,120.75690427600199,10,2026-07-25T19:58:59.068587+00:00,,
40,cpu,end_to_end,1,761,1,0.0078812,7.8812,7881.2,126.88423082779273,10,2026-07-25T19:58:59.068587+00:00,,
40,cpu,end_to_end,1,762,1,0.0074227,7.4227,7422.7,134.72186670618507,10,2026-07-25T19:58:59.068587+00:00,,
40,cpu,end_to_end,1,763,1,0.0075313,7.5313,7531.3,132.77920146588238,10,2026-07-25T19:58:59.068587+00:00,,
40,cpu,end_to_end,1,764,1,0.0074098,7.409800000000001,7409.8,134.9564090798672,10,2026-07-25T19:58:59.068587+00:00,,
40,cpu,end_to_end,1,765,1,0.0078522,7.8522,7852.2,127.35284378900181,10,2026-07-25T19:58:59.068587+00:00,,
40,cpu,end_to_end,1,766,1,0.0079096,7.909599999999999,7909.599999999999,126.42864367351068,10,2026-07-25T19:58:59.068587+00:00,,
40,cpu,end_to_end,1,767,1,0.0075721,7.5721,7572.1,132.06376038351317,10,2026-07-25T19:58:59.068587+00:00,,
40,cpu,end_to_end,1,768,1,0.0069174,6.9174,6917.4,144.56298609304073,10,2026-07-25T19:58:59.068587+00:00,,
40,cpu,end_to_end,1,769,1,0.0075763,7.5763,7576.3,131.99054947665746,10,2026-07-25T19:58:59.068587+00:00,,
40,cpu,end_to_end,1,770,1,0.0071191,7.1190999999999995,7119.099999999999,140.46719388686773,10,2026-07-25T19:58:59.068587+00:00,,
40,cpu,end_to_end,1,771,1,0.0071982,7.1982,7198.2,138.92361979383736,10,2026-07-25T19:58:59.068587+00:00,,
40,cpu,end_to_end,1,772,1,0.0076479,7.6479,7647.9,130.7548477359798,10,2026-07-25T19:58:59.068587+00:00,,
40,cpu,end_to_end,1,773,1,0.0078693,7.869299999999999,7869.299999999999,127.07610587981144,10,2026-07-25T19:58:59.068587+00:00,,
40,cpu,end_to_end,1,774,1,0.0073513,7.3513,7351.3,136.03036197679322,10,2026-07-25T19:58:59.068587+00:00,,
40,cpu,end_to_end,1,775,1,0.0077735,7.7735,7773.5,128.64218177140285,10,2026-07-25T19:58:59.068587+00:00,,
40,cpu,end_to_end,1,776,1,0.0072703,7.270300000000001,7270.3,137.5459059461095,10,2026-07-25T19:58:59.068587+00:00,,
40,cpu,end_to_end,1,777,1,0.0076601,7.660100000000001,7660.1,130.54659860837324,10,2026-07-25T19:58:59.068587+00:00,,
40,cpu,end_to_end,1,778,1,0.007358,7.358,7358.0,135.9064963305246,10,2026-07-25T19:58:59.068587+00:00,,
40,cpu,end_to_end,1,779,1,0.0070647,7.0647,7064.7,141.5488272679661,10,2026-07-25T19:58:59.068587+00:00,,
40,cpu,end_to_end,1,780,1,0.0072608,7.260800000000001,7260.8,137.7258704275011,10,2026-07-25T19:58:59.068587+00:00,,
40,cpu,end_to_end,1,781,1,0.0078882,7.888199999999999,7888.2,126.7716335792703,10,2026-07-25T19:58:59.068587+00:00,,
40,cpu,end_to_end,1,782,1,0.0080884,8.0884,8088.400000000001,123.6338460016814,10,2026-07-25T19:58:59.068587+00:00,,
40,cpu,end_to_end,1,783,1,0.0078038,7.8038,7803.799999999999,128.1426997103975,10,2026-07-25T19:58:59.068587+00:00,,
40,cpu,end_to_end,1,784,1,0.0072753,7.2753000000000005,7275.3,137.45137657553641,10,2026-07-25T19:58:59.068587+00:00,,
40,cpu,end_to_end,1,785,1,0.0078228,7.8228,7822.799999999999,127.83146699391523,10,2026-07-25T19:58:59.068587+00:00,,
40,cpu,end_to_end,1,786,1,0.0072024,7.2024,7202.400000000001,138.84260801954903,10,2026-07-25T19:58:59.068587+00:00,,
40,cpu,end_to_end,1,787,1,0.0071642,7.1642,7164.2,139.5829262164652,10,2026-07-25T19:58:59.068587+00:00,,
40,cpu,end_to_end,1,788,1,0.0066296,6.6296,6629.6,150.83866296609148,10,2026-07-25T19:58:59.068587+00:00,,
40,cpu,end_to_end,1,789,1,0.0072169,7.2169,7216.9,138.56364921226566,10,2026-07-25T19:58:59.068587+00:00,,
40,cpu,end_to_end,1,790,1,0.0067298,6.7298,6729.8,148.5928259383637,10,2026-07-25T19:58:59.068587+00:00,,
40,cpu,end_to_end,1,791,1,0.0067799,6.7799000000000005,6779.900000000001,147.4948008082715,10,2026-07-25T19:58:59.068587+00:00,,
40,cpu,end_to_end,1,792,1,0.0075045,7.5045,7504.5,133.2533813045506,10,2026-07-25T19:58:59.068587+00:00,,
40,cpu,end_to_end,1,793,1,0.007931,7.931000000000001,7931.000000000001,126.08750472828142,10,2026-07-25T19:58:59.068587+00:00,,
40,cpu,end_to_end,1,794,1,0.0071781,7.1781,7178.099999999999,139.31263147629596,10,2026-07-25T19:58:59.068587+00:00,,
40,cpu,end_to_end,1,795,1,0.0067812,6.7812,6781.2,147.46652509880258,10,2026-07-25T19:58:59.068587+00:00,,
40,cpu,end_to_end,1,796,1,0.007348,7.348000000000001,7348.0,136.09145345672292,10,2026-07-25T19:58:59.068587+00:00,,
40,cpu,end_to_end,1,797,1,0.0080289,8.0289,8028.900000000001,124.55006289778176,10,2026-07-25T19:58:59.068587+00:00,,
40,cpu,end_to_end,1,798,1,0.0074307,7.4307,7430.7,134.57682317951202,10,2026-07-25T19:58:59.068587+00:00,,
40,cpu,end_to_end,1,799,1,0.0066909,6.690899999999999,6690.9,149.4567248053326,10,2026-07-25T19:58:59.068587+00:00,,
40,cpu,end_to_end,1,800,1,0.0069361,6.9361,6936.099999999999,144.17323856345786,10,2026-07-25T19:58:59.068587+00:00,,
40,cpu,end_to_end,1,801,1,0.0070916,7.0916,7091.6,141.01190140447855,10,2026-07-25T19:58:59.068587+00:00,,
40,cpu,end_to_end,1,802,1,0.0065182,6.5182,6518.2,153.41658740142984,10,2026-07-25T19:58:59.068587+00:00,,
40,cpu,end_to_end,1,803,1,0.007439,7.439,7439.0,134.42667025137786,10,2026-07-25T19:58:59.068587+00:00,,
40,cpu,end_to_end,1,804,1,0.0071422,7.1422,7142.2,140.01288118506903,10,2026-07-25T19:58:59.068587+00:00,,
40,cpu,end_to_end,1,805,1,0.0062335,6.2335,6233.5,160.42351808775166,10,2026-07-25T19:58:59.068587+00:00,,
40,cpu,end_to_end,1,806,1,0.0073343,7.3343,7334.3,136.34566352617153,10,2026-07-25T19:58:59.068587+00:00,,
40,cpu,end_to_end,1,807,1,0.0074809,7.4809,7480.900000000001,133.67375583151758,10,2026-07-25T19:58:59.068587+00:00,,
40,cpu,end_to_end,1,808,1,0.0075114,7.5114,7511.4,133.1309742524696,10,2026-07-25T19:58:59.068587+00:00,,
40,cpu,end_to_end,1,809,1,0.0064246,6.4246,6424.6,155.65171372536813,10,2026-07-25T19:58:59.068587+00:00,,
40,cpu,end_to_end,1,810,1,0.0075015,7.5015,7501.5,133.30667199893355,10,2026-07-25T19:58:59.068587+00:00,,
40,cpu,end_to_end,1,811,1,0.0073923,7.3923,7392.3,135.2758951882364,10,2026-07-25T19:58:59.068587+00:00,,
40,cpu,end_to_end,1,812,1,0.0067609,6.7609,6760.900000000001,147.90930201600378,10,2026-07-25T19:58:59.068587+00:00,,
40,cpu,end_to_end,1,813,1,0.0066724,6.6724000000000006,6672.400000000001,149.87111084467358,10,2026-07-25T19:58:59.068587+00:00,,
40,cpu,end_to_end,1,814,1,0.0079513,7.9513,7951.299999999999,125.76559807830166,10,2026-07-25T19:58:59.068587+00:00,,
40,cpu,end_to_end,1,815,1,0.0079413,7.9413,7941.3,125.9239671086598,10,2026-07-25T19:58:59.068587+00:00,,
40,cpu,end_to_end,1,816,1,0.0083682,8.3682,8368.199999999999,119.50001195000121,10,2026-07-25T19:58:59.068587+00:00,,
40,cpu,end_to_end,1,817,1,0.0070156,7.0156,7015.6,142.539483436912,10,2026-07-25T19:58:59.068587+00:00,,
40,cpu,end_to_end,1,818,1,0.0078201,7.8201,7820.1,127.87560261377732,10,2026-07-25T19:58:59.068587+00:00,,
40,cpu,end_to_end,1,819,1,0.0074927,7.4927,7492.7,133.46323755121654,10,2026-07-25T19:58:59.068587+00:00,,
40,cpu,end_to_end,1,820,1,0.006815,6.8149999999999995,6815.0,146.7351430667645,10,2026-07-25T19:58:59.068587+00:00,,
40,cpu,end_to_end,1,821,1,0.0075054,7.5054,7505.4,133.23740240360274,10,2026-07-25T19:58:59.068587+00:00,,
40,cpu,end_to_end,1,822,1,0.0083071,8.3071,8307.1,120.3789529438673,10,2026-07-25T19:58:59.068587+00:00,,
40,cpu,end_to_end,1,823,1,0.0081271,8.1271,8127.1,123.0451206457408,10,2026-07-25T19:58:59.068587+00:00,,
40,cpu,end_to_end,1,824,1,0.0082395,8.2395,8239.5,121.36658777838461,10,2026-07-25T19:58:59.068587+00:00,,
40,cpu,end_to_end,1,825,1,0.0085758,8.5758,8575.8,116.60719699619861,10,2026-07-25T19:58:59.068587+00:00,,
40,cpu,end_to_end,1,826,1,0.0078626,7.8626000000000005,7862.600000000001,127.18439193142217,10,2026-07-25T19:58:59.068587+00:00,,
40,cpu,end_to_end,1,827,1,0.0075612,7.5611999999999995,7561.2,132.25413955456807,10,2026-07-25T19:58:59.068587+00:00,,
40,cpu,end_to_end,1,828,1,0.0081064,8.106399999999999,8106.4,123.35932103029705,10,2026-07-25T19:58:59.068587+00:00,,
40,cpu,end_to_end,1,829,1,0.0075906,7.5906,7590.6,131.7418912865913,10,2026-07-25T19:58:59.068587+00:00,,
40,cpu,end_to_end,1,830,1,0.0072925,7.2925,7292.5,137.12718546451833,10,2026-07-25T19:58:59.068587+00:00,,
40,cpu,end_to_end,1,831,1,0.007701,7.7010000000000005,7701.0,129.8532658096351,10,2026-07-25T19:58:59.068587+00:00,,
40,cpu,end_to_end,1,832,1,0.007779,7.779,7779.0,128.5512276642242,10,2026-07-25T19:58:59.068587+00:00,,
40,cpu,end_to_end,1,833,1,0.007449,7.449,7449.0,134.24620754463686,10,2026-07-25T19:58:59.068587+00:00,,
40,cpu,end_to_end,1,834,1,0.0073971,7.3971,7397.1,135.18811426099418,10,2026-07-25T19:58:59.068587+00:00,,
40,cpu,end_to_end,1,835,1,0.011946,11.946,11946.0,83.71002846140968,10,2026-07-25T19:58:59.068587+00:00,,
40,cpu,end_to_end,1,836,1,0.0073467,7.3467,7346.700000000001,136.11553486599425,10,2026-07-25T19:58:59.068587+00:00,,
40,cpu,end_to_end,1,837,1,0.008549,8.549,8549.0,116.97274535033338,10,2026-07-25T19:58:59.068587+00:00,,
40,cpu,end_to_end,1,838,1,0.0079816,7.9816,7981.6,125.28816277438108,10,2026-07-25T19:58:59.068587+00:00,,
40,cpu,end_to_end,1,839,1,0.0075378,7.5378,7537.8,132.6647032290589,10,2026-07-25T19:58:59.068587+00:00,,
40,cpu,end_to_end,1,840,1,0.0071844,7.184399999999999,7184.4,139.19046823673514,10,2026-07-25T19:58:59.068587+00:00,,
40,cpu,end_to_end,1,841,1,0.0074635,7.4635,7463.5,133.9853955918805,10,2026-07-25T19:58:59.068587+00:00,,
40,cpu,end_to_end,1,842,1,0.0080623,8.0623,8062.299999999999,124.03408456643886,10,2026-07-25T19:58:59.068587+00:00,,
40,cpu,end_to_end,1,843,1,0.0074919,7.4919,7491.900000000001,133.47748902147652,10,2026-07-25T19:58:59.068587+00:00,,
40,cpu,end_to_end,1,844,1,0.0070872,7.0872,7087.2,141.0994468901682,10,2026-07-25T19:58:59.068587+00:00,,
40,cpu,end_to_end,1,845,1,0.00724,7.24,7240.0,138.12154696132598,10,2026-07-25T19:58:59.068587+00:00,,
40,cpu,end_to_end,1,846,1,0.007612,7.612,7612.0,131.37151865475565,10,2026-07-25T19:58:59.068587+00:00,,
40,cpu,end_to_end,1,847,1,0.0074984,7.498399999999999,7498.4,133.36178384722075,10,2026-07-25T19:58:59.068587+00:00,,
40,cpu,end_to_end,1,848,1,0.0070031,7.0031,7003.1,142.79390555611087,10,2026-07-25T19:58:59.068587+00:00,,
40,cpu,end_to_end,1,849,1,0.0073261,7.3261,7326.1,136.4982732968428,10,2026-07-25T19:58:59.068587+00:00,,
40,cpu,end_to_end,1,850,1,0.0079242,7.924199999999999,7924.199999999999,126.1957042982257,10,2026-07-25T19:58:59.068587+00:00,,
40,cpu,end_to_end,1,851,1,0.0076505,7.6505,7650.5,130.71041108424285,10,2026-07-25T19:58:59.068587+00:00,,
40,cpu,end_to_end,1,852,1,0.0067895,6.7895,6789.5,147.28625082848515,10,2026-07-25T19:58:59.068587+00:00,,
40,cpu,end_to_end,1,853,1,0.0084105,8.410499999999999,8410.5,118.8989953034897,10,2026-07-25T19:58:59.068587+00:00,,
40,cpu,end_to_end,1,854,1,0.0069988,6.9988,6998.8,142.88163685203176,10,2026-07-25T19:58:59.068587+00:00,,
40,cpu,end_to_end,1,855,1,0.0075317,7.5317,7531.7,132.77214971387602,10,2026-07-25T19:58:59.068587+00:00,,
40,cpu,end_to_end,1,856,1,0.0072554,7.255400000000001,7255.400000000001,137.8283761060727,10,2026-07-25T19:58:59.068587+00:00,,
40,cpu,end_to_end,1,857,1,0.0073202,7.3202,7320.2,136.60828939100026,10,2026-07-25T19:58:59.068587+00:00,,
40,cpu,end_to_end,1,858,1,0.0070803,7.0803,7080.3,141.23695323644478,10,2026-07-25T19:58:59.068587+00:00,,
40,cpu,end_to_end,1,859,1,0.0071762,7.1762,7176.2,139.34951645717788,10,2026-07-25T19:58:59.068587+00:00,,
40,cpu,end_to_end,1,860,1,0.006789,6.789,6789.0,147.29709824716454,10,2026-07-25T19:58:59.068587+00:00,,
40,cpu,end_to_end,1,861,1,0.0072808,7.280799999999999,7280.799999999999,137.34754422590925,10,2026-07-25T19:58:59.068587+00:00,,
40,cpu,end_to_end,1,862,1,0.0065994,6.5994,6599.4,151.5289268721399,10,2026-07-25T19:58:59.068587+00:00,,
40,cpu,end_to_end,1,863,1,0.0073985,7.398499999999999,7398.5,135.1625329458674,10,2026-07-25T19:58:59.068587+00:00,,
40,cpu,end_to_end,1,864,1,0.0067862,6.7862,6786.2,147.35787333117207,10,2026-07-25T19:58:59.068587+00:00,,
40,cpu,end_to_end,1,865,1,0.0070829,7.0828999999999995,7082.9,141.1851077948298,10,2026-07-25T19:58:59.068587+00:00,,
40,cpu,end_to_end,1,866,1,0.0079103,7.9103,7910.3,126.41745572228614,10,2026-07-25T19:58:59.068587+00:00,,
40,cpu,end_to_end,1,867,1,0.0077839,7.7839,7783.9,128.47030408920978,10,2026-07-25T19:58:59.068587+00:00,,
40,cpu,end_to_end,1,868,1,0.0075834,7.583399999999999,7583.4,131.8669725980431,10,2026-07-25T19:58:59.068587+00:00,,
40,cpu,end_to_end,1,869,1,0.0073829,7.3829,7382.900000000001,135.44813013856344,10,2026-07-25T19:58:59.068587+00:00,,
40,cpu,end_to_end,1,870,1,0.0070354,7.0354,7035.4,142.13832902180403,10,2026-07-25T19:58:59.068587+00:00,,
40,cpu,end_to_end,1,871,1,0.0064389,6.4389,6438.9,155.3060305331656,10,2026-07-25T19:58:59.068587+00:00,,
40,cpu,end_to_end,1,872,1,0.0069003,6.9003,6900.3,144.92123530860977,10,2026-07-25T19:58:59.068587+00:00,,
40,cpu,end_to_end,1,873,1,0.0063531,6.3531,6353.1,157.40347232059938,10,2026-07-25T19:58:59.068587+00:00,,
40,cpu,end_to_end,1,874,1,0.006822,6.822,6822.0,146.5845793022574,10,2026-07-25T19:58:59.068587+00:00,,
40,cpu,end_to_end,1,875,1,0.0066652,6.6652,6665.2,150.03300726159756,10,2026-07-25T19:58:59.068587+00:00,,
40,cpu,end_to_end,1,876,1,0.0065636,6.5636,6563.6,152.35541471143884,10,2026-07-25T19:58:59.068587+00:00,,
40,cpu,end_to_end,1,877,1,0.0071398,7.1398,7139.8,140.0599456567411,10,2026-07-25T19:58:59.068587+00:00,,
40,cpu,end_to_end,1,878,1,0.0065264,6.5264,6526.4,153.22382936994362,10,2026-07-25T19:58:59.068587+00:00,,
40,cpu,end_to_end,1,879,1,0.0073466,7.3466,7346.6,136.11738763509652,10,2026-07-25T19:58:59.068587+00:00,,
40,cpu,end_to_end,1,880,1,0.006731,6.731,6731.0,148.5663348685188,10,2026-07-25T19:58:59.068587+00:00,,
40,cpu,end_to_end,1,881,1,0.0074944,7.4944,7494.4,133.4329632792485,10,2026-07-25T19:58:59.068587+00:00,,
40,cpu,end_to_end,1,882,1,0.0069415,6.9415,6941.5,144.06108189872506,10,2026-07-25T19:58:59.068587+00:00,,
40,cpu,end_to_end,1,883,1,0.0081065,8.1065,8106.500000000001,123.35779929686053,10,2026-07-25T19:58:59.068587+00:00,,
40,cpu,end_to_end,1,884,1,0.0075204,7.5204,7520.4,132.97165044412532,10,2026-07-25T19:58:59.068587+00:00,,
40,cpu,end_to_end,1,885,1,0.0072657,7.2657,7265.7,137.63298787453377,10,2026-07-25T19:58:59.068587+00:00,,
40,cpu,end_to_end,1,886,1,0.0068938,6.893800000000001,6893.8,145.05787809335925,10,2026-07-25T19:58:59.068587+00:00,,
40,cpu,end_to_end,1,887,1,0.0069944,6.9944,6994.4,142.97152007320142,10,2026-07-25T19:58:59.068587+00:00,,
40,cpu,end_to_end,1,888,1,0.0072439,7.2439,7243.900000000001,138.04718452767156,10,2026-07-25T19:58:59.068587+00:00,,
40,cpu,end_to_end,1,889,1,0.0067896,6.7896,6789.599999999999,147.28408153646754,10,2026-07-25T19:58:59.068587+00:00,,
40,cpu,end_to_end,1,890,1,0.0076613,7.661300000000001,7661.3,130.5261509143357,10,2026-07-25T19:58:59.068587+00:00,,
40,cpu,end_to_end,1,891,1,0.006555,6.555,6555.0,152.55530129672005,10,2026-07-25T19:58:59.068587+00:00,,
40,cpu,end_to_end,1,892,1,0.0068972,6.8972,6897.2,144.98637128109957,10,2026-07-25T19:58:59.068587+00:00,,
40,cpu,end_to_end,1,893,1,0.0062687,6.2687,6268.700000000001,159.52270805749197,10,2026-07-25T19:58:59.068587+00:00,,
40,cpu,end_to_end,1,894,1,0.0068504,6.8504000000000005,6850.400000000001,145.97687726264158,10,2026-07-25T19:58:59.068587+00:00,,
40,cpu,end_to_end,1,895,1,0.0077474,7.7474,7747.4,129.0755608333118,10,2026-07-25T19:58:59.068587+00:00,,
40,cpu,end_to_end,1,896,1,0.0068365,6.8365,6836.5,146.27367805163462,10,2026-07-25T19:58:59.068587+00:00,,
40,cpu,end_to_end,1,897,1,0.0071699,7.1699,7169.9,139.47195916261035,10,2026-07-25T19:58:59.068587+00:00,,
40,cpu,end_to_end,1,898,1,0.0064345,6.4345,6434.5,155.41223094257518,10,2026-07-25T19:58:59.068587+00:00,,
40,cpu,end_to_end,1,899,1,0.0069054,6.9054,6905.4,144.81420337706723,10,2026-07-25T19:58:59.068587+00:00,,
40,cpu,end_to_end,1,900,1,0.0062915,6.2915,6291.5,158.94460780418024,10,2026-07-25T19:58:59.068587+00:00,,
40,cpu,end_to_end,1,901,1,0.0066387,6.6387,6638.7,150.6319008239565,10,2026-07-25T19:58:59.068587+00:00,,
40,cpu,end_to_end,1,902,1,0.0132994,13.299399999999999,13299.4,75.19136201633157,10,2026-07-25T19:58:59.068587+00:00,,
40,cpu,end_to_end,1,903,1,0.0191393,19.139300000000002,19139.300000000003,52.248514835965786,10,2026-07-25T19:58:59.068587+00:00,,
40,cpu,end_to_end,1,904,1,0.0180748,18.0748,18074.8,55.32564675681059,10,2026-07-25T19:58:59.068587+00:00,,
40,cpu,end_to_end,1,905,1,0.0166034,16.6034,16603.4,60.22862787139983,10,2026-07-25T19:58:59.068587+00:00,,
40,cpu,end_to_end,1,906,1,0.0180453,18.0453,18045.3,55.416091724715024,10,2026-07-25T19:58:59.068587+00:00,,
40,cpu,end_to_end,1,907,1,0.0170223,17.0223,17022.3,58.7464678686194,10,2026-07-25T19:58:59.068587+00:00,,
40,cpu,end_to_end,1,908,1,0.0150649,15.064900000000002,15064.900000000001,66.37946484875438,10,2026-07-25T19:58:59.068587+00:00,,
40,cpu,end_to_end,1,909,1,0.0122631,12.263100000000001,12263.1,81.54544935619867,10,2026-07-25T19:58:59.068587+00:00,,
40,cpu,end_to_end,1,910,1,0.0129362,12.9362,12936.2,77.30245357987663,10,2026-07-25T19:58:59.068587+00:00,,
40,cpu,end_to_end,1,911,1,0.0127417,12.7417,12741.7,78.48246309362173,10,2026-07-25T19:58:59.068587+00:00,,
40,cpu,end_to_end,1,912,1,0.0131976,13.1976,13197.6,75.77135236709705,10,2026-07-25T19:58:59.068587+00:00,,
40,cpu,end_to_end,1,913,1,0.0138355,13.8355,13835.5,72.2778360015901,10,2026-07-25T19:58:59.068587+00:00,,
40,cpu,end_to_end,1,914,1,0.0130199,13.0199,13019.9,76.80550541862841,10,2026-07-25T19:58:59.068587+00:00,,
40,cpu,end_to_end,1,915,1,0.0134449,13.444899999999999,13444.9,74.37764505500228,10,2026-07-25T19:58:59.068587+00:00,,
40,cpu,end_to_end,1,916,1,0.0151801,15.1801,15180.1,65.87571886878216,10,2026-07-25T19:58:59.068587+00:00,,
40,cpu,end_to_end,1,917,1,0.0130496,13.0496,13049.6,76.63070132417852,10,2026-07-25T19:58:59.068587+00:00,,
40,cpu,end_to_end,1,918,1,0.0136088,13.6088,13608.800000000001,73.48186467579801,10,2026-07-25T19:58:59.068587+00:00,,
40,cpu,end_to_end,1,919,1,0.0131308,13.130799999999999,13130.8,76.15682212812624,10,2026-07-25T19:58:59.068587+00:00,,
40,cpu,end_to_end,1,920,1,0.013685,13.684999999999999,13685.0,73.0727073438071,10,2026-07-25T19:58:59.068587+00:00,,
40,cpu,end_to_end,1,921,1,0.0135469,13.5469,13546.900000000001,73.81762617277754,10,2026-07-25T19:58:59.068587+00:00,,
40,cpu,end_to_end,1,922,1,0.0131244,13.1244,13124.4,76.1939593429033,10,2026-07-25T19:58:59.068587+00:00,,
40,cpu,end_to_end,1,923,1,0.0136638,13.6638,13663.800000000001,73.18608293446918,10,2026-07-25T19:58:59.068587+00:00,,
40,cpu,end_to_end,1,924,1,0.0145439,14.5439,14543.9,68.7573484416147,10,2026-07-25T19:58:59.068587+00:00,,
40,cpu,end_to_end,1,925,1,0.013062,13.062000000000001,13062.0,76.55795437145919,10,2026-07-25T19:58:59.068587+00:00,,
40,cpu,end_to_end,1,926,1,0.0124838,12.4838,12483.8,80.10381454364857,10,2026-07-25T19:58:59.068587+00:00,,
40,cpu,end_to_end,1,927,1,0.0131654,13.1654,13165.400000000001,75.95667431297187,10,2026-07-25T19:58:59.068587+00:00,,
40,cpu,end_to_end,1,928,1,0.0153482,15.348199999999999,15348.199999999999,65.15422003883192,10,2026-07-25T19:58:59.068587+00:00,,
40,cpu,end_to_end,1,929,1,0.0135556,13.5556,13555.599999999999,73.77024993360678,10,2026-07-25T19:58:59.068587+00:00,,
40,cpu,end_to_end,1,930,1,0.0118868,11.8868,11886.8,84.12693071305986,10,2026-07-25T19:58:59.068587+00:00,,
40,cpu,end_to_end,1,931,1,0.0119135,11.9135,11913.5,83.93838922231082,10,2026-07-25T19:58:59.068587+00:00,,
40,cpu,end_to_end,1,932,1,0.0144774,14.4774,14477.4,69.07317612278447,10,2026-07-25T19:58:59.068587+00:00,,
40,cpu,end_to_end,1,933,1,0.0148915,14.8915,14891.5,67.15240237719505,10,2026-07-25T19:58:59.068587+00:00,,
40,cpu,end_to_end,1,934,1,0.0130759,13.075899999999999,13075.9,76.47657140235088,10,2026-07-25T19:58:59.068587+00:00,,
40,cpu,end_to_end,1,935,1,0.0156941,15.694099999999999,15694.099999999999,63.7182125767008,10,2026-07-25T19:58:59.068587+00:00,,
40,cpu,end_to_end,1,936,1,0.0145624,14.5624,14562.4,68.66999945064,10,2026-07-25T19:58:59.068587+00:00,,
40,cpu,end_to_end,1,937,1,0.0130935,13.093499999999999,13093.5,76.37377324626723,10,2026-07-25T19:58:59.068587+00:00,,
40,cpu,end_to_end,1,938,1,0.0139681,13.968100000000002,13968.1,71.59169822667363,10,2026-07-25T19:58:59.068587+00:00,,
40,cpu,end_to_end,1,939,1,0.0162108,16.210800000000003,16210.800000000001,61.68727021491845,10,2026-07-25T19:58:59.068587+00:00,,
40,cpu,end_to_end,1,940,1,0.0156633,15.663300000000001,15663.300000000001,63.84350679614129,10,2026-07-25T19:58:59.068587+00:00,,
40,cpu,end_to_end,1,941,1,0.0173904,17.3904,17390.4,57.502990155488085,10,2026-07-25T19:58:59.068587+00:00,,
40,cpu,end_to_end,1,942,1,0.0155091,15.5091,15509.1,64.47827404556035,10,2026-07-25T19:58:59.068587+00:00,,
40,cpu,end_to_end,1,943,1,0.0159958,15.995800000000001,15995.800000000001,62.51641055777141,10,2026-07-25T19:58:59.068587+00:00,,
40,cpu,end_to_end,1,944,1,0.0184796,18.479599999999998,18479.6,54.113725405311804,10,2026-07-25T19:58:59.068587+00:00,,
40,cpu,end_to_end,1,945,1,0.0161415,16.1415,16141.5,61.95211101818295,10,2026-07-25T19:58:59.068587+00:00,,
40,cpu,end_to_end,1,946,1,0.0140427,14.0427,14042.7,71.21137672954632,10,2026-07-25T19:58:59.068587+00:00,,
40,cpu,end_to_end,1,947,1,0.0149047,14.9047,14904.7,67.09293041792186,10,2026-07-25T19:58:59.068587+00:00,,
40,cpu,end_to_end,1,948,1,0.0154821,15.4821,15482.1,64.59072089703594,10,2026-07-25T19:58:59.068587+00:00,,
40,cpu,end_to_end,1,949,1,0.0148969,14.896899999999999,14896.9,67.1280602004444,10,2026-07-25T19:58:59.068587+00:00,,
40,cpu,end_to_end,1,950,1,0.0121534,12.1534,12153.4,82.28150147283888,10,2026-07-25T19:58:59.068587+00:00,,
40,cpu,end_to_end,1,951,1,0.0134052,13.4052,13405.2,74.59791722615104,10,2026-07-25T19:58:59.068587+00:00,,
40,cpu,end_to_end,1,952,1,0.014205,14.205,14205.0,70.39774727208729,10,2026-07-25T19:58:59.068587+00:00,,
40,cpu,end_to_end,1,953,1,0.012863,12.863,12863.0,77.74236181295188,10,2026-07-25T19:58:59.068587+00:00,,
40,cpu,end_to_end,1,954,1,0.013232,13.232000000000001,13232.0,75.57436517533252,10,2026-07-25T19:58:59.068587+00:00,,
40,cpu,end_to_end,1,955,1,0.0145956,14.595600000000001,14595.6,68.51379867905396,10,2026-07-25T19:58:59.068587+00:00,,
40,cpu,end_to_end,1,956,1,0.0128261,12.8261,12826.1,77.96602240743483,10,2026-07-25T19:58:59.068587+00:00,,
40,cpu,end_to_end,1,957,1,0.0123171,12.3171,12317.099999999999,81.18794196685909,10,2026-07-25T19:58:59.068587+00:00,,
40,cpu,end_to_end,1,958,1,0.0132705,13.2705,13270.5,75.35511096040089,10,2026-07-25T19:58:59.068587+00:00,,
40,cpu,end_to_end,1,959,1,0.0127068,12.706800000000001,12706.800000000001,78.69801995781786,10,2026-07-25T19:58:59.068587+00:00,,
40,cpu,end_to_end,1,960,1,0.01419,14.19,14190.0,70.47216349541931,10,2026-07-25T19:58:59.068587+00:00,,
40,cpu,end_to_end,1,961,1,0.0145408,14.540799999999999,14540.8,68.77200704225352,10,2026-07-25T19:58:59.068587+00:00,,
40,cpu,end_to_end,1,962,1,0.013903,13.903,13903.0,71.92692224699705,10,2026-07-25T19:58:59.068587+00:00,,
40,cpu,end_to_end,1,963,1,0.0138275,13.827499999999999,13827.5,72.31965286566624,10,2026-07-25T19:58:59.068587+00:00,,
40,cpu,end_to_end,1,964,1,0.0134811,13.4811,13481.099999999999,74.17792316650718,10,2026-07-25T19:58:59.068587+00:00,,
40,cpu,end_to_end,1,965,1,0.0131122,13.1122,13112.199999999999,76.26485258003997,10,2026-07-25T19:58:59.068587+00:00,,
40,cpu,end_to_end,1,966,1,0.0135491,13.5491,13549.1,73.80564022702615,10,2026-07-25T19:58:59.068587+00:00,,
40,cpu,end_to_end,1,967,1,0.0114376,11.4376,11437.599999999999,87.43092956564315,10,2026-07-25T19:58:59.068587+00:00,,
40,cpu,end_to_end,1,968,1,0.0131729,13.1729,13172.9,75.91342832633664,10,2026-07-25T19:58:59.068587+00:00,,
40,cpu,end_to_end,1,969,1,0.0128819,12.8819,12881.9,77.62830017311111,10,2026-07-25T19:58:59.068587+00:00,,
40,cpu,end_to_end,1,970,1,0.0127477,12.7477,12747.7,78.44552350620111,10,2026-07-25T19:58:59.068587+00:00,,
40,cpu,end_to_end,1,971,1,0.0128239,12.823899999999998,12823.9,77.97939784308986,10,2026-07-25T19:58:59.068587+00:00,,
40,cpu,end_to_end,1,972,1,0.0122235,12.2235,12223.5,81.80962899333251,10,2026-07-25T19:58:59.068587+00:00,,
40,cpu,end_to_end,1,973,1,0.0144306,14.4306,14430.6,69.2971879201142,10,2026-07-25T19:58:59.068587+00:00,,
40,cpu,end_to_end,1,974,1,0.0137834,13.7834,13783.4,72.55103965639827,10,2026-07-25T19:58:59.068587+00:00,,
40,cpu,end_to_end,1,975,1,0.0117815,11.781500000000001,11781.5,84.87883546237745,10,2026-07-25T19:58:59.068587+00:00,,
40,cpu,end_to_end,1,976,1,0.0117222,11.7222,11722.2,85.30821859377932,10,2026-07-25T19:58:59.068587+00:00,,
40,cpu,end_to_end,1,977,1,0.0132581,13.2581,13258.1,75.42558888528522,10,2026-07-25T19:58:59.068587+00:00,,
40,cpu,end_to_end,1,978,1,0.0144571,14.4571,14457.1,69.1701655242061,10,2026-07-25T19:58:59.068587+00:00,,
40,cpu,end_to_end,1,979,1,0.0148004,14.8004,14800.4,67.56574146644685,10,2026-07-25T19:58:59.068587+00:00,,
40,cpu,end_to_end,1,980,1,0.0140845,14.0845,14084.5,71.00003550001774,10,2026-07-25T19:58:59.068587+00:00,,
40,cpu,end_to_end,1,981,1,0.0102406,10.2406,10240.6,97.65052828935804,10,2026-07-25T19:58:59.068587+00:00,,
40,cpu,end_to_end,1,982,1,0.0140703,14.070300000000001,14070.300000000001,71.07169001371683,10,2026-07-25T19:58:59.068587+00:00,,
40,cpu,end_to_end,1,983,1,0.014435,14.435,14435.0,69.27606511950121,10,2026-07-25T19:58:59.068587+00:00,,
40,cpu,end_to_end,1,984,1,0.0119825,11.9825,11982.5,83.45503859795535,10,2026-07-25T19:58:59.068587+00:00,,
40,cpu,end_to_end,1,985,1,0.0134125,13.412500000000001,13412.5,74.55731593662628,10,2026-07-25T19:58:59.068587+00:00,,
40,cpu,end_to_end,1,986,1,0.02217,22.169999999999998,22170.0,45.10599909788002,10,2026-07-25T19:58:59.068587+00:00,,
40,cpu,end_to_end,1,987,1,0.014517,14.517000000000001,14517.0,68.88475580354067,10,2026-07-25T19:58:59.068587+00:00,,
40,cpu,end_to_end,1,988,1,0.0118929,11.8929,11892.9,84.08378107946758,10,2026-07-25T19:58:59.068587+00:00,,
40,cpu,end_to_end,1,989,1,0.0140294,14.029399999999999,14029.4,71.27888576845767,10,2026-07-25T19:58:59.068587+00:00,,
40,cpu,end_to_end,1,990,1,0.0141386,14.1386,14138.599999999999,70.72836065805667,10,2026-07-25T19:58:59.068587+00:00,,
40,cpu,end_to_end,1,991,1,0.0125875,12.5875,12587.5,79.4438927507448,10,2026-07-25T19:58:59.068587+00:00,,
40,cpu,end_to_end,1,992,1,0.0144474,14.4474,14447.400000000001,69.21660644821905,10,2026-07-25T19:58:59.068587+00:00,,
40,cpu,end_to_end,1,993,1,0.0132143,13.2143,13214.3,75.67559386422285,10,2026-07-25T19:58:59.068587+00:00,,
40,cpu,end_to_end,1,994,1,0.0113048,11.3048,11304.800000000001,88.45800014153279,10,2026-07-25T19:58:59.068587+00:00,,
40,cpu,end_to_end,1,995,1,0.0122538,12.2538,12253.800000000001,81.60733813184481,10,2026-07-25T19:58:59.068587+00:00,,
40,cpu,end_to_end,1,996,1,0.0137229,13.7229,13722.9,72.87089463597344,10,2026-07-25T19:58:59.068587+00:00,,
40,cpu,end_to_end,1,997,1,0.0128025,12.8025,12802.5,78.10974419058778,10,2026-07-25T19:58:59.068587+00:00,,
40,cpu,end_to_end,1,998,1,0.012597,12.597000000000001,12597.0,79.38398031277288,10,2026-07-25T19:58:59.068587+00:00,,
40,cpu,end_to_end,1,999,1,0.0120039,12.0039,12003.9,83.30625879922358,10,2026-07-25T19:58:59.068587+00:00,,
40,cpu,model_only,32,0,32,0.0132178,13.2178,413.05625,2420.9777723978273,10,2026-07-25T19:58:59.068587+00:00,,
40,cpu,model_only,32,1,32,0.012921,12.921,403.78125,2476.588499342156,10,2026-07-25T19:58:59.068587+00:00,,
40,cpu,model_only,32,2,32,0.0150269,15.0269,469.590625,2129.5144041685244,10,2026-07-25T19:58:59.068587+00:00,,
40,cpu,model_only,32,3,32,0.0137416,13.7416,429.425,2328.6953484310416,10,2026-07-25T19:58:59.068587+00:00,,
40,cpu,model_only,32,4,32,0.0141775,14.1775,443.046875,2257.09751366602,10,2026-07-25T19:58:59.068587+00:00,,
40,cpu,model_only,32,5,32,0.0138673,13.8673,433.35312500000003,2307.586913097719,10,2026-07-25T19:58:59.068587+00:00,,
40,cpu,model_only,32,6,32,0.014483,14.482999999999999,452.59375,2209.486984740731,10,2026-07-25T19:58:59.068587+00:00,,
40,cpu,model_only,32,7,32,0.0139448,13.9448,435.77500000000003,2294.762205266479,10,2026-07-25T19:58:59.068587+00:00,,
40,cpu,model_only,32,8,32,0.0139438,13.9438,435.74375,2294.9267774925056,10,2026-07-25T19:58:59.068587+00:00,,
40,cpu,model_only,32,9,32,0.015634,15.633999999999999,488.56249999999994,2046.8210310860945,10,2026-07-25T19:58:59.068587+00:00,,
40,cpu,model_only,32,10,32,0.0141899,14.1899,443.434375,2255.1251242080634,10,2026-07-25T19:58:59.068587+00:00,,
40,cpu,model_only,32,11,32,0.0138925,13.8925,434.140625,2303.4011157099153,10,2026-07-25T19:58:59.068587+00:00,,
40,cpu,model_only,32,12,32,0.0150248,15.024799999999999,469.525,2129.8120440871094,10,2026-07-25T19:58:59.068587+00:00,,
40,cpu,model_only,32,13,32,0.0168406,16.840600000000002,526.2687500000001,1900.1698276783486,10,2026-07-25T19:58:59.068587+00:00,,
40,cpu,model_only,32,14,32,0.016629,16.629,519.65625,1924.3490288050994,10,2026-07-25T19:58:59.068587+00:00,,
40,cpu,model_only,32,15,32,0.0155946,15.5946,487.33125,2051.992356328473,10,2026-07-25T19:58:59.068587+00:00,,
40,cpu,model_only,32,16,32,0.0151562,15.1562,473.63125,2111.3471714545863,10,2026-07-25T19:58:59.068587+00:00,,
40,cpu,model_only,32,17,32,0.010922,10.921999999999999,341.3125,2929.866324848929,10,2026-07-25T19:58:59.068587+00:00,,
40,cpu,model_only,32,18,32,0.0130403,13.0403,407.509375,2453.931274587241,10,2026-07-25T19:58:59.068587+00:00,,
40,cpu,model_only,32,19,32,0.0133872,13.3872,418.35,2390.343014222541,10,2026-07-25T19:58:59.068587+00:00,,
40,cpu,model_only,32,20,32,0.0146584,14.6584,458.075,2183.0486274081754,10,2026-07-25T19:58:59.068587+00:00,,
40,cpu,model_only,32,21,32,0.0142148,14.2148,444.2125,2251.17483186538,10,2026-07-25T19:58:59.068587+00:00,,
40,cpu,model_only,32,22,32,0.0134902,13.490200000000002,421.56875,2372.092333694089,10,2026-07-25T19:58:59.068587+00:00,,
40,cpu,model_only,32,23,32,0.0112062,11.206199999999999,350.19374999999997,2855.562099552034,10,2026-07-25T19:58:59.068587+00:00,,
40,cpu,model_only,32,24,32,0.0125151,12.5151,391.096875,2556.9112512085403,10,2026-07-25T19:58:59.068587+00:00,,
40,cpu,model_only,32,25,32,0.0135956,13.5956,424.86249999999995,2353.7026685104006,10,2026-07-25T19:58:59.068587+00:00,,
40,cpu,model_only,32,26,32,0.0124562,12.4562,389.25625,2569.0017822449863,10,2026-07-25T19:58:59.068587+00:00,,
40,cpu,model_only,32,27,32,0.011618,11.618,363.0625,2754.3467033912893,10,2026-07-25T19:58:59.068587+00:00,,
40,cpu,model_only,32,28,32,0.0125453,12.545300000000001,392.04062500000003,2550.756060038421,10,2026-07-25T19:58:59.068587+00:00,,
40,cpu,model_only,32,29,32,0.0113589,11.3589,354.965625,2817.174198205812,10,2026-07-25T19:58:59.068587+00:00,,
40,cpu,model_only,32,30,32,0.0115137,11.5137,359.803125,2779.2977062108616,10,2026-07-25T19:58:59.068587+00:00,,
40,cpu,model_only,32,31,32,0.0140908,14.0908,440.33750000000003,2270.985323757345,10,2026-07-25T19:58:59.068587+00:00,,
40,cpu,model_only,32,32,32,0.0147871,14.787099999999999,462.09687499999995,2164.0483935322004,10,2026-07-25T19:58:59.068587+00:00,,
40,cpu,model_only,32,33,32,0.0136079,13.607899999999999,425.246875,2351.5751879422983,10,2026-07-25T19:58:59.068587+00:00,,
40,cpu,model_only,32,34,32,0.014009,14.009,437.78125,2284.2458419587406,10,2026-07-25T19:58:59.068587+00:00,,
40,cpu,model_only,32,35,32,0.0135077,13.5077,422.11562499999997,2369.0191520392073,10,2026-07-25T19:58:59.068587+00:00,,
40,cpu,model_only,32,36,32,0.0125129,12.5129,391.028125,2557.3608036506325,10,2026-07-25T19:58:59.068587+00:00,,
40,cpu,model_only,32,37,32,0.0130644,13.064400000000001,408.2625,2449.4044885337253,10,2026-07-25T19:58:59.068587+00:00,,
40,cpu,model_only,32,38,32,0.0135385,13.5385,423.078125,2363.629648779407,10,2026-07-25T19:58:59.068587+00:00,,
40,cpu,model_only,32,39,32,0.0132644,13.2644,414.51250000000005,2412.4724827357436,10,2026-07-25T19:58:59.068587+00:00,,
40,cpu,model_only,32,40,32,0.0129157,12.915700000000001,403.615625,2477.6047755832046,10,2026-07-25T19:58:59.068587+00:00,,
40,cpu,model_only,32,41,32,0.0131237,13.1237,410.115625,2438.336749544717,10,2026-07-25T19:58:59.068587+00:00,,
40,cpu,model_only,32,42,32,0.0134403,13.4403,420.00937500000003,2380.8992358801515,10,2026-07-25T19:58:59.068587+00:00,,
40,cpu,model_only,32,43,32,0.0123038,12.3038,384.49375,2600.822510118825,10,2026-07-25T19:58:59.068587+00:00,,
40,cpu,model_only,32,44,32,0.0114891,11.4891,359.034375,2785.248626959466,10,2026-07-25T19:58:59.068587+00:00,,
40,cpu,model_only,32,45,32,0.0123525,12.352500000000001,386.015625,2590.56871078729,10,2026-07-25T19:58:59.068587+00:00,,
40,cpu,model_only,32,46,32,0.0131886,13.1886,412.14375,2426.3378978815035,10,2026-07-25T19:58:59.068587+00:00,,
40,cpu,model_only,32,47,32,0.0139956,13.9956,437.3625,2286.4328789047986,10,2026-07-25T19:58:59.068587+00:00,,
40,cpu,model_only,32,48,32,0.0121904,12.1904,380.95,2625.0164063525394,10,2026-07-25T19:58:59.068587+00:00,,
40,cpu,model_only,32,49,32,0.0140653,14.065299999999999,439.540625,2275.1025573574684,10,2026-07-25T19:58:59.068587+00:00,,
40,cpu,model_only,32,50,32,0.0106949,10.6949,334.215625,2992.080337357058,10,2026-07-25T19:58:59.068587+00:00,,
40,cpu,model_only,32,51,32,0.013026,13.026,407.0625,2456.6252111162294,10,2026-07-25T19:58:59.068587+00:00,,
40,cpu,model_only,32,52,32,0.0137557,13.7557,429.86562499999997,2326.308366713435,10,2026-07-25T19:58:59.068587+00:00,,
40,cpu,model_only,32,53,32,0.0112443,11.2443,351.38437500000003,2845.8863602002793,10,2026-07-25T19:58:59.068587+00:00,,
40,cpu,model_only,32,54,32,0.0126859,12.6859,396.434375,2522.4855942424265,10,2026-07-25T19:58:59.068587+00:00,,
40,cpu,model_only,32,55,32,0.0155451,15.5451,485.78437499999995,2058.52648101331,10,2026-07-25T19:58:59.068587+00:00,,
40,cpu,model_only,32,56,32,0.0163302,16.330199999999998,510.31874999999997,1959.5595889823762,10,2026-07-25T19:58:59.068587+00:00,,
40,cpu,model_only,32,57,32,0.0136205,13.6205,425.640625,2349.3998017693916,10,2026-07-25T19:58:59.068587+00:00,,
40,cpu,model_only,32,58,32,0.0150686,15.0686,470.89375,2123.621305230745,10,2026-07-25T19:58:59.068587+00:00,,
40,cpu,model_only,32,59,32,0.0148179,14.8179,463.059375,2159.5502736555113,10,2026-07-25T19:58:59.068587+00:00,,
40,cpu,model_only,32,60,32,0.0129386,12.9386,404.33125,2473.219668279412,10,2026-07-25T19:58:59.068587+00:00,,
40,cpu,model_only,32,61,32,0.0165261,16.5261,516.440625,1936.331015787149,10,2026-07-25T19:58:59.068587+00:00,,
40,cpu,model_only,32,62,32,0.0150554,15.0554,470.48125,2125.483215324734,10,2026-07-25T19:58:59.068587+00:00,,
40,cpu,model_only,32,63,32,0.0166609,16.660899999999998,520.6531249999999,1920.6645499342774,10,2026-07-25T19:58:59.068587+00:00,,
40,cpu,model_only,32,64,32,0.016198,16.198,506.1875,1975.55253735029,10,2026-07-25T19:58:59.068587+00:00,,
40,cpu,model_only,32,65,32,0.0160004,16.000400000000003,500.01250000000005,1999.9500012499686,10,2026-07-25T19:58:59.068587+00:00,,
40,cpu,model_only,32,66,32,0.0153518,15.3518,479.74375000000003,2084.4461235815993,10,2026-07-25T19:58:59.068587+00:00,,
40,cpu,model_only,32,67,32,0.0137414,13.7414,429.41875000000005,2328.729241561995,10,2026-07-25T19:58:59.068587+00:00,,
40,cpu,model_only,32,68,32,0.0124241,12.424100000000001,388.253125,2575.639281718595,10,2026-07-25T19:58:59.068587+00:00,,
40,cpu,model_only,32,69,32,0.0138365,13.8365,432.390625,2312.7235933942834,10,2026-07-25T19:58:59.068587+00:00,,
40,cpu,model_only,32,70,32,0.0141702,14.170200000000001,442.81875,2258.2602927269904,10,2026-07-25T19:58:59.068587+00:00,,
40,cpu,model_only,32,71,32,0.0106924,10.6924,334.1375,2992.779918446747,10,2026-07-25T19:58:59.068587+00:00,,
40,cpu,model_only,32,72,32,0.0126847,12.6847,396.396875,2522.724226824442,10,2026-07-25T19:58:59.068587+00:00,,
40,cpu,model_only,32,73,32,0.0127928,12.7928,399.775,2501.407041460822,10,2026-07-25T19:58:59.068587+00:00,,
40,cpu,model_only,32,74,32,0.0115506,11.5506,360.95624999999995,2770.418852700293,10,2026-07-25T19:58:59.068587+00:00,,
40,cpu,model_only,32,75,32,0.0131339,13.1339,410.434375,2436.443097632843,10,2026-07-25T19:58:59.068587+00:00,,
40,cpu,model_only,32,76,32,0.0123092,12.309199999999999,384.66249999999997,2599.681539011471,10,2026-07-25T19:58:59.068587+00:00,,
40,cpu,model_only,32,77,32,0.0122823,12.2823,383.821875,2605.3752147399105,10,2026-07-25T19:58:59.068587+00:00,,
40,cpu,model_only,32,78,32,0.0104838,10.4838,327.61875,3052.3283542227055,10,2026-07-25T19:58:59.068587+00:00,,
40,cpu,model_only,32,79,32,0.0130934,13.093399999999999,409.16875,2443.9794094734752,10,2026-07-25T19:58:59.068587+00:00,,
40,cpu,model_only,32,80,32,0.0112651,11.2651,352.034375,2840.6316854710567,10,2026-07-25T19:58:59.068587+00:00,,
40,cpu,model_only,32,81,32,0.0133367,13.3367,416.771875,2399.3941529763733,10,2026-07-25T19:58:59.068587+00:00,,
40,cpu,model_only,32,82,32,0.0141825,14.182500000000001,443.203125,2256.3017803631233,10,2026-07-25T19:58:59.068587+00:00,,
40,cpu,model_only,32,83,32,0.0138659,13.8659,433.309375,2307.8199035042803,10,2026-07-25T19:58:59.068587+00:00,,
40,cpu,model_only,32,84,32,0.0146089,14.608899999999998,456.528125,2190.445550315219,10,2026-07-25T19:58:59.068587+00:00,,
40,cpu,model_only,32,85,32,0.0146325,14.6325,457.265625,2186.9126943447804,10,2026-07-25T19:58:59.068587+00:00,,
40,cpu,model_only,32,86,32,0.012644,12.644,395.125,2530.844669408415,10,2026-07-25T19:58:59.068587+00:00,,
40,cpu,model_only,32,87,32,0.0121636,12.1636,380.1125,2630.800092078003,10,2026-07-25T19:58:59.068587+00:00,,
40,cpu,model_only,32,88,32,0.0133317,13.3317,416.615625,2400.2940360194125,10,2026-07-25T19:58:59.068587+00:00,,
40,cpu,model_only,32,89,32,0.0154367,15.4367,482.39687499999997,2072.981919710819,10,2026-07-25T19:58:59.068587+00:00,,
40,cpu,model_only,32,90,32,0.0147286,14.7286,460.26875,2172.643700012221,10,2026-07-25T19:58:59.068587+00:00,,
40,cpu,model_only,32,91,32,0.0135441,13.5441,423.253125,2362.6523726198125,10,2026-07-25T19:58:59.068587+00:00,,
40,cpu,model_only,32,92,32,0.0121585,12.158499999999998,379.953125,2631.903606530411,10,2026-07-25T19:58:59.068587+00:00,,
40,cpu,model_only,32,93,32,0.0125219,12.5219,391.30937500000005,2555.522724187224,10,2026-07-25T19:58:59.068587+00:00,,
40,cpu,model_only,32,94,32,0.0136407,13.6407,426.271875,2345.920663895548,10,2026-07-25T19:58:59.068587+00:00,,
40,cpu,model_only,32,95,32,0.0143954,14.395399999999999,449.85625,2222.9323256040125,10,2026-07-25T19:58:59.068587+00:00,,
40,cpu,model_only,32,96,32,0.0129526,12.9526,404.76875,2470.546453993793,10,2026-07-25T19:58:59.068587+00:00,,
40,cpu,model_only,32,97,32,0.0146604,14.660400000000001,458.1375,2182.750811710458,10,2026-07-25T19:58:59.068587+00:00,,
40,cpu,model_only,32,98,32,0.0153555,15.3555,479.859375,2083.94386376217,10,2026-07-25T19:58:59.068587+00:00,,
40,cpu,model_only,32,99,32,0.0129064,12.9064,403.325,2479.3900700427694,10,2026-07-25T19:58:59.068587+00:00,,
40,cpu,end_to_end,32,0,32,0.0142836,14.2836,446.3625,2240.3315690722225,10,2026-07-25T19:58:59.068587+00:00,,
40,cpu,end_to_end,32,1,32,0.0167791,16.779100000000003,524.3468750000001,1907.1344708595811,10,2026-07-25T19:58:59.068587+00:00,,
40,cpu,end_to_end,32,2,32,0.0159475,15.9475,498.359375,2006.5841040915504,10,2026-07-25T19:58:59.068587+00:00,,
40,cpu,end_to_end,32,3,32,0.0152513,15.2513,476.60312500000003,2098.1817943388432,10,2026-07-25T19:58:59.068587+00:00,,
40,cpu,end_to_end,32,4,32,0.0145589,14.5589,454.965625,2197.9682530960445,10,2026-07-25T19:58:59.068587+00:00,,
40,cpu,end_to_end,32,5,32,0.0153657,15.3657,480.17812499999997,2082.560508144764,10,2026-07-25T19:58:59.068587+00:00,,
40,cpu,end_to_end,32,6,32,0.0124789,12.4789,389.965625,2564.3285866542724,10,2026-07-25T19:58:59.068587+00:00,,
40,cpu,end_to_end,32,7,32,0.0157179,15.7179,491.184375,2035.8953804261384,10,2026-07-25T19:58:59.068587+00:00,,
40,cpu,end_to_end,32,8,32,0.0171798,17.1798,536.86875,1862.652650205474,10,2026-07-25T19:58:59.068587+00:00,,
40,cpu,end_to_end,32,9,32,0.0129575,12.9575,404.921875,2469.6121937102066,10,2026-07-25T19:58:59.068587+00:00,,
40,cpu,end_to_end,32,10,32,0.0138327,13.832699999999999,432.271875,2313.35892486644,10,2026-07-25T19:58:59.068587+00:00,,
40,cpu,end_to_end,32,11,32,0.0121464,12.1464,379.575,2634.52545610222,10,2026-07-25T19:58:59.068587+00:00,,
40,cpu,end_to_end,32,12,32,0.0131316,13.1316,410.3625,2436.869840689634,10,2026-07-25T19:58:59.068587+00:00,,
40,cpu,end_to_end,32,13,32,0.0119471,11.9471,373.346875,2678.4742740916204,10,2026-07-25T19:58:59.068587+00:00,,
40,cpu,end_to_end,32,14,32,0.0143321,14.3321,447.878125,2232.750259906085,10,2026-07-25T19:58:59.068587+00:00,,
40,cpu,end_to_end,32,15,32,0.0125856,12.585600000000001,393.3,2542.5883549453342,10,2026-07-25T19:58:59.068587+00:00,,
40,cpu,end_to_end,32,16,32,0.0138214,13.821399999999999,431.91875,2315.2502640832336,10,2026-07-25T19:58:59.068587+00:00,,
40,cpu,end_to_end,32,17,32,0.0140449,14.0449,438.90312500000005,2278.4071086301788,10,2026-07-25T19:58:59.068587+00:00,,
40,cpu,end_to_end,32,18,32,0.0147231,14.723099999999999,460.09687499999995,2173.455318513085,10,2026-07-25T19:58:59.068587+00:00,,
40,cpu,end_to_end,32,19,32,0.0140735,14.0735,439.796875,2273.7769566916545,10,2026-07-25T19:58:59.068587+00:00,,
40,cpu,end_to_end,32,20,32,0.0136819,13.6819,427.559375,2338.8564453767385,10,2026-07-25T19:58:59.068587+00:00,,
40,cpu,end_to_end,32,21,32,0.0118382,11.8382,369.94375,2703.1136490344816,10,2026-07-25T19:58:59.068587+00:00,,
40,cpu,end_to_end,32,22,32,0.0131095,13.109499999999999,409.671875,2440.9779167779093,10,2026-07-25T19:58:59.068587+00:00,,
40,cpu,end_to_end,32,23,32,0.0115624,11.5624,361.325,2767.591503494084,10,2026-07-25T19:58:59.068587+00:00,,
40,cpu,end_to_end,32,24,32,0.0134368,13.4368,419.90000000000003,2381.5194093831865,10,2026-07-25T19:58:59.068587+00:00,,
40,cpu,end_to_end,32,25,32,0.0143621,14.3621,448.81562499999995,2228.0864219020896,10,2026-07-25T19:58:59.068587+00:00,,
40,cpu,end_to_end,32,26,32,0.0127562,12.7562,398.63125,2508.584061084022,10,2026-07-25T19:58:59.068587+00:00,,
40,cpu,end_to_end,32,27,32,0.0129902,12.9902,405.94375,2463.3954827485336,10,2026-07-25T19:58:59.068587+00:00,,
40,cpu,end_to_end,32,28,32,0.0134984,13.4984,421.82500000000005,2370.651336454691,10,2026-07-25T19:58:59.068587+00:00,,
40,cpu,end_to_end,32,29,32,0.0124949,12.4949,390.465625,2561.0449063217793,10,2026-07-25T19:58:59.068587+00:00,,
40,cpu,end_to_end,32,30,32,0.014219,14.219000000000001,444.34375,2250.5098811449466,10,2026-07-25T19:58:59.068587+00:00,,
40,cpu,end_to_end,32,31,32,0.0140223,14.0223,438.196875,2282.0792594652803,10,2026-07-25T19:58:59.068587+00:00,,
40,cpu,end_to_end,32,32,32,0.0125319,12.5319,391.621875,2553.48351008227,10,2026-07-25T19:58:59.068587+00:00,,
40,cpu,end_to_end,32,33,32,0.0130659,13.065900000000001,408.309375,2449.1232903971404,10,2026-07-25T19:58:59.068587+00:00,,
40,cpu,end_to_end,32,34,32,0.0131274,13.1274,410.23125,2437.649496473026,10,2026-07-25T19:58:59.068587+00:00,,
40,cpu,end_to_end,32,35,32,0.0136822,13.6822,427.56875,2338.805162912397,10,2026-07-25T19:58:59.068587+00:00,,
40,cpu,end_to_end,32,36,32,0.0126861,12.6861,396.440625,2522.4458265345534,10,2026-07-25T19:58:59.068587+00:00,,
40,cpu,end_to_end,32,37,32,0.0125795,12.579500000000001,393.109375,2543.821296553917,10,2026-07-25T19:58:59.068587+00:00,,
40,cpu,end_to_end,32,38,32,0.0127346,12.7346,397.95625,2512.839036954439,10,2026-07-25T19:58:59.068587+00:00,,
40,cpu,end_to_end,32,39,32,0.0150755,15.0755,471.109375,2122.6493316971246,10,2026-07-25T19:58:59.068587+00:00,,
40,cpu,end_to_end,32,40,32,0.0129976,12.9976,406.175,2461.9929833199976,10,2026-07-25T19:58:59.068587+00:00,,
40,cpu,end_to_end,32,41,32,0.012959,12.959,404.96875,2469.326336908712,10,2026-07-25T19:58:59.068587+00:00,,
40,cpu,end_to_end,32,42,32,0.013997,13.997,437.40625,2286.2041866114164,10,2026-07-25T19:58:59.068587+00:00,,
40,cpu,end_to_end,32,43,32,0.0123709,12.3709,386.59062500000005,2586.715598703409,10,2026-07-25T19:58:59.068587+00:00,,
40,cpu,end_to_end,32,44,32,0.0117699,11.7699,367.809375,2718.799649954545,10,2026-07-25T19:58:59.068587+00:00,,
40,cpu,end_to_end,32,45,32,0.0117662,11.7662,367.69374999999997,2719.654603865309,10,2026-07-25T19:58:59.068587+00:00,,
40,cpu,end_to_end,32,46,32,0.0143814,14.381400000000001,449.41875000000005,2225.0963049494485,10,2026-07-25T19:58:59.068587+00:00,,
40,cpu,end_to_end,32,47,32,0.0157022,15.7022,490.69374999999997,2037.9309905618322,10,2026-07-25T19:58:59.068587+00:00,,
40,cpu,end_to_end,32,48,32,0.0123642,12.3642,386.38125,2588.1173064169134,10,2026-07-25T19:58:59.068587+00:00,,
40,cpu,end_to_end,32,49,32,0.0138048,13.8048,431.40000000000003,2318.034306907742,10,2026-07-25T19:58:59.068587+00:00,,
40,cpu,end_to_end,32,50,32,0.0127999,12.7999,399.996875,2500.019531402589,10,2026-07-25T19:58:59.068587+00:00,,
40,cpu,end_to_end,32,51,32,0.0131279,13.1279,410.246875,2437.556654148798,10,2026-07-25T19:58:59.068587+00:00,,
40,cpu,end_to_end,32,52,32,0.0130295,13.029499999999999,407.171875,2455.9653094900036,10,2026-07-25T19:58:59.068587+00:00,,
40,cpu,end_to_end,32,53,32,0.0130176,13.0176,406.8,2458.2104228121925,10,2026-07-25T19:58:59.068587+00:00,,
40,cpu,end_to_end,32,54,32,0.0140241,14.024099999999999,438.25312499999995,2281.7863534914895,10,2026-07-25T19:58:59.068587+00:00,,
40,cpu,end_to_end,32,55,32,0.0140698,14.0698,439.68125000000003,2274.3749022729535,10,2026-07-25T19:58:59.068587+00:00,,
40,cpu,end_to_end,32,56,32,0.0144844,14.484399999999999,452.6375,2209.2734252022865,10,2026-07-25T19:58:59.068587+00:00,,
40,cpu,end_to_end,32,57,32,0.0133253,13.3253,416.415625,2401.4468717402233,10,2026-07-25T19:58:59.068587+00:00,,
40,cpu,end_to_end,32,58,32,0.0133643,13.3643,417.63437500000003,2394.438915618476,10,2026-07-25T19:58:59.068587+00:00,,
40,cpu,end_to_end,32,59,32,0.0129719,12.9719,405.371875,2466.8706974306,10,2026-07-25T19:58:59.068587+00:00,,
40,cpu,end_to_end,32,60,32,0.0138211,13.8211,431.90937499999995,2315.3005187720228,10,2026-07-25T19:58:59.068587+00:00,,
40,cpu,end_to_end,32,61,32,0.0141413,14.141300000000001,441.91562500000003,2262.8754074943604,10,2026-07-25T19:58:59.068587+00:00,,
40,cpu,end_to_end,32,62,32,0.0144372,14.4372,451.1625,2216.49627351564,10,2026-07-25T19:58:59.068587+00:00,,
40,cpu,end_to_end,32,63,32,0.0130494,13.049399999999999,407.79375,2452.220025441783,10,2026-07-25T19:58:59.068587+00:00,,
40,cpu,end_to_end,32,64,32,0.0119086,11.9086,372.14375,2687.1336681054026,10,2026-07-25T19:58:59.068587+00:00,,
40,cpu,end_to_end,32,65,32,0.0120076,12.0076,375.2375,2664.978846730404,10,2026-07-25T19:58:59.068587+00:00,,
40,cpu,end_to_end,32,66,32,0.0138638,13.863800000000001,433.24375000000003,2308.169477343874,10,2026-07-25T19:58:59.068587+00:00,,
40,cpu,end_to_end,32,67,32,0.0131102,13.1102,409.69375,2440.847584323656,10,2026-07-25T19:58:59.068587+00:00,,
40,cpu,end_to_end,32,68,32,0.0102514,10.2514,320.35625000000005,3121.5248648965016,10,2026-07-25T19:58:59.068587+00:00,,
40,cpu,end_to_end,32,69,32,0.0121968,12.196800000000001,381.15000000000003,2623.6389872753507,10,2026-07-25T19:58:59.068587+00:00,,
40,cpu,end_to_end,32,70,32,0.0121245,12.1245,378.890625,2639.284094189451,10,2026-07-25T19:58:59.068587+00:00,,
40,cpu,end_to_end,32,71,32,0.0128291,12.8291,400.909375,2494.3292982360417,10,2026-07-25T19:58:59.068587+00:00,,
40,cpu,end_to_end,32,72,32,0.0155892,15.5892,487.16249999999997,2052.7031534652197,10,2026-07-25T19:58:59.068587+00:00,,
40,cpu,end_to_end,32,73,32,0.0169901,16.9901,530.9406250000001,1883.449773691738,10,2026-07-25T19:58:59.068587+00:00,,
40,cpu,end_to_end,32,74,32,0.0160408,16.0408,501.27500000000003,1994.9129719215998,10,2026-07-25T19:58:59.068587+00:00,,
40,cpu,end_to_end,32,75,32,0.0167141,16.7141,522.315625,1914.5511873208848,10,2026-07-25T19:58:59.068587+00:00,,
40,cpu,end_to_end,32,76,32,0.0151131,15.113100000000001,472.284375,2117.368375779952,10,2026-07-25T19:58:59.068587+00:00,,
40,cpu,end_to_end,32,77,32,0.0149208,14.9208,466.275,2144.6571229424694,10,2026-07-25T19:58:59.068587+00:00,,
40,cpu,end_to_end,32,78,32,0.0151673,15.1673,473.978125,2109.8020082677867,10,2026-07-25T19:58:59.068587+00:00,,
40,cpu,end_to_end,32,79,32,0.0150177,15.0177,469.303125,2130.8189669523294,10,2026-07-25T19:58:59.068587+00:00,,
40,cpu,end_to_end,32,80,32,0.0145018,14.501800000000001,453.18125000000003,2206.622626156753,10,2026-07-25T19:58:59.068587+00:00,,
40,cpu,end_to_end,32,81,32,0.0203841,20.3841,637.003125,1569.8510113274563,10,2026-07-25T19:58:59.068587+00:00,,
40,cpu,end_to_end,32,82,32,0.01534,15.34,479.375,2086.0495436766623,10,2026-07-25T19:58:59.068587+00:00,,
40,cpu,end_to_end,32,83,32,0.0144447,14.4447,451.39687499999997,2215.3454208117855,10,2026-07-25T19:58:59.068587+00:00,,
40,cpu,end_to_end,32,84,32,0.0161357,16.1357,504.24062499999997,1983.1801533246157,10,2026-07-25T19:58:59.068587+00:00,,
40,cpu,end_to_end,32,85,32,0.0146373,14.637300000000002,457.41562500000003,2186.1955415274674,10,2026-07-25T19:58:59.068587+00:00,,
40,cpu,end_to_end,32,86,32,0.0139746,13.9746,436.70625,2289.8687618965837,10,2026-07-25T19:58:59.068587+00:00,,
40,cpu,end_to_end,32,87,32,0.0154867,15.4867,483.959375,2066.2891384220006,10,2026-07-25T19:58:59.068587+00:00,,
40,cpu,end_to_end,32,88,32,0.0144206,14.4206,450.64375,2219.0477511337945,10,2026-07-25T19:58:59.068587+00:00,,
40,cpu,end_to_end,32,89,32,0.0136056,13.6056,425.175,2351.9727171164814,10,2026-07-25T19:58:59.068587+00:00,,
40,cpu,end_to_end,32,90,32,0.0129118,12.9118,403.49375,2478.3531343422296,10,2026-07-25T19:58:59.068587+00:00,,
40,cpu,end_to_end,32,91,32,0.013139,13.139,410.59375,2435.4973742293937,10,2026-07-25T19:58:59.068587+00:00,,
40,cpu,end_to_end,32,92,32,0.0129737,12.9737,405.42812499999997,2466.5284383021035,10,2026-07-25T19:58:59.068587+00:00,,
40,cpu,end_to_end,32,93,32,0.0124934,12.4934,390.41875,2561.3523940640657,10,2026-07-25T19:58:59.068587+00:00,,
40,cpu,end_to_end,32,94,32,0.0137918,13.7918,430.99375,2320.219260720138,10,2026-07-25T19:58:59.068587+00:00,,
40,cpu,end_to_end,32,95,32,0.0133369,13.3369,416.778125,2399.358171689073,10,2026-07-25T19:58:59.068587+00:00,,
40,cpu,end_to_end,32,96,32,0.014268,14.267999999999999,445.875,2242.78104850014,10,2026-07-25T19:58:59.068587+00:00,,
40,cpu,end_to_end,32,97,32,0.0138671,13.8671,433.346875,2307.6201945612274,10,2026-07-25T19:58:59.068587+00:00,,
40,cpu,end_to_end,32,98,32,0.0129259,12.9259,403.93437500000005,2475.6496646268342,10,2026-07-25T19:58:59.068587+00:00,,
40,cpu,end_to_end,32,99,32,0.0113447,11.3447,354.52187499999997,2820.7004151718425,10,2026-07-25T19:58:59.068587+00:00,,
40,cpu,model_only,256,0,256,0.013659,13.658999999999999,53.35546875,18742.221246064866,10,2026-07-25T19:58:59.068587+00:00,,
40,cpu,model_only,256,1,256,0.0134082,13.4082,52.37578125,19092.79396190391,10,2026-07-25T19:58:59.068587+00:00,,
40,cpu,model_only,256,2,256,0.012068,12.068000000000001,47.140625,21213.125621478288,10,2026-07-25T19:58:59.068587+00:00,,
40,cpu,model_only,256,3,256,0.0131265,13.1265,51.275390625,19502.53304384261,10,2026-07-25T19:58:59.068587+00:00,,
40,cpu,model_only,256,4,256,0.0123328,12.332799999999999,48.175,20757.654385054488,10,2026-07-25T19:58:59.068587+00:00,,
40,cpu,model_only,256,5,256,0.0129256,12.925600000000001,50.490625,19805.65699077799,10,2026-07-25T19:58:59.068587+00:00,,
40,cpu,model_only,256,6,256,0.0140124,14.0124,54.7359375,18269.532699608917,10,2026-07-25T19:58:59.068587+00:00,,
40,cpu,model_only,256,7,256,0.0134687,13.4687,52.612109375,19007.03111658883,10,2026-07-25T19:58:59.068587+00:00,,
40,cpu,model_only,256,8,256,0.0152404,15.2404,59.5328125,16797.45938426813,10,2026-07-25T19:58:59.068587+00:00,,
40,cpu,model_only,256,9,256,0.0138014,13.801400000000001,53.91171875,18548.842871013087,10,2026-07-25T19:58:59.068587+00:00,,
40,cpu,model_only,256,10,256,0.0113946,11.394599999999999,44.51015625,22466.78251101399,10,2026-07-25T19:58:59.068587+00:00,,
40,cpu,model_only,256,11,256,0.0130066,13.0066,50.80703125,19682.31513231744,10,2026-07-25T19:58:59.068587+00:00,,
40,cpu,model_only,256,12,256,0.0147885,14.788499999999999,57.767578125,17310.748216519594,10,2026-07-25T19:58:59.068587+00:00,,
40,cpu,model_only,256,13,256,0.0153115,15.3115,59.810546875,16719.45922999053,10,2026-07-25T19:58:59.068587+00:00,,
40,cpu,model_only,256,14,256,0.0143307,14.3307,55.979296875,17863.747060506466,10,2026-07-25T19:58:59.068587+00:00,,
40,cpu,model_only,256,15,256,0.0136658,13.6658,53.382031250000004,18732.89525677238,10,2026-07-25T19:58:59.068587+00:00,,
40,cpu,model_only,256,16,256,0.0135994,13.5994,53.12265625,18824.359898230807,10,2026-07-25T19:58:59.068587+00:00,,
40,cpu,model_only,256,17,256,0.0144299,14.4299,56.366796875000006,17740.940685659636,10,2026-07-25T19:58:59.068587+00:00,,
40,cpu,model_only,256,18,256,0.013781,13.781,53.83203125,18576.300703867644,10,2026-07-25T19:58:59.068587+00:00,,
40,cpu,model_only,256,19,256,0.014296,14.296,55.84375,17907.10688304421,10,2026-07-25T19:58:59.068587+00:00,,
40,cpu,model_only,256,20,256,0.0151459,15.145900000000001,59.163671875,16902.263979030628,10,2026-07-25T19:58:59.068587+00:00,,
40,cpu,model_only,256,21,256,0.0129171,12.917100000000001,50.457421875,19818.68995362736,10,2026-07-25T19:58:59.068587+00:00,,
40,cpu,model_only,256,22,256,0.0148746,14.8746,58.10390625,17210.546838234306,10,2026-07-25T19:58:59.068587+00:00,,
40,cpu,model_only,256,23,256,0.0136465,13.646500000000001,53.306640625,18759.38885428498,10,2026-07-25T19:58:59.068587+00:00,,
40,cpu,model_only,256,24,256,0.0144423,14.4423,56.415234375,17725.708509032494,10,2026-07-25T19:58:59.068587+00:00,,
40,cpu,model_only,256,25,256,0.0162862,16.2862,63.61796875,15718.829438420256,10,2026-07-25T19:58:59.068587+00:00,,
40,cpu,model_only,256,26,256,0.012567,12.567,49.08984375,20370.812445293228,10,2026-07-25T19:58:59.068587+00:00,,
40,cpu,model_only,256,27,256,0.0126436,12.6436,49.3890625,20247.397893005156,10,2026-07-25T19:58:59.068587+00:00,,
40,cpu,model_only,256,28,256,0.0125054,12.5054,48.84921875,20471.156460409104,10,2026-07-25T19:58:59.068587+00:00,,
40,cpu,model_only,256,29,256,0.0120075,12.0075,46.904296875,21320.008328128253,10,2026-07-25T19:58:59.068587+00:00,,
40,cpu,model_only,256,30,256,0.0122993,12.2993,48.044140625000004,20814.192677632058,10,2026-07-25T19:58:59.068587+00:00,,
40,cpu,model_only,256,31,256,0.0148602,14.8602,58.04765625,17227.224398056554,10,2026-07-25T19:58:59.068587+00:00,,
40,cpu,model_only,256,32,256,0.0139718,13.9718,54.57734375,18322.62128000687,10,2026-07-25T19:58:59.068587+00:00,,
40,cpu,model_only,256,33,256,0.0133256,13.3256,52.053125,19211.142462628326,10,2026-07-25T19:58:59.068587+00:00,,
40,cpu,model_only,256,34,256,0.0130969,13.0969,51.159765625,19546.610266551626,10,2026-07-25T19:58:59.068587+00:00,,
40,cpu,model_only,256,35,256,0.0145774,14.5774,56.942968750000006,17561.430707807976,10,2026-07-25T19:58:59.068587+00:00,,
40,cpu,model_only,256,36,256,0.0119584,11.9584,46.7125,21407.546160021408,10,2026-07-25T19:58:59.068587+00:00,,
40,cpu,model_only,256,37,256,0.0121011,12.1011,47.269921875,21155.10160233367,10,2026-07-25T19:58:59.068587+00:00,,
40,cpu,model_only,256,38,256,0.0122346,12.2346,47.79140625,20924.26397266768,10,2026-07-25T19:58:59.068587+00:00,,
40,cpu,model_only,256,39,256,0.0147435,14.7435,57.591796875,17363.583952250145,10,2026-07-25T19:58:59.068587+00:00,,
40,cpu,model_only,256,40,256,0.0130528,13.0528,50.9875,19612.650159352783,10,2026-07-25T19:58:59.068587+00:00,,
40,cpu,model_only,256,41,256,0.0125411,12.5411,48.988671875,20412.882442528964,10,2026-07-25T19:58:59.068587+00:00,,
40,cpu,model_only,256,42,256,0.0138321,13.8321,54.031640625,18507.674178179743,10,2026-07-25T19:58:59.068587+00:00,,
40,cpu,model_only,256,43,256,0.0107279,10.7279,41.905859375,23863.011400180836,10,2026-07-25T19:58:59.068587+00:00,,
40,cpu,model_only,256,44,256,0.0124448,12.4448,48.612500000000004,20570.84083311905,10,2026-07-25T19:58:59.068587+00:00,,
40,cpu,model_only,256,45,256,0.0124446,12.4446,48.61171875,20571.171431785675,10,2026-07-25T19:58:59.068587+00:00,,
40,cpu,model_only,256,46,256,0.0118401,11.8401,46.250390624999994,21621.439008116486,10,2026-07-25T19:58:59.068587+00:00,,
40,cpu,model_only,256,47,256,0.0127016,12.701600000000001,49.615625,20154.941109781445,10,2026-07-25T19:58:59.068587+00:00,,
40,cpu,model_only,256,48,256,0.0108041,10.8041,42.203515625,23694.70849029535,10,2026-07-25T19:58:59.068587+00:00,,
40,cpu,model_only,256,49,256,0.0136725,13.672500000000001,53.408203125,18723.715487292007,10,2026-07-25T19:58:59.068587+00:00,,
40,cpu,model_only,256,50,256,0.0121683,12.1683,47.532421875,21038.27157450096,10,2026-07-25T19:58:59.068587+00:00,,
40,cpu,model_only,256,51,256,0.0124885,12.4885,48.783203125,20498.858950234215,10,2026-07-25T19:58:59.068587+00:00,,
40,cpu,model_only,256,52,256,0.0116233,11.6233,45.403515625,22024.726196519063,10,2026-07-25T19:58:59.068587+00:00,,
40,cpu,model_only,256,53,256,0.0140584,14.0584,54.915625,18209.753599271608,10,2026-07-25T19:58:59.068587+00:00,,
40,cpu,model_only,256,54,256,0.0136994,13.6994,53.51328125,18686.94979342161,10,2026-07-25T19:58:59.068587+00:00,,
40,cpu,model_only,256,55,256,0.0136929,13.6929,53.487890625,18695.82046169913,10,2026-07-25T19:58:59.068587+00:00,,
40,cpu,model_only,256,56,256,0.0132722,13.2722,51.844531249999996,19288.437485872728,10,2026-07-25T19:58:59.068587+00:00,,
40,cpu,model_only,256,57,256,0.0125178,12.517800000000001,48.897656250000004,20450.877949799484,10,2026-07-25T19:58:59.068587+00:00,,
40,cpu,model_only,256,58,256,0.0134272,13.427200000000001,52.45,19065.776930409913,10,2026-07-25T19:58:59.068587+00:00,,
40,cpu,model_only,256,59,256,0.0127809,12.780899999999999,49.925390625,20029.888349020806,10,2026-07-25T19:58:59.068587+00:00,,
40,cpu,model_only,256,60,256,0.01129,11.29,44.1015625,22674.93356953056,10,2026-07-25T19:58:59.068587+00:00,,
40,cpu,model_only,256,61,256,0.0143428,14.342799999999999,56.0265625,17848.676687954932,10,2026-07-25T19:58:59.068587+00:00,,
40,cpu,model_only,256,62,256,0.0139535,13.9535,54.505859375,18346.651377790517,10,2026-07-25T19:58:59.068587+00:00,,
40,cpu,model_only,256,63,256,0.0127772,12.7772,49.9109375,20035.688570265786,10,2026-07-25T19:58:59.068587+00:00,,
40,cpu,model_only,256,64,256,0.0128821,12.882100000000001,50.320703125,19872.53631007367,10,2026-07-25T19:58:59.068587+00:00,,
40,cpu,model_only,256,65,256,0.0128021,12.802100000000001,50.008203125,19996.719288241773,10,2026-07-25T19:58:59.068587+00:00,,
40,cpu,model_only,256,66,256,0.0135258,13.525799999999998,52.83515625,18926.791760930962,10,2026-07-25T19:58:59.068587+00:00,,
40,cpu,model_only,256,67,256,0.0140538,14.0538,54.89765625,18215.713899443566,10,2026-07-25T19:58:59.068587+00:00,,
40,cpu,model_only,256,68,256,0.0138713,13.8713,54.184765625,18455.37188295257,10,2026-07-25T19:58:59.068587+00:00,,
40,cpu,model_only,256,69,256,0.0132701,13.2701,51.836328125,19291.489890807152,10,2026-07-25T19:58:59.068587+00:00,,
40,cpu,model_only,256,70,256,0.0127548,12.7548,49.8234375,20070.87527832659,10,2026-07-25T19:58:59.068587+00:00,,
40,cpu,model_only,256,71,256,0.0134381,13.4381,52.492578125,19050.312172107664,10,2026-07-25T19:58:59.068587+00:00,,
40,cpu,model_only,256,72,256,0.0132767,13.2767,51.862109375,19281.899869696535,10,2026-07-25T19:58:59.068587+00:00,,
40,cpu,model_only,256,73,256,0.0130727,13.0727,51.065234374999996,19582.79467898751,10,2026-07-25T19:58:59.068587+00:00,,
40,cpu,model_only,256,74,256,0.0143318,14.331800000000001,55.983593750000004,17862.375975104314,10,2026-07-25T19:58:59.068587+00:00,,
40,cpu,model_only,256,75,256,0.0137012,13.7012,53.5203125,18684.494788777625,10,2026-07-25T19:58:59.068587+00:00,,
40,cpu,model_only,256,76,256,0.0139986,13.9986,54.68203125,18287.54304001829,10,2026-07-25T19:58:59.068587+00:00,,
40,cpu,model_only,256,77,256,0.0150779,15.0779,58.898046875,16978.491699772516,10,2026-07-25T19:58:59.068587+00:00,,
40,cpu,model_only,256,78,256,0.0152681,15.2681,59.641015625,16766.98475907284,10,2026-07-25T19:58:59.068587+00:00,,
40,cpu,model_only,256,79,256,0.0135075,13.5075,52.763671875,18952.433833055708,10,2026-07-25T19:58:59.068587+00:00,,
40,cpu,model_only,256,80,256,0.0128674,12.8674,50.26328125,19895.239131448467,10,2026-07-25T19:58:59.068587+00:00,,
40,cpu,model_only,256,81,256,0.014235,14.235,55.60546875,17983.84264137689,10,2026-07-25T19:58:59.068587+00:00,,
40,cpu,model_only,256,82,256,0.0129065,12.9065,50.416015625,19834.966877154922,10,2026-07-25T19:58:59.068587+00:00,,
40,cpu,model_only,256,83,256,0.0135041,13.5041,52.750390625,18957.205589413585,10,2026-07-25T19:58:59.068587+00:00,,
40,cpu,model_only,256,84,256,0.0126163,12.6163,49.282421875000004,20291.210576793514,10,2026-07-25T19:58:59.068587+00:00,,
40,cpu,model_only,256,85,256,0.0143366,14.336599999999999,56.00234375,17856.39551916075,10,2026-07-25T19:58:59.068587+00:00,,
40,cpu,model_only,256,86,256,0.012469,12.469,48.70703125,20530.916673349908,10,2026-07-25T19:58:59.068587+00:00,,
40,cpu,model_only,256,87,256,0.0137893,13.7893,53.864453125000004,18565.119331655704,10,2026-07-25T19:58:59.068587+00:00,,
40,cpu,model_only,256,88,256,0.0126153,12.6153,49.278515625,20292.81903720086,10,2026-07-25T19:58:59.068587+00:00,,
40,cpu,model_only,256,89,256,0.0134617,13.4617,52.584765625,19016.91465416701,10,2026-07-25T19:58:59.068587+00:00,,
40,cpu,model_only,256,90,256,0.0124234,12.423399999999999,48.52890625,20606.275254761178,10,2026-07-25T19:58:59.068587+00:00,,
40,cpu,model_only,256,91,256,0.01356,13.559999999999999,52.96875,18879.056047197642,10,2026-07-25T19:58:59.068587+00:00,,
40,cpu,model_only,256,92,256,0.0131768,13.1768,51.471875000000004,19428.085726428268,10,2026-07-25T19:58:59.068587+00:00,,
40,cpu,model_only,256,93,256,0.0146478,14.6478,57.217968750000004,17477.02726689332,10,2026-07-25T19:58:59.068587+00:00,,
40,cpu,model_only,256,94,256,0.0123984,12.3984,48.43125,20647.825525874305,10,2026-07-25T19:58:59.068587+00:00,,
40,cpu,model_only,256,95,256,0.0123473,12.3473,48.231640625000004,20733.27772063528,10,2026-07-25T19:58:59.068587+00:00,,
40,cpu,model_only,256,96,256,0.014435,14.435,56.38671875,17734.67267059231,10,2026-07-25T19:58:59.068587+00:00,,
40,cpu,model_only,256,97,256,0.014718,14.718,57.4921875,17393.667617882864,10,2026-07-25T19:58:59.068587+00:00,,
40,cpu,model_only,256,98,256,0.0126786,12.6786,49.52578125,20191.50379379427,10,2026-07-25T19:58:59.068587+00:00,,
40,cpu,model_only,256,99,256,0.0126522,12.6522,49.42265625,20233.635257109436,10,2026-07-25T19:58:59.068587+00:00,,
40,cpu,end_to_end,256,0,256,0.0129266,12.9266,50.49453125,19804.124827874304,10,2026-07-25T19:58:59.068587+00:00,,
40,cpu,end_to_end,256,1,256,0.0143844,14.384400000000001,56.1890625,17797.05792386196,10,2026-07-25T19:58:59.068587+00:00,,
40,cpu,end_to_end,256,2,256,0.0138258,13.8258,54.00703125,18516.107567012397,10,2026-07-25T19:58:59.068587+00:00,,
40,cpu,end_to_end,256,3,256,0.012122,12.122000000000002,47.3515625,21118.6272892262,10,2026-07-25T19:58:59.068587+00:00,,
40,cpu,end_to_end,256,4,256,0.0142149,14.2149,55.526953125000006,18009.271961111226,10,2026-07-25T19:58:59.068587+00:00,,
40,cpu,end_to_end,256,5,256,0.0143942,14.3942,56.227343749999996,17784.941156854846,10,2026-07-25T19:58:59.068587+00:00,,
40,cpu,end_to_end,256,6,256,0.0139382,13.9382,54.446093749999996,18366.79054684249,10,2026-07-25T19:58:59.068587+00:00,,
40,cpu,end_to_end,256,7,256,0.0125168,12.5168,48.89375,20452.5118241084,10,2026-07-25T19:58:59.068587+00:00,,
40,cpu,end_to_end,256,8,256,0.0134808,13.480799999999999,52.659375,18989.970921607026,10,2026-07-25T19:58:59.068587+00:00,,
40,cpu,end_to_end,256,9,256,0.0136531,13.6531,53.332421875,18750.320440046584,10,2026-07-25T19:58:59.068587+00:00,,
40,cpu,end_to_end,256,10,256,0.0132866,13.2866,51.90078125,19267.532702120934,10,2026-07-25T19:58:59.068587+00:00,,
40,cpu,end_to_end,256,11,256,0.0127264,12.7264,49.712500000000006,20115.665074176515,10,2026-07-25T19:58:59.068587+00:00,,
40,cpu,end_to_end,256,12,256,0.0132472,13.247200000000001,51.746875,19324.838456428526,10,2026-07-25T19:58:59.068587+00:00,,
40,cpu,end_to_end,256,13,256,0.0124709,12.4709,48.714453125,20527.78869207515,10,2026-07-25T19:58:59.068587+00:00,,
40,cpu,end_to_end,256,14,256,0.0136679,13.6679,53.390234375,18730.01704724208,10,2026-07-25T19:58:59.068587+00:00,,
40,cpu,end_to_end,256,15,256,0.0139065,13.906500000000001,54.322265625,18408.657821881854,10,2026-07-25T19:58:59.068587+00:00,,
40,cpu,end_to_end,256,16,256,0.0145004,14.5004,56.6421875,17654.685387989295,10,2026-07-25T19:58:59.068587+00:00,,
40,cpu,end_to_end,256,17,256,0.0128758,12.8758,50.29609375,19882.259743083927,10,2026-07-25T19:58:59.068587+00:00,,
40,cpu,end_to_end,256,18,256,0.0126828,12.682799999999999,49.5421875,20184.817232787715,10,2026-07-25T19:58:59.068587+00:00,,
40,cpu,end_to_end,256,19,256,0.0116243,11.6243,45.407421875000004,22022.831482325815,10,2026-07-25T19:58:59.068587+00:00,,
40,cpu,end_to_end,256,20,256,0.0144093,14.4093,56.286328125,17766.30370663391,10,2026-07-25T19:58:59.068587+00:00,,
40,cpu,end_to_end,256,21,256,0.0150243,15.0243,58.688671875000004,17039.063383984612,10,2026-07-25T19:58:59.068587+00:00,,
40,cpu,end_to_end,256,22,256,0.0133727,13.3727,52.237109374999996,19143.478878610902,10,2026-07-25T19:58:59.068587+00:00,,
40,cpu,end_to_end,256,23,256,0.0120663,12.0663,47.133984375000004,21216.1143018158,10,2026-07-25T19:58:59.068587+00:00,,
40,cpu,end_to_end,256,24,256,0.014966,14.966,58.4609375,17105.438995055458,10,2026-07-25T19:58:59.068587+00:00,,
40,cpu,end_to_end,256,25,256,0.0127889,12.7889,49.956640625000006,20017.35880333727,10,2026-07-25T19:58:59.068587+00:00,,
40,cpu,end_to_end,256,26,256,0.0146492,14.649199999999999,57.223437499999996,17475.35701608279,10,2026-07-25T19:58:59.068587+00:00,,
40,cpu,end_to_end,256,27,256,0.013576,13.575999999999999,53.03125,18856.80612846199,10,2026-07-25T19:58:59.068587+00:00,,
40,cpu,end_to_end,256,28,256,0.0159068,15.906799999999999,62.1359375,16093.746070862777,10,2026-07-25T19:58:59.068587+00:00,,
40,cpu,end_to_end,256,29,256,0.0149877,14.9877,58.545703124999996,17080.672818377738,10,2026-07-25T19:58:59.068587+00:00,,
40,cpu,end_to_end,256,30,256,0.0142674,14.2674,55.73203125,17943.00292975595,10,2026-07-25T19:58:59.068587+00:00,,
40,cpu,end_to_end,256,31,256,0.0156094,15.6094,60.974218750000006,16400.374133534922,10,2026-07-25T19:58:59.068587+00:00,,
40,cpu,end_to_end,256,32,256,0.0132889,13.2889,51.909765625,19264.197939633832,10,2026-07-25T19:58:59.068587+00:00,,
40,cpu,end_to_end,256,33,256,0.0124104,12.410400000000001,48.478125,20627.86050409334,10,2026-07-25T19:58:59.068587+00:00,,
40,cpu,end_to_end,256,34,256,0.0121585,12.158499999999998,47.494140625,21055.228852243286,10,2026-07-25T19:58:59.068587+00:00,,
40,cpu,end_to_end,256,35,256,0.0130116,13.0116,50.8265625,19674.75175996803,10,2026-07-25T19:58:59.068587+00:00,,
40,cpu,end_to_end,256,36,256,0.0142271,14.2271,55.574609375,17993.828679070226,10,2026-07-25T19:58:59.068587+00:00,,
40,cpu,end_to_end,256,37,256,0.0141648,14.1648,55.33125,18072.969614819835,10,2026-07-25T19:58:59.068587+00:00,,
40,cpu,end_to_end,256,38,256,0.0124131,12.4131,48.488671875,20623.373693920134,10,2026-07-25T19:58:59.068587+00:00,,
40,cpu,end_to_end,256,39,256,0.0125251,12.5251,48.926171875,20438.95857118905,10,2026-07-25T19:58:59.068587+00:00,,
40,cpu,end_to_end,256,40,256,0.0126986,12.6986,49.60390625,20159.702644385994,10,2026-07-25T19:58:59.068587+00:00,,
40,cpu,end_to_end,256,41,256,0.0113074,11.307400000000001,44.16953125,22640.041035074377,10,2026-07-25T19:58:59.068587+00:00,,
40,cpu,end_to_end,256,42,256,0.014608,14.607999999999999,57.0625,17524.64403066813,10,2026-07-25T19:58:59.068587+00:00,,
40,cpu,end_to_end,256,43,256,0.0120315,12.031500000000001,46.998046875,21277.4799484686,10,2026-07-25T19:58:59.068587+00:00,,
40,cpu,end_to_end,256,44,256,0.0117785,11.778500000000001,46.009765625,21734.516279662093,10,2026-07-25T19:58:59.068587+00:00,,
40,cpu,end_to_end,256,45,256,0.0135934,13.5934,53.09921875,18832.66879515059,10,2026-07-25T19:58:59.068587+00:00,,
40,cpu,end_to_end,256,46,256,0.0136406,13.6406,53.283593749999994,18767.50289576705,10,2026-07-25T19:58:59.068587+00:00,,
40,cpu,end_to_end,256,47,256,0.0121652,12.165199999999999,47.520312499999996,21043.63265708743,10,2026-07-25T19:58:59.068587+00:00,,
40,cpu,end_to_end,256,48,256,0.0143283,14.3283,55.969921875000004,17866.73925029487,10,2026-07-25T19:58:59.068587+00:00,,
40,cpu,end_to_end,256,49,256,0.0143089,14.3089,55.894140625,17890.96296710439,10,2026-07-25T19:58:59.068587+00:00,,
40,cpu,end_to_end,256,50,256,0.0135543,13.5543,52.946484375,18886.99527087345,10,2026-07-25T19:58:59.068587+00:00,,
40,cpu,end_to_end,256,51,256,0.0139725,13.9725,54.580078125,18321.703345857935,10,2026-07-25T19:58:59.068587+00:00,,
40,cpu,end_to_end,256,52,256,0.0147985,14.798499999999999,57.806640625,17299.05057945062,10,2026-07-25T19:58:59.068587+00:00,,
40,cpu,end_to_end,256,53,256,0.0144303,14.4303,56.368359375,17740.448916515943,10,2026-07-25T19:58:59.068587+00:00,,
40,cpu,end_to_end,256,54,256,0.0112985,11.298499999999999,44.134765625,22657.874939151217,10,2026-07-25T19:58:59.068587+00:00,,
40,cpu,end_to_end,256,55,256,0.0134334,13.4334,52.47421875,19056.97738472762,10,2026-07-25T19:58:59.068587+00:00,,
40,cpu,end_to_end,256,56,256,0.0163635,16.3635,63.919921875,15644.574815901244,10,2026-07-25T19:58:59.068587+00:00,,
40,cpu,end_to_end,256,57,256,0.0152708,15.2708,59.6515625,16764.020221599392,10,2026-07-25T19:58:59.068587+00:00,,
40,cpu,end_to_end,256,58,256,0.0151364,15.1364,59.1265625,16912.872281387914,10,2026-07-25T19:58:59.068587+00:00,,
40,cpu,end_to_end,256,59,256,0.0128998,12.899799999999999,50.38984375,19845.268918897968,10,2026-07-25T19:58:59.068587+00:00,,
40,cpu,end_to_end,256,60,256,0.0105439,10.5439,41.187109375,24279.44119348628,10,2026-07-25T19:58:59.068587+00:00,,
40,cpu,end_to_end,256,61,256,0.0145271,14.527099999999999,56.746484374999994,17622.23706039058,10,2026-07-25T19:58:59.068587+00:00,,
40,cpu,end_to_end,256,62,256,0.0143539,14.3539,56.069921875,17834.87414570256,10,2026-07-25T19:58:59.068587+00:00,,
40,cpu,end_to_end,256,63,256,0.0150557,15.0557,58.811328125,17003.526903431924,10,2026-07-25T19:58:59.068587+00:00,,
40,cpu,end_to_end,256,64,256,0.0137526,13.752600000000001,53.72109375,18614.66195483036,10,2026-07-25T19:58:59.068587+00:00,,
40,cpu,end_to_end,256,65,256,0.014371,14.371,56.13671875,17813.652494607195,10,2026-07-25T19:58:59.068587+00:00,,
40,cpu,end_to_end,256,66,256,0.0131085,13.108500000000001,51.205078125,19529.3130411565,10,2026-07-25T19:58:59.068587+00:00,,
40,cpu,end_to_end,256,67,256,0.0143017,14.3017,55.866015625,17899.96993364425,10,2026-07-25T19:58:59.068587+00:00,,
40,cpu,end_to_end,256,68,256,0.011638,11.638,45.4609375,21996.906684997422,10,2026-07-25T19:58:59.068587+00:00,,
40,cpu,end_to_end,256,69,256,0.0108238,10.8238,42.28046875,23651.58262347789,10,2026-07-25T19:58:59.068587+00:00,,
40,cpu,end_to_end,256,70,256,0.0123644,12.3644,48.2984375,20704.60353919317,10,2026-07-25T19:58:59.068587+00:00,,
40,cpu,end_to_end,256,71,256,0.014555,14.555,56.85546875,17588.45757471659,10,2026-07-25T19:58:59.068587+00:00,,
40,cpu,end_to_end,256,72,256,0.0140175,14.0175,54.755859375,18262.885678616014,10,2026-07-25T19:58:59.068587+00:00,,
40,cpu,end_to_end,256,73,256,0.0129423,12.9423,50.555859375000004,19780.100909421046,10,2026-07-25T19:58:59.068587+00:00,,
40,cpu,end_to_end,256,74,256,0.0135604,13.5604,52.9703125,18878.499159316834,10,2026-07-25T19:58:59.068587+00:00,,
40,cpu,end_to_end,256,75,256,0.0137901,13.790099999999999,53.867578125,18564.042320215227,10,2026-07-25T19:58:59.068587+00:00,,
40,cpu,end_to_end,256,76,256,0.0127197,12.7197,49.686328125,20126.260839485207,10,2026-07-25T19:58:59.068587+00:00,,
40,cpu,end_to_end,256,77,256,0.0132472,13.247200000000001,51.746875,19324.838456428526,10,2026-07-25T19:58:59.068587+00:00,,
40,cpu,end_to_end,256,78,256,0.012724,12.723999999999998,49.703125,20119.459289531595,10,2026-07-25T19:58:59.068587+00:00,,
40,cpu,end_to_end,256,79,256,0.0124535,12.4535,48.646484375,20556.4700686554,10,2026-07-25T19:58:59.068587+00:00,,
40,cpu,end_to_end,256,80,256,0.0137355,13.7355,53.654296875,18637.836263696263,10,2026-07-25T19:58:59.068587+00:00,,
40,cpu,end_to_end,256,81,256,0.0133606,13.3606,52.18984375,19160.81613101208,10,2026-07-25T19:58:59.068587+00:00,,
40,cpu,end_to_end,256,82,256,0.0133612,13.3612,52.1921875,19159.95569260246,10,2026-07-25T19:58:59.068587+00:00,,
40,cpu,end_to_end,256,83,256,0.012565,12.565,49.08203125,20374.05491444489,10,2026-07-25T19:58:59.068587+00:00,,
40,cpu,end_to_end,256,84,256,0.0145516,14.551599999999999,56.8421875,17592.567140383188,10,2026-07-25T19:58:59.068587+00:00,,
40,cpu,end_to_end,256,85,256,0.0134413,13.4413,52.505078125,19045.77682218238,10,2026-07-25T19:58:59.068587+00:00,,
40,cpu,end_to_end,256,86,256,0.0122572,12.2572,47.879687499999996,20885.683516626963,10,2026-07-25T19:58:59.068587+00:00,,
40,cpu,end_to_end,256,87,256,0.0130175,13.0175,50.849609375,19665.834453620126,10,2026-07-25T19:58:59.068587+00:00,,
40,cpu,end_to_end,256,88,256,0.0138155,13.8155,53.966796875,18529.912055300207,10,2026-07-25T19:58:59.068587+00:00,,
40,cpu,end_to_end,256,89,256,0.0132164,13.2164,51.6265625,19369.873793166065,10,2026-07-25T19:58:59.068587+00:00,,
40,cpu,end_to_end,256,90,256,0.0136386,13.6386,53.27578125,18770.255011511443,10,2026-07-25T19:58:59.068587+00:00,,
40,cpu,end_to_end,256,91,256,0.0107255,10.7255,41.896484375,23868.35112582164,10,2026-07-25T19:58:59.068587+00:00,,
40,cpu,end_to_end,256,92,256,0.0136594,13.6594,53.35703125,18741.672401423195,10,2026-07-25T19:58:59.068587+00:00,,
40,cpu,end_to_end,256,93,256,0.0146187,14.6187,57.104296875,17511.817056236192,10,2026-07-25T19:58:59.068587+00:00,,
40,cpu,end_to_end,256,94,256,0.0138077,13.807699999999999,53.936328124999996,18540.37964324254,10,2026-07-25T19:58:59.068587+00:00,,
40,cpu,end_to_end,256,95,256,0.0138099,13.8099,53.944921875,18537.426049428308,10,2026-07-25T19:58:59.068587+00:00,,
40,cpu,end_to_end,256,96,256,0.0134639,13.4639,52.593359375000006,19013.807292092188,10,2026-07-25T19:58:59.068587+00:00,,
40,cpu,end_to_end,256,97,256,0.010748,10.748000000000001,41.984375,23818.38481577968,10,2026-07-25T19:58:59.068587+00:00,,
40,cpu,end_to_end,256,98,256,0.0117874,11.7874,46.04453125,21718.105773962026,10,2026-07-25T19:58:59.068587+00:00,,
40,cpu,end_to_end,256,99,256,0.0130423,13.0423,50.946484375,19628.43976905914,10,2026-07-25T19:58:59.068587+00:00,,
40,cpu,model_only,512,0,512,0.0131723,13.1723,25.7271484375,38869.4457308139,10,2026-07-25T19:58:59.068587+00:00,,
40,cpu,model_only,512,1,512,0.0128391,12.8391,25.0763671875,39878.18460795539,10,2026-07-25T19:58:59.068587+00:00,,
40,cpu,model_only,512,2,512,0.0111772,11.1772,21.83046875,45807.5367712844,10,2026-07-25T19:58:59.068587+00:00,,
40,cpu,model_only,512,3,512,0.0120966,12.0966,23.626171875,42325.94282691004,10,2026-07-25T19:58:59.068587+00:00,,
40,cpu,model_only,512,4,512,0.0122921,12.2921,24.0080078125,41652.76885153879,10,2026-07-25T19:58:59.068587+00:00,,
40,cpu,model_only,512,5,512,0.0141496,14.1496,27.6359375,36184.768474020464,10,2026-07-25T19:58:59.068587+00:00,,
40,cpu,model_only,512,6,512,0.0140141,14.0141,27.3712890625,36534.63297678767,10,2026-07-25T19:58:59.068587+00:00,,
40,cpu,model_only,512,7,512,0.0163144,16.3144,31.8640625,31383.317805129213,10,2026-07-25T19:58:59.068587+00:00,,
40,cpu,model_only,512,8,512,0.0158916,15.891599999999999,31.038281249999997,32218.278839135142,10,2026-07-25T19:58:59.068587+00:00,,
40,cpu,model_only,512,9,512,0.0155944,15.5944,30.4578125,32832.29877391885,10,2026-07-25T19:58:59.068587+00:00,,
40,cpu,model_only,512,10,512,0.0146394,14.6394,28.592578125,34974.11096083173,10,2026-07-25T19:58:59.068587+00:00,,
40,cpu,model_only,512,11,512,0.0168835,16.883499999999998,32.9755859375,30325.465691355468,10,2026-07-25T19:58:59.068587+00:00,,
40,cpu,model_only,512,12,512,0.0174785,17.4785,34.1376953125,29293.13156163286,10,2026-07-25T19:58:59.068587+00:00,,
40,cpu,model_only,512,13,512,0.0148044,14.804400000000001,28.91484375,34584.31277187863,10,2026-07-25T19:58:59.068587+00:00,,
40,cpu,model_only,512,14,512,0.0157174,15.7174,30.698046875,32575.362337282248,10,2026-07-25T19:58:59.068587+00:00,,
40,cpu,model_only,512,15,512,0.0174304,17.4304,34.043749999999996,29373.967321461358,10,2026-07-25T19:58:59.068587+00:00,,
40,cpu,model_only,512,16,512,0.0159153,15.9153,31.084570312500002,32170.30153374426,10,2026-07-25T19:58:59.068587+00:00,,
40,cpu,model_only,512,17,512,0.0153274,15.327399999999999,29.936328125,33404.23033260697,10,2026-07-25T19:58:59.068587+00:00,,
40,cpu,model_only,512,18,512,0.0194308,19.4308,37.950781250000006,26349.918685797802,10,2026-07-25T19:58:59.068587+00:00,,
40,cpu,model_only,512,19,512,0.0198367,19.8367,38.743554687499994,25810.744730726383,10,2026-07-25T19:58:59.068587+00:00,,
40,cpu,model_only,512,20,512,0.0188292,18.8292,36.77578125,27191.808467699106,10,2026-07-25T19:58:59.068587+00:00,,
40,cpu,model_only,512,21,512,0.0191007,19.100700000000003,37.3060546875,26805.3003293073,10,2026-07-25T19:58:59.068587+00:00,,
40,cpu,model_only,512,22,512,0.0143538,14.3538,28.034765625,35669.99679527373,10,2026-07-25T19:58:59.068587+00:00,,
40,cpu,model_only,512,23,512,0.0162576,16.2576,31.753125,31492.96329101466,10,2026-07-25T19:58:59.068587+00:00,,
40,cpu,model_only,512,24,512,0.0138769,13.8769,27.1033203125,36895.84849642211,10,2026-07-25T19:58:59.068587+00:00,,
40,cpu,model_only,512,25,512,0.0125135,12.5135,24.4404296875,40915.81092420186,10,2026-07-25T19:58:59.068587+00:00,,
40,cpu,model_only,512,26,512,0.0136286,13.628599999999999,26.618359374999997,37568.05541288174,10,2026-07-25T19:58:59.068587+00:00,,
40,cpu,model_only,512,27,512,0.0142432,14.2432,27.818749999999998,35946.978207144464,10,2026-07-25T19:58:59.068587+00:00,,
40,cpu,model_only,512,28,512,0.0129053,12.9053,25.2056640625,39673.622465188724,10,2026-07-25T19:58:59.068587+00:00,,
40,cpu,model_only,512,29,512,0.0131559,13.155899999999999,25.6951171875,38917.89995363297,10,2026-07-25T19:58:59.068587+00:00,,
40,cpu,model_only,512,30,512,0.0145746,14.5746,28.466015625,35129.60904587433,10,2026-07-25T19:58:59.068587+00:00,,
40,cpu,model_only,512,31,512,0.0141204,14.1204,27.57890625,36259.59604543781,10,2026-07-25T19:58:59.068587+00:00,,
40,cpu,model_only,512,32,512,0.0130372,13.0372,25.46328125,39272.23636977265,10,2026-07-25T19:58:59.068587+00:00,,
40,cpu,model_only,512,33,512,0.014192,14.192,27.71875,36076.66290868095,10,2026-07-25T19:58:59.068587+00:00,,
40,cpu,model_only,512,34,512,0.013622,13.622,26.60546875,37586.25752459257,10,2026-07-25T19:58:59.068587+00:00,,
40,cpu,model_only,512,35,512,0.0113764,11.3764,22.21953125,45005.44987869625,10,2026-07-25T19:58:59.068587+00:00,,
40,cpu,model_only,512,36,512,0.0128267,12.8267,25.0521484375,39916.736183118024,10,2026-07-25T19:58:59.068587+00:00,,
40,cpu,model_only,512,37,512,0.0124624,12.4624,24.340625,41083.579406855824,10,2026-07-25T19:58:59.068587+00:00,,
40,cpu,model_only,512,38,512,0.0137722,13.7722,26.898828125,37176.340744398134,10,2026-07-25T19:58:59.068587+00:00,,
40,cpu,model_only,512,39,512,0.0121252,12.1252,23.682031249999998,42226.10761059612,10,2026-07-25T19:58:59.068587+00:00,,
40,cpu,model_only,512,40,512,0.0135837,13.5837,26.5306640625,37692.234074663014,10,2026-07-25T19:58:59.068587+00:00,,
40,cpu,model_only,512,41,512,0.012594,12.594,24.59765625,40654.279815785296,10,2026-07-25T19:58:59.068587+00:00,,
40,cpu,model_only,512,42,512,0.0134796,13.4796,26.32734375,37983.32294726847,10,2026-07-25T19:58:59.068587+00:00,,
40,cpu,model_only,512,43,512,0.0134186,13.4186,26.208203124999997,38155.99242842026,10,2026-07-25T19:58:59.068587+00:00,,
40,cpu,model_only,512,44,512,0.0147314,14.7314,28.772265625,34755.69192337456,10,2026-07-25T19:58:59.068587+00:00,,
40,cpu,model_only,512,45,512,0.013131,13.131,25.646484375,38991.69903282309,10,2026-07-25T19:58:59.068587+00:00,,
40,cpu,model_only,512,46,512,0.013724,13.724,26.8046875,37306.90760711163,10,2026-07-25T19:58:59.068587+00:00,,
40,cpu,model_only,512,47,512,0.0124721,12.4721,24.3595703125,41051.62723198179,10,2026-07-25T19:58:59.068587+00:00,,
40,cpu,model_only,512,48,512,0.0146167,14.6167,28.5482421875,35028.426388993415,10,2026-07-25T19:58:59.068587+00:00,,
40,cpu,model_only,512,49,512,0.0154903,15.4903,30.254492187500002,33052.94280937102,10,2026-07-25T19:58:59.068587+00:00,,
40,cpu,model_only,512,50,512,0.0144999,14.4999,28.3201171875,35310.58834888517,10,2026-07-25T19:58:59.068587+00:00,,
40,cpu,model_only,512,51,512,0.0140417,14.0417,27.4251953125,36462.82145324284,10,2026-07-25T19:58:59.068587+00:00,,
40,cpu,model_only,512,52,512,0.0135859,13.5859,26.5349609375,37686.13047350562,10,2026-07-25T19:58:59.068587+00:00,,
40,cpu,model_only,512,53,512,0.0149765,14.9765,29.2509765625,34186.89279871799,10,2026-07-25T19:58:59.068587+00:00,,
40,cpu,model_only,512,54,512,0.0129377,12.9377,25.2689453125,39574.26745093796,10,2026-07-25T19:58:59.068587+00:00,,
40,cpu,model_only,512,55,512,0.0135453,13.5453,26.4556640625,37799.088982894435,10,2026-07-25T19:58:59.068587+00:00,,
40,cpu,model_only,512,56,512,0.0133351,13.3351,26.0451171875,38394.912674070685,10,2026-07-25T19:58:59.068587+00:00,,
40,cpu,model_only,512,57,512,0.0148263,14.8263,28.957617187500002,34533.22811490392,10,2026-07-25T19:58:59.068587+00:00,,
40,cpu,model_only,512,58,512,0.0138114,13.811399999999999,26.975390625,37070.82554990805,10,2026-07-25T19:58:59.068587+00:00,,
40,cpu,model_only,512,59,512,0.0150031,15.0031,29.3029296875,34126.28056868247,10,2026-07-25T19:58:59.068587+00:00,,
40,cpu,model_only,512,60,512,0.0129713,12.9713,25.3345703125,39471.75687864747,10,2026-07-25T19:58:59.068587+00:00,,
40,cpu,model_only,512,61,512,0.0124187,12.4187,24.255273437499998,41228.147873771006,10,2026-07-25T19:58:59.068587+00:00,,
40,cpu,model_only,512,62,512,0.0122728,12.2728,23.970312500000002,41718.27129913304,10,2026-07-25T19:58:59.068587+00:00,,
40,cpu,model_only,512,63,512,0.0109994,10.9994,21.483203125,46547.99352691965,10,2026-07-25T19:58:59.068587+00:00,,
40,cpu,model_only,512,64,512,0.0141987,14.1987,27.7318359375,36059.639262749406,10,2026-07-25T19:58:59.068587+00:00,,
40,cpu,model_only,512,65,512,0.0139608,13.9608,27.267187500000002,36674.116096498765,10,2026-07-25T19:58:59.068587+00:00,,
40,cpu,model_only,512,66,512,0.0132871,13.287099999999999,25.9513671875,38533.61531109121,10,2026-07-25T19:58:59.068587+00:00,,
40,cpu,model_only,512,67,512,0.0135261,13.5261,26.418164062499997,37852.74395428099,10,2026-07-25T19:58:59.068587+00:00,,
40,cpu,model_only,512,68,512,0.0124372,12.4372,24.29140625,41166.82211430225,10,2026-07-25T19:58:59.068587+00:00,,
40,cpu,model_only,512,69,512,0.013644,13.644,26.6484375,37525.65230137789,10,2026-07-25T19:58:59.068587+00:00,,
40,cpu,model_only,512,70,512,0.0126108,12.6108,24.63046875,40600.12053160783,10,2026-07-25T19:58:59.068587+00:00,,
40,cpu,model_only,512,71,512,0.0141583,14.1583,27.652929687500002,36162.53363751298,10,2026-07-25T19:58:59.068587+00:00,,
40,cpu,model_only,512,72,512,0.0139506,13.9506,27.247265625,36700.9304259315,10,2026-07-25T19:58:59.068587+00:00,,
40,cpu,model_only,512,73,512,0.0135196,13.5196,26.40546875,37870.94292730554,10,2026-07-25T19:58:59.068587+00:00,,
40,cpu,model_only,512,74,512,0.0151983,15.1983,29.6841796875,33687.97826072653,10,2026-07-25T19:58:59.068587+00:00,,
40,cpu,model_only,512,75,512,0.0153171,15.3171,29.9162109375,33426.69304241664,10,2026-07-25T19:58:59.068587+00:00,,
40,cpu,model_only,512,76,512,0.0146524,14.6524,28.61796875,34943.08099696978,10,2026-07-25T19:58:59.068587+00:00,,
40,cpu,model_only,512,77,512,0.0171928,17.192800000000002,33.579687500000006,29779.90786841003,10,2026-07-25T19:58:59.068587+00:00,,
40,cpu,model_only,512,78,512,0.0147043,14.7043,28.7193359375,34819.74660473467,10,2026-07-25T19:58:59.068587+00:00,,
40,cpu,model_only,512,79,512,0.0135418,13.5418,26.448828125,37808.85849739326,10,2026-07-25T19:58:59.068587+00:00,,
40,cpu,model_only,512,80,512,0.0142114,14.211400000000001,27.756640625000003,36027.414610805405,10,2026-07-25T19:58:59.068587+00:00,,
40,cpu,model_only,512,81,512,0.0160182,16.0182,31.285546874999998,31963.641357955326,10,2026-07-25T19:58:59.068587+00:00,,
40,cpu,model_only,512,82,512,0.0171681,17.1681,33.5314453125,29822.752663369858,10,2026-07-25T19:58:59.068587+00:00,,
40,cpu,model_only,512,83,512,0.0142546,14.2546,27.841015624999997,35918.22990473251,10,2026-07-25T19:58:59.068587+00:00,,
40,cpu,model_only,512,84,512,0.0131199,13.1199,25.6248046875,39024.68768816836,10,2026-07-25T19:58:59.068587+00:00,,
40,cpu,model_only,512,85,512,0.0153442,15.3442,29.969140625,33367.65683450424,10,2026-07-25T19:58:59.068587+00:00,,
40,cpu,model_only,512,86,512,0.014995,14.995,29.287109375,34144.71490496832,10,2026-07-25T19:58:59.068587+00:00,,
40,cpu,model_only,512,87,512,0.015305,15.305,29.892578125,33453.119895459,10,2026-07-25T19:58:59.068587+00:00,,
40,cpu,model_only,512,88,512,0.0143972,14.3972,28.11953125,35562.47048037118,10,2026-07-25T19:58:59.068587+00:00,,
40,cpu,model_only,512,89,512,0.0152361,15.2361,29.7580078125,33604.40007613497,10,2026-07-25T19:58:59.068587+00:00,,
40,cpu,model_only,512,90,512,0.0142219,14.221900000000002,27.777148437500003,36000.81564347942,10,2026-07-25T19:58:59.068587+00:00,,
40,cpu,model_only,512,91,512,0.0135205,13.5205,26.4072265625,37868.42202581266,10,2026-07-25T19:58:59.068587+00:00,,
40,cpu,model_only,512,92,512,0.0134222,13.4222,26.215234375,38145.758519467745,10,2026-07-25T19:58:59.068587+00:00,,
40,cpu,model_only,512,93,512,0.0135927,13.592699999999999,26.548242187499998,37667.27728854459,10,2026-07-25T19:58:59.068587+00:00,,
40,cpu,model_only,512,94,512,0.0133821,13.3821,26.136914062499997,38260.063816590824,10,2026-07-25T19:58:59.068587+00:00,,
40,cpu,model_only,512,95,512,0.0131762,13.176200000000001,25.734765625,38857.940832713524,10,2026-07-25T19:58:59.068587+00:00,,
40,cpu,model_only,512,96,512,0.012175,12.175,23.779296875,42053.38809034908,10,2026-07-25T19:58:59.068587+00:00,,
40,cpu,model_only,512,97,512,0.0138477,13.8477,27.046289062499998,36973.64905363346,10,2026-07-25T19:58:59.068587+00:00,,
40,cpu,model_only,512,98,512,0.0136756,13.6756,26.71015625,37438.94234987862,10,2026-07-25T19:58:59.068587+00:00,,
40,cpu,model_only,512,99,512,0.0129424,12.9424,25.278125,39559.896155272596,10,2026-07-25T19:58:59.068587+00:00,,
40,cpu,end_to_end,512,0,512,0.0145845,14.5845,28.4853515625,35105.76296753403,10,2026-07-25T19:58:59.068587+00:00,,
40,cpu,end_to_end,512,1,512,0.0143892,14.389199999999999,28.103906249999998,35582.242237233484,10,2026-07-25T19:58:59.068587+00:00,,
40,cpu,end_to_end,512,2,512,0.0132579,13.2579,25.8943359375,38618.48407364666,10,2026-07-25T19:58:59.068587+00:00,,
40,cpu,end_to_end,512,3,512,0.0132062,13.206199999999999,25.793359374999998,38769.668791931064,10,2026-07-25T19:58:59.068587+00:00,,
40,cpu,end_to_end,512,4,512,0.0146202,14.6202,28.555078125,35020.040765516205,10,2026-07-25T19:58:59.068587+00:00,,
40,cpu,end_to_end,512,5,512,0.0144043,14.4043,28.1333984375,35544.94144109745,10,2026-07-25T19:58:59.068587+00:00,,
40,cpu,end_to_end,512,6,512,0.0146743,14.674299999999999,28.6607421875,34890.93176505864,10,2026-07-25T19:58:59.068587+00:00,,
40,cpu,end_to_end,512,7,512,0.0137383,13.7383,26.8326171875,37268.075380505594,10,2026-07-25T19:58:59.068587+00:00,,
40,cpu,end_to_end,512,8,512,0.0118411,11.8411,23.1271484375,43239.22608541436,10,2026-07-25T19:58:59.068587+00:00,,
40,cpu,end_to_end,512,9,512,0.0140182,14.0182,27.379296874999998,36523.947439756885,10,2026-07-25T19:58:59.068587+00:00,,
40,cpu,end_to_end,512,10,512,0.0152673,15.267299999999999,29.8189453125,33535.72668382753,10,2026-07-25T19:58:59.068587+00:00,,
40,cpu,end_to_end,512,11,512,0.0145637,14.5637,28.4447265625,35155.901316286385,10,2026-07-25T19:58:59.068587+00:00,,
40,cpu,end_to_end,512,12,512,0.0134426,13.4426,26.255078125,38087.86990611935,10,2026-07-25T19:58:59.068587+00:00,,
40,cpu,end_to_end,512,13,512,0.0113692,11.3692,22.205468749999998,45033.951377405625,10,2026-07-25T19:58:59.068587+00:00,,
40,cpu,end_to_end,512,14,512,0.013395,13.395000000000001,26.162109375,38223.21761851437,10,2026-07-25T19:58:59.068587+00:00,,
40,cpu,end_to_end,512,15,512,0.0136817,13.6817,26.722070312499998,37422.250158971474,10,2026-07-25T19:58:59.068587+00:00,,
40,cpu,end_to_end,512,16,512,0.0140059,14.0059,27.3552734375,36556.02281895487,10,2026-07-25T19:58:59.068587+00:00,,
40,cpu,end_to_end,512,17,512,0.018575,18.575000000000003,36.279296875,27563.930013458947,10,2026-07-25T19:58:59.068587+00:00,,
40,cpu,end_to_end,512,18,512,0.0183108,18.310799999999997,35.76328125,27961.64012495358,10,2026-07-25T19:58:59.068587+00:00,,
40,cpu,end_to_end,512,19,512,0.0121012,12.101199999999999,23.635156249999998,42309.85356824117,10,2026-07-25T19:58:59.068587+00:00,,
40,cpu,end_to_end,512,20,512,0.0144154,14.4154,28.155078125,35517.571486049645,10,2026-07-25T19:58:59.068587+00:00,,
40,cpu,end_to_end,512,21,512,0.0114707,11.4707,22.4037109375,44635.46252626256,10,2026-07-25T19:58:59.068587+00:00,,
40,cpu,end_to_end,512,22,512,0.0127681,12.768099999999999,24.937695312499997,40099.93656064724,10,2026-07-25T19:58:59.068587+00:00,,
40,cpu,end_to_end,512,23,512,0.0129549,12.9549,25.3025390625,39521.7253703232,10,2026-07-25T19:58:59.068587+00:00,,
40,cpu,end_to_end,512,24,512,0.014815,14.815,28.935546875,34559.56800539993,10,2026-07-25T19:58:59.068587+00:00,,
40,cpu,end_to_end,512,25,512,0.0131853,13.1853,25.752539062500002,38831.1225379779,10,2026-07-25T19:58:59.068587+00:00,,
40,cpu,end_to_end,512,26,512,0.0135077,13.5077,26.382226562499998,37904.306432627316,10,2026-07-25T19:58:59.068587+00:00,,
40,cpu,end_to_end,512,27,512,0.0115335,11.5335,22.5263671875,44392.42207482551,10,2026-07-25T19:58:59.068587+00:00,,
40,cpu,end_to_end,512,28,512,0.0137813,13.7813,26.9166015625,37151.79264655729,10,2026-07-25T19:58:59.068587+00:00,,
40,cpu,end_to_end,512,29,512,0.0135603,13.560300000000002,26.484960937500002,37757.27675641394,10,2026-07-25T19:58:59.068587+00:00,,
40,cpu,end_to_end,512,30,512,0.0138086,13.8086,26.969921875,37078.342482221226,10,2026-07-25T19:58:59.068587+00:00,,
40,cpu,end_to_end,512,31,512,0.01284,12.84,25.078125,39875.38940809968,10,2026-07-25T19:58:59.068587+00:00,,
40,cpu,end_to_end,512,32,512,0.0133703,13.3703,26.1138671875,38293.83035533982,10,2026-07-25T19:58:59.068587+00:00,,
40,cpu,end_to_end,512,33,512,0.0138267,13.8267,27.0052734375,37029.80465331568,10,2026-07-25T19:58:59.068587+00:00,,
40,cpu,end_to_end,512,34,512,0.0113539,11.3539,22.1755859375,45094.63708505448,10,2026-07-25T19:58:59.068587+00:00,,
40,cpu,end_to_end,512,35,512,0.0128594,12.8594,25.116015625,39815.232436972175,10,2026-07-25T19:58:59.068587+00:00,,
40,cpu,end_to_end,512,36,512,0.0146088,14.6088,28.5328125,35047.368709271126,10,2026-07-25T19:58:59.068587+00:00,,
40,cpu,end_to_end,512,37,512,0.0142762,14.2762,27.883203124999998,35863.88534764153,10,2026-07-25T19:58:59.068587+00:00,,
40,cpu,end_to_end,512,38,512,0.0147967,14.7967,28.899804687499998,34602.30997452135,10,2026-07-25T19:58:59.068587+00:00,,
40,cpu,end_to_end,512,39,512,0.0159997,15.999699999999999,31.249414062499998,32000.600011250215,10,2026-07-25T19:58:59.068587+00:00,,
40,cpu,end_to_end,512,40,512,0.0142534,14.2534,27.838671875,35921.25387626812,10,2026-07-25T19:58:59.068587+00:00,,
40,cpu,end_to_end,512,41,512,0.0140896,14.0896,27.51875,36338.85986827163,10,2026-07-25T19:58:59.068587+00:00,,
40,cpu,end_to_end,512,42,512,0.0148641,14.8641,29.0314453125,34445.40873648589,10,2026-07-25T19:58:59.068587+00:00,,
40,cpu,end_to_end,512,43,512,0.0142502,14.2502,27.832421874999998,35929.32029024154,10,2026-07-25T19:58:59.068587+00:00,,
40,cpu,end_to_end,512,44,512,0.0170097,17.0097,33.2220703125,30100.472083575845,10,2026-07-25T19:58:59.068587+00:00,,
40,cpu,end_to_end,512,45,512,0.0165356,16.535600000000002,32.296093750000004,30963.496939935652,10,2026-07-25T19:58:59.068587+00:00,,
40,cpu,end_to_end,512,46,512,0.0165804,16.580399999999997,32.383593749999996,30879.83402089214,10,2026-07-25T19:58:59.068587+00:00,,
40,cpu,end_to_end,512,47,512,0.0173709,17.370900000000002,33.9275390625,29474.581052219513,10,2026-07-25T19:58:59.068587+00:00,,
40,cpu,end_to_end,512,48,512,0.0165277,16.5277,32.2806640625,30978.29704072557,10,2026-07-25T19:58:59.068587+00:00,,
40,cpu,end_to_end,512,49,512,0.0156661,15.666099999999998,30.597851562499997,32682.033179923532,10,2026-07-25T19:58:59.068587+00:00,,
40,cpu,end_to_end,512,50,512,0.0145766,14.576600000000001,28.469921875,35124.78904545642,10,2026-07-25T19:58:59.068587+00:00,,
40,cpu,end_to_end,512,51,512,0.0175143,17.5143,34.2076171875,29233.25511153743,10,2026-07-25T19:58:59.068587+00:00,,
40,cpu,end_to_end,512,52,512,0.0191067,19.1067,37.3177734375,26796.882768871652,10,2026-07-25T19:58:59.068587+00:00,,
40,cpu,end_to_end,512,53,512,0.0192859,19.2859,37.6677734375,26547.892501775907,10,2026-07-25T19:58:59.068587+00:00,,
40,cpu,end_to_end,512,54,512,0.0192012,19.2012,37.50234375,26665.000104160154,10,2026-07-25T19:58:59.068587+00:00,,
40,cpu,end_to_end,512,55,512,0.0226769,22.6769,44.2908203125,22578.041972227245,10,2026-07-25T19:58:59.068587+00:00,,
40,cpu,end_to_end,512,56,512,0.0186077,18.6077,36.3431640625,27515.490898928936,10,2026-07-25T19:58:59.068587+00:00,,
40,cpu,end_to_end,512,57,512,0.0136141,13.6141,26.5900390625,37608.06810586083,10,2026-07-25T19:58:59.068587+00:00,,
40,cpu,end_to_end,512,58,512,0.0134858,13.4858,26.339453125,37965.8603864806,10,2026-07-25T19:58:59.068587+00:00,,
40,cpu,end_to_end,512,59,512,0.0133597,13.3597,26.0931640625,38324.21386707785,10,2026-07-25T19:58:59.068587+00:00,,
40,cpu,end_to_end,512,60,512,0.0129559,12.9559,25.3044921875,39518.674889432616,10,2026-07-25T19:58:59.068587+00:00,,
40,cpu,end_to_end,512,61,512,0.0141746,14.1746,27.684765625,36120.94873929423,10,2026-07-25T19:58:59.068587+00:00,,
40,cpu,end_to_end,512,62,512,0.0144254,14.4254,28.174609375,35492.949935530385,10,2026-07-25T19:58:59.068587+00:00,,
40,cpu,end_to_end,512,63,512,0.0156665,15.6665,30.5986328125,32681.198736156766,10,2026-07-25T19:58:59.068587+00:00,,
40,cpu,end_to_end,512,64,512,0.014233,14.233,27.798828125,35972.73940841706,10,2026-07-25T19:58:59.068587+00:00,,
40,cpu,end_to_end,512,65,512,0.0137645,13.7645,26.8837890625,37197.13756402339,10,2026-07-25T19:58:59.068587+00:00,,
40,cpu,end_to_end,512,66,512,0.0132352,13.2352,25.85,38684.71953578336,10,2026-07-25T19:58:59.068587+00:00,,
40,cpu,end_to_end,512,67,512,0.0136329,13.6329,26.6267578125,37556.20594297618,10,2026-07-25T19:58:59.068587+00:00,,
40,cpu,end_to_end,512,68,512,0.0134752,13.4752,26.318749999999998,37995.725480883404,10,2026-07-25T19:58:59.068587+00:00,,
40,cpu,end_to_end,512,69,512,0.0126301,12.6301,24.6681640625,40538.07966682766,10,2026-07-25T19:58:59.068587+00:00,,
40,cpu,end_to_end,512,70,512,0.0149377,14.9377,29.1751953125,34275.69170621983,10,2026-07-25T19:58:59.068587+00:00,,
40,cpu,end_to_end,512,71,512,0.01273,12.73,24.86328125,40219.95286724273,10,2026-07-25T19:58:59.068587+00:00,,
40,cpu,end_to_end,512,72,512,0.0125824,12.5824,24.575,40691.75991861648,10,2026-07-25T19:58:59.068587+00:00,,
40,cpu,end_to_end,512,73,512,0.0130828,13.0828,25.552343750000002,39135.35328828691,10,2026-07-25T19:58:59.068587+00:00,,
40,cpu,end_to_end,512,74,512,0.0144357,14.435699999999999,28.194726562499998,35467.625400915786,10,2026-07-25T19:58:59.068587+00:00,,
40,cpu,end_to_end,512,75,512,0.012365,12.364999999999998,24.150390625,41407.19773554388,10,2026-07-25T19:58:59.068587+00:00,,
40,cpu,end_to_end,512,76,512,0.0141962,14.196200000000001,27.726953125,36065.98949014525,10,2026-07-25T19:58:59.068587+00:00,,
40,cpu,end_to_end,512,77,512,0.0123712,12.3712,24.1625,41386.44593895499,10,2026-07-25T19:58:59.068587+00:00,,
40,cpu,end_to_end,512,78,512,0.0118553,11.8553,23.1548828125,43187.435155584426,10,2026-07-25T19:58:59.068587+00:00,,
40,cpu,end_to_end,512,79,512,0.0115397,11.5397,22.5384765625,44368.571106701216,10,2026-07-25T19:58:59.068587+00:00,,
40,cpu,end_to_end,512,80,512,0.0145332,14.533199999999999,28.385156249999998,35229.68100624777,10,2026-07-25T19:58:59.068587+00:00,,
40,cpu,end_to_end,512,81,512,0.0132256,13.2256,25.83125,38712.79941930801,10,2026-07-25T19:58:59.068587+00:00,,
40,cpu,end_to_end,512,82,512,0.0145648,14.5648,28.446875,35153.246182577175,10,2026-07-25T19:58:59.068587+00:00,,
40,cpu,end_to_end,512,83,512,0.0142362,14.236199999999998,27.805078124999998,35964.65348899285,10,2026-07-25T19:58:59.068587+00:00,,
40,cpu,end_to_end,512,84,512,0.0128226,12.8226,25.044140625,39929.499477485064,10,2026-07-25T19:58:59.068587+00:00,,
40,cpu,end_to_end,512,85,512,0.0135505,13.5505,26.4658203125,37784.583594701304,10,2026-07-25T19:58:59.068587+00:00,,
40,cpu,end_to_end,512,86,512,0.0138074,13.8074,26.967578125,37081.56495792112,10,2026-07-25T19:58:59.068587+00:00,,
40,cpu,end_to_end,512,87,512,0.0128977,12.8977,25.190820312499998,39697.00024035293,10,2026-07-25T19:58:59.068587+00:00,,
40,cpu,end_to_end,512,88,512,0.0126104,12.6104,24.629687500000003,40601.40836135253,10,2026-07-25T19:58:59.068587+00:00,,
40,cpu,end_to_end,512,89,512,0.0142486,14.2486,27.829296875,35933.35485591567,10,2026-07-25T19:58:59.068587+00:00,,
40,cpu,end_to_end,512,90,512,0.0146395,14.6395,28.5927734375,34973.87205847194,10,2026-07-25T19:58:59.068587+00:00,,
40,cpu,end_to_end,512,91,512,0.014575,14.575,28.466796875,35128.6449399657,10,2026-07-25T19:58:59.068587+00:00,,
40,cpu,end_to_end,512,92,512,0.0140076,14.0076,27.35859375,36551.58628173277,10,2026-07-25T19:58:59.068587+00:00,,
40,cpu,end_to_end,512,93,512,0.0162956,16.2956,31.82734375,31419.524288765064,10,2026-07-25T19:58:59.068587+00:00,,
40,cpu,end_to_end,512,94,512,0.0123924,12.3924,24.20390625,41315.645072786545,10,2026-07-25T19:58:59.068587+00:00,,
40,cpu,end_to_end,512,95,512,0.0141945,14.1945,27.7236328125,36070.30892246997,10,2026-07-25T19:58:59.068587+00:00,,
40,cpu,end_to_end,512,96,512,0.0147941,14.794099999999998,28.894726562499997,34608.391182971594,10,2026-07-25T19:58:59.068587+00:00,,
40,cpu,end_to_end,512,97,512,0.0147579,14.7579,28.8240234375,34693.282919656594,10,2026-07-25T19:58:59.068587+00:00,,
40,cpu,end_to_end,512,98,512,0.0153916,15.3916,30.06171875,33264.897736427665,10,2026-07-25T19:58:59.068587+00:00,,
40,cpu,end_to_end,512,99,512,0.0138045,13.8045,26.9619140625,37089.35492049694,10,2026-07-25T19:58:59.068587+00:00,,
40,cpu,model_only,4096,0,4096,0.017811,17.811,4.348388671875,229970.24310819156,10,2026-07-25T19:58:59.068587+00:00,,
40,cpu,model_only,4096,1,4096,0.0190671,19.0671,4.6550537109375,214820.2925457988,10,2026-07-25T19:58:59.068587+00:00,,
40,cpu,model_only,4096,2,4096,0.0181142,18.1142,4.422412109375,226120.94378995485,10,2026-07-25T19:58:59.068587+00:00,,
40,cpu,model_only,4096,3,4096,0.0176773,17.6773,4.3157470703125,231709.59365966523,10,2026-07-25T19:58:59.068587+00:00,,
40,cpu,model_only,4096,4,4096,0.0185846,18.5846,4.537255859375,220397.53344166675,10,2026-07-25T19:58:59.068587+00:00,,
40,cpu,model_only,4096,5,4096,0.0187299,18.7299,4.5727294921875,218687.76661914904,10,2026-07-25T19:58:59.068587+00:00,,
40,cpu,model_only,4096,6,4096,0.0184005,18.4005,4.4923095703125,222602.64666721012,10,2026-07-25T19:58:59.068587+00:00,,
40,cpu,model_only,4096,7,4096,0.0183507,18.3507,4.4801513671875,223206.74415689864,10,2026-07-25T19:58:59.068587+00:00,,
40,cpu,model_only,4096,8,4096,0.0167189,16.718899999999998,4.0817626953124995,244992.19446255438,10,2026-07-25T19:58:59.068587+00:00,,
40,cpu,model_only,4096,9,4096,0.0158325,15.8325,3.8653564453125,258708.35307121428,10,2026-07-25T19:58:59.068587+00:00,,
40,cpu,model_only,4096,10,4096,0.0151339,15.1339,3.6947998046875,270650.6584555204,10,2026-07-25T19:58:59.068587+00:00,,
40,cpu,model_only,4096,11,4096,0.0153104,15.3104,3.737890625,267530.5674574146,10,2026-07-25T19:58:59.068587+00:00,,
40,cpu,model_only,4096,12,4096,0.0150471,15.0471,3.6736083984375,272211.9212339919,10,2026-07-25T19:58:59.068587+00:00,,
40,cpu,model_only,4096,13,4096,0.016267,16.267,3.971435546875,251798.11889100634,10,2026-07-25T19:58:59.068587+00:00,,
40,cpu,model_only,4096,14,4096,0.0157481,15.7481,3.8447509765625,260094.86858732163,10,2026-07-25T19:58:59.068587+00:00,,
40,cpu,model_only,4096,15,4096,0.0162345,16.2345,3.9635009765624996,252302.1959407435,10,2026-07-25T19:58:59.068587+00:00,,
40,cpu,model_only,4096,16,4096,0.015465,15.465,3.775634765625,264856.126737795,10,2026-07-25T19:58:59.068587+00:00,,
40,cpu,model_only,4096,17,4096,0.0163759,16.375899999999998,3.9980224609375,250123.65732570426,10,2026-07-25T19:58:59.068587+00:00,,
40,cpu,model_only,4096,18,4096,0.0150443,15.0443,3.6729248046875,272262.584500442,10,2026-07-25T19:58:59.068587+00:00,,
40,cpu,model_only,4096,19,4096,0.0161813,16.1813,3.9505126953125,253131.7014084159,10,2026-07-25T19:58:59.068587+00:00,,
40,cpu,model_only,4096,20,4096,0.0165087,16.5087,4.0304443359375,248111.60176149543,10,2026-07-25T19:58:59.068587+00:00,,
40,cpu,model_only,4096,21,4096,0.0154633,15.463299999999998,3.7752197265625,264885.2444174271,10,2026-07-25T19:58:59.068587+00:00,,
40,cpu,model_only,4096,22,4096,0.0164958,16.495800000000003,4.027294921875001,248305.62931170355,10,2026-07-25T19:58:59.068587+00:00,,
40,cpu,model_only,4096,23,4096,0.0156551,15.655100000000001,3.8220458984375005,261639.9767487911,10,2026-07-25T19:58:59.068587+00:00,,
40,cpu,model_only,4096,24,4096,0.0165585,16.5585,4.0426025390625,247365.40145544583,10,2026-07-25T19:58:59.068587+00:00,,
40,cpu,model_only,4096,25,4096,0.015752,15.751999999999999,3.8457031249999996,260030.47232097512,10,2026-07-25T19:58:59.068587+00:00,,
40,cpu,model_only,4096,26,4096,0.0155322,15.5322,3.7920410156249997,263710.22778485983,10,2026-07-25T19:58:59.068587+00:00,,
40,cpu,model_only,4096,27,4096,0.0154844,15.4844,3.7803710937500004,264524.2954199065,10,2026-07-25T19:58:59.068587+00:00,,
40,cpu,model_only,4096,28,4096,0.0155933,15.5933,3.8069580078125,262676.91893313156,10,2026-07-25T19:58:59.068587+00:00,,
40,cpu,model_only,4096,29,4096,0.0163398,16.3398,3.9892089843750003,250676.26286735453,10,2026-07-25T19:58:59.068587+00:00,,
40,cpu,model_only,4096,30,4096,0.0164332,16.4332,4.012011718749999,249251.51522527568,10,2026-07-25T19:58:59.068587+00:00,,
40,cpu,model_only,4096,31,4096,0.0157458,15.745800000000001,3.8441894531250003,260132.8608263791,10,2026-07-25T19:58:59.068587+00:00,,
40,cpu,model_only,4096,32,4096,0.014761,14.761,3.603759765625,277487.97506943974,10,2026-07-25T19:58:59.068587+00:00,,
40,cpu,model_only,4096,33,4096,0.0172202,17.220200000000002,4.204150390625,237860.1874542688,10,2026-07-25T19:58:59.068587+00:00,,
40,cpu,model_only,4096,34,4096,0.0155863,15.586300000000001,3.8052490234375003,262794.89038450434,10,2026-07-25T19:58:59.068587+00:00,,
40,cpu,model_only,4096,35,4096,0.0142255,14.2255,3.4730224609375,287933.6402938385,10,2026-07-25T19:58:59.068587+00:00,,
40,cpu,model_only,4096,36,4096,0.0164106,16.410600000000002,4.0064941406250005,249594.77410941708,10,2026-07-25T19:58:59.068587+00:00,,
40,cpu,model_only,4096,37,4096,0.0157151,15.7151,3.8366943359374996,260641.03950977087,10,2026-07-25T19:58:59.068587+00:00,,
40,cpu,model_only,4096,38,4096,0.0141038,14.1038,3.443310546875,290418.1851699542,10,2026-07-25T19:58:59.068587+00:00,,
40,cpu,model_only,4096,39,4096,0.0170957,17.095699999999997,4.173754882812499,239592.41212702612,10,2026-07-25T19:58:59.068587+00:00,,
40,cpu,model_only,4096,40,4096,0.0209862,20.9862,5.123583984375,195175.87748139253,10,2026-07-25T19:58:59.068587+00:00,,
40,cpu,model_only,4096,41,4096,0.0168733,16.8733,4.1194580078125,242750.3807791007,10,2026-07-25T19:58:59.068587+00:00,,
40,cpu,model_only,4096,42,4096,0.0154902,15.490200000000002,3.781787109375,264425.24951259507,10,2026-07-25T19:58:59.068587+00:00,,
40,cpu,model_only,4096,43,4096,0.017045,17.045,4.161376953125,240305.0748019947,10,2026-07-25T19:58:59.068587+00:00,,
40,cpu,model_only,4096,44,4096,0.0164261,16.426099999999998,4.0102783203125,249359.25143521593,10,2026-07-25T19:58:59.068587+00:00,,
40,cpu,model_only,4096,45,4096,0.015668,15.668000000000001,3.8251953125000004,261424.5596119479,10,2026-07-25T19:58:59.068587+00:00,,
40,cpu,model_only,4096,46,4096,0.0146352,14.6352,3.5730468749999997,279873.18246419594,10,2026-07-25T19:58:59.068587+00:00,,
40,cpu,model_only,4096,47,4096,0.0162078,16.207800000000002,3.9569824218750003,252717.8272189933,10,2026-07-25T19:58:59.068587+00:00,,
40,cpu,model_only,4096,48,4096,0.0150642,15.0642,3.6777832031249997,271902.92215982266,10,2026-07-25T19:58:59.068587+00:00,,
40,cpu,model_only,4096,49,4096,0.0157677,15.7677,3.8495361328124997,259771.55831224594,10,2026-07-25T19:58:59.068587+00:00,,
40,cpu,model_only,4096,50,4096,0.0159961,15.996099999999998,3.9052978515624996,256062.41521370836,10,2026-07-25T19:58:59.068587+00:00,,
40,cpu,model_only,4096,51,4096,0.0138206,13.8206,3.374169921875,296369.18802367477,10,2026-07-25T19:58:59.068587+00:00,,
40,cpu,model_only,4096,52,4096,0.0144948,14.4948,3.5387695312500003,282584.0991252035,10,2026-07-25T19:58:59.068587+00:00,,
40,cpu,model_only,4096,53,4096,0.0156905,15.6905,3.8306884765625,261049.67974251937,10,2026-07-25T19:58:59.068587+00:00,,
40,cpu,model_only,4096,54,4096,0.0148401,14.8401,3.6230712890625,276008.92177276436,10,2026-07-25T19:58:59.068587+00:00,,
40,cpu,model_only,4096,55,4096,0.0156344,15.6344,3.8169921875,261986.3889883846,10,2026-07-25T19:58:59.068587+00:00,,
40,cpu,model_only,4096,56,4096,0.0144034,14.4034,3.516455078125,284377.2998042129,10,2026-07-25T19:58:59.068587+00:00,,
40,cpu,model_only,4096,57,4096,0.0162314,16.2314,3.962744140625,252350.38259176657,10,2026-07-25T19:58:59.068587+00:00,,
40,cpu,model_only,4096,58,4096,0.0159306,15.9306,3.889306640625,257115.23734197082,10,2026-07-25T19:58:59.068587+00:00,,
40,cpu,model_only,4096,59,4096,0.0155453,15.5453,3.7952392578125,263487.9995883,10,2026-07-25T19:58:59.068587+00:00,,
40,cpu,model_only,4096,60,4096,0.0161763,16.1763,3.9492919921875003,253209.94294121646,10,2026-07-25T19:58:59.068587+00:00,,
40,cpu,model_only,4096,61,4096,0.0163139,16.3139,3.9828857421875,251074.23730683653,10,2026-07-25T19:58:59.068587+00:00,,
40,cpu,model_only,4096,62,4096,0.0161752,16.1752,3.9490234375,253227.16256986003,10,2026-07-25T19:58:59.068587+00:00,,
40,cpu,model_only,4096,63,4096,0.0162377,16.2377,3.9642822265625,252252.47418045657,10,2026-07-25T19:58:59.068587+00:00,,
40,cpu,model_only,4096,64,4096,0.0160118,16.0118,3.909130859375,255811.33913738618,10,2026-07-25T19:58:59.068587+00:00,,
40,cpu,model_only,4096,65,4096,0.0156761,15.676099999999998,3.8271728515624996,261289.4788882439,10,2026-07-25T19:58:59.068587+00:00,,
40,cpu,model_only,4096,66,4096,0.015218,15.218,3.71533203125,269154.94808779075,10,2026-07-25T19:58:59.068587+00:00,,
40,cpu,model_only,4096,67,4096,0.0157303,15.7303,3.8404052734375,260389.18520307943,10,2026-07-25T19:58:59.068587+00:00,,
40,cpu,model_only,4096,68,4096,0.0150338,15.0338,3.670361328125,272452.73982625816,10,2026-07-25T19:58:59.068587+00:00,,
40,cpu,model_only,4096,69,4096,0.0153011,15.3011,3.7356201171875,267693.172386299,10,2026-07-25T19:58:59.068587+00:00,,
40,cpu,model_only,4096,70,4096,0.0157959,15.795900000000001,3.8564208984375004,259307.79506074358,10,2026-07-25T19:58:59.068587+00:00,,
40,cpu,model_only,4096,71,4096,0.0151364,15.1364,3.69541015625,270605.9565022066,10,2026-07-25T19:58:59.068587+00:00,,
40,cpu,model_only,4096,72,4096,0.0154734,15.4734,3.777685546875,264712.34505667794,10,2026-07-25T19:58:59.068587+00:00,,
40,cpu,model_only,4096,73,4096,0.0159831,15.9831,3.9021240234375,256270.68591199454,10,2026-07-25T19:58:59.068587+00:00,,
40,cpu,model_only,4096,74,4096,0.0154429,15.4429,3.7702392578125004,265235.1566091861,10,2026-07-25T19:58:59.068587+00:00,,
40,cpu,model_only,4096,75,4096,0.0175619,17.561899999999998,4.2875732421874995,233232.16736230138,10,2026-07-25T19:58:59.068587+00:00,,
40,cpu,model_only,4096,76,4096,0.0169263,16.926299999999998,4.1323974609375,241990.27548844108,10,2026-07-25T19:58:59.068587+00:00,,
40,cpu,model_only,4096,77,4096,0.0184428,18.4428,4.50263671875,222092.0901381569,10,2026-07-25T19:58:59.068587+00:00,,
40,cpu,model_only,4096,78,4096,0.0169378,16.9378,4.135205078125,241825.9750380805,10,2026-07-25T19:58:59.068587+00:00,,
40,cpu,model_only,4096,79,4096,0.0177296,17.7296,4.3285156250000005,231026.0806786391,10,2026-07-25T19:58:59.068587+00:00,,
40,cpu,model_only,4096,80,4096,0.0171693,17.1693,4.1917236328125,238565.34628668614,10,2026-07-25T19:58:59.068587+00:00,,
40,cpu,model_only,4096,81,4096,0.0172703,17.2703,4.2163818359375,237170.17075557463,10,2026-07-25T19:58:59.068587+00:00,,
40,cpu,model_only,4096,82,4096,0.017873,17.873,4.363525390625,229172.49482459575,10,2026-07-25T19:58:59.068587+00:00,,
40,cpu,model_only,4096,83,4096,0.0173072,17.307199999999998,4.225390624999999,236664.5095682722,10,2026-07-25T19:58:59.068587+00:00,,
40,cpu,model_only,4096,84,4096,0.0196084,19.608400000000003,4.78720703125,208890.06752208236,10,2026-07-25T19:58:59.068587+00:00,,
40,cpu,model_only,4096,85,4096,0.019813,19.813000000000002,4.837158203125,206732.95311159338,10,2026-07-25T19:58:59.068587+00:00,,
40,cpu,model_only,4096,86,4096,0.0193926,19.392599999999998,4.734521484375,211214.58700741522,10,2026-07-25T19:58:59.068587+00:00,,
40,cpu,model_only,4096,87,4096,0.024781,24.781000000000002,6.050048828125,165287.9221984585,10,2026-07-25T19:58:59.068587+00:00,,
40,cpu,model_only,4096,88,4096,0.0211537,21.1537,5.1644775390625,193630.4287193257,10,2026-07-25T19:58:59.068587+00:00,,
40,cpu,model_only,4096,89,4096,0.0174577,17.4577,4.2621337890625,234624.2632190953,10,2026-07-25T19:58:59.068587+00:00,,
40,cpu,model_only,4096,90,4096,0.0163864,16.3864,4.0005859374999995,249963.38426988237,10,2026-07-25T19:58:59.068587+00:00,,
40,cpu,model_only,4096,91,4096,0.0160538,16.0538,3.919384765625,255142.08474006155,10,2026-07-25T19:58:59.068587+00:00,,
40,cpu,model_only,4096,92,4096,0.0150266,15.0266,3.6686035156249996,272583.2856401315,10,2026-07-25T19:58:59.068587+00:00,,
40,cpu,model_only,4096,93,4096,0.0148313,14.8313,3.6209228515625003,276172.68884049274,10,2026-07-25T19:58:59.068587+00:00,,
40,cpu,model_only,4096,94,4096,0.0147654,14.7654,3.604833984375,277405.2853292156,10,2026-07-25T19:58:59.068587+00:00,,
40,cpu,model_only,4096,95,4096,0.0150987,15.0987,3.6862060546874997,271281.6335181175,10,2026-07-25T19:58:59.068587+00:00,,
40,cpu,model_only,4096,96,4096,0.0150441,15.0441,3.6728759765625,272266.2040268278,10,2026-07-25T19:58:59.068587+00:00,,
40,cpu,model_only,4096,97,4096,0.0159526,15.9526,3.894677734375,256760.65343580354,10,2026-07-25T19:58:59.068587+00:00,,
40,cpu,model_only,4096,98,4096,0.0158322,15.8322,3.865283203125,258713.25526458735,10,2026-07-25T19:58:59.068587+00:00,,
40,cpu,model_only,4096,99,4096,0.0157656,15.765600000000001,3.8490234375,259806.16024762773,10,2026-07-25T19:58:59.068587+00:00,,
40,cpu,end_to_end,4096,0,4096,0.0160588,16.0588,3.9206054687500003,255062.64478043187,10,2026-07-25T19:58:59.068587+00:00,,
40,cpu,end_to_end,4096,1,4096,0.0171276,17.1276,4.18154296875,239146.17342768397,10,2026-07-25T19:58:59.068587+00:00,,
40,cpu,end_to_end,4096,2,4096,0.0185641,18.5641,4.5322509765625,220640.91445316497,10,2026-07-25T19:58:59.068587+00:00,,
40,cpu,end_to_end,4096,3,4096,0.0165546,16.5546,4.041650390625,247423.67680282218,10,2026-07-25T19:58:59.068587+00:00,,
40,cpu,end_to_end,4096,4,4096,0.0179736,17.973599999999998,4.3880859375,227889.79391997153,10,2026-07-25T19:58:59.068587+00:00,,
40,cpu,end_to_end,4096,5,4096,0.0159235,15.9235,3.8875732421875,257229.88036549752,10,2026-07-25T19:58:59.068587+00:00,,
40,cpu,end_to_end,4096,6,4096,0.0168351,16.835099999999997,4.1101318359375,243301.19809208144,10,2026-07-25T19:58:59.068587+00:00,,
40,cpu,end_to_end,4096,7,4096,0.0159757,15.9757,3.9003173828124997,256389.3913881708,10,2026-07-25T19:58:59.068587+00:00,,
40,cpu,end_to_end,4096,8,4096,0.0163975,16.397499999999997,4.0032958984375,249794.1759414545,10,2026-07-25T19:58:59.068587+00:00,,
40,cpu,end_to_end,4096,9,4096,0.0171087,17.108700000000002,4.1769287109375,239410.35847258996,10,2026-07-25T19:58:59.068587+00:00,,
40,cpu,end_to_end,4096,10,4096,0.0164726,16.4726,4.0216308593750005,248655.34281169943,10,2026-07-25T19:58:59.068587+00:00,,
40,cpu,end_to_end,4096,11,4096,0.0162622,16.2622,3.970263671875,251872.44038321998,10,2026-07-25T19:58:59.068587+00:00,,
40,cpu,end_to_end,4096,12,4096,0.0161404,16.1404,3.94052734375,253773.1406904414,10,2026-07-25T19:58:59.068587+00:00,,
40,cpu,end_to_end,4096,13,4096,0.0171756,17.1756,4.19326171875,238477.84065767718,10,2026-07-25T19:58:59.068587+00:00,,
40,cpu,end_to_end,4096,14,4096,0.0165092,16.5092,4.03056640625,248104.08741792451,10,2026-07-25T19:58:59.068587+00:00,,
40,cpu,end_to_end,4096,15,4096,0.0156775,15.6775,3.8275146484375,261266.14575027904,10,2026-07-25T19:58:59.068587+00:00,,
40,cpu,end_to_end,4096,16,4096,0.0154841,15.484100000000002,3.7802978515625,264529.42050232174,10,2026-07-25T19:58:59.068587+00:00,,
40,cpu,end_to_end,4096,17,4096,0.01549,15.49,3.78173828125,264428.6636539703,10,2026-07-25T19:58:59.068587+00:00,,
40,cpu,end_to_end,4096,18,4096,0.0151177,15.1177,3.6908447265624997,270940.6854217242,10,2026-07-25T19:58:59.068587+00:00,,
40,cpu,end_to_end,4096,19,4096,0.0166932,16.693199999999997,4.075488281249999,245369.37195983995,10,2026-07-25T19:58:59.068587+00:00,,
40,cpu,end_to_end,4096,20,4096,0.0179472,17.9472,4.381640625,228225.01560131944,10,2026-07-25T19:58:59.068587+00:00,,
40,cpu,end_to_end,4096,21,4096,0.0161632,16.1632,3.9460937499999997,253415.16531379925,10,2026-07-25T19:58:59.068587+00:00,,
40,cpu,end_to_end,4096,22,4096,0.015136,15.136000000000001,3.6953125,270613.1078224101,10,2026-07-25T19:58:59.068587+00:00,,
40,cpu,end_to_end,4096,23,4096,0.01643,16.43,4.01123046875,249300.06086427267,10,2026-07-25T19:58:59.068587+00:00,,
40,cpu,end_to_end,4096,24,4096,0.0158663,15.866299999999999,3.8736083984375,258157.22632245702,10,2026-07-25T19:58:59.068587+00:00,,
40,cpu,end_to_end,4096,25,4096,0.0162902,16.290200000000002,3.977099609375,251439.51578249497,10,2026-07-25T19:58:59.068587+00:00,,
40,cpu,end_to_end,4096,26,4096,0.0171623,17.1623,4.1900146484375,238662.65011099912,10,2026-07-25T19:58:59.068587+00:00,,
40,cpu,end_to_end,4096,27,4096,0.0164786,16.4786,4.023095703125,248564.805262583,10,2026-07-25T19:58:59.068587+00:00,,
40,cpu,end_to_end,4096,28,4096,0.0165184,16.5184,4.0328124999999995,247965.9046881054,10,2026-07-25T19:58:59.068587+00:00,,
40,cpu,end_to_end,4096,29,4096,0.0142589,14.2589,3.4811767578125,287259.18549116695,10,2026-07-25T19:58:59.068587+00:00,,
40,cpu,end_to_end,4096,30,4096,0.0158803,15.8803,3.8770263671875,257929.6360899983,10,2026-07-25T19:58:59.068587+00:00,,
40,cpu,end_to_end,4096,31,4096,0.0163345,16.3345,3.9879150390624996,250757.59894701402,10,2026-07-25T19:58:59.068587+00:00,,
40,cpu,end_to_end,4096,32,4096,0.0152623,15.2623,3.7261474609375,268373.70514273737,10,2026-07-25T19:58:59.068587+00:00,,
40,cpu,end_to_end,4096,33,4096,0.0147547,14.754700000000001,3.6022216796875,277606.4576033399,10,2026-07-25T19:58:59.068587+00:00,,
40,cpu,end_to_end,4096,34,4096,0.0158853,15.8853,3.8782470703125003,257848.45108370628,10,2026-07-25T19:58:59.068587+00:00,,
40,cpu,end_to_end,4096,35,4096,0.0149827,14.9827,3.6578857421875,273381.9672021732,10,2026-07-25T19:58:59.068587+00:00,,
40,cpu,end_to_end,4096,36,4096,0.0154702,15.4702,3.776904296875,264767.1006192551,10,2026-07-25T19:58:59.068587+00:00,,
40,cpu,end_to_end,4096,37,4096,0.0160919,16.0919,3.9286865234375,254537.99737756263,10,2026-07-25T19:58:59.068587+00:00,,
40,cpu,end_to_end,4096,38,4096,0.0175205,17.520500000000002,4.2774658203125,233783.2824405696,10,2026-07-25T19:58:59.068587+00:00,,
40,cpu,end_to_end,4096,39,4096,0.0161608,16.1608,3.9455078125,253452.799366368,10,2026-07-25T19:58:59.068587+00:00,,
40,cpu,end_to_end,4096,40,4096,0.0165662,16.5662,4.044482421875,247250.42556530767,10,2026-07-25T19:58:59.068587+00:00,,
40,cpu,end_to_end,4096,41,4096,0.015993,15.993,3.904541015625,256112.04902144687,10,2026-07-25T19:58:59.068587+00:00,,
40,cpu,end_to_end,4096,42,4096,0.0152496,15.249600000000001,3.723046875,268597.20910712413,10,2026-07-25T19:58:59.068587+00:00,,
40,cpu,end_to_end,4096,43,4096,0.0159827,15.9827,3.9020263671874997,256277.0996139576,10,2026-07-25T19:58:59.068587+00:00,,
40,cpu,end_to_end,4096,44,4096,0.0154574,15.4574,3.773779296875,264986.34958013636,10,2026-07-25T19:58:59.068587+00:00,,
40,cpu,end_to_end,4096,45,4096,0.0167467,16.7467,4.0885498046875,244585.5004269498,10,2026-07-25T19:58:59.068587+00:00,,
40,cpu,end_to_end,4096,46,4096,0.0161152,16.115199999999998,3.9343749999999997,254169.97617156475,10,2026-07-25T19:58:59.068587+00:00,,
40,cpu,end_to_end,4096,47,4096,0.0148833,14.8833,3.6336181640625003,275207.7832201192,10,2026-07-25T19:58:59.068587+00:00,,
40,cpu,end_to_end,4096,48,4096,0.0153697,15.3697,3.7523681640625,266498.3701698797,10,2026-07-25T19:58:59.068587+00:00,,
40,cpu,end_to_end,4096,49,4096,0.014698,14.697999999999999,3.58837890625,278677.371070894,10,2026-07-25T19:58:59.068587+00:00,,
40,cpu,end_to_end,4096,50,4096,0.0159371,15.9371,3.8908935546874996,257010.3720250234,10,2026-07-25T19:58:59.068587+00:00,,
40,cpu,end_to_end,4096,51,4096,0.0149187,14.9187,3.6422607421875,274554.75343025866,10,2026-07-25T19:58:59.068587+00:00,,
40,cpu,end_to_end,4096,52,4096,0.0160414,16.0414,3.9163574218750004,255339.3095365741,10,2026-07-25T19:58:59.068587+00:00,,
40,cpu,end_to_end,4096,53,4096,0.0154452,15.4452,3.7708007812499997,265195.6594929169,10,2026-07-25T19:58:59.068587+00:00,,
40,cpu,end_to_end,4096,54,4096,0.0166275,16.6275,4.0594482421875,246338.8964065554,10,2026-07-25T19:58:59.068587+00:00,,
40,cpu,end_to_end,4096,55,4096,0.0158612,15.861199999999998,3.8723632812499997,258240.2340302121,10,2026-07-25T19:58:59.068587+00:00,,
40,cpu,end_to_end,4096,56,4096,0.0163552,16.3552,3.99296875,250440.2269614557,10,2026-07-25T19:58:59.068587+00:00,,
40,cpu,end_to_end,4096,57,4096,0.0157771,15.777099999999999,3.8518310546874996,259616.78635490683,10,2026-07-25T19:58:59.068587+00:00,,
40,cpu,end_to_end,4096,58,4096,0.0155153,15.5153,3.7879150390625,263997.47346167977,10,2026-07-25T19:58:59.068587+00:00,,
40,cpu,end_to_end,4096,59,4096,0.0153366,15.3366,3.744287109375,267073.5365074397,10,2026-07-25T19:58:59.068587+00:00,,
40,cpu,end_to_end,4096,60,4096,0.0152615,15.261500000000002,3.7259521484375,268387.77315467026,10,2026-07-25T19:58:59.068587+00:00,,
40,cpu,end_to_end,4096,61,4096,0.0148371,14.837100000000001,3.6223388671875,276064.7296304534,10,2026-07-25T19:58:59.068587+00:00,,
40,cpu,end_to_end,4096,62,4096,0.016378,16.378,3.99853515625,250091.58627427035,10,2026-07-25T19:58:59.068587+00:00,,
40,cpu,end_to_end,4096,63,4096,0.015392,15.392,3.7578125,266112.2661122661,10,2026-07-25T19:58:59.068587+00:00,,
40,cpu,end_to_end,4096,64,4096,0.0165479,16.547900000000002,4.0400146484375,247523.85499066344,10,2026-07-25T19:58:59.068587+00:00,,
40,cpu,end_to_end,4096,65,4096,0.0158052,15.8052,3.8586914062499997,259155.21473945287,10,2026-07-25T19:58:59.068587+00:00,,
40,cpu,end_to_end,4096,66,4096,0.015232,15.232000000000001,3.71875,268907.56302521005,10,2026-07-25T19:58:59.068587+00:00,,
40,cpu,end_to_end,4096,67,4096,0.0167515,16.7515,4.0897216796875,244515.41652986303,10,2026-07-25T19:58:59.068587+00:00,,
40,cpu,end_to_end,4096,68,4096,0.0167326,16.7326,4.085107421875,244791.6044129424,10,2026-07-25T19:58:59.068587+00:00,,
40,cpu,end_to_end,4096,69,4096,0.0156447,15.6447,3.8195068359375,261813.90502854,10,2026-07-25T19:58:59.068587+00:00,,
40,cpu,end_to_end,4096,70,4096,0.0185015,18.5015,4.5169677734375,221387.45507121042,10,2026-07-25T19:58:59.068587+00:00,,
40,cpu,end_to_end,4096,71,4096,0.0174412,17.441200000000002,4.25810546875,234846.2261770979,10,2026-07-25T19:58:59.068587+00:00,,
40,cpu,end_to_end,4096,72,4096,0.0170616,17.0616,4.1654296875,240071.27115862523,10,2026-07-25T19:58:59.068587+00:00,,
40,cpu,end_to_end,4096,73,4096,0.0158758,15.875799999999998,3.875927734375,258002.7463182958,10,2026-07-25T19:58:59.068587+00:00,,
40,cpu,end_to_end,4096,74,4096,0.0165596,16.5596,4.0428710937500005,247348.96978187878,10,2026-07-25T19:58:59.068587+00:00,,
40,cpu,end_to_end,4096,75,4096,0.0189976,18.9976,4.6380859375,215606.18183349475,10,2026-07-25T19:58:59.068587+00:00,,
40,cpu,end_to_end,4096,76,4096,0.0180688,18.0688,4.411328125,226689.0994421323,10,2026-07-25T19:58:59.068587+00:00,,
40,cpu,end_to_end,4096,77,4096,0.0156262,15.626199999999999,3.8149902343749997,262123.8688868695,10,2026-07-25T19:58:59.068587+00:00,,
40,cpu,end_to_end,4096,78,4096,0.0167285,16.7285,4.0841064453125,244851.6005619153,10,2026-07-25T19:58:59.068587+00:00,,
40,cpu,end_to_end,4096,79,4096,0.0170148,17.0148,4.15400390625,240731.59837318098,10,2026-07-25T19:58:59.068587+00:00,,
40,cpu,end_to_end,4096,80,4096,0.0162749,16.2749,3.9733642578124995,251675.89355387748,10,2026-07-25T19:58:59.068587+00:00,,
40,cpu,end_to_end,4096,81,4096,0.0170304,17.0304,4.1578125,240511.08605787298,10,2026-07-25T19:58:59.068587+00:00,,
40,cpu,end_to_end,4096,82,4096,0.0167386,16.738599999999998,4.086572265625,244703.85814823225,10,2026-07-25T19:58:59.068587+00:00,,
40,cpu,end_to_end,4096,83,4096,0.0153002,15.3002,3.735400390625,267708.91883766226,10,2026-07-25T19:58:59.068587+00:00,,
40,cpu,end_to_end,4096,84,4096,0.0151266,15.1266,3.693017578125,270781.2727248688,10,2026-07-25T19:58:59.068587+00:00,,
40,cpu,end_to_end,4096,85,4096,0.0150277,15.0277,3.6688720703124997,272563.3330449769,10,2026-07-25T19:58:59.068587+00:00,,
40,cpu,end_to_end,4096,86,4096,0.0156059,15.6059,3.8100341796875004,262464.8370167693,10,2026-07-25T19:58:59.068587+00:00,,
40,cpu,end_to_end,4096,87,4096,0.0168104,16.8104,4.1041015625,243658.68747917956,10,2026-07-25T19:58:59.068587+00:00,,
40,cpu,end_to_end,4096,88,4096,0.0156018,15.6018,3.8090332031250003,262533.810201387,10,2026-07-25T19:58:59.068587+00:00,,
40,cpu,end_to_end,4096,89,4096,0.0159468,15.946800000000001,3.8932617187500003,256854.03968194246,10,2026-07-25T19:58:59.068587+00:00,,
40,cpu,end_to_end,4096,90,4096,0.0166842,16.6842,4.073291015625,245501.732177749,10,2026-07-25T19:58:59.068587+00:00,,
40,cpu,end_to_end,4096,91,4096,0.01547,15.469999999999999,3.77685546875,264770.523594053,10,2026-07-25T19:58:59.068587+00:00,,
40,cpu,end_to_end,4096,92,4096,0.0153185,15.3185,3.7398681640625,267389.1046773509,10,2026-07-25T19:58:59.068587+00:00,,
40,cpu,end_to_end,4096,93,4096,0.0178284,17.828400000000002,4.35263671875,229745.79883780933,10,2026-07-25T19:58:59.068587+00:00,,
40,cpu,end_to_end,4096,94,4096,0.0165653,16.5653,4.044262695312501,247263.8587891556,10,2026-07-25T19:58:59.068587+00:00,,
40,cpu,end_to_end,4096,95,4096,0.0157001,15.7001,3.8330322265625005,260890.0580251081,10,2026-07-25T19:58:59.068587+00:00,,
40,cpu,end_to_end,4096,96,4096,0.0160726,16.072599999999998,3.9239746093749996,254843.6469519555,10,2026-07-25T19:58:59.068587+00:00,,
40,cpu,end_to_end,4096,97,4096,0.0159678,15.9678,3.8983886718750003,256516.2389308483,10,2026-07-25T19:58:59.068587+00:00,,
40,cpu,end_to_end,4096,98,4096,0.0163434,16.343400000000003,3.9900878906250004,250621.04580442255,10,2026-07-25T19:58:59.068587+00:00,,
40,cpu,end_to_end,4096,99,4096,0.0166731,16.673099999999998,4.0705810546875,245665.17324312817,10,2026-07-25T19:58:59.068587+00:00,,
40,cpu,full_test_end_to_end,4096,0,1614182,29.0406081,29040.6081,17.99091310645268,55583.615688818856,1,2026-07-25T19:59:26.357168+00:00,4096.0,end_to_end
40,cpu,full_test_end_to_end,4096,1,1614182,28.3235585,28323.5585,17.546694548694013,56990.79089938504,1,2026-07-25T19:59:26.357168+00:00,4096.0,end_to_end
40,cpu,full_test_end_to_end,4096,2,1614182,26.1146733,26114.6733,16.17827066588526,61811.30360914758,1,2026-07-25T19:59:26.357168+00:00,4096.0,end_to_end
40,cpu,full_test_end_to_end,4096,3,1614182,23.6203246,23620.3246,14.63299962457765,68338.68828373341,1,2026-07-25T19:59:26.357168+00:00,4096.0,end_to_end
40,cpu,full_test_end_to_end,4096,4,1614182,29.0663608,29066.360800000002,18.00686713146349,55534.36878826605,1,2026-07-25T19:59:26.357168+00:00,4096.0,end_to_end
