seed,device,benchmark_type,batch_size,repetition,number_of_flows,elapsed_seconds,batch_latency_ms,effective_time_per_flow_us,throughput_flows_per_second,warmup_iterations,timestamp_utc,warmup_batch_size,warmup_scope
43,cpu,model_only,1,0,1,0.0062196,6.2196,6219.599999999999,160.78204386134158,10,2026-07-25T20:09:36.638469+00:00,,
43,cpu,model_only,1,1,1,0.0076028,7.6028,7602.8,131.53048876729625,10,2026-07-25T20:09:36.638469+00:00,,
43,cpu,model_only,1,2,1,0.0064411,6.4411,6441.1,155.2529847386316,10,2026-07-25T20:09:36.638469+00:00,,
43,cpu,model_only,1,3,1,0.007242,7.242,7242.0,138.08340237503452,10,2026-07-25T20:09:36.638469+00:00,,
43,cpu,model_only,1,4,1,0.006531,6.531000000000001,6531.0,153.11590874291838,10,2026-07-25T20:09:36.638469+00:00,,
43,cpu,model_only,1,5,1,0.0072554,7.255400000000001,7255.400000000001,137.8283761060727,10,2026-07-25T20:09:36.638469+00:00,,
43,cpu,model_only,1,6,1,0.0066205,6.6205,6620.5,151.0459935050223,10,2026-07-25T20:09:36.638469+00:00,,
43,cpu,model_only,1,7,1,0.006427,6.4270000000000005,6427.0,155.59358954411078,10,2026-07-25T20:09:36.638469+00:00,,
43,cpu,model_only,1,8,1,0.0070387,7.0387,7038.7,142.07168937445834,10,2026-07-25T20:09:36.638469+00:00,,
43,cpu,model_only,1,9,1,0.0066393,6.6392999999999995,6639.3,150.61828807253778,10,2026-07-25T20:09:36.638469+00:00,,
43,cpu,model_only,1,10,1,0.0073131,7.3131,7313.1,136.7409169845893,10,2026-07-25T20:09:36.638469+00:00,,
43,cpu,model_only,1,11,1,0.0084302,8.430200000000001,8430.2,118.62114777822589,10,2026-07-25T20:09:36.638469+00:00,,
43,cpu,model_only,1,12,1,0.0069517,6.9517,6951.7,143.84970582735158,10,2026-07-25T20:09:36.638469+00:00,,
43,cpu,model_only,1,13,1,0.0063959,6.3959,6395.900000000001,156.35016182241748,10,2026-07-25T20:09:36.638469+00:00,,
43,cpu,model_only,1,14,1,0.0070969,7.0969,7096.9,140.9065930194874,10,2026-07-25T20:09:36.638469+00:00,,
43,cpu,model_only,1,15,1,0.0066834,6.6834,6683.4,149.62444264895115,10,2026-07-25T20:09:36.638469+00:00,,
43,cpu,model_only,1,16,1,0.0065083,6.5083,6508.3,153.64995467326338,10,2026-07-25T20:09:36.638469+00:00,,
43,cpu,model_only,1,17,1,0.0067992,6.7992,6799.2,147.07612660312978,10,2026-07-25T20:09:36.638469+00:00,,
43,cpu,model_only,1,18,1,0.0062775,6.2775,6277.5,159.2990840302668,10,2026-07-25T20:09:36.638469+00:00,,
43,cpu,model_only,1,19,1,0.0065041,6.504099999999999,6504.099999999999,153.74917359819193,10,2026-07-25T20:09:36.638469+00:00,,
43,cpu,model_only,1,20,1,0.0061645,6.164499999999999,6164.5,162.21915808256955,10,2026-07-25T20:09:36.638469+00:00,,
43,cpu,model_only,1,21,1,0.0061972,6.1972,6197.2,161.36319628219195,10,2026-07-25T20:09:36.638469+00:00,,
43,cpu,model_only,1,22,1,0.006724,6.724,6724.0,148.720999405116,10,2026-07-25T20:09:36.638469+00:00,,
43,cpu,model_only,1,23,1,0.0065898,6.589799999999999,6589.8,151.74967373820147,10,2026-07-25T20:09:36.638469+00:00,,
43,cpu,model_only,1,24,1,0.0070308,7.0308,7030.8,142.23132502702396,10,2026-07-25T20:09:36.638469+00:00,,
43,cpu,model_only,1,25,1,0.006492,6.492,6492.0,154.03573629081947,10,2026-07-25T20:09:36.638469+00:00,,
43,cpu,model_only,1,26,1,0.0068032,6.8031999999999995,6803.2,146.98965192850423,10,2026-07-25T20:09:36.638469+00:00,,
43,cpu,model_only,1,27,1,0.0066508,6.6508,6650.8,150.35785168701508,10,2026-07-25T20:09:36.638469+00:00,,
43,cpu,model_only,1,28,1,0.0065735,6.5735,6573.5,152.12596029512434,10,2026-07-25T20:09:36.638469+00:00,,
43,cpu,model_only,1,29,1,0.007345,7.345,7345.0,136.14703880190606,10,2026-07-25T20:09:36.638469+00:00,,
43,cpu,model_only,1,30,1,0.0065302,6.5302,6530.2,153.13466662583076,10,2026-07-25T20:09:36.638469+00:00,,
43,cpu,model_only,1,31,1,0.0071259,7.1259,7125.900000000001,140.33315090023717,10,2026-07-25T20:09:36.638469+00:00,,
43,cpu,model_only,1,32,1,0.0067843,6.7843,6784.3,147.39914213699277,10,2026-07-25T20:09:36.638469+00:00,,
43,cpu,model_only,1,33,1,0.0071399,7.1399,7139.900000000001,140.05798400537822,10,2026-07-25T20:09:36.638469+00:00,,
43,cpu,model_only,1,34,1,0.0068466,6.8466000000000005,6846.6,146.05789735050973,10,2026-07-25T20:09:36.638469+00:00,,
43,cpu,model_only,1,35,1,0.0067663,6.7663,6766.3,147.7912596249058,10,2026-07-25T20:09:36.638469+00:00,,
43,cpu,model_only,1,36,1,0.0077758,7.7758,7775.8,128.60413076468015,10,2026-07-25T20:09:36.638469+00:00,,
43,cpu,model_only,1,37,1,0.0068999,6.8999,6899.9,144.9296366614009,10,2026-07-25T20:09:36.638469+00:00,,
43,cpu,model_only,1,38,1,0.0070258,7.025799999999999,7025.799999999999,142.33254575991347,10,2026-07-25T20:09:36.638469+00:00,,
43,cpu,model_only,1,39,1,0.006909,6.909,6909.0,144.73874656245476,10,2026-07-25T20:09:36.638469+00:00,,
43,cpu,model_only,1,40,1,0.0065956,6.5956,6595.6,151.61622900115228,10,2026-07-25T20:09:36.638469+00:00,,
43,cpu,model_only,1,41,1,0.0068625,6.8625,6862.5,145.71948998178507,10,2026-07-25T20:09:36.638469+00:00,,
43,cpu,model_only,1,42,1,0.0065801,6.5801,6580.1,151.9733742648288,10,2026-07-25T20:09:36.638469+00:00,,
43,cpu,model_only,1,43,1,0.0068488,6.848800000000001,6848.8,146.01098002569793,10,2026-07-25T20:09:36.638469+00:00,,
43,cpu,model_only,1,44,1,0.0065992,6.599200000000001,6599.200000000001,151.53351921445022,10,2026-07-25T20:09:36.638469+00:00,,
43,cpu,model_only,1,45,1,0.0071465,7.1465,7146.5,139.92863639543833,10,2026-07-25T20:09:36.638469+00:00,,
43,cpu,model_only,1,46,1,0.0066415,6.6415,6641.5,150.5683956937439,10,2026-07-25T20:09:36.638469+00:00,,
43,cpu,model_only,1,47,1,0.0066169,6.6169,6616.900000000001,151.1281718025057,10,2026-07-25T20:09:36.638469+00:00,,
43,cpu,model_only,1,48,1,0.0069949,6.9949,6994.9,142.96130037598823,10,2026-07-25T20:09:36.638469+00:00,,
43,cpu,model_only,1,49,1,0.0066799,6.6799,6679.9,149.7028398628722,10,2026-07-25T20:09:36.638469+00:00,,
43,cpu,model_only,1,50,1,0.006958,6.958,6958.0,143.71945961483186,10,2026-07-25T20:09:36.638469+00:00,,
43,cpu,model_only,1,51,1,0.0065203,6.5203,6520.299999999999,153.3671763569161,10,2026-07-25T20:09:36.638469+00:00,,
43,cpu,model_only,1,52,1,0.0067013,6.701300000000001,6701.3,149.2247772820199,10,2026-07-25T20:09:36.638469+00:00,,
43,cpu,model_only,1,53,1,0.0062467,6.2467,6246.7,160.0845246290041,10,2026-07-25T20:09:36.638469+00:00,,
43,cpu,model_only,1,54,1,0.0063425,6.3425,6342.5,157.66653527788728,10,2026-07-25T20:09:36.638469+00:00,,
43,cpu,model_only,1,55,1,0.0069303,6.930300000000001,6930.3,144.29389781106156,10,2026-07-25T20:09:36.638469+00:00,,
43,cpu,model_only,1,56,1,0.006712,6.712,6712.0,148.98688915375448,10,2026-07-25T20:09:36.638469+00:00,,
43,cpu,model_only,1,57,1,0.0069591,6.9591,6959.1,143.6967423948499,10,2026-07-25T20:09:36.638469+00:00,,
43,cpu,model_only,1,58,1,0.006489,6.489,6489.0,154.10695022345507,10,2026-07-25T20:09:36.638469+00:00,,
43,cpu,model_only,1,59,1,0.0068667,6.8667,6866.7,145.63036101766497,10,2026-07-25T20:09:36.638469+00:00,,
43,cpu,model_only,1,60,1,0.0070123,7.0123,7012.3,142.60656275401794,10,2026-07-25T20:09:36.638469+00:00,,
43,cpu,model_only,1,61,1,0.0066575,6.657500000000001,6657.5,150.20653398422832,10,2026-07-25T20:09:36.638469+00:00,,
43,cpu,model_only,1,62,1,0.0084505,8.4505,8450.5,118.33619312466719,10,2026-07-25T20:09:36.638469+00:00,,
43,cpu,model_only,1,63,1,0.0066621,6.6621,6662.099999999999,150.10282043199592,10,2026-07-25T20:09:36.638469+00:00,,
43,cpu,model_only,1,64,1,0.0074224,7.4224,7422.4,134.72731192067255,10,2026-07-25T20:09:36.638469+00:00,,
43,cpu,model_only,1,65,1,0.0064459,6.4459,6445.9,155.13737414480522,10,2026-07-25T20:09:36.638469+00:00,,
43,cpu,model_only,1,66,1,0.0072552,7.255199999999999,7255.2,137.83217554305878,10,2026-07-25T20:09:36.638469+00:00,,
43,cpu,model_only,1,67,1,0.0066861,6.686100000000001,6686.1,149.5640208791373,10,2026-07-25T20:09:36.638469+00:00,,
43,cpu,model_only,1,68,1,0.007052,7.0520000000000005,7052.0,141.80374361883153,10,2026-07-25T20:09:36.638469+00:00,,
43,cpu,model_only,1,69,1,0.0066881,6.6880999999999995,6688.099999999999,149.51929546507978,10,2026-07-25T20:09:36.638469+00:00,,
43,cpu,model_only,1,70,1,0.0065572,6.5572,6557.2,152.5041176111755,10,2026-07-25T20:09:36.638469+00:00,,
43,cpu,model_only,1,71,1,0.0068126,6.812600000000001,6812.6,146.78683615653347,10,2026-07-25T20:09:36.638469+00:00,,
43,cpu,model_only,1,72,1,0.006526,6.526,6526.0,153.23322096230464,10,2026-07-25T20:09:36.638469+00:00,,
43,cpu,model_only,1,73,1,0.0075812,7.5812,7581.2,131.90523927610406,10,2026-07-25T20:09:36.638469+00:00,,
43,cpu,model_only,1,74,1,0.0065629,6.5629,6562.9,152.37166496518307,10,2026-07-25T20:09:36.638469+00:00,,
43,cpu,model_only,1,75,1,0.0067879,6.7879000000000005,6787.900000000001,147.32096819340296,10,2026-07-25T20:09:36.638469+00:00,,
43,cpu,model_only,1,76,1,0.0065419,6.5419,6541.9,152.8607896788395,10,2026-07-25T20:09:36.638469+00:00,,
43,cpu,model_only,1,77,1,0.0068486,6.8486,6848.599999999999,146.01524399147272,10,2026-07-25T20:09:36.638469+00:00,,
43,cpu,model_only,1,78,1,0.0069109,6.9109,6910.900000000001,144.69895382656384,10,2026-07-25T20:09:36.638469+00:00,,
43,cpu,model_only,1,79,1,0.0063961,6.3961,6396.1,156.34527290067385,10,2026-07-25T20:09:36.638469+00:00,,
43,cpu,model_only,1,80,1,0.0067008,6.7008,6700.8,149.23591212989496,10,2026-07-25T20:09:36.638469+00:00,,
43,cpu,model_only,1,81,1,0.0066064,6.6064,6606.400000000001,151.36837006539113,10,2026-07-25T20:09:36.638469+00:00,,
43,cpu,model_only,1,82,1,0.0070953,7.0953,7095.299999999999,140.93836765182587,10,2026-07-25T20:09:36.638469+00:00,,
43,cpu,model_only,1,83,1,0.0066662,6.6662,6666.2,150.01050073505147,10,2026-07-25T20:09:36.638469+00:00,,
43,cpu,model_only,1,84,1,0.0065355,6.5355,6535.5,153.01048121796345,10,2026-07-25T20:09:36.638469+00:00,,
43,cpu,model_only,1,85,1,0.0072373,7.2373,7237.3,138.17307559448966,10,2026-07-25T20:09:36.638469+00:00,,
43,cpu,model_only,1,86,1,0.0071245,7.124499999999999,7124.5,140.3607270685662,10,2026-07-25T20:09:36.638469+00:00,,
43,cpu,model_only,1,87,1,0.0073975,7.397500000000001,7397.5,135.18080432578574,10,2026-07-25T20:09:36.638469+00:00,,
43,cpu,model_only,1,88,1,0.006442,6.442,6442.0,155.2312946289972,10,2026-07-25T20:09:36.638469+00:00,,
43,cpu,model_only,1,89,1,0.0072816,7.2816,7281.6,137.33245440562513,10,2026-07-25T20:09:36.638469+00:00,,
43,cpu,model_only,1,90,1,0.0065625,6.5625,6562.5,152.38095238095238,10,2026-07-25T20:09:36.638469+00:00,,
43,cpu,model_only,1,91,1,0.0067267,6.7267,6726.700000000001,148.66130494893483,10,2026-07-25T20:09:36.638469+00:00,,
43,cpu,model_only,1,92,1,0.0073856,7.3856,7385.6,135.39861351819758,10,2026-07-25T20:09:36.638469+00:00,,
43,cpu,model_only,1,93,1,0.0066516,6.651599999999999,6651.599999999999,150.3397678753984,10,2026-07-25T20:09:36.638469+00:00,,
43,cpu,model_only,1,94,1,0.0075863,7.5863,7586.3,131.81656406944097,10,2026-07-25T20:09:36.638469+00:00,,
43,cpu,model_only,1,95,1,0.0065939,6.5939,6593.9,151.65531779371844,10,2026-07-25T20:09:36.638469+00:00,,
43,cpu,model_only,1,96,1,0.0071322,7.1322,7132.2,140.20919211463504,10,2026-07-25T20:09:36.638469+00:00,,
43,cpu,model_only,1,97,1,0.0064013,6.4013,6401.3,156.21826816427912,10,2026-07-25T20:09:36.638469+00:00,,
43,cpu,model_only,1,98,1,0.0068647,6.8647,6864.7,145.67278977959708,10,2026-07-25T20:09:36.638469+00:00,,
43,cpu,model_only,1,99,1,0.0066037,6.6037,6603.7,151.4302587943123,10,2026-07-25T20:09:36.638469+00:00,,
43,cpu,model_only,1,100,1,0.0065439,6.5439,6543.9,152.8140711196687,10,2026-07-25T20:09:36.638469+00:00,,
43,cpu,model_only,1,101,1,0.0072112,7.2112,7211.2,138.6731750610162,10,2026-07-25T20:09:36.638469+00:00,,
43,cpu,model_only,1,102,1,0.0061853,6.185300000000001,6185.3,161.67364557903414,10,2026-07-25T20:09:36.638469+00:00,,
43,cpu,model_only,1,103,1,0.0065609,6.560899999999999,6560.9,152.41811336859274,10,2026-07-25T20:09:36.638469+00:00,,
43,cpu,model_only,1,104,1,0.0067957,6.7957,6795.7,147.15187545065262,10,2026-07-25T20:09:36.638469+00:00,,
43,cpu,model_only,1,105,1,0.0070299,7.0299000000000005,7029.900000000001,142.2495341327757,10,2026-07-25T20:09:36.638469+00:00,,
43,cpu,model_only,1,106,1,0.0068891,6.8891,6889.1,145.15684196774615,10,2026-07-25T20:09:36.638469+00:00,,
43,cpu,model_only,1,107,1,0.0066487,6.6487,6648.7,150.40534239776198,10,2026-07-25T20:09:36.638469+00:00,,
43,cpu,model_only,1,108,1,0.0073693,7.3693,7369.299999999999,135.69809886963483,10,2026-07-25T20:09:36.638469+00:00,,
43,cpu,model_only,1,109,1,0.0065375,6.5375,6537.5,152.96367112810708,10,2026-07-25T20:09:36.638469+00:00,,
43,cpu,model_only,1,110,1,0.0070233,7.0233,7023.299999999999,142.38321017185655,10,2026-07-25T20:09:36.638469+00:00,,
43,cpu,model_only,1,111,1,0.0064244,6.4244,6424.400000000001,155.65655936741175,10,2026-07-25T20:09:36.638469+00:00,,
43,cpu,model_only,1,112,1,0.0066434,6.6434,6643.4,150.5253334136135,10,2026-07-25T20:09:36.638469+00:00,,
43,cpu,model_only,1,113,1,0.0067767,6.7767,6776.7,147.5644487730016,10,2026-07-25T20:09:36.638469+00:00,,
43,cpu,model_only,1,114,1,0.007283,7.283,7283.0,137.30605519703417,10,2026-07-25T20:09:36.638469+00:00,,
43,cpu,model_only,1,115,1,0.0074111,7.4111,7411.1,134.9327360310885,10,2026-07-25T20:09:36.638469+00:00,,
43,cpu,model_only,1,116,1,0.0069192,6.9192,6919.200000000001,144.52537865649208,10,2026-07-25T20:09:36.638469+00:00,,
43,cpu,model_only,1,117,1,0.0069199,6.919899999999999,6919.9,144.5107588259946,10,2026-07-25T20:09:36.638469+00:00,,
43,cpu,model_only,1,118,1,0.0064914,6.4914,6491.4,154.04997381150446,10,2026-07-25T20:09:36.638469+00:00,,
43,cpu,model_only,1,119,1,0.0067593,6.7593000000000005,6759.3,147.94431376030062,10,2026-07-25T20:09:36.638469+00:00,,
43,cpu,model_only,1,120,1,0.006601,6.601,6601.0,151.49219815179518,10,2026-07-25T20:09:36.638469+00:00,,
43,cpu,model_only,1,121,1,0.006995,6.995,6995.0,142.9592566118656,10,2026-07-25T20:09:36.638469+00:00,,
43,cpu,model_only,1,122,1,0.006494,6.494,6494.0,153.9882968894364,10,2026-07-25T20:09:36.638469+00:00,,
43,cpu,model_only,1,123,1,0.0065991,6.5991,6599.1,151.53581548999105,10,2026-07-25T20:09:36.638469+00:00,,
43,cpu,model_only,1,124,1,0.0069403,6.9403,6940.3,144.08599051914183,10,2026-07-25T20:09:36.638469+00:00,,
43,cpu,model_only,1,125,1,0.0065092,6.5092,6509.2,153.62871013334973,10,2026-07-25T20:09:36.638469+00:00,,
43,cpu,model_only,1,126,1,0.0069333,6.9333,6933.3,144.23146265126275,10,2026-07-25T20:09:36.638469+00:00,,
43,cpu,model_only,1,127,1,0.0068342,6.8342,6834.200000000001,146.32290538760938,10,2026-07-25T20:09:36.638469+00:00,,
43,cpu,model_only,1,128,1,0.0067531,6.7531,6753.099999999999,148.0801409722942,10,2026-07-25T20:09:36.638469+00:00,,
43,cpu,model_only,1,129,1,0.0065523,6.5523,6552.299999999999,152.61816461395236,10,2026-07-25T20:09:36.638469+00:00,,
43,cpu,model_only,1,130,1,0.0065363,6.5363,6536.3,152.99175374447316,10,2026-07-25T20:09:36.638469+00:00,,
43,cpu,model_only,1,131,1,0.007015,7.015000000000001,7015.0,142.55167498218103,10,2026-07-25T20:09:36.638469+00:00,,
43,cpu,model_only,1,132,1,0.006401,6.401,6401.0,156.22558975160132,10,2026-07-25T20:09:36.638469+00:00,,
43,cpu,model_only,1,133,1,0.0069035,6.9035,6903.5,144.85405953501848,10,2026-07-25T20:09:36.638469+00:00,,
43,cpu,model_only,1,134,1,0.0066925,6.6925,6692.5,149.42099364960777,10,2026-07-25T20:09:36.638469+00:00,,
43,cpu,model_only,1,135,1,0.0066363,6.6363,6636.3,150.68637644470562,10,2026-07-25T20:09:36.638469+00:00,,
43,cpu,model_only,1,136,1,0.0063689,6.3689,6368.900000000001,157.01298497385733,10,2026-07-25T20:09:36.638469+00:00,,
43,cpu,model_only,1,137,1,0.0061354,6.1354,6135.4,162.98855820321413,10,2026-07-25T20:09:36.638469+00:00,,
43,cpu,model_only,1,138,1,0.0067294,6.7294,6729.4,148.6016583945077,10,2026-07-25T20:09:36.638469+00:00,,
43,cpu,model_only,1,139,1,0.0066518,6.651800000000001,6651.8,150.3352476021528,10,2026-07-25T20:09:36.638469+00:00,,
43,cpu,model_only,1,140,1,0.0076333,7.6333,7633.3,131.00493888619602,10,2026-07-25T20:09:36.638469+00:00,,
43,cpu,model_only,1,141,1,0.0065634,6.5634,6563.4,152.36005728738155,10,2026-07-25T20:09:36.638469+00:00,,
43,cpu,model_only,1,142,1,0.0066772,6.6772,6677.200000000001,149.7633738692865,10,2026-07-25T20:09:36.638469+00:00,,
43,cpu,model_only,1,143,1,0.0067367,6.7367,6736.7,148.44063116956374,10,2026-07-25T20:09:36.638469+00:00,,
43,cpu,model_only,1,144,1,0.0065374,6.5374,6537.4,152.9660109523664,10,2026-07-25T20:09:36.638469+00:00,,
43,cpu,model_only,1,145,1,0.0068404,6.8404,6840.4,146.19028127010117,10,2026-07-25T20:09:36.638469+00:00,,
43,cpu,model_only,1,146,1,0.0066195,6.6195,6619.5,151.06881184379483,10,2026-07-25T20:09:36.638469+00:00,,
43,cpu,model_only,1,147,1,0.0070899,7.0899,7089.9,141.04571291555592,10,2026-07-25T20:09:36.638469+00:00,,
43,cpu,model_only,1,148,1,0.0063003,6.3003,6300.3,158.72260051108677,10,2026-07-25T20:09:36.638469+00:00,,
43,cpu,model_only,1,149,1,0.0061262,6.1262,6126.2,163.23332571577814,10,2026-07-25T20:09:36.638469+00:00,,
43,cpu,model_only,1,150,1,0.0072104,7.2104,7210.4,138.6885609674914,10,2026-07-25T20:09:36.638469+00:00,,
43,cpu,model_only,1,151,1,0.0066344,6.6344,6634.400000000001,150.72953092969973,10,2026-07-25T20:09:36.638469+00:00,,
43,cpu,model_only,1,152,1,0.0069179,6.9179,6917.900000000001,144.5525376197979,10,2026-07-25T20:09:36.638469+00:00,,
43,cpu,model_only,1,153,1,0.0066099,6.6099000000000006,6609.900000000001,151.28821918637195,10,2026-07-25T20:09:36.638469+00:00,,
43,cpu,model_only,1,154,1,0.0068523,6.8523000000000005,6852.3,145.93640091648058,10,2026-07-25T20:09:36.638469+00:00,,
43,cpu,model_only,1,155,1,0.0065607,6.5607,6560.7,152.42275976648833,10,2026-07-25T20:09:36.638469+00:00,,
43,cpu,model_only,1,156,1,0.0065388,6.5388,6538.8,152.93325992536856,10,2026-07-25T20:09:36.638469+00:00,,
43,cpu,model_only,1,157,1,0.0067698,6.7698,6769.8,147.71485125114478,10,2026-07-25T20:09:36.638469+00:00,,
43,cpu,model_only,1,158,1,0.0064918,6.4918,6491.8,154.0404818386272,10,2026-07-25T20:09:36.638469+00:00,,
43,cpu,model_only,1,159,1,0.0067664,6.7664,6766.4,147.78907543154412,10,2026-07-25T20:09:36.638469+00:00,,
43,cpu,model_only,1,160,1,0.0066197,6.6197,6619.7,151.0642476245147,10,2026-07-25T20:09:36.638469+00:00,,
43,cpu,model_only,1,161,1,0.0072125,7.2125,7212.5,138.6481802426343,10,2026-07-25T20:09:36.638469+00:00,,
43,cpu,model_only,1,162,1,0.0064211,6.4211,6421.099999999999,155.7365560417997,10,2026-07-25T20:09:36.638469+00:00,,
43,cpu,model_only,1,163,1,0.0064824,6.4824,6482.400000000001,154.26385289398988,10,2026-07-25T20:09:36.638469+00:00,,
43,cpu,model_only,1,164,1,0.0074485,7.4485,7448.5,134.25521917164528,10,2026-07-25T20:09:36.638469+00:00,,
43,cpu,model_only,1,165,1,0.0065017,6.5017,6501.7,153.8059276804528,10,2026-07-25T20:09:36.638469+00:00,,
43,cpu,model_only,1,166,1,0.0068598,6.8598,6859.8,145.77684480597102,10,2026-07-25T20:09:36.638469+00:00,,
43,cpu,model_only,1,167,1,0.0066181,6.6181,6618.1,151.10076910291474,10,2026-07-25T20:09:36.638469+00:00,,
43,cpu,model_only,1,168,1,0.0073584,7.3584000000000005,7358.400000000001,135.89910850184822,10,2026-07-25T20:09:36.638469+00:00,,
43,cpu,model_only,1,169,1,0.0066333,6.6333,6633.3,150.7545264046553,10,2026-07-25T20:09:36.638469+00:00,,
43,cpu,model_only,1,170,1,0.0065767,6.576700000000001,6576.700000000001,152.05194094302612,10,2026-07-25T20:09:36.638469+00:00,,
43,cpu,model_only,1,171,1,0.0069273,6.9273,6927.3,144.35638704834494,10,2026-07-25T20:09:36.638469+00:00,,
43,cpu,model_only,1,172,1,0.0065181,6.5181,6518.099999999999,153.41894110246852,10,2026-07-25T20:09:36.638469+00:00,,
43,cpu,model_only,1,173,1,0.0069276,6.9276,6927.599999999999,144.35013568912754,10,2026-07-25T20:09:36.638469+00:00,,
43,cpu,model_only,1,174,1,0.0063909,6.390899999999999,6390.9,156.47248431363346,10,2026-07-25T20:09:36.638469+00:00,,
43,cpu,model_only,1,175,1,0.0066728,6.6728000000000005,6672.8,149.86212684330414,10,2026-07-25T20:09:36.638469+00:00,,
43,cpu,model_only,1,176,1,0.0067007,6.7007,6700.700000000001,149.23813929887922,10,2026-07-25T20:09:36.638469+00:00,,
43,cpu,model_only,1,177,1,0.0066661,6.6661,6666.1,150.01275108384212,10,2026-07-25T20:09:36.638469+00:00,,
43,cpu,model_only,1,178,1,0.0073084,7.3084,7308.4,136.8288544688304,10,2026-07-25T20:09:36.638469+00:00,,
43,cpu,model_only,1,179,1,0.0065198,6.5198,6519.8,153.37893800423325,10,2026-07-25T20:09:36.638469+00:00,,
43,cpu,model_only,1,180,1,0.0079787,7.9787,7978.7,125.3337009788562,10,2026-07-25T20:09:36.638469+00:00,,
43,cpu,model_only,1,181,1,0.0067746,6.7746,6774.6,147.61019100758716,10,2026-07-25T20:09:36.638469+00:00,,
43,cpu,model_only,1,182,1,0.0073509,7.350899999999999,7350.9,136.03776408330953,10,2026-07-25T20:09:36.638469+00:00,,
43,cpu,model_only,1,183,1,0.0064079,6.407900000000001,6407.900000000001,156.0573666879945,10,2026-07-25T20:09:36.638469+00:00,,
43,cpu,model_only,1,184,1,0.0064054,6.4054,6405.400000000001,156.11827520529553,10,2026-07-25T20:09:36.638469+00:00,,
43,cpu,model_only,1,185,1,0.0067691,6.7691,6769.1,147.7301266047185,10,2026-07-25T20:09:36.638469+00:00,,
43,cpu,model_only,1,186,1,0.0065657,6.5657,6565.7,152.30668474039325,10,2026-07-25T20:09:36.638469+00:00,,
43,cpu,model_only,1,187,1,0.006832,6.832000000000001,6832.0,146.37002341920373,10,2026-07-25T20:09:36.638469+00:00,,
43,cpu,model_only,1,188,1,0.0066,6.6,6600.0,151.51515151515153,10,2026-07-25T20:09:36.638469+00:00,,
43,cpu,model_only,1,189,1,0.0073996,7.3996,7399.6,135.142440131899,10,2026-07-25T20:09:36.638469+00:00,,
43,cpu,model_only,1,190,1,0.0064753,6.4753,6475.3,154.43299924327832,10,2026-07-25T20:09:36.638469+00:00,,
43,cpu,model_only,1,191,1,0.0067919,6.7919,6791.9,147.2342054506103,10,2026-07-25T20:09:36.638469+00:00,,
43,cpu,model_only,1,192,1,0.0074399,7.4399,7439.900000000001,134.410408742053,10,2026-07-25T20:09:36.638469+00:00,,
43,cpu,model_only,1,193,1,0.0069255,6.9255,6925.5,144.39390657714245,10,2026-07-25T20:09:36.638469+00:00,,
43,cpu,model_only,1,194,1,0.0069111,6.9111,6911.099999999999,144.69476639029966,10,2026-07-25T20:09:36.638469+00:00,,
43,cpu,model_only,1,195,1,0.0071552,7.1552,7155.2,139.75849731663686,10,2026-07-25T20:09:36.638469+00:00,,
43,cpu,model_only,1,196,1,0.00694,6.94,6940.0,144.0922190201729,10,2026-07-25T20:09:36.638469+00:00,,
43,cpu,model_only,1,197,1,0.0063832,6.3832,6383.200000000001,156.66123574382755,10,2026-07-25T20:09:36.638469+00:00,,
43,cpu,model_only,1,198,1,0.0061643,6.1643,6164.3,162.22442126437713,10,2026-07-25T20:09:36.638469+00:00,,
43,cpu,model_only,1,199,1,0.006439,6.439,6439.0,155.30361857431276,10,2026-07-25T20:09:36.638469+00:00,,
43,cpu,model_only,1,200,1,0.006362,6.361999999999999,6362.0,157.18327569946558,10,2026-07-25T20:09:36.638469+00:00,,
43,cpu,model_only,1,201,1,0.0067759,6.7759,6775.9,147.5818710429611,10,2026-07-25T20:09:36.638469+00:00,,
43,cpu,model_only,1,202,1,0.0065206,6.5206,6520.599999999999,153.36012023433426,10,2026-07-25T20:09:36.638469+00:00,,
43,cpu,model_only,1,203,1,0.0066143,6.6143,6614.3,151.18757842855632,10,2026-07-25T20:09:36.638469+00:00,,
43,cpu,model_only,1,204,1,0.0073282,7.3282,7328.2,136.45915777407822,10,2026-07-25T20:09:36.638469+00:00,,
43,cpu,model_only,1,205,1,0.0064114,6.4114,6411.400000000001,155.97217456405775,10,2026-07-25T20:09:36.638469+00:00,,
43,cpu,model_only,1,206,1,0.0074746,7.4746,7474.599999999999,133.78642335375807,10,2026-07-25T20:09:36.638469+00:00,,
43,cpu,model_only,1,207,1,0.0067587,6.7587,6758.700000000001,147.9574474381168,10,2026-07-25T20:09:36.638469+00:00,,
43,cpu,model_only,1,208,1,0.0069733,6.9733,6973.3,143.40412717078,10,2026-07-25T20:09:36.638469+00:00,,
43,cpu,model_only,1,209,1,0.0065796,6.5796,6579.599999999999,151.98492309562891,10,2026-07-25T20:09:36.638469+00:00,,
43,cpu,model_only,1,210,1,0.0070554,7.0554,7055.4,141.73540833971143,10,2026-07-25T20:09:36.638469+00:00,,
43,cpu,model_only,1,211,1,0.0066071,6.6071,6607.1,151.35233309621466,10,2026-07-25T20:09:36.638469+00:00,,
43,cpu,model_only,1,212,1,0.0064944,6.4944,6494.4,153.9788125153979,10,2026-07-25T20:09:36.638469+00:00,,
43,cpu,model_only,1,213,1,0.0069453,6.9453,6945.3,143.98226138539732,10,2026-07-25T20:09:36.638469+00:00,,
43,cpu,model_only,1,214,1,0.0066217,6.621700000000001,6621.700000000001,151.01862059591946,10,2026-07-25T20:09:36.638469+00:00,,
43,cpu,model_only,1,215,1,0.0067946,6.7946,6794.599999999999,147.17569834868868,10,2026-07-25T20:09:36.638469+00:00,,
43,cpu,model_only,1,216,1,0.0065895,6.5895,6589.5,151.7565824417634,10,2026-07-25T20:09:36.638469+00:00,,
43,cpu,model_only,1,217,1,0.0069334,6.9334,6933.400000000001,144.2293824097845,10,2026-07-25T20:09:36.638469+00:00,,
43,cpu,model_only,1,218,1,0.0066969,6.6969,6696.900000000001,149.32282100673444,10,2026-07-25T20:09:36.638469+00:00,,
43,cpu,model_only,1,219,1,0.0065464,6.5464,6546.4,152.7557130636686,10,2026-07-25T20:09:36.638469+00:00,,
43,cpu,model_only,1,220,1,0.0071166,7.1166,7116.599999999999,140.51653879661637,10,2026-07-25T20:09:36.638469+00:00,,
43,cpu,model_only,1,221,1,0.0062897,6.2897,6289.7,158.99009491708668,10,2026-07-25T20:09:36.638469+00:00,,
43,cpu,model_only,1,222,1,0.006709,6.709,6709.0,149.05351021016546,10,2026-07-25T20:09:36.638469+00:00,,
43,cpu,model_only,1,223,1,0.0062378,6.2378,6237.8,160.31293084100164,10,2026-07-25T20:09:36.638469+00:00,,
43,cpu,model_only,1,224,1,0.0066077,6.6077,6607.7,151.33858982701997,10,2026-07-25T20:09:36.638469+00:00,,
43,cpu,model_only,1,225,1,0.0071425,7.1425,7142.5,140.0070003500175,10,2026-07-25T20:09:36.638469+00:00,,
43,cpu,model_only,1,226,1,0.0066602,6.6602,6660.2,150.14564127203388,10,2026-07-25T20:09:36.638469+00:00,,
43,cpu,model_only,1,227,1,0.0068291,6.8291,6829.1,146.4321799358627,10,2026-07-25T20:09:36.638469+00:00,,
43,cpu,model_only,1,228,1,0.0065093,6.5093,6509.3,153.62634999155054,10,2026-07-25T20:09:36.638469+00:00,,
43,cpu,model_only,1,229,1,0.0069531,6.9531,6953.1,143.82074182738634,10,2026-07-25T20:09:36.638469+00:00,,
43,cpu,model_only,1,230,1,0.0063866,6.3866000000000005,6386.6,156.5778348416998,10,2026-07-25T20:09:36.638469+00:00,,
43,cpu,model_only,1,231,1,0.0060308,6.0308,6030.8,165.8154805332626,10,2026-07-25T20:09:36.638469+00:00,,
43,cpu,model_only,1,232,1,0.0066335,6.6335,6633.5,150.74998115625237,10,2026-07-25T20:09:36.638469+00:00,,
43,cpu,model_only,1,233,1,0.0063579,6.3579,6357.9,157.28463800940563,10,2026-07-25T20:09:36.638469+00:00,,
43,cpu,model_only,1,234,1,0.007175,7.175,7175.0,139.37282229965157,10,2026-07-25T20:09:36.638469+00:00,,
43,cpu,model_only,1,235,1,0.0064471,6.4471,6447.099999999999,155.10849839462705,10,2026-07-25T20:09:36.638469+00:00,,
43,cpu,model_only,1,236,1,0.0065416,6.5416,6541.599999999999,152.86779992662346,10,2026-07-25T20:09:36.638469+00:00,,
43,cpu,model_only,1,237,1,0.0064806,6.480600000000001,6480.6,154.30669999691386,10,2026-07-25T20:09:36.638469+00:00,,
43,cpu,model_only,1,238,1,0.0064743,6.4742999999999995,6474.299999999999,154.4568524782602,10,2026-07-25T20:09:36.638469+00:00,,
43,cpu,model_only,1,239,1,0.0071059,7.1059,7105.9,140.7281273308096,10,2026-07-25T20:09:36.638469+00:00,,
43,cpu,model_only,1,240,1,0.0064791,6.4791,6479.099999999999,154.34242410211294,10,2026-07-25T20:09:36.638469+00:00,,
43,cpu,model_only,1,241,1,0.0081555,8.1555,8155.5,122.61663907792288,10,2026-07-25T20:09:36.638469+00:00,,
43,cpu,model_only,1,242,1,0.0074774,7.4774,7477.400000000001,133.73632546072164,10,2026-07-25T20:09:36.638469+00:00,,
43,cpu,model_only,1,243,1,0.0073394,7.3394,7339.400000000001,136.2509196937079,10,2026-07-25T20:09:36.638469+00:00,,
43,cpu,model_only,1,244,1,0.006657,6.657,6657.0,150.2178158329578,10,2026-07-25T20:09:36.638469+00:00,,
43,cpu,model_only,1,245,1,0.0066682,6.6682,6668.2,149.96550793317536,10,2026-07-25T20:09:36.638469+00:00,,
43,cpu,model_only,1,246,1,0.006543,6.543,6543.0,152.8350909368791,10,2026-07-25T20:09:36.638469+00:00,,
43,cpu,model_only,1,247,1,0.0064183,6.4183,6418.3,155.8044965177695,10,2026-07-25T20:09:36.638469+00:00,,
43,cpu,model_only,1,248,1,0.0068736,6.8736,6873.599999999999,145.48417132216017,10,2026-07-25T20:09:36.638469+00:00,,
43,cpu,model_only,1,249,1,0.0065661,6.5661000000000005,6566.1,152.29740637516943,10,2026-07-25T20:09:36.638469+00:00,,
43,cpu,model_only,1,250,1,0.0064975,6.4975,6497.5,153.90534821085032,10,2026-07-25T20:09:36.638469+00:00,,
43,cpu,model_only,1,251,1,0.0063643,6.3643,6364.3,157.12647109658565,10,2026-07-25T20:09:36.638469+00:00,,
43,cpu,model_only,1,252,1,0.0066344,6.6344,6634.400000000001,150.72953092969973,10,2026-07-25T20:09:36.638469+00:00,,
43,cpu,model_only,1,253,1,0.0069544,6.954400000000001,6954.400000000001,143.79385712642355,10,2026-07-25T20:09:36.638469+00:00,,
43,cpu,model_only,1,254,1,0.0068836,6.8836,6883.6,145.2728223603928,10,2026-07-25T20:09:36.638469+00:00,,
43,cpu,model_only,1,255,1,0.0075602,7.5602,7560.200000000001,132.27163302558134,10,2026-07-25T20:09:36.638469+00:00,,
43,cpu,model_only,1,256,1,0.0065311,6.5310999999999995,6531.099999999999,153.11356433066405,10,2026-07-25T20:09:36.638469+00:00,,
43,cpu,model_only,1,257,1,0.0066515,6.6515,6651.5,150.34202811395926,10,2026-07-25T20:09:36.638469+00:00,,
43,cpu,model_only,1,258,1,0.0062568,6.2568,6256.8,159.8261091931978,10,2026-07-25T20:09:36.638469+00:00,,
43,cpu,model_only,1,259,1,0.0063309,6.330900000000001,6330.900000000001,157.9554249790709,10,2026-07-25T20:09:36.638469+00:00,,
43,cpu,model_only,1,260,1,0.00765,7.6499999999999995,7650.0,130.71895424836603,10,2026-07-25T20:09:36.638469+00:00,,
43,cpu,model_only,1,261,1,0.006625,6.625,6625.0,150.9433962264151,10,2026-07-25T20:09:36.638469+00:00,,
43,cpu,model_only,1,262,1,0.0070161,7.0161,7016.1,142.52932540870285,10,2026-07-25T20:09:36.638469+00:00,,
43,cpu,model_only,1,263,1,0.0067495,6.7495,6749.5,148.15912289799243,10,2026-07-25T20:09:36.638469+00:00,,
43,cpu,model_only,1,264,1,0.0074441,7.444100000000001,7444.1,134.33457368923038,10,2026-07-25T20:09:36.638469+00:00,,
43,cpu,model_only,1,265,1,0.006663,6.662999999999999,6663.0,150.08254539997,10,2026-07-25T20:09:36.638469+00:00,,
43,cpu,model_only,1,266,1,0.0066516,6.651599999999999,6651.599999999999,150.3397678753984,10,2026-07-25T20:09:36.638469+00:00,,
43,cpu,model_only,1,267,1,0.0066387,6.6387,6638.7,150.6319008239565,10,2026-07-25T20:09:36.638469+00:00,,
43,cpu,model_only,1,268,1,0.0068481,6.8481000000000005,6848.1,146.0259049955462,10,2026-07-25T20:09:36.638469+00:00,,
43,cpu,model_only,1,269,1,0.0086207,8.6207,8620.7,115.99986080016704,10,2026-07-25T20:09:36.638469+00:00,,
43,cpu,model_only,1,270,1,0.0084572,8.4572,8457.199999999999,118.24244430780874,10,2026-07-25T20:09:36.638469+00:00,,
43,cpu,model_only,1,271,1,0.0067807,6.7806999999999995,6780.7,147.4773990885897,10,2026-07-25T20:09:36.638469+00:00,,
43,cpu,model_only,1,272,1,0.0072171,7.217099999999999,7217.099999999999,138.55980934170236,10,2026-07-25T20:09:36.638469+00:00,,
43,cpu,model_only,1,273,1,0.0070124,7.0124,7012.400000000001,142.60452911984484,10,2026-07-25T20:09:36.638469+00:00,,
43,cpu,model_only,1,274,1,0.0066629,6.6629000000000005,6662.900000000001,150.08479791081962,10,2026-07-25T20:09:36.638469+00:00,,
43,cpu,model_only,1,275,1,0.0069492,6.9492,6949.2,143.90145628273757,10,2026-07-25T20:09:36.638469+00:00,,
43,cpu,model_only,1,276,1,0.0076199,7.6198999999999995,7619.9,131.2353180487933,10,2026-07-25T20:09:36.638469+00:00,,
43,cpu,model_only,1,277,1,0.0070468,7.0468,7046.8,141.9083839473236,10,2026-07-25T20:09:36.638469+00:00,,
43,cpu,model_only,1,278,1,0.0064187,6.4187,6418.700000000001,155.7947871064234,10,2026-07-25T20:09:36.638469+00:00,,
43,cpu,model_only,1,279,1,0.0062797,6.2797,6279.7,159.2432759526729,10,2026-07-25T20:09:36.638469+00:00,,
43,cpu,model_only,1,280,1,0.0067997,6.7997,6799.7,147.06531170492818,10,2026-07-25T20:09:36.638469+00:00,,
43,cpu,model_only,1,281,1,0.0066146,6.6146,6614.6,151.1807214344027,10,2026-07-25T20:09:36.638469+00:00,,
43,cpu,model_only,1,282,1,0.0068447,6.8447,6844.7,146.09844112963316,10,2026-07-25T20:09:36.638469+00:00,,
43,cpu,model_only,1,283,1,0.0064039,6.403899999999999,6403.9,156.15484314246007,10,2026-07-25T20:09:36.638469+00:00,,
43,cpu,model_only,1,284,1,0.0064751,6.4751,6475.1,154.43776930086023,10,2026-07-25T20:09:36.638469+00:00,,
43,cpu,model_only,1,285,1,0.006762,6.762,6762.0,147.88524105294292,10,2026-07-25T20:09:36.638469+00:00,,
43,cpu,model_only,1,286,1,0.0065693,6.5693,6569.3,152.22322012999862,10,2026-07-25T20:09:36.638469+00:00,,
43,cpu,model_only,1,287,1,0.0068076,6.8076,6807.599999999999,146.89464715905754,10,2026-07-25T20:09:36.638469+00:00,,
43,cpu,model_only,1,288,1,0.0066196,6.6196,6619.599999999999,151.06652969967973,10,2026-07-25T20:09:36.638469+00:00,,
43,cpu,model_only,1,289,1,0.0072605,7.2604999999999995,7260.5,137.73156118724606,10,2026-07-25T20:09:36.638469+00:00,,
43,cpu,model_only,1,290,1,0.0065178,6.517799999999999,6517.8,153.42600263892726,10,2026-07-25T20:09:36.638469+00:00,,
43,cpu,model_only,1,291,1,0.0062463,6.2463,6246.3,160.09477610745563,10,2026-07-25T20:09:36.638469+00:00,,
43,cpu,model_only,1,292,1,0.006324,6.324,6324.0,158.12776723592663,10,2026-07-25T20:09:36.638469+00:00,,
43,cpu,model_only,1,293,1,0.0062416,6.2416,6241.6,160.21532940271726,10,2026-07-25T20:09:36.638469+00:00,,
43,cpu,model_only,1,294,1,0.0069698,6.9698,6969.8,143.47613991793165,10,2026-07-25T20:09:36.638469+00:00,,
43,cpu,model_only,1,295,1,0.0062982,6.2982000000000005,6298.200000000001,158.77552316534883,10,2026-07-25T20:09:36.638469+00:00,,
43,cpu,model_only,1,296,1,0.0062897,6.2897,6289.7,158.99009491708668,10,2026-07-25T20:09:36.638469+00:00,,
43,cpu,model_only,1,297,1,0.0068076,6.8076,6807.599999999999,146.89464715905754,10,2026-07-25T20:09:36.638469+00:00,,
43,cpu,model_only,1,298,1,0.0066752,6.6752,6675.2,149.80824544582933,10,2026-07-25T20:09:36.638469+00:00,,
43,cpu,model_only,1,299,1,0.0067624,6.7624,6762.4,147.8764935525849,10,2026-07-25T20:09:36.638469+00:00,,
43,cpu,model_only,1,300,1,0.006557,6.557,6557.0,152.5087692542321,10,2026-07-25T20:09:36.638469+00:00,,
43,cpu,model_only,1,301,1,0.0069072,6.9072,6907.2,144.77646513782722,10,2026-07-25T20:09:36.638469+00:00,,
43,cpu,model_only,1,302,1,0.0065835,6.5835,6583.5,151.894888736994,10,2026-07-25T20:09:36.638469+00:00,,
43,cpu,model_only,1,303,1,0.0064865,6.4865,6486.5,154.16634548678024,10,2026-07-25T20:09:36.638469+00:00,,
43,cpu,model_only,1,304,1,0.0067531,6.7531,6753.099999999999,148.0801409722942,10,2026-07-25T20:09:36.638469+00:00,,
43,cpu,model_only,1,305,1,0.0064721,6.472099999999999,6472.099999999999,154.50935554147804,10,2026-07-25T20:09:36.638469+00:00,,
43,cpu,model_only,1,306,1,0.0069604,6.9604,6960.400000000001,143.6699040285041,10,2026-07-25T20:09:36.638469+00:00,,
43,cpu,model_only,1,307,1,0.0065678,6.5678,6567.8,152.2579859313621,10,2026-07-25T20:09:36.638469+00:00,,
43,cpu,model_only,1,308,1,0.0068447,6.8447,6844.7,146.09844112963316,10,2026-07-25T20:09:36.638469+00:00,,
43,cpu,model_only,1,309,1,0.006689,6.689,6689.0,149.49917775452235,10,2026-07-25T20:09:36.638469+00:00,,
43,cpu,model_only,1,310,1,0.0066339,6.6339,6633.9,150.74089148163222,10,2026-07-25T20:09:36.638469+00:00,,
43,cpu,model_only,1,311,1,0.0070002,7.0001999999999995,7000.2,142.85306134110454,10,2026-07-25T20:09:36.638469+00:00,,
43,cpu,model_only,1,312,1,0.0064377,6.4377,6437.7,155.3349798841201,10,2026-07-25T20:09:36.638469+00:00,,
43,cpu,model_only,1,313,1,0.0067383,6.7383,6738.3,148.40538414733686,10,2026-07-25T20:09:36.638469+00:00,,
43,cpu,model_only,1,314,1,0.0064966,6.4966,6496.6,153.92666933472893,10,2026-07-25T20:09:36.638469+00:00,,
43,cpu,model_only,1,315,1,0.0068957,6.895700000000001,6895.7,145.0179097118494,10,2026-07-25T20:09:36.638469+00:00,,
43,cpu,model_only,1,316,1,0.0069687,6.9687,6968.700000000001,143.49878743524616,10,2026-07-25T20:09:36.638469+00:00,,
43,cpu,model_only,1,317,1,0.0067343,6.7343,6734.3,148.4935331066332,10,2026-07-25T20:09:36.638469+00:00,,
43,cpu,model_only,1,318,1,0.0069568,6.9568,6956.8,143.7442502299908,10,2026-07-25T20:09:36.638469+00:00,,
43,cpu,model_only,1,319,1,0.0066831,6.6831,6683.1,149.63115919259027,10,2026-07-25T20:09:36.638469+00:00,,
43,cpu,model_only,1,320,1,0.0074206,7.4206,7420.6,134.75999245344042,10,2026-07-25T20:09:36.638469+00:00,,
43,cpu,model_only,1,321,1,0.0063999,6.3999,6399.9,156.25244144439756,10,2026-07-25T20:09:36.638469+00:00,,
43,cpu,model_only,1,322,1,0.0063741,6.374099999999999,6374.099999999999,156.88489355359974,10,2026-07-25T20:09:36.638469+00:00,,
43,cpu,model_only,1,323,1,0.0063858,6.3858,6385.799999999999,156.59745059350433,10,2026-07-25T20:09:36.638469+00:00,,
43,cpu,model_only,1,324,1,0.0065074,6.5074,6507.4,153.6712050895903,10,2026-07-25T20:09:36.638469+00:00,,
43,cpu,model_only,1,325,1,0.0072782,7.2782,7278.200000000001,137.39660905168859,10,2026-07-25T20:09:36.638469+00:00,,
43,cpu,model_only,1,326,1,0.0065454,6.5454,6545.4,152.77905093653558,10,2026-07-25T20:09:36.638469+00:00,,
43,cpu,model_only,1,327,1,0.0071441,7.1441,7144.099999999999,139.9756442379026,10,2026-07-25T20:09:36.638469+00:00,,
43,cpu,model_only,1,328,1,0.0070095,7.0095,7009.5,142.66352806904914,10,2026-07-25T20:09:36.638469+00:00,,
43,cpu,model_only,1,329,1,0.0078004,7.8004,7800.4,128.19855392031178,10,2026-07-25T20:09:36.638469+00:00,,
43,cpu,model_only,1,330,1,0.0068764,6.8764,6876.400000000001,145.4249316502821,10,2026-07-25T20:09:36.638469+00:00,,
43,cpu,model_only,1,331,1,0.0065729,6.5729,6572.9,152.13984694731397,10,2026-07-25T20:09:36.638469+00:00,,
43,cpu,model_only,1,332,1,0.006857,6.857,6857.0,145.83637159107482,10,2026-07-25T20:09:36.638469+00:00,,
43,cpu,model_only,1,333,1,0.0067672,6.7672,6767.2,147.77160420853528,10,2026-07-25T20:09:36.638469+00:00,,
43,cpu,model_only,1,334,1,0.007088,7.088,7088.0,141.08352144469526,10,2026-07-25T20:09:36.638469+00:00,,
43,cpu,model_only,1,335,1,0.0064995,6.4995,6499.5,153.8579890760828,10,2026-07-25T20:09:36.638469+00:00,,
43,cpu,model_only,1,336,1,0.0070124,7.0124,7012.400000000001,142.60452911984484,10,2026-07-25T20:09:36.638469+00:00,,
43,cpu,model_only,1,337,1,0.00659,6.590000000000001,6590.0,151.74506828528072,10,2026-07-25T20:09:36.638469+00:00,,
43,cpu,model_only,1,338,1,0.0066648,6.6648000000000005,6664.8,150.04201176329371,10,2026-07-25T20:09:36.638469+00:00,,
43,cpu,model_only,1,339,1,0.0071847,7.184699999999999,7184.7,139.1846562834913,10,2026-07-25T20:09:36.638469+00:00,,
43,cpu,model_only,1,340,1,0.0064931,6.4931,6493.1,154.0096410035268,10,2026-07-25T20:09:36.638469+00:00,,
43,cpu,model_only,1,341,1,0.0066385,6.6385000000000005,6638.5,150.6364389545831,10,2026-07-25T20:09:36.638469+00:00,,
43,cpu,model_only,1,342,1,0.0061378,6.1377999999999995,6137.799999999999,162.9248264850598,10,2026-07-25T20:09:36.638469+00:00,,
43,cpu,model_only,1,343,1,0.0067208,6.7208,6720.8,148.79181049875015,10,2026-07-25T20:09:36.638469+00:00,,
43,cpu,model_only,1,344,1,0.0066302,6.6302,6630.2,150.8250128201261,10,2026-07-25T20:09:36.638469+00:00,,
43,cpu,model_only,1,345,1,0.0065428,6.5428,6542.799999999999,152.83976279268816,10,2026-07-25T20:09:36.638469+00:00,,
43,cpu,model_only,1,346,1,0.0074496,7.4496,7449.599999999999,134.23539518900344,10,2026-07-25T20:09:36.638469+00:00,,
43,cpu,model_only,1,347,1,0.0072703,7.270300000000001,7270.3,137.5459059461095,10,2026-07-25T20:09:36.638469+00:00,,
43,cpu,model_only,1,348,1,0.006916,6.916,6916.0,144.59224985540774,10,2026-07-25T20:09:36.638469+00:00,,
43,cpu,model_only,1,349,1,0.0081681,8.168099999999999,8168.099999999999,122.42749231767486,10,2026-07-25T20:09:36.638469+00:00,,
43,cpu,model_only,1,350,1,0.007579,7.579,7579.0,131.94352816994328,10,2026-07-25T20:09:36.638469+00:00,,
43,cpu,model_only,1,351,1,0.007658,7.6579999999999995,7658.0,130.58239749281796,10,2026-07-25T20:09:36.638469+00:00,,
43,cpu,model_only,1,352,1,0.0068182,6.8182,6818.2,146.66627555659852,10,2026-07-25T20:09:36.638469+00:00,,
43,cpu,model_only,1,353,1,0.0077082,7.7082,7708.2,129.7319737422485,10,2026-07-25T20:09:36.638469+00:00,,
43,cpu,model_only,1,354,1,0.0068548,6.8548,6854.8,145.88317675205695,10,2026-07-25T20:09:36.638469+00:00,,
43,cpu,model_only,1,355,1,0.0070298,7.0298,7029.8,142.2515576545563,10,2026-07-25T20:09:36.638469+00:00,,
43,cpu,model_only,1,356,1,0.0069614,6.9614,6961.400000000001,143.64926595225097,10,2026-07-25T20:09:36.638469+00:00,,
43,cpu,model_only,1,357,1,0.0069669,6.9669,6966.9,143.53586243522943,10,2026-07-25T20:09:36.638469+00:00,,
43,cpu,model_only,1,358,1,0.0067922,6.7922,6792.2,147.2277023644769,10,2026-07-25T20:09:36.638469+00:00,,
43,cpu,model_only,1,359,1,0.0066349,6.6349,6634.9,150.7181720900089,10,2026-07-25T20:09:36.638469+00:00,,
43,cpu,model_only,1,360,1,0.0064851,6.4851,6485.099999999999,154.19962683690306,10,2026-07-25T20:09:36.638469+00:00,,
43,cpu,model_only,1,361,1,0.007291,7.2909999999999995,7291.0,137.1553970648745,10,2026-07-25T20:09:36.638469+00:00,,
43,cpu,model_only,1,362,1,0.0070744,7.0744,7074.4,141.3547438652041,10,2026-07-25T20:09:36.638469+00:00,,
43,cpu,model_only,1,363,1,0.0078814,7.8814,7881.400000000001,126.88101098789555,10,2026-07-25T20:09:36.638469+00:00,,
43,cpu,model_only,1,364,1,0.0075399,7.5399,7539.900000000001,132.62775368373585,10,2026-07-25T20:09:36.638469+00:00,,
43,cpu,model_only,1,365,1,0.0069102,6.9102,6910.2,144.71361176232236,10,2026-07-25T20:09:36.638469+00:00,,
43,cpu,model_only,1,366,1,0.0065559,6.5559,6555.9,152.53435836422153,10,2026-07-25T20:09:36.638469+00:00,,
43,cpu,model_only,1,367,1,0.0067814,6.7814,6781.4,147.46217595186835,10,2026-07-25T20:09:36.638469+00:00,,
43,cpu,model_only,1,368,1,0.0072579,7.2579,7257.900000000001,137.7809008115295,10,2026-07-25T20:09:36.638469+00:00,,
43,cpu,model_only,1,369,1,0.0068559,6.8559,6855.9,145.85977041672137,10,2026-07-25T20:09:36.638469+00:00,,
43,cpu,model_only,1,370,1,0.0080278,8.0278,8027.8,124.56712922593987,10,2026-07-25T20:09:36.638469+00:00,,
43,cpu,model_only,1,371,1,0.0074981,7.4981,7498.099999999999,133.3671196703165,10,2026-07-25T20:09:36.638469+00:00,,
43,cpu,model_only,1,372,1,0.0071619,7.161899999999999,7161.9,139.62775241206944,10,2026-07-25T20:09:36.638469+00:00,,
43,cpu,model_only,1,373,1,0.0068754,6.8754,6875.400000000001,145.44608313698112,10,2026-07-25T20:09:36.638469+00:00,,
43,cpu,model_only,1,374,1,0.0069337,6.9337,6933.7,144.2231420453726,10,2026-07-25T20:09:36.638469+00:00,,
43,cpu,model_only,1,375,1,0.0067258,6.7258,6725.799999999999,148.6811977757293,10,2026-07-25T20:09:36.638469+00:00,,
43,cpu,model_only,1,376,1,0.0071177,7.1177,7117.7,140.49482276578107,10,2026-07-25T20:09:36.638469+00:00,,
43,cpu,model_only,1,377,1,0.0063474,6.3473999999999995,6347.4,157.54482150171725,10,2026-07-25T20:09:36.638469+00:00,,
43,cpu,model_only,1,378,1,0.0065844,6.5844,6584.4,151.87412672377135,10,2026-07-25T20:09:36.638469+00:00,,
43,cpu,model_only,1,379,1,0.0063015,6.3015,6301.5,158.69237483138934,10,2026-07-25T20:09:36.638469+00:00,,
43,cpu,model_only,1,380,1,0.0062493,6.2493,6249.3,160.01792200726481,10,2026-07-25T20:09:36.638469+00:00,,
43,cpu,model_only,1,381,1,0.0067771,6.7771,6777.1,147.55573918047543,10,2026-07-25T20:09:36.638469+00:00,,
43,cpu,model_only,1,382,1,0.006536,6.5360000000000005,6536.0,152.99877600979192,10,2026-07-25T20:09:36.638469+00:00,,
43,cpu,model_only,1,383,1,0.0070821,7.0821,7082.1,141.20105618390025,10,2026-07-25T20:09:36.638469+00:00,,
43,cpu,model_only,1,384,1,0.0065445,6.5445,6544.5,152.80006112002445,10,2026-07-25T20:09:36.638469+00:00,,
43,cpu,model_only,1,385,1,0.0064658,6.4658,6465.8,154.659902873581,10,2026-07-25T20:09:36.638469+00:00,,
43,cpu,model_only,1,386,1,0.0065951,6.5950999999999995,6595.099999999999,151.62772361298542,10,2026-07-25T20:09:36.638469+00:00,,
43,cpu,model_only,1,387,1,0.0066204,6.6204,6620.400000000001,151.04827502869918,10,2026-07-25T20:09:36.638469+00:00,,
43,cpu,model_only,1,388,1,0.0071923,7.1923,7192.3,139.0375818583763,10,2026-07-25T20:09:36.638469+00:00,,
43,cpu,model_only,1,389,1,0.0068086,6.808599999999999,6808.599999999999,146.8730722909262,10,2026-07-25T20:09:36.638469+00:00,,
43,cpu,model_only,1,390,1,0.007061,7.061,7061.0,141.62299957513102,10,2026-07-25T20:09:36.638469+00:00,,
43,cpu,model_only,1,391,1,0.0064476,6.4476,6447.6,155.0964700043427,10,2026-07-25T20:09:36.638469+00:00,,
43,cpu,model_only,1,392,1,0.0063902,6.3902,6390.200000000001,156.48962473787986,10,2026-07-25T20:09:36.638469+00:00,,
43,cpu,model_only,1,393,1,0.0066532,6.6532,6653.2,150.30361329886372,10,2026-07-25T20:09:36.638469+00:00,,
43,cpu,model_only,1,394,1,0.0065294,6.5294,6529.400000000001,153.15342910527767,10,2026-07-25T20:09:36.638469+00:00,,
43,cpu,model_only,1,395,1,0.0071375,7.1375,7137.5,140.10507880910683,10,2026-07-25T20:09:36.638469+00:00,,
43,cpu,model_only,1,396,1,0.006723,6.723,6723.0,148.74312063067083,10,2026-07-25T20:09:36.638469+00:00,,
43,cpu,model_only,1,397,1,0.0063791,6.3791,6379.1,156.76192566349485,10,2026-07-25T20:09:36.638469+00:00,,
43,cpu,model_only,1,398,1,0.0063429,6.3429,6342.900000000001,157.65659241041163,10,2026-07-25T20:09:36.638469+00:00,,
43,cpu,model_only,1,399,1,0.0066623,6.6623,6662.3,150.09831439592932,10,2026-07-25T20:09:36.638469+00:00,,
43,cpu,model_only,1,400,1,0.0073486,7.3486,7348.6,136.0803418338187,10,2026-07-25T20:09:36.638469+00:00,,
43,cpu,model_only,1,401,1,0.0068168,6.8168,6816.799999999999,146.69639713648633,10,2026-07-25T20:09:36.638469+00:00,,
43,cpu,model_only,1,402,1,0.0073171,7.3171,7317.1,136.66616555739296,10,2026-07-25T20:09:36.638469+00:00,,
43,cpu,model_only,1,403,1,0.0066658,6.6658,6665.8,150.0195025353296,10,2026-07-25T20:09:36.638469+00:00,,
43,cpu,model_only,1,404,1,0.0075685,7.568499999999999,7568.5,132.12657726101605,10,2026-07-25T20:09:36.638469+00:00,,
43,cpu,model_only,1,405,1,0.0073225,7.3225,7322.5,136.56538067599863,10,2026-07-25T20:09:36.638469+00:00,,
43,cpu,model_only,1,406,1,0.0075958,7.5958,7595.8,131.6517022565102,10,2026-07-25T20:09:36.638469+00:00,,
43,cpu,model_only,1,407,1,0.0067605,6.7605,6760.5,147.91805339841727,10,2026-07-25T20:09:36.638469+00:00,,
43,cpu,model_only,1,408,1,0.0070622,7.0622,7062.2,141.59893517600747,10,2026-07-25T20:09:36.638469+00:00,,
43,cpu,model_only,1,409,1,0.0069132,6.913200000000001,6913.200000000001,144.6508129375687,10,2026-07-25T20:09:36.638469+00:00,,
43,cpu,model_only,1,410,1,0.007058,7.058,7058.0,141.68319637291017,10,2026-07-25T20:09:36.638469+00:00,,
43,cpu,model_only,1,411,1,0.0069809,6.9809,6980.9,143.2480052715266,10,2026-07-25T20:09:36.638469+00:00,,
43,cpu,model_only,1,412,1,0.0062545,6.254499999999999,6254.5,159.8848828843233,10,2026-07-25T20:09:36.638469+00:00,,
43,cpu,model_only,1,413,1,0.007195,7.195,7195.0,138.9854065323141,10,2026-07-25T20:09:36.638469+00:00,,
43,cpu,model_only,1,414,1,0.0065577,6.5577,6557.7,152.49248974488006,10,2026-07-25T20:09:36.638469+00:00,,
43,cpu,model_only,1,415,1,0.0077249,7.7249,7724.9,129.45151393545547,10,2026-07-25T20:09:36.638469+00:00,,
43,cpu,model_only,1,416,1,0.0065179,6.5179,6517.9,153.42364872121388,10,2026-07-25T20:09:36.638469+00:00,,
43,cpu,model_only,1,417,1,0.0069076,6.9075999999999995,6907.599999999999,144.76808153338354,10,2026-07-25T20:09:36.638469+00:00,,
43,cpu,model_only,1,418,1,0.006524,6.524,6524.0,153.28019619865114,10,2026-07-25T20:09:36.638469+00:00,,
43,cpu,model_only,1,419,1,0.0066432,6.6432,6643.2,150.52986512524083,10,2026-07-25T20:09:36.638469+00:00,,
43,cpu,model_only,1,420,1,0.0063884,6.3884,6388.4,156.53371736271993,10,2026-07-25T20:09:36.638469+00:00,,
43,cpu,model_only,1,421,1,0.0063286,6.3286,6328.6,158.01283064184813,10,2026-07-25T20:09:36.638469+00:00,,
43,cpu,model_only,1,422,1,0.0074886,7.4886,7488.599999999999,133.53630852228721,10,2026-07-25T20:09:36.638469+00:00,,
43,cpu,model_only,1,423,1,0.0067194,6.7194,6719.400000000001,148.822811560556,10,2026-07-25T20:09:36.638469+00:00,,
43,cpu,model_only,1,424,1,0.0073656,7.3656,7365.6,135.76626479852285,10,2026-07-25T20:09:36.638469+00:00,,
43,cpu,model_only,1,425,1,0.0077267,7.7267,7726.700000000001,129.42135711235068,10,2026-07-25T20:09:36.638469+00:00,,
43,cpu,model_only,1,426,1,0.0076625,7.6625,7662.5,130.50570962479608,10,2026-07-25T20:09:36.638469+00:00,,
43,cpu,model_only,1,427,1,0.0068208,6.8208,6820.8,146.61036828524513,10,2026-07-25T20:09:36.638469+00:00,,
43,cpu,model_only,1,428,1,0.0065705,6.5705,6570.5,152.19541891789058,10,2026-07-25T20:09:36.638469+00:00,,
43,cpu,model_only,1,429,1,0.0065705,6.5705,6570.5,152.19541891789058,10,2026-07-25T20:09:36.638469+00:00,,
43,cpu,model_only,1,430,1,0.0064657,6.4657,6465.7,154.66229487913142,10,2026-07-25T20:09:36.638469+00:00,,
43,cpu,model_only,1,431,1,0.0065387,6.5386999999999995,6538.7,152.93559881933717,10,2026-07-25T20:09:36.638469+00:00,,
43,cpu,model_only,1,432,1,0.007105,7.105,7105.0,140.74595355383534,10,2026-07-25T20:09:36.638469+00:00,,
43,cpu,model_only,1,433,1,0.0064758,6.4758000000000004,6475.8,154.421075388369,10,2026-07-25T20:09:36.638469+00:00,,
43,cpu,model_only,1,434,1,0.0066451,6.6451,6645.1,150.48682487848188,10,2026-07-25T20:09:36.638469+00:00,,
43,cpu,model_only,1,435,1,0.0063243,6.3243,6324.299999999999,158.1202662745284,10,2026-07-25T20:09:36.638469+00:00,,
43,cpu,model_only,1,436,1,0.0071574,7.1574,7157.400000000001,139.71553916226563,10,2026-07-25T20:09:36.638469+00:00,,
43,cpu,model_only,1,437,1,0.0067068,6.706799999999999,6706.8,149.1024035307449,10,2026-07-25T20:09:36.638469+00:00,,
43,cpu,model_only,1,438,1,0.0066065,6.6065000000000005,6606.5,151.3660788617271,10,2026-07-25T20:09:36.638469+00:00,,
43,cpu,model_only,1,439,1,0.0071701,7.170100000000001,7170.1,139.46806878565152,10,2026-07-25T20:09:36.638469+00:00,,
43,cpu,model_only,1,440,1,0.006648,6.648000000000001,6648.0,150.42117930204572,10,2026-07-25T20:09:36.638469+00:00,,
43,cpu,model_only,1,441,1,0.0064565,6.4565,6456.5,154.88267637264772,10,2026-07-25T20:09:36.638469+00:00,,
43,cpu,model_only,1,442,1,0.0064016,6.4016,6401.6,156.2109472631842,10,2026-07-25T20:09:36.638469+00:00,,
43,cpu,model_only,1,443,1,0.0068265,6.8265,6826.5,146.48795136600015,10,2026-07-25T20:09:36.638469+00:00,,
43,cpu,model_only,1,444,1,0.0065846,6.5846,6584.6,151.86951371381707,10,2026-07-25T20:09:36.638469+00:00,,
43,cpu,model_only,1,445,1,0.0063307,6.3307,6330.7,157.96041511997095,10,2026-07-25T20:09:36.638469+00:00,,
43,cpu,model_only,1,446,1,0.006838,6.838,6838.0,146.24159110851124,10,2026-07-25T20:09:36.638469+00:00,,
43,cpu,model_only,1,447,1,0.0064442,6.4441999999999995,6444.2,155.17829986654667,10,2026-07-25T20:09:36.638469+00:00,,
43,cpu,model_only,1,448,1,0.0064723,6.472300000000001,6472.3,154.50458106082846,10,2026-07-25T20:09:36.638469+00:00,,
43,cpu,model_only,1,449,1,0.0061661,6.1661,6166.099999999999,162.17706491947908,10,2026-07-25T20:09:36.638469+00:00,,
43,cpu,model_only,1,450,1,0.0063733,6.3733,6373.3,156.90458632105816,10,2026-07-25T20:09:36.638469+00:00,,
43,cpu,model_only,1,451,1,0.0071791,7.1791,7179.099999999999,139.29322617041134,10,2026-07-25T20:09:36.638469+00:00,,
43,cpu,model_only,1,452,1,0.0065528,6.5528,6552.8,152.60651935050666,10,2026-07-25T20:09:36.638469+00:00,,
43,cpu,model_only,1,453,1,0.0068454,6.8454,6845.4,146.08350132935988,10,2026-07-25T20:09:36.638469+00:00,,
43,cpu,model_only,1,454,1,0.0063507,6.3507,6350.7,157.46295683940355,10,2026-07-25T20:09:36.638469+00:00,,
43,cpu,model_only,1,455,1,0.0069867,6.9867,6986.7,143.12908812457957,10,2026-07-25T20:09:36.638469+00:00,,
43,cpu,model_only,1,456,1,0.0065748,6.5748,6574.799999999999,152.09588124353593,10,2026-07-25T20:09:36.638469+00:00,,
43,cpu,model_only,1,457,1,0.0065773,6.5773,6577.3,152.03807033281132,10,2026-07-25T20:09:36.638469+00:00,,
43,cpu,model_only,1,458,1,0.0067454,6.7454,6745.400000000001,148.24917721706643,10,2026-07-25T20:09:36.638469+00:00,,
43,cpu,model_only,1,459,1,0.006024,6.024,6024.0,166.00265604249668,10,2026-07-25T20:09:36.638469+00:00,,
43,cpu,model_only,1,460,1,0.0063369,6.3369,6336.900000000001,157.80586722214332,10,2026-07-25T20:09:36.638469+00:00,,
43,cpu,model_only,1,461,1,0.0066642,6.6642,6664.200000000001,150.05552054260076,10,2026-07-25T20:09:36.638469+00:00,,
43,cpu,model_only,1,462,1,0.0065753,6.5753,6575.3,152.0843155445379,10,2026-07-25T20:09:36.638469+00:00,,
43,cpu,model_only,1,463,1,0.0087507,8.7507,8750.7,114.2765721599415,10,2026-07-25T20:09:36.638469+00:00,,
43,cpu,model_only,1,464,1,0.0073945,7.3945,7394.5,135.2356481168436,10,2026-07-25T20:09:36.638469+00:00,,
43,cpu,model_only,1,465,1,0.0074024,7.4024,7402.4,135.09132173349184,10,2026-07-25T20:09:36.638469+00:00,,
43,cpu,model_only,1,466,1,0.0071405,7.1405,7140.5,140.04621525103283,10,2026-07-25T20:09:36.638469+00:00,,
43,cpu,model_only,1,467,1,0.0073228,7.3228,7322.8,136.55978587425574,10,2026-07-25T20:09:36.638469+00:00,,
43,cpu,model_only,1,468,1,0.0073067,7.3067,7306.7,136.86068950415373,10,2026-07-25T20:09:36.638469+00:00,,
43,cpu,model_only,1,469,1,0.0069591,6.9591,6959.1,143.6967423948499,10,2026-07-25T20:09:36.638469+00:00,,
43,cpu,model_only,1,470,1,0.0068171,6.817100000000001,6817.1,146.68994147071334,10,2026-07-25T20:09:36.638469+00:00,,
43,cpu,model_only,1,471,1,0.0071071,7.1071,7107.099999999999,140.70436605647873,10,2026-07-25T20:09:36.638469+00:00,,
43,cpu,model_only,1,472,1,0.0074181,7.418100000000001,7418.1,134.80540839298473,10,2026-07-25T20:09:36.638469+00:00,,
43,cpu,model_only,1,473,1,0.0068733,6.8732999999999995,6873.299999999999,145.4905212925378,10,2026-07-25T20:09:36.638469+00:00,,
43,cpu,model_only,1,474,1,0.0067721,6.7721,6772.099999999999,147.66468303775787,10,2026-07-25T20:09:36.638469+00:00,,
43,cpu,model_only,1,475,1,0.0069995,6.999499999999999,6999.5,142.86734766769055,10,2026-07-25T20:09:36.638469+00:00,,
43,cpu,model_only,1,476,1,0.0066707,6.6707,6670.7,149.9093048705533,10,2026-07-25T20:09:36.638469+00:00,,
43,cpu,model_only,1,477,1,0.0072989,7.2989,7298.9,137.006946252175,10,2026-07-25T20:09:36.638469+00:00,,
43,cpu,model_only,1,478,1,0.0077468,7.7467999999999995,7746.8,129.0855579077813,10,2026-07-25T20:09:36.638469+00:00,,
43,cpu,model_only,1,479,1,0.0074516,7.4516,7451.6,134.19936657898975,10,2026-07-25T20:09:36.638469+00:00,,
43,cpu,model_only,1,480,1,0.0070406,7.0406,7040.6,142.03334943044626,10,2026-07-25T20:09:36.638469+00:00,,
43,cpu,model_only,1,481,1,0.0070076,7.0076,7007.6,142.70220903019577,10,2026-07-25T20:09:36.638469+00:00,,
43,cpu,model_only,1,482,1,0.0070405,7.0405,7040.5,142.0353668063348,10,2026-07-25T20:09:36.638469+00:00,,
43,cpu,model_only,1,483,1,0.0071091,7.1091,7109.1,140.6647817585911,10,2026-07-25T20:09:36.638469+00:00,,
43,cpu,model_only,1,484,1,0.006601,6.601,6601.0,151.49219815179518,10,2026-07-25T20:09:36.638469+00:00,,
43,cpu,model_only,1,485,1,0.0072662,7.2661999999999995,7266.2,137.62351710660317,10,2026-07-25T20:09:36.638469+00:00,,
43,cpu,model_only,1,486,1,0.0073366,7.336600000000001,7336.6,136.30291960853802,10,2026-07-25T20:09:36.638469+00:00,,
43,cpu,model_only,1,487,1,0.0072373,7.2373,7237.3,138.17307559448966,10,2026-07-25T20:09:36.638469+00:00,,
43,cpu,model_only,1,488,1,0.0068859,6.8859,6885.900000000001,145.22429892969691,10,2026-07-25T20:09:36.638469+00:00,,
43,cpu,model_only,1,489,1,0.0064297,6.4297,6429.7,155.52825170692256,10,2026-07-25T20:09:36.638469+00:00,,
43,cpu,model_only,1,490,1,0.0069308,6.9308,6930.8,144.28348819761067,10,2026-07-25T20:09:36.638469+00:00,,
43,cpu,model_only,1,491,1,0.006963,6.962999999999999,6963.0,143.6162573603332,10,2026-07-25T20:09:36.638469+00:00,,
43,cpu,model_only,1,492,1,0.0067454,6.7454,6745.400000000001,148.24917721706643,10,2026-07-25T20:09:36.638469+00:00,,
43,cpu,model_only,1,493,1,0.0066292,6.6292,6629.2,150.84776443613106,10,2026-07-25T20:09:36.638469+00:00,,
43,cpu,model_only,1,494,1,0.0064335,6.4334999999999996,6433.5,155.4363876583508,10,2026-07-25T20:09:36.638469+00:00,,
43,cpu,model_only,1,495,1,0.0066245,6.6245,6624.5,150.9547890406823,10,2026-07-25T20:09:36.638469+00:00,,
43,cpu,model_only,1,496,1,0.0070138,7.0138,7013.799999999999,142.57606433032024,10,2026-07-25T20:09:36.638469+00:00,,
43,cpu,model_only,1,497,1,0.0070331,7.033099999999999,7033.099999999999,142.18481181840156,10,2026-07-25T20:09:36.638469+00:00,,
43,cpu,model_only,1,498,1,0.00669,6.6899999999999995,6690.0,149.47683109118088,10,2026-07-25T20:09:36.638469+00:00,,
43,cpu,model_only,1,499,1,0.0077134,7.7134,7713.4,129.64451474058134,10,2026-07-25T20:09:36.638469+00:00,,
43,cpu,model_only,1,500,1,0.0064294,6.4294,6429.4,155.53550875664914,10,2026-07-25T20:09:36.638469+00:00,,
43,cpu,model_only,1,501,1,0.00715,7.15,7150.0,139.86013986013987,10,2026-07-25T20:09:36.638469+00:00,,
43,cpu,model_only,1,502,1,0.006757,6.757,6757.0,147.9946721918011,10,2026-07-25T20:09:36.638469+00:00,,
43,cpu,model_only,1,503,1,0.0080576,8.057599999999999,8057.599999999999,124.10643367752185,10,2026-07-25T20:09:36.638469+00:00,,
43,cpu,model_only,1,504,1,0.0067726,6.7726,6772.6,147.653781413342,10,2026-07-25T20:09:36.638469+00:00,,
43,cpu,model_only,1,505,1,0.0069063,6.9063,6906.3,144.79533179850281,10,2026-07-25T20:09:36.638469+00:00,,
43,cpu,model_only,1,506,1,0.0068591,6.8591,6859.1,145.7917219460279,10,2026-07-25T20:09:36.638469+00:00,,
43,cpu,model_only,1,507,1,0.006649,6.649,6649.0,150.39855617386073,10,2026-07-25T20:09:36.638469+00:00,,
43,cpu,model_only,1,508,1,0.006623,6.623,6623.0,150.98897780462025,10,2026-07-25T20:09:36.638469+00:00,,
43,cpu,model_only,1,509,1,0.0074954,7.4954,7495.400000000001,133.41516129893,10,2026-07-25T20:09:36.638469+00:00,,
43,cpu,model_only,1,510,1,0.0065365,6.5365,6536.5,152.98707259236596,10,2026-07-25T20:09:36.638469+00:00,,
43,cpu,model_only,1,511,1,0.0072124,7.2124,7212.4,138.65010260107593,10,2026-07-25T20:09:36.638469+00:00,,
43,cpu,model_only,1,512,1,0.0064207,6.4207,6420.7,155.74625819614684,10,2026-07-25T20:09:36.638469+00:00,,
43,cpu,model_only,1,513,1,0.0065334,6.5334,6533.4,153.05966265650352,10,2026-07-25T20:09:36.638469+00:00,,
43,cpu,model_only,1,514,1,0.0063307,6.3307,6330.7,157.96041511997095,10,2026-07-25T20:09:36.638469+00:00,,
43,cpu,model_only,1,515,1,0.006467,6.467,6467.0,154.63120457708365,10,2026-07-25T20:09:36.638469+00:00,,
43,cpu,model_only,1,516,1,0.0073284,7.328399999999999,7328.4,136.45543365536815,10,2026-07-25T20:09:36.638469+00:00,,
43,cpu,model_only,1,517,1,0.0066286,6.6286000000000005,6628.6,150.86141870078146,10,2026-07-25T20:09:36.638469+00:00,,
43,cpu,model_only,1,518,1,0.0068866,6.8866,6886.599999999999,145.20953736241398,10,2026-07-25T20:09:36.638469+00:00,,
43,cpu,model_only,1,519,1,0.0066098,6.6098,6609.8,151.29050803352598,10,2026-07-25T20:09:36.638469+00:00,,
43,cpu,model_only,1,520,1,0.0074051,7.4051,7405.1,135.04206560343547,10,2026-07-25T20:09:36.638469+00:00,,
43,cpu,model_only,1,521,1,0.0072407,7.2407,7240.7,138.1081939591476,10,2026-07-25T20:09:36.638469+00:00,,
43,cpu,model_only,1,522,1,0.0066466,6.6466,6646.599999999999,150.45286311798515,10,2026-07-25T20:09:36.638469+00:00,,
43,cpu,model_only,1,523,1,0.0064884,6.4884,6488.4,154.1212009123975,10,2026-07-25T20:09:36.638469+00:00,,
43,cpu,model_only,1,524,1,0.0065681,6.5681,6568.1,152.2510315007384,10,2026-07-25T20:09:36.638469+00:00,,
43,cpu,model_only,1,525,1,0.0069036,6.9036,6903.6,144.85196129555592,10,2026-07-25T20:09:36.638469+00:00,,
43,cpu,model_only,1,526,1,0.0066454,6.6454,6645.400000000001,150.4800312998465,10,2026-07-25T20:09:36.638469+00:00,,
43,cpu,model_only,1,527,1,0.0066338,6.6338,6633.799999999999,150.7431637975218,10,2026-07-25T20:09:36.638469+00:00,,
43,cpu,model_only,1,528,1,0.0063742,6.3742,6374.2,156.88243230523045,10,2026-07-25T20:09:36.638469+00:00,,
43,cpu,model_only,1,529,1,0.0066859,6.6859,6685.9,149.5684948922359,10,2026-07-25T20:09:36.638469+00:00,,
43,cpu,model_only,1,530,1,0.0064036,6.4036,6403.599999999999,156.16215878568306,10,2026-07-25T20:09:36.638469+00:00,,
43,cpu,model_only,1,531,1,0.0063074,6.3074,6307.400000000001,158.5439325237023,10,2026-07-25T20:09:36.638469+00:00,,
43,cpu,model_only,1,532,1,0.0065236,6.5236,6523.6,153.2895947023116,10,2026-07-25T20:09:36.638469+00:00,,
43,cpu,model_only,1,533,1,0.0062035,6.2035,6203.5,161.19932296284355,10,2026-07-25T20:09:36.638469+00:00,,
43,cpu,model_only,1,534,1,0.0066237,6.6236999999999995,6623.7,150.97302112112567,10,2026-07-25T20:09:36.638469+00:00,,
43,cpu,model_only,1,535,1,0.0065333,6.5333,6533.299999999999,153.062005418395,10,2026-07-25T20:09:36.638469+00:00,,
43,cpu,model_only,1,536,1,0.0064636,6.4636,6463.599999999999,154.71254409307508,10,2026-07-25T20:09:36.638469+00:00,,
43,cpu,model_only,1,537,1,0.0065042,6.5042,6504.2,153.74680975369762,10,2026-07-25T20:09:36.638469+00:00,,
43,cpu,model_only,1,538,1,0.0064227,6.4227,6422.7,155.69775950924065,10,2026-07-25T20:09:36.638469+00:00,,
43,cpu,model_only,1,539,1,0.0070313,7.0313,7031.3,142.22121087138936,10,2026-07-25T20:09:36.638469+00:00,,
43,cpu,model_only,1,540,1,0.0064735,6.4735000000000005,6473.5,154.47594037228703,10,2026-07-25T20:09:36.638469+00:00,,
43,cpu,model_only,1,541,1,0.006681,6.681,6681.0,149.67819188744198,10,2026-07-25T20:09:36.638469+00:00,,
43,cpu,model_only,1,542,1,0.0064486,6.4486,6448.599999999999,155.07241881958876,10,2026-07-25T20:09:36.638469+00:00,,
43,cpu,model_only,1,543,1,0.006444,6.444,6444.0,155.18311607697083,10,2026-07-25T20:09:36.638469+00:00,,
43,cpu,model_only,1,544,1,0.0070606,7.0606,7060.6,141.63102285924708,10,2026-07-25T20:09:36.638469+00:00,,
43,cpu,model_only,1,545,1,0.0066029,6.6029,6602.9,151.44860591558253,10,2026-07-25T20:09:36.638469+00:00,,
43,cpu,model_only,1,546,1,0.0071395,7.1395,7139.5,140.06583094054204,10,2026-07-25T20:09:36.638469+00:00,,
43,cpu,model_only,1,547,1,0.0069419,6.9419,6941.9,144.05278093893602,10,2026-07-25T20:09:36.638469+00:00,,
43,cpu,model_only,1,548,1,0.0070278,7.0278,7027.8,142.29204018327215,10,2026-07-25T20:09:36.638469+00:00,,
43,cpu,model_only,1,549,1,0.0069652,6.9652,6965.200000000001,143.57089530810313,10,2026-07-25T20:09:36.638469+00:00,,
43,cpu,model_only,1,550,1,0.0065396,6.539599999999999,6539.599999999999,152.91455134870634,10,2026-07-25T20:09:36.638469+00:00,,
43,cpu,model_only,1,551,1,0.0067818,6.7818000000000005,6781.8,147.4534784275561,10,2026-07-25T20:09:36.638469+00:00,,
43,cpu,model_only,1,552,1,0.006507,6.507,6507.0,153.68065160596282,10,2026-07-25T20:09:36.638469+00:00,,
43,cpu,model_only,1,553,1,0.0069176,6.9176,6917.6,144.55880652249334,10,2026-07-25T20:09:36.638469+00:00,,
43,cpu,model_only,1,554,1,0.0065814,6.5814,6581.400000000001,151.94335551706322,10,2026-07-25T20:09:36.638469+00:00,,
43,cpu,model_only,1,555,1,0.0071356,7.1356,7135.599999999999,140.14238466281742,10,2026-07-25T20:09:36.638469+00:00,,
43,cpu,model_only,1,556,1,0.0064491,6.4491000000000005,6449.1,155.06039602425145,10,2026-07-25T20:09:36.638469+00:00,,
43,cpu,model_only,1,557,1,0.0062365,6.2364999999999995,6236.5,160.34634811192174,10,2026-07-25T20:09:36.638469+00:00,,
43,cpu,model_only,1,558,1,0.0070854,7.085400000000001,7085.400000000001,141.13529229119032,10,2026-07-25T20:09:36.638469+00:00,,
43,cpu,model_only,1,559,1,0.0062359,6.2359,6235.9,160.36177616703282,10,2026-07-25T20:09:36.638469+00:00,,
43,cpu,model_only,1,560,1,0.0069723,6.9723,6972.3,143.4246948639617,10,2026-07-25T20:09:36.638469+00:00,,
43,cpu,model_only,1,561,1,0.0062841,6.2841,6284.1,159.13177702455403,10,2026-07-25T20:09:36.638469+00:00,,
43,cpu,model_only,1,562,1,0.0066138,6.6138,6613.8,151.19900813450664,10,2026-07-25T20:09:36.638469+00:00,,
43,cpu,model_only,1,563,1,0.0065467,6.5466999999999995,6546.7,152.7487130920922,10,2026-07-25T20:09:36.638469+00:00,,
43,cpu,model_only,1,564,1,0.0063671,6.3671,6367.099999999999,157.05737305837823,10,2026-07-25T20:09:36.638469+00:00,,
43,cpu,model_only,1,565,1,0.0066493,6.6493,6649.3,150.39177056231483,10,2026-07-25T20:09:36.638469+00:00,,
43,cpu,model_only,1,566,1,0.0064307,6.4307,6430.7,155.50406643133718,10,2026-07-25T20:09:36.638469+00:00,,
43,cpu,model_only,1,567,1,0.0064218,6.4218,6421.8,155.71958018001183,10,2026-07-25T20:09:36.638469+00:00,,
43,cpu,model_only,1,568,1,0.0063164,6.3164,6316.4,158.31802925717182,10,2026-07-25T20:09:36.638469+00:00,,
43,cpu,model_only,1,569,1,0.0063755,6.3755,6375.5,156.85044310250177,10,2026-07-25T20:09:36.638469+00:00,,
43,cpu,model_only,1,570,1,0.00685,6.8500000000000005,6850.0,145.98540145985402,10,2026-07-25T20:09:36.638469+00:00,,
43,cpu,model_only,1,571,1,0.0065457,6.5457,6545.7,152.7720488259468,10,2026-07-25T20:09:36.638469+00:00,,
43,cpu,model_only,1,572,1,0.0070562,7.0562000000000005,7056.200000000001,141.7193390210028,10,2026-07-25T20:09:36.638469+00:00,,
43,cpu,model_only,1,573,1,0.0063094,6.3094,6309.4,158.49367610232352,10,2026-07-25T20:09:36.638469+00:00,,
43,cpu,model_only,1,574,1,0.0062041,6.2040999999999995,6204.099999999999,161.18373333763157,10,2026-07-25T20:09:36.638469+00:00,,
43,cpu,model_only,1,575,1,0.0067307,6.7307,6730.7,148.5729567504123,10,2026-07-25T20:09:36.638469+00:00,,
43,cpu,model_only,1,576,1,0.0075363,7.5363,7536.3,132.6911083688282,10,2026-07-25T20:09:36.638469+00:00,,
43,cpu,model_only,1,577,1,0.0076784,7.6784,7678.400000000001,130.23546572202542,10,2026-07-25T20:09:36.638469+00:00,,
43,cpu,model_only,1,578,1,0.0065938,6.593800000000001,6593.8,151.65761776214018,10,2026-07-25T20:09:36.638469+00:00,,
43,cpu,model_only,1,579,1,0.0060405,6.0405,6040.5,165.54920950252463,10,2026-07-25T20:09:36.638469+00:00,,
43,cpu,model_only,1,580,1,0.0069644,6.9644,6964.4,143.587387283901,10,2026-07-25T20:09:36.638469+00:00,,
43,cpu,model_only,1,581,1,0.0072812,7.2812,7281.2,137.33999890128,10,2026-07-25T20:09:36.638469+00:00,,
43,cpu,model_only,1,582,1,0.0071743,7.1743,7174.3,139.38642097486863,10,2026-07-25T20:09:36.638469+00:00,,
43,cpu,model_only,1,583,1,0.0068669,6.866899999999999,6866.9,145.62611950079366,10,2026-07-25T20:09:36.638469+00:00,,
43,cpu,model_only,1,584,1,0.007292,7.292,7292.0,137.13658804168952,10,2026-07-25T20:09:36.638469+00:00,,
43,cpu,model_only,1,585,1,0.0065053,6.5053,6505.3,153.72081226077196,10,2026-07-25T20:09:36.638469+00:00,,
43,cpu,model_only,1,586,1,0.0063264,6.3264000000000005,6326.400000000001,158.06777946383409,10,2026-07-25T20:09:36.638469+00:00,,
43,cpu,model_only,1,587,1,0.0065708,6.5708,6570.8,152.18847020149752,10,2026-07-25T20:09:36.638469+00:00,,
43,cpu,model_only,1,588,1,0.006976,6.976000000000001,6976.0,143.348623853211,10,2026-07-25T20:09:36.638469+00:00,,
43,cpu,model_only,1,589,1,0.0062791,6.279100000000001,6279.1,159.25849245911039,10,2026-07-25T20:09:36.638469+00:00,,
43,cpu,model_only,1,590,1,0.0065698,6.5698,6569.8,152.2116350573838,10,2026-07-25T20:09:36.638469+00:00,,
43,cpu,model_only,1,591,1,0.0063467,6.3467,6346.7,157.5621976775332,10,2026-07-25T20:09:36.638469+00:00,,
43,cpu,model_only,1,592,1,0.0063945,6.3945,6394.5,156.38439283759482,10,2026-07-25T20:09:36.638469+00:00,,
43,cpu,model_only,1,593,1,0.0072491,7.249099999999999,7249.099999999999,137.94815908181707,10,2026-07-25T20:09:36.638469+00:00,,
43,cpu,model_only,1,594,1,0.0065868,6.5868,6586.8,151.81878909333818,10,2026-07-25T20:09:36.638469+00:00,,
43,cpu,model_only,1,595,1,0.0072473,7.2473,7247.3,137.98242103955957,10,2026-07-25T20:09:36.638469+00:00,,
43,cpu,model_only,1,596,1,0.0064959,6.4959,6495.9,153.94325651564833,10,2026-07-25T20:09:36.638469+00:00,,
43,cpu,model_only,1,597,1,0.0071,7.1000000000000005,7100.0,140.8450704225352,10,2026-07-25T20:09:36.638469+00:00,,
43,cpu,model_only,1,598,1,0.0064119,6.4119,6411.9,155.96001185296092,10,2026-07-25T20:09:36.638469+00:00,,
43,cpu,model_only,1,599,1,0.0063417,6.3416999999999994,6341.7,157.68642477569108,10,2026-07-25T20:09:36.638469+00:00,,
43,cpu,model_only,1,600,1,0.0064679,6.4679,6467.900000000001,154.60968784304023,10,2026-07-25T20:09:36.638469+00:00,,
43,cpu,model_only,1,601,1,0.0062411,6.2411,6241.1,160.22816490682732,10,2026-07-25T20:09:36.638469+00:00,,
43,cpu,model_only,1,602,1,0.0066798,6.679799999999999,6679.799999999999,149.70508099044883,10,2026-07-25T20:09:36.638469+00:00,,
43,cpu,model_only,1,603,1,0.0065584,6.5584,6558.4,152.47621371066114,10,2026-07-25T20:09:36.638469+00:00,,
43,cpu,model_only,1,604,1,0.0068678,6.8678,6867.8,145.60703573196656,10,2026-07-25T20:09:36.638469+00:00,,
43,cpu,model_only,1,605,1,0.0069199,6.919899999999999,6919.9,144.5107588259946,10,2026-07-25T20:09:36.638469+00:00,,
43,cpu,model_only,1,606,1,0.0064303,6.4303,6430.3,155.5137396388971,10,2026-07-25T20:09:36.638469+00:00,,
43,cpu,model_only,1,607,1,0.0069046,6.9046,6904.6,144.83098224372156,10,2026-07-25T20:09:36.638469+00:00,,
43,cpu,model_only,1,608,1,0.0065762,6.5762,6576.2,152.06350171831758,10,2026-07-25T20:09:36.638469+00:00,,
43,cpu,model_only,1,609,1,0.0064037,6.4037,6403.7,156.15972016178148,10,2026-07-25T20:09:36.638469+00:00,,
43,cpu,model_only,1,610,1,0.0062843,6.2843,6284.299999999999,159.12671260124438,10,2026-07-25T20:09:36.638469+00:00,,
43,cpu,model_only,1,611,1,0.0061919,6.1919,6191.900000000001,161.50131623572733,10,2026-07-25T20:09:36.638469+00:00,,
43,cpu,model_only,1,612,1,0.006724,6.724,6724.0,148.720999405116,10,2026-07-25T20:09:36.638469+00:00,,
43,cpu,model_only,1,613,1,0.0065677,6.5677,6567.7,152.26030421608783,10,2026-07-25T20:09:36.638469+00:00,,
43,cpu,model_only,1,614,1,0.0068301,6.830100000000001,6830.1,146.41074069193715,10,2026-07-25T20:09:36.638469+00:00,,
43,cpu,model_only,1,615,1,0.0066613,6.6613,6661.3,150.12084728206204,10,2026-07-25T20:09:36.638469+00:00,,
43,cpu,model_only,1,616,1,0.0069545,6.9544999999999995,6954.5,143.7917894888202,10,2026-07-25T20:09:36.638469+00:00,,
43,cpu,model_only,1,617,1,0.0069488,6.948799999999999,6948.8,143.90973981119043,10,2026-07-25T20:09:36.638469+00:00,,
43,cpu,model_only,1,618,1,0.0064509,6.4509,6450.9,155.0171293927979,10,2026-07-25T20:09:36.638469+00:00,,
43,cpu,model_only,1,619,1,0.0066056,6.6056,6605.599999999999,151.38670219207947,10,2026-07-25T20:09:36.638469+00:00,,
43,cpu,model_only,1,620,1,0.006359,6.359,6359.0,157.25743041358703,10,2026-07-25T20:09:36.638469+00:00,,
43,cpu,model_only,1,621,1,0.0066404,6.6404000000000005,6640.400000000001,150.5933377507379,10,2026-07-25T20:09:36.638469+00:00,,
43,cpu,model_only,1,622,1,0.0063047,6.3046999999999995,6304.7,158.61182927022696,10,2026-07-25T20:09:36.638469+00:00,,
43,cpu,model_only,1,623,1,0.0064092,6.4092,6409.200000000001,156.02571303750858,10,2026-07-25T20:09:36.638469+00:00,,
43,cpu,model_only,1,624,1,0.0068081,6.8081000000000005,6808.1,146.88385893274187,10,2026-07-25T20:09:36.638469+00:00,,
43,cpu,model_only,1,625,1,0.0064573,6.4573,6457.3,154.86348783547302,10,2026-07-25T20:09:36.638469+00:00,,
43,cpu,model_only,1,626,1,0.0073905,7.3905,7390.5,135.30884243285297,10,2026-07-25T20:09:36.638469+00:00,,
43,cpu,model_only,1,627,1,0.0071707,7.1707,7170.700000000001,139.45639895686614,10,2026-07-25T20:09:36.638469+00:00,,
43,cpu,model_only,1,628,1,0.0065992,6.599200000000001,6599.200000000001,151.53351921445022,10,2026-07-25T20:09:36.638469+00:00,,
43,cpu,model_only,1,629,1,0.006723,6.723,6723.0,148.74312063067083,10,2026-07-25T20:09:36.638469+00:00,,
43,cpu,model_only,1,630,1,0.0066083,6.6083,6608.3,151.32484905346305,10,2026-07-25T20:09:36.638469+00:00,,
43,cpu,model_only,1,631,1,0.0069992,6.9992,6999.2,142.8734712538576,10,2026-07-25T20:09:36.638469+00:00,,
43,cpu,model_only,1,632,1,0.0068789,6.878900000000001,6878.900000000001,145.37207983834625,10,2026-07-25T20:09:36.638469+00:00,,
43,cpu,model_only,1,633,1,0.0067821,6.7821,6782.1,147.44695595759424,10,2026-07-25T20:09:36.638469+00:00,,
43,cpu,model_only,1,634,1,0.0066068,6.606800000000001,6606.8,151.35920566688864,10,2026-07-25T20:09:36.638469+00:00,,
43,cpu,model_only,1,635,1,0.0065657,6.5657,6565.7,152.30668474039325,10,2026-07-25T20:09:36.638469+00:00,,
43,cpu,model_only,1,636,1,0.0068479,6.847899999999999,6847.9,146.0301698330875,10,2026-07-25T20:09:36.638469+00:00,,
43,cpu,model_only,1,637,1,0.0065447,6.5447,6544.7,152.7953916909866,10,2026-07-25T20:09:36.638469+00:00,,
43,cpu,model_only,1,638,1,0.0070632,7.0632,7063.200000000001,141.57888775625779,10,2026-07-25T20:09:36.638469+00:00,,
43,cpu,model_only,1,639,1,0.0065693,6.5693,6569.3,152.22322012999862,10,2026-07-25T20:09:36.638469+00:00,,
43,cpu,model_only,1,640,1,0.0069851,6.9851,6985.1,143.16187312994802,10,2026-07-25T20:09:36.638469+00:00,,
43,cpu,model_only,1,641,1,0.0064181,6.418100000000001,6418.1,155.80935167728765,10,2026-07-25T20:09:36.638469+00:00,,
43,cpu,model_only,1,642,1,0.0062897,6.2897,6289.7,158.99009491708668,10,2026-07-25T20:09:36.638469+00:00,,
43,cpu,model_only,1,643,1,0.0070027,7.0027,7002.7,142.80206206177618,10,2026-07-25T20:09:36.638469+00:00,,
43,cpu,model_only,1,644,1,0.0065756,6.5756,6575.6,152.07737696940202,10,2026-07-25T20:09:36.638469+00:00,,
43,cpu,model_only,1,645,1,0.0073067,7.3067,7306.7,136.86068950415373,10,2026-07-25T20:09:36.638469+00:00,,
43,cpu,model_only,1,646,1,0.0067155,6.7155000000000005,6715.5,148.90923981833072,10,2026-07-25T20:09:36.638469+00:00,,
43,cpu,model_only,1,647,1,0.0068329,6.8329,6832.900000000001,146.3507441935342,10,2026-07-25T20:09:36.638469+00:00,,
43,cpu,model_only,1,648,1,0.0065768,6.5767999999999995,6576.8,152.04962899890523,10,2026-07-25T20:09:36.638469+00:00,,
43,cpu,model_only,1,649,1,0.0065475,6.5475,6547.5,152.73004963726612,10,2026-07-25T20:09:36.638469+00:00,,
43,cpu,model_only,1,650,1,0.0073356,7.3356,7335.6,136.3215006270789,10,2026-07-25T20:09:36.638469+00:00,,
43,cpu,model_only,1,651,1,0.0065736,6.5736,6573.599999999999,152.12364609954972,10,2026-07-25T20:09:36.638469+00:00,,
43,cpu,model_only,1,652,1,0.0066937,6.693700000000001,6693.700000000001,149.3942064926722,10,2026-07-25T20:09:36.638469+00:00,,
43,cpu,model_only,1,653,1,0.0061592,6.1592,6159.2,162.35874788933629,10,2026-07-25T20:09:36.638469+00:00,,
43,cpu,model_only,1,654,1,0.0063264,6.3264000000000005,6326.400000000001,158.06777946383409,10,2026-07-25T20:09:36.638469+00:00,,
43,cpu,model_only,1,655,1,0.0067745,6.7745,6774.5,147.61236991659902,10,2026-07-25T20:09:36.638469+00:00,,
43,cpu,model_only,1,656,1,0.0067717,6.7717,6771.700000000001,147.67340549640414,10,2026-07-25T20:09:36.638469+00:00,,
43,cpu,model_only,1,657,1,0.0068556,6.8556,6855.599999999999,145.86615321780735,10,2026-07-25T20:09:36.638469+00:00,,
43,cpu,model_only,1,658,1,0.006305,6.305,6305.0,158.60428231562253,10,2026-07-25T20:09:36.638469+00:00,,
43,cpu,model_only,1,659,1,0.0064123,6.4123,6412.3,155.95028304976373,10,2026-07-25T20:09:36.638469+00:00,,
43,cpu,model_only,1,660,1,0.0068809,6.8809,6880.9,145.32982604019824,10,2026-07-25T20:09:36.638469+00:00,,
43,cpu,model_only,1,661,1,0.0071319,7.1319,7131.9,140.2150899479802,10,2026-07-25T20:09:36.638469+00:00,,
43,cpu,model_only,1,662,1,0.0072017,7.2017,7201.7,138.85610342002582,10,2026-07-25T20:09:36.638469+00:00,,
43,cpu,model_only,1,663,1,0.0069565,6.9565,6956.5,143.75044922015383,10,2026-07-25T20:09:36.638469+00:00,,
43,cpu,model_only,1,664,1,0.0112286,11.2286,11228.6,89.05829756158381,10,2026-07-25T20:09:36.638469+00:00,,
43,cpu,model_only,1,665,1,0.0071744,7.1744,7174.4,139.38447814451382,10,2026-07-25T20:09:36.638469+00:00,,
43,cpu,model_only,1,666,1,0.007477,7.477,7477.0,133.74348000534974,10,2026-07-25T20:09:36.638469+00:00,,
43,cpu,model_only,1,667,1,0.0067009,6.7009,6700.9,149.23368502738438,10,2026-07-25T20:09:36.638469+00:00,,
43,cpu,model_only,1,668,1,0.0067828,6.7828,6782.8,147.43173910479447,10,2026-07-25T20:09:36.638469+00:00,,
43,cpu,model_only,1,669,1,0.0067434,6.7434,6743.4,148.29314589079692,10,2026-07-25T20:09:36.638469+00:00,,
43,cpu,model_only,1,670,1,0.0065787,6.5786999999999995,6578.7,152.0057154148996,10,2026-07-25T20:09:36.638469+00:00,,
43,cpu,model_only,1,671,1,0.0068515,6.8515,6851.5,145.9534408523681,10,2026-07-25T20:09:36.638469+00:00,,
43,cpu,model_only,1,672,1,0.0065784,6.5784,6578.4,152.01264745226803,10,2026-07-25T20:09:36.638469+00:00,,
43,cpu,model_only,1,673,1,0.0068491,6.8491,6849.1,146.00458454395468,10,2026-07-25T20:09:36.638469+00:00,,
43,cpu,model_only,1,674,1,0.0065366,6.5366,6536.6,152.98473212373406,10,2026-07-25T20:09:36.638469+00:00,,
43,cpu,model_only,1,675,1,0.0064473,6.4473,6447.3,155.10368681463558,10,2026-07-25T20:09:36.638469+00:00,,
43,cpu,model_only,1,676,1,0.0069806,6.9806,6980.6,143.25416153339253,10,2026-07-25T20:09:36.638469+00:00,,
43,cpu,model_only,1,677,1,0.00653,6.53,6530.0,153.1393568147014,10,2026-07-25T20:09:36.638469+00:00,,
43,cpu,model_only,1,678,1,0.0069309,6.9309,6930.900000000001,144.28140645515012,10,2026-07-25T20:09:36.638469+00:00,,
43,cpu,model_only,1,679,1,0.0063588,6.3588000000000005,6358.8,157.2623765490344,10,2026-07-25T20:09:36.638469+00:00,,
43,cpu,model_only,1,680,1,0.0059654,5.9654,5965.4,167.63335233177992,10,2026-07-25T20:09:36.638469+00:00,,
43,cpu,model_only,1,681,1,0.0063107,6.3107,6310.7,158.46102651052973,10,2026-07-25T20:09:36.638469+00:00,,
43,cpu,model_only,1,682,1,0.0065273,6.527299999999999,6527.3,153.20270249567204,10,2026-07-25T20:09:36.638469+00:00,,
43,cpu,model_only,1,683,1,0.0074081,7.4081,7408.1,134.9873786800934,10,2026-07-25T20:09:36.638469+00:00,,
43,cpu,model_only,1,684,1,0.0064106,6.4106,6410.599999999999,155.99163884815775,10,2026-07-25T20:09:36.638469+00:00,,
43,cpu,model_only,1,685,1,0.0067885,6.7885,6788.5,147.30794726375487,10,2026-07-25T20:09:36.638469+00:00,,
43,cpu,model_only,1,686,1,0.0064919,6.4919,6491.900000000001,154.03810902817358,10,2026-07-25T20:09:36.638469+00:00,,
43,cpu,model_only,1,687,1,0.0062631,6.2631,6263.099999999999,159.66534144433268,10,2026-07-25T20:09:36.638469+00:00,,
43,cpu,model_only,1,688,1,0.0063655,6.3655,6365.5,157.09685020815334,10,2026-07-25T20:09:36.638469+00:00,,
43,cpu,model_only,1,689,1,0.0063565,6.3565000000000005,6356.5,157.31927947769998,10,2026-07-25T20:09:36.638469+00:00,,
43,cpu,model_only,1,690,1,0.0069113,6.911300000000001,6911.3,144.6905791963885,10,2026-07-25T20:09:36.638469+00:00,,
43,cpu,model_only,1,691,1,0.0068023,6.8023,6802.3,147.00909986328153,10,2026-07-25T20:09:36.638469+00:00,,
43,cpu,model_only,1,692,1,0.0064899,6.4899,6489.9,154.08557913064917,10,2026-07-25T20:09:36.638469+00:00,,
43,cpu,model_only,1,693,1,0.0067227,6.7227,6722.7,148.74975828164278,10,2026-07-25T20:09:36.638469+00:00,,
43,cpu,model_only,1,694,1,0.0064939,6.4939,6493.900000000001,153.99066816550916,10,2026-07-25T20:09:36.638469+00:00,,
43,cpu,model_only,1,695,1,0.0068361,6.8361,6836.1,146.2822369479674,10,2026-07-25T20:09:36.638469+00:00,,
43,cpu,model_only,1,696,1,0.0062299,6.2299,6229.9,160.51622016404758,10,2026-07-25T20:09:36.638469+00:00,,
43,cpu,model_only,1,697,1,0.0063802,6.3802,6380.2,156.7348985925206,10,2026-07-25T20:09:36.638469+00:00,,
43,cpu,model_only,1,698,1,0.0066676,6.6676,6667.6,149.97900293958847,10,2026-07-25T20:09:36.638469+00:00,,
43,cpu,model_only,1,699,1,0.0062618,6.2618,6261.799999999999,159.6984892522917,10,2026-07-25T20:09:36.638469+00:00,,
43,cpu,model_only,1,700,1,0.0067697,6.7697,6769.7,147.7170332511042,10,2026-07-25T20:09:36.638469+00:00,,
43,cpu,model_only,1,701,1,0.0064302,6.430199999999999,6430.2,155.5161581288296,10,2026-07-25T20:09:36.638469+00:00,,
43,cpu,model_only,1,702,1,0.0065088,6.5088,6508.8,153.63815142576203,10,2026-07-25T20:09:36.638469+00:00,,
43,cpu,model_only,1,703,1,0.0065617,6.5617,6561.7,152.39953060944572,10,2026-07-25T20:09:36.638469+00:00,,
43,cpu,model_only,1,704,1,0.0063151,6.315099999999999,6315.099999999999,158.35061994267707,10,2026-07-25T20:09:36.638469+00:00,,
43,cpu,model_only,1,705,1,0.0074262,7.4262,7426.2,134.65837171096928,10,2026-07-25T20:09:36.638469+00:00,,
43,cpu,model_only,1,706,1,0.0068946,6.8946,6894.599999999999,145.04104661619238,10,2026-07-25T20:09:36.638469+00:00,,
43,cpu,model_only,1,707,1,0.0072065,7.2065,7206.5,138.76361617983764,10,2026-07-25T20:09:36.638469+00:00,,
43,cpu,model_only,1,708,1,0.0069136,6.9136,6913.599999999999,144.64244387873177,10,2026-07-25T20:09:36.638469+00:00,,
43,cpu,model_only,1,709,1,0.00695,6.949999999999999,6950.0,143.88489208633095,10,2026-07-25T20:09:36.638469+00:00,,
43,cpu,model_only,1,710,1,0.0066832,6.6832,6683.2,149.62892027771127,10,2026-07-25T20:09:36.638469+00:00,,
43,cpu,model_only,1,711,1,0.0066089,6.6089,6608.9,151.3111107748642,10,2026-07-25T20:09:36.638469+00:00,,
43,cpu,model_only,1,712,1,0.0070038,7.0038,7003.8,142.77963391301864,10,2026-07-25T20:09:36.638469+00:00,,
43,cpu,model_only,1,713,1,0.0061557,6.1557,6155.7,162.45106161768766,10,2026-07-25T20:09:36.638469+00:00,,
43,cpu,model_only,1,714,1,0.0062023,6.2023,6202.3,161.23051126195122,10,2026-07-25T20:09:36.638469+00:00,,
43,cpu,model_only,1,715,1,0.0063252,6.3252,6325.2,158.09776765952066,10,2026-07-25T20:09:36.638469+00:00,,
43,cpu,model_only,1,716,1,0.0065548,6.5548,6554.8,152.55995606273265,10,2026-07-25T20:09:36.638469+00:00,,
43,cpu,model_only,1,717,1,0.0071917,7.1917,7191.7,139.04918169556572,10,2026-07-25T20:09:36.638469+00:00,,
43,cpu,model_only,1,718,1,0.0065178,6.517799999999999,6517.8,153.42600263892726,10,2026-07-25T20:09:36.638469+00:00,,
43,cpu,model_only,1,719,1,0.0069291,6.9291,6929.099999999999,144.31888701274337,10,2026-07-25T20:09:36.638469+00:00,,
43,cpu,model_only,1,720,1,0.0064261,6.4261,6426.099999999999,155.61538102426044,10,2026-07-25T20:09:36.638469+00:00,,
43,cpu,model_only,1,721,1,0.0067102,6.7102,6710.200000000001,149.02685463920596,10,2026-07-25T20:09:36.638469+00:00,,
43,cpu,model_only,1,722,1,0.0064874,6.4874,6487.4,154.14495791842648,10,2026-07-25T20:09:36.638469+00:00,,
43,cpu,model_only,1,723,1,0.006586,6.585999999999999,6586.0,151.83723048891588,10,2026-07-25T20:09:36.638469+00:00,,
43,cpu,model_only,1,724,1,0.007305,7.305,7305.0,136.89253935660506,10,2026-07-25T20:09:36.638469+00:00,,
43,cpu,model_only,1,725,1,0.0065828,6.5828,6582.8,151.9110408944522,10,2026-07-25T20:09:36.638469+00:00,,
43,cpu,model_only,1,726,1,0.0070386,7.0386,7038.599999999999,142.0737078396272,10,2026-07-25T20:09:36.638469+00:00,,
43,cpu,model_only,1,727,1,0.0064599,6.4599,6459.900000000001,154.80115791266118,10,2026-07-25T20:09:36.638469+00:00,,
43,cpu,model_only,1,728,1,0.0061901,6.190099999999999,6190.099999999999,161.54827870309043,10,2026-07-25T20:09:36.638469+00:00,,
43,cpu,model_only,1,729,1,0.0068837,6.8837,6883.700000000001,145.27071197175937,10,2026-07-25T20:09:36.638469+00:00,,
43,cpu,model_only,1,730,1,0.0066524,6.6524,6652.400000000001,150.32168841320424,10,2026-07-25T20:09:36.638469+00:00,,
43,cpu,model_only,1,731,1,0.0069821,6.9821,6982.099999999999,143.2233855143868,10,2026-07-25T20:09:36.638469+00:00,,
43,cpu,model_only,1,732,1,0.0064962,6.4962,6496.2,153.93614728610572,10,2026-07-25T20:09:36.638469+00:00,,
43,cpu,model_only,1,733,1,0.0067646,6.7646,6764.6,147.82840079236024,10,2026-07-25T20:09:36.638469+00:00,,
43,cpu,model_only,1,734,1,0.0071803,7.1803,7180.299999999999,139.2699469381502,10,2026-07-25T20:09:36.638469+00:00,,
43,cpu,model_only,1,735,1,0.0065132,6.5132,6513.2,153.53436098998955,10,2026-07-25T20:09:36.638469+00:00,,
43,cpu,model_only,1,736,1,0.0069992,6.9992,6999.2,142.8734712538576,10,2026-07-25T20:09:36.638469+00:00,,
43,cpu,model_only,1,737,1,0.0063966,6.396599999999999,6396.599999999999,156.33305193383987,10,2026-07-25T20:09:36.638469+00:00,,
43,cpu,model_only,1,738,1,0.0066522,6.6522,6652.2,150.32620787108024,10,2026-07-25T20:09:36.638469+00:00,,
43,cpu,model_only,1,739,1,0.0074783,7.4783,7478.3,133.72023053367744,10,2026-07-25T20:09:36.638469+00:00,,
43,cpu,model_only,1,740,1,0.0074078,7.4078,7407.8,134.9928453791949,10,2026-07-25T20:09:36.638469+00:00,,
43,cpu,model_only,1,741,1,0.0066593,6.6593,6659.3,150.16593335635878,10,2026-07-25T20:09:36.638469+00:00,,
43,cpu,model_only,1,742,1,0.0069542,6.9542,6954.2,143.7979925800236,10,2026-07-25T20:09:36.638469+00:00,,
43,cpu,model_only,1,743,1,0.0069524,6.9524,6952.4,143.83522236925378,10,2026-07-25T20:09:36.638469+00:00,,
43,cpu,model_only,1,744,1,0.0060874,6.0874,6087.4,164.27374576995106,10,2026-07-25T20:09:36.638469+00:00,,
43,cpu,model_only,1,745,1,0.0066206,6.6206,6620.6,151.04371205026735,10,2026-07-25T20:09:36.638469+00:00,,
43,cpu,model_only,1,746,1,0.0064972,6.497199999999999,6497.2,153.9124545958259,10,2026-07-25T20:09:36.638469+00:00,,
43,cpu,model_only,1,747,1,0.0061438,6.1438,6143.799999999999,162.76571502978612,10,2026-07-25T20:09:36.638469+00:00,,
43,cpu,model_only,1,748,1,0.0071821,7.1821,7182.1,139.23504267554057,10,2026-07-25T20:09:36.638469+00:00,,
43,cpu,model_only,1,749,1,0.0064009,6.4009,6400.900000000001,156.2280304332203,10,2026-07-25T20:09:36.638469+00:00,,
43,cpu,model_only,1,750,1,0.0063782,6.3782,6378.2,156.7840456555141,10,2026-07-25T20:09:36.638469+00:00,,
43,cpu,model_only,1,751,1,0.0065354,6.5354,6535.400000000001,153.01282247452335,10,2026-07-25T20:09:36.638469+00:00,,
43,cpu,model_only,1,752,1,0.0065374,6.5374,6537.4,152.9660109523664,10,2026-07-25T20:09:36.638469+00:00,,
43,cpu,model_only,1,753,1,0.0067676,6.767600000000001,6767.6,147.7628701459897,10,2026-07-25T20:09:36.638469+00:00,,
43,cpu,model_only,1,754,1,0.0066759,6.6759,6675.900000000001,149.79253733578992,10,2026-07-25T20:09:36.638469+00:00,,
43,cpu,model_only,1,755,1,0.0070535,7.0535,7053.5,141.77358758063374,10,2026-07-25T20:09:36.638469+00:00,,
43,cpu,model_only,1,756,1,0.0066157,6.6157,6615.700000000001,151.15558444306723,10,2026-07-25T20:09:36.638469+00:00,,
43,cpu,model_only,1,757,1,0.0068112,6.8111999999999995,6811.2,146.81700728212357,10,2026-07-25T20:09:36.638469+00:00,,
43,cpu,model_only,1,758,1,0.0065478,6.5478000000000005,6547.8,152.7230520174715,10,2026-07-25T20:09:36.638469+00:00,,
43,cpu,model_only,1,759,1,0.0065192,6.5192000000000005,6519.2,153.39305436249848,10,2026-07-25T20:09:36.638469+00:00,,
43,cpu,model_only,1,760,1,0.0070561,7.0561,7056.1,141.72134748657191,10,2026-07-25T20:09:36.638469+00:00,,
43,cpu,model_only,1,761,1,0.0065601,6.5601,6560.1,152.43670066005092,10,2026-07-25T20:09:36.638469+00:00,,
43,cpu,model_only,1,762,1,0.0070301,7.0301,7030.1,142.24548726191662,10,2026-07-25T20:09:36.638469+00:00,,
43,cpu,model_only,1,763,1,0.0065227,6.5227,6522.7,153.31074555015562,10,2026-07-25T20:09:36.638469+00:00,,
43,cpu,model_only,1,764,1,0.0066707,6.6707,6670.7,149.9093048705533,10,2026-07-25T20:09:36.638469+00:00,,
43,cpu,model_only,1,765,1,0.0065954,6.595400000000001,6595.400000000001,151.6208266367468,10,2026-07-25T20:09:36.638469+00:00,,
43,cpu,model_only,1,766,1,0.0065001,6.5001,6500.1,153.84378701866126,10,2026-07-25T20:09:36.638469+00:00,,
43,cpu,model_only,1,767,1,0.0069142,6.9142,6914.2,144.6298921061005,10,2026-07-25T20:09:36.638469+00:00,,
43,cpu,model_only,1,768,1,0.0065277,6.5277,6527.7,153.19331464374895,10,2026-07-25T20:09:36.638469+00:00,,
43,cpu,model_only,1,769,1,0.0072125,7.2125,7212.5,138.6481802426343,10,2026-07-25T20:09:36.638469+00:00,,
43,cpu,model_only,1,770,1,0.006256,6.256,6256.0,159.846547314578,10,2026-07-25T20:09:36.638469+00:00,,
43,cpu,model_only,1,771,1,0.0062658,6.2658000000000005,6265.8,159.59653994701395,10,2026-07-25T20:09:36.638469+00:00,,
43,cpu,model_only,1,772,1,0.0069304,6.9304,6930.4,144.29181576820963,10,2026-07-25T20:09:36.638469+00:00,,
43,cpu,model_only,1,773,1,0.0066447,6.6447,6644.7,150.49588393757432,10,2026-07-25T20:09:36.638469+00:00,,
43,cpu,model_only,1,774,1,0.0068123,6.8123000000000005,6812.3,146.79330035377185,10,2026-07-25T20:09:36.638469+00:00,,
43,cpu,model_only,1,775,1,0.0065272,6.527200000000001,6527.200000000001,153.20504963843607,10,2026-07-25T20:09:36.638469+00:00,,
43,cpu,model_only,1,776,1,0.0070054,7.0054,7005.400000000001,142.74702372455533,10,2026-07-25T20:09:36.638469+00:00,,
43,cpu,model_only,1,777,1,0.0070308,7.0308,7030.8,142.23132502702396,10,2026-07-25T20:09:36.638469+00:00,,
43,cpu,model_only,1,778,1,0.0063621,6.3621,6362.099999999999,157.18080508008362,10,2026-07-25T20:09:36.638469+00:00,,
43,cpu,model_only,1,779,1,0.00725,7.25,7250.0,137.9310344827586,10,2026-07-25T20:09:36.638469+00:00,,
43,cpu,model_only,1,780,1,0.0066869,6.6869,6686.9,149.54612750302832,10,2026-07-25T20:09:36.638469+00:00,,
43,cpu,model_only,1,781,1,0.0067547,6.7547,6754.7,148.04506491776098,10,2026-07-25T20:09:36.638469+00:00,,
43,cpu,model_only,1,782,1,0.0064805,6.4805,6480.5,154.3090810894221,10,2026-07-25T20:09:36.638469+00:00,,
43,cpu,model_only,1,783,1,0.0063271,6.327100000000001,6327.1,158.050291602788,10,2026-07-25T20:09:36.638469+00:00,,
43,cpu,model_only,1,784,1,0.0071197,7.1197,7119.7,140.45535626501118,10,2026-07-25T20:09:36.638469+00:00,,
43,cpu,model_only,1,785,1,0.0074045,7.4045,7404.5,135.05300830576002,10,2026-07-25T20:09:36.638469+00:00,,
43,cpu,model_only,1,786,1,0.0070995,7.0995,7099.5,140.85498978801326,10,2026-07-25T20:09:36.638469+00:00,,
43,cpu,model_only,1,787,1,0.0067244,6.7244,6724.400000000001,148.7121527571233,10,2026-07-25T20:09:36.638469+00:00,,
43,cpu,model_only,1,788,1,0.0073102,7.3102,7310.2,136.79516292303904,10,2026-07-25T20:09:36.638469+00:00,,
43,cpu,model_only,1,789,1,0.006632,6.632,6632.0,150.78407720144753,10,2026-07-25T20:09:36.638469+00:00,,
43,cpu,model_only,1,790,1,0.0065989,6.5989,6598.900000000001,151.5404082498598,10,2026-07-25T20:09:36.638469+00:00,,
43,cpu,model_only,1,791,1,0.0063976,6.3976,6397.599999999999,156.30861573089908,10,2026-07-25T20:09:36.638469+00:00,,
43,cpu,model_only,1,792,1,0.0064446,6.4446,6444.6,155.16866834248827,10,2026-07-25T20:09:36.638469+00:00,,
43,cpu,model_only,1,793,1,0.0073618,7.3618,7361.8,135.83634437230026,10,2026-07-25T20:09:36.638469+00:00,,
43,cpu,model_only,1,794,1,0.0067723,6.7723,6772.3,147.66032219482304,10,2026-07-25T20:09:36.638469+00:00,,
43,cpu,model_only,1,795,1,0.0069322,6.9322,6932.200000000001,144.25434926863045,10,2026-07-25T20:09:36.638469+00:00,,
43,cpu,model_only,1,796,1,0.0065105,6.5104999999999995,6510.5,153.5980339451655,10,2026-07-25T20:09:36.638469+00:00,,
43,cpu,model_only,1,797,1,0.0064565,6.4565,6456.5,154.88267637264772,10,2026-07-25T20:09:36.638469+00:00,,
43,cpu,model_only,1,798,1,0.0090401,9.0401,9040.1,110.61824537339189,10,2026-07-25T20:09:36.638469+00:00,,
43,cpu,model_only,1,799,1,0.0084093,8.4093,8409.3,118.91596208959129,10,2026-07-25T20:09:36.638469+00:00,,
43,cpu,model_only,1,800,1,0.0073321,7.3321000000000005,7332.1,136.38657410564502,10,2026-07-25T20:09:36.638469+00:00,,
43,cpu,model_only,1,801,1,0.0075425,7.5424999999999995,7542.5,132.5820351342393,10,2026-07-25T20:09:36.638469+00:00,,
43,cpu,model_only,1,802,1,0.0083643,8.3643,8364.3,119.55573090396088,10,2026-07-25T20:09:36.638469+00:00,,
43,cpu,model_only,1,803,1,0.0082783,8.2783,8278.300000000001,120.79774832997111,10,2026-07-25T20:09:36.638469+00:00,,
43,cpu,model_only,1,804,1,0.0091305,9.1305,9130.5,109.52302721647227,10,2026-07-25T20:09:36.638469+00:00,,
43,cpu,model_only,1,805,1,0.0077301,7.7301,7730.1,129.36443254291666,10,2026-07-25T20:09:36.638469+00:00,,
43,cpu,model_only,1,806,1,0.0067729,6.7729,6772.900000000001,147.64724121129797,10,2026-07-25T20:09:36.638469+00:00,,
43,cpu,model_only,1,807,1,0.0068676,6.8675999999999995,6867.599999999999,145.61127613722408,10,2026-07-25T20:09:36.638469+00:00,,
43,cpu,model_only,1,808,1,0.0072226,7.2226,7222.6,138.45429623681224,10,2026-07-25T20:09:36.638469+00:00,,
43,cpu,model_only,1,809,1,0.0065249,6.524900000000001,6524.900000000001,153.25905377860198,10,2026-07-25T20:09:36.638469+00:00,,
43,cpu,model_only,1,810,1,0.00719,7.19,7190.0,139.08205841446454,10,2026-07-25T20:09:36.638469+00:00,,
43,cpu,model_only,1,811,1,0.0060514,6.0514,6051.400000000001,165.2510162937502,10,2026-07-25T20:09:36.638469+00:00,,
43,cpu,model_only,1,812,1,0.007454,7.454,7454.0,134.15615776764153,10,2026-07-25T20:09:36.638469+00:00,,
43,cpu,model_only,1,813,1,0.0069291,6.9291,6929.099999999999,144.31888701274337,10,2026-07-25T20:09:36.638469+00:00,,
43,cpu,model_only,1,814,1,0.0065715,6.5715,6571.5,152.1722589971848,10,2026-07-25T20:09:36.638469+00:00,,
43,cpu,model_only,1,815,1,0.0069046,6.9046,6904.6,144.83098224372156,10,2026-07-25T20:09:36.638469+00:00,,
43,cpu,model_only,1,816,1,0.0079445,7.944500000000001,7944.5,125.87324564163886,10,2026-07-25T20:09:36.638469+00:00,,
43,cpu,model_only,1,817,1,0.0072876,7.2876,7287.6,137.21938635490423,10,2026-07-25T20:09:36.638469+00:00,,
43,cpu,model_only,1,818,1,0.0068227,6.8227,6822.7,146.5695399182142,10,2026-07-25T20:09:36.638469+00:00,,
43,cpu,model_only,1,819,1,0.0067862,6.7862,6786.2,147.35787333117207,10,2026-07-25T20:09:36.638469+00:00,,
43,cpu,model_only,1,820,1,0.0068793,6.8793,6879.299999999999,145.36362711322374,10,2026-07-25T20:09:36.638469+00:00,,
43,cpu,model_only,1,821,1,0.0065899,6.5899,6589.900000000001,151.7473709767978,10,2026-07-25T20:09:36.638469+00:00,,
43,cpu,model_only,1,822,1,0.0068936,6.893599999999999,6893.599999999999,145.06208657305328,10,2026-07-25T20:09:36.638469+00:00,,
43,cpu,model_only,1,823,1,0.0061687,6.1687,6168.7,162.10871010099373,10,2026-07-25T20:09:36.638469+00:00,,
43,cpu,model_only,1,824,1,0.0068028,6.8028,6802.8,146.99829481978009,10,2026-07-25T20:09:36.638469+00:00,,
43,cpu,model_only,1,825,1,0.0067037,6.7036999999999995,6703.7,149.17135313334427,10,2026-07-25T20:09:36.638469+00:00,,
43,cpu,model_only,1,826,1,0.0067758,6.7758,6775.8,147.58404911597154,10,2026-07-25T20:09:36.638469+00:00,,
43,cpu,model_only,1,827,1,0.0072847,7.2847,7284.7,137.27401265666396,10,2026-07-25T20:09:36.638469+00:00,,
43,cpu,model_only,1,828,1,0.0066301,6.6301,6630.099999999999,150.82728767288577,10,2026-07-25T20:09:36.638469+00:00,,
43,cpu,model_only,1,829,1,0.0075724,7.5724,7572.4,132.0585283397602,10,2026-07-25T20:09:36.638469+00:00,,
43,cpu,model_only,1,830,1,0.0065381,6.5381,6538.099999999999,152.94963368562733,10,2026-07-25T20:09:36.638469+00:00,,
43,cpu,model_only,1,831,1,0.006885,6.885,6885.0,145.24328249818447,10,2026-07-25T20:09:36.638469+00:00,,
43,cpu,model_only,1,832,1,0.0060723,6.0723,6072.3,164.6822456071011,10,2026-07-25T20:09:36.638469+00:00,,
43,cpu,model_only,1,833,1,0.0060495,6.0495,6049.5,165.30291759649558,10,2026-07-25T20:09:36.638469+00:00,,
43,cpu,model_only,1,834,1,0.0067338,6.7338,6733.8,148.50455908996406,10,2026-07-25T20:09:36.638469+00:00,,
43,cpu,model_only,1,835,1,0.0061583,6.1583000000000006,6158.3,162.38247568322427,10,2026-07-25T20:09:36.638469+00:00,,
43,cpu,model_only,1,836,1,0.0069573,6.9573,6957.299999999999,143.733919767726,10,2026-07-25T20:09:36.638469+00:00,,
43,cpu,model_only,1,837,1,0.0064982,6.4982,6498.2,153.88876919762396,10,2026-07-25T20:09:36.638469+00:00,,
43,cpu,model_only,1,838,1,0.0063195,6.3195,6319.5,158.24036711765172,10,2026-07-25T20:09:36.638469+00:00,,
43,cpu,model_only,1,839,1,0.0067294,6.7294,6729.4,148.6016583945077,10,2026-07-25T20:09:36.638469+00:00,,
43,cpu,model_only,1,840,1,0.0060986,6.0986,6098.6,163.97205916111895,10,2026-07-25T20:09:36.638469+00:00,,
43,cpu,model_only,1,841,1,0.0068126,6.812600000000001,6812.6,146.78683615653347,10,2026-07-25T20:09:36.638469+00:00,,
43,cpu,model_only,1,842,1,0.0063327,6.3327,6332.7,157.91052789489476,10,2026-07-25T20:09:36.638469+00:00,,
43,cpu,model_only,1,843,1,0.0062719,6.2719000000000005,6271.900000000001,159.44131762304883,10,2026-07-25T20:09:36.638469+00:00,,
43,cpu,model_only,1,844,1,0.0071268,7.1268,7126.8,140.31542908458215,10,2026-07-25T20:09:36.638469+00:00,,
43,cpu,model_only,1,845,1,0.0065386,6.538600000000001,6538.6,152.9379377848469,10,2026-07-25T20:09:36.638469+00:00,,
43,cpu,model_only,1,846,1,0.0066293,6.629300000000001,6629.3,150.84548896565246,10,2026-07-25T20:09:36.638469+00:00,,
43,cpu,model_only,1,847,1,0.0065606,6.5606,6560.599999999999,152.4250830716703,10,2026-07-25T20:09:36.638469+00:00,,
43,cpu,model_only,1,848,1,0.0074796,7.4796000000000005,7479.6,133.69698914380447,10,2026-07-25T20:09:36.638469+00:00,,
43,cpu,model_only,1,849,1,0.0114445,11.4445,11444.5,87.37821661059898,10,2026-07-25T20:09:36.638469+00:00,,
43,cpu,model_only,1,850,1,0.008164,8.164,8163.999999999999,122.48897599216072,10,2026-07-25T20:09:36.638469+00:00,,
43,cpu,model_only,1,851,1,0.0074728,7.4728,7472.8,133.81864896692002,10,2026-07-25T20:09:36.638469+00:00,,
43,cpu,model_only,1,852,1,0.0084418,8.441799999999999,8441.8,118.45814873605157,10,2026-07-25T20:09:36.638469+00:00,,
43,cpu,model_only,1,853,1,0.00712,7.119999999999999,7120.0,140.4494382022472,10,2026-07-25T20:09:36.638469+00:00,,
43,cpu,model_only,1,854,1,0.007417,7.417,7417.0,134.8254011055683,10,2026-07-25T20:09:36.638469+00:00,,
43,cpu,model_only,1,855,1,0.0072082,7.2082,7208.2,138.7308898199273,10,2026-07-25T20:09:36.638469+00:00,,
43,cpu,model_only,1,856,1,0.0066976,6.6975999999999996,6697.599999999999,149.30721452460583,10,2026-07-25T20:09:36.638469+00:00,,
43,cpu,model_only,1,857,1,0.0067825,6.782500000000001,6782.5,147.4382602285293,10,2026-07-25T20:09:36.638469+00:00,,
43,cpu,model_only,1,858,1,0.0065371,6.5371,6537.099999999999,152.97303085466032,10,2026-07-25T20:09:36.638469+00:00,,
43,cpu,model_only,1,859,1,0.0071517,7.151700000000001,7151.700000000001,139.82689430485058,10,2026-07-25T20:09:36.638469+00:00,,
43,cpu,model_only,1,860,1,0.0067848,6.7848,6784.799999999999,147.38827968399954,10,2026-07-25T20:09:36.638469+00:00,,
43,cpu,model_only,1,861,1,0.006972,6.9719999999999995,6972.0,143.4308663224326,10,2026-07-25T20:09:36.638469+00:00,,
43,cpu,model_only,1,862,1,0.0067382,6.7382,6738.2,148.40758659582679,10,2026-07-25T20:09:36.638469+00:00,,
43,cpu,model_only,1,863,1,0.0068182,6.8182,6818.2,146.66627555659852,10,2026-07-25T20:09:36.638469+00:00,,
43,cpu,model_only,1,864,1,0.0067443,6.7443,6744.3,148.2733567605237,10,2026-07-25T20:09:36.638469+00:00,,
43,cpu,model_only,1,865,1,0.0066203,6.6203,6620.3,151.05055662130115,10,2026-07-25T20:09:36.638469+00:00,,
43,cpu,model_only,1,866,1,0.0070914,7.0914,7091.400000000001,141.01587838790647,10,2026-07-25T20:09:36.638469+00:00,,
43,cpu,model_only,1,867,1,0.0063278,6.3278,6327.8,158.03280761086003,10,2026-07-25T20:09:36.638469+00:00,,
43,cpu,model_only,1,868,1,0.0064586,6.4586,6458.6,154.832316601121,10,2026-07-25T20:09:36.638469+00:00,,
43,cpu,model_only,1,869,1,0.00638,6.38,6380.0,156.7398119122257,10,2026-07-25T20:09:36.638469+00:00,,
43,cpu,model_only,1,870,1,0.006223,6.223,6223.0,160.69419893941827,10,2026-07-25T20:09:36.638469+00:00,,
43,cpu,model_only,1,871,1,0.0070112,7.0112000000000005,7011.200000000001,142.628936558649,10,2026-07-25T20:09:36.638469+00:00,,
43,cpu,model_only,1,872,1,0.0066256,6.6255999999999995,6625.599999999999,150.92972711905338,10,2026-07-25T20:09:36.638469+00:00,,
43,cpu,model_only,1,873,1,0.0069238,6.9238,6923.8,144.42935960021953,10,2026-07-25T20:09:36.638469+00:00,,
43,cpu,model_only,1,874,1,0.0066153,6.6153,6615.3,151.1647241999607,10,2026-07-25T20:09:36.638469+00:00,,
43,cpu,model_only,1,875,1,0.0067831,6.7831,6783.1,147.4252185578865,10,2026-07-25T20:09:36.638469+00:00,,
43,cpu,model_only,1,876,1,0.0068831,6.8831,6883.099999999999,145.28337522337318,10,2026-07-25T20:09:36.638469+00:00,,
43,cpu,model_only,1,877,1,0.0063961,6.3961,6396.1,156.34527290067385,10,2026-07-25T20:09:36.638469+00:00,,
43,cpu,model_only,1,878,1,0.0070473,7.0473,7047.3,141.89831566699303,10,2026-07-25T20:09:36.638469+00:00,,
43,cpu,model_only,1,879,1,0.0065428,6.5428,6542.799999999999,152.83976279268816,10,2026-07-25T20:09:36.638469+00:00,,
43,cpu,model_only,1,880,1,0.0073256,7.3256,7325.599999999999,136.50758982199412,10,2026-07-25T20:09:36.638469+00:00,,
43,cpu,model_only,1,881,1,0.0067102,6.7102,6710.200000000001,149.02685463920596,10,2026-07-25T20:09:36.638469+00:00,,
43,cpu,model_only,1,882,1,0.006694,6.694,6694.0,149.38751120406334,10,2026-07-25T20:09:36.638469+00:00,,
43,cpu,model_only,1,883,1,0.0068201,6.8201,6820.1,146.62541604961805,10,2026-07-25T20:09:36.638469+00:00,,
43,cpu,model_only,1,884,1,0.0064872,6.4872000000000005,6487.2,154.14971019854482,10,2026-07-25T20:09:36.638469+00:00,,
43,cpu,model_only,1,885,1,0.006728,6.728,6728.0,148.63258026159335,10,2026-07-25T20:09:36.638469+00:00,,
43,cpu,model_only,1,886,1,0.0065029,6.5028999999999995,6502.9,153.7775454028203,10,2026-07-25T20:09:36.638469+00:00,,
43,cpu,model_only,1,887,1,0.0067211,6.7211,6721.099999999999,148.78516909434467,10,2026-07-25T20:09:36.638469+00:00,,
43,cpu,model_only,1,888,1,0.006884,6.884,6884.0,145.26438117373618,10,2026-07-25T20:09:36.638469+00:00,,
43,cpu,model_only,1,889,1,0.0061595,6.1595,6159.5,162.35084016559784,10,2026-07-25T20:09:36.638469+00:00,,
43,cpu,model_only,1,890,1,0.0071168,7.1168000000000005,7116.8,140.51258992805754,10,2026-07-25T20:09:36.638469+00:00,,
43,cpu,model_only,1,891,1,0.0065076,6.5076,6507.599999999999,153.66648226688795,10,2026-07-25T20:09:36.638469+00:00,,
43,cpu,model_only,1,892,1,0.0069363,6.9363,6936.3,144.16908149878176,10,2026-07-25T20:09:36.638469+00:00,,
43,cpu,model_only,1,893,1,0.0074562,7.4562,7456.2,134.11657412623052,10,2026-07-25T20:09:36.638469+00:00,,
43,cpu,model_only,1,894,1,0.0072295,7.2295,7229.5,138.32215229268968,10,2026-07-25T20:09:36.638469+00:00,,
43,cpu,model_only,1,895,1,0.0066583,6.6583,6658.3,150.18848655062104,10,2026-07-25T20:09:36.638469+00:00,,
43,cpu,model_only,1,896,1,0.0074335,7.4335,7433.5,134.52613170108293,10,2026-07-25T20:09:36.638469+00:00,,
43,cpu,model_only,1,897,1,0.0069388,6.9388000000000005,6938.8,144.11713841009973,10,2026-07-25T20:09:36.638469+00:00,,
43,cpu,model_only,1,898,1,0.0066359,6.6359,6635.900000000001,150.69545954580389,10,2026-07-25T20:09:36.638469+00:00,,
43,cpu,model_only,1,899,1,0.0067093,6.7093,6709.299999999999,149.04684542351663,10,2026-07-25T20:09:36.638469+00:00,,
43,cpu,model_only,1,900,1,0.0067252,6.7252,6725.2,148.6944626182121,10,2026-07-25T20:09:36.638469+00:00,,
43,cpu,model_only,1,901,1,0.0065383,6.5383000000000004,6538.3,152.94495511065566,10,2026-07-25T20:09:36.638469+00:00,,
43,cpu,model_only,1,902,1,0.0070081,7.0081,7008.099999999999,142.69202779640702,10,2026-07-25T20:09:36.638469+00:00,,
43,cpu,model_only,1,903,1,0.0067352,6.7352,6735.2,148.47369046205012,10,2026-07-25T20:09:36.638469+00:00,,
43,cpu,model_only,1,904,1,0.0074687,7.4687,7468.7,133.89210973797313,10,2026-07-25T20:09:36.638469+00:00,,
43,cpu,model_only,1,905,1,0.0067525,6.7524999999999995,6752.5,148.0932987782303,10,2026-07-25T20:09:36.638469+00:00,,
43,cpu,model_only,1,906,1,0.0065475,6.5475,6547.5,152.73004963726612,10,2026-07-25T20:09:36.638469+00:00,,
43,cpu,model_only,1,907,1,0.0063102,6.3102,6310.2,158.47358245380494,10,2026-07-25T20:09:36.638469+00:00,,
43,cpu,model_only,1,908,1,0.006412,6.412,6412.0,155.95757953836556,10,2026-07-25T20:09:36.638469+00:00,,
43,cpu,model_only,1,909,1,0.0074362,7.4361999999999995,7436.2,134.4772867862618,10,2026-07-25T20:09:36.638469+00:00,,
43,cpu,model_only,1,910,1,0.0067097,6.7097,6709.7,149.03795996840395,10,2026-07-25T20:09:36.638469+00:00,,
43,cpu,model_only,1,911,1,0.0069657,6.9657,6965.7,143.56058974690268,10,2026-07-25T20:09:36.638469+00:00,,
43,cpu,model_only,1,912,1,0.0062113,6.2113000000000005,6211.3,160.9968927599697,10,2026-07-25T20:09:36.638469+00:00,,
43,cpu,model_only,1,913,1,0.0062284,6.228400000000001,6228.400000000001,160.55487765718323,10,2026-07-25T20:09:36.638469+00:00,,
43,cpu,model_only,1,914,1,0.0068722,6.8722,6872.2,145.51380926049882,10,2026-07-25T20:09:36.638469+00:00,,
43,cpu,model_only,1,915,1,0.0063852,6.385199999999999,6385.2,156.6121656330264,10,2026-07-25T20:09:36.638469+00:00,,
43,cpu,model_only,1,916,1,0.0066154,6.615399999999999,6615.4,151.16243915711826,10,2026-07-25T20:09:36.638469+00:00,,
43,cpu,model_only,1,917,1,0.0063924,6.3924,6392.400000000001,156.43576747387522,10,2026-07-25T20:09:36.638469+00:00,,
43,cpu,model_only,1,918,1,0.0062318,6.2318,6231.8,160.4672807214609,10,2026-07-25T20:09:36.638469+00:00,,
43,cpu,model_only,1,919,1,0.0068637,6.863700000000001,6863.700000000001,145.69401343298804,10,2026-07-25T20:09:36.638469+00:00,,
43,cpu,model_only,1,920,1,0.0061408,6.1408000000000005,6140.8,162.8452318916102,10,2026-07-25T20:09:36.638469+00:00,,
43,cpu,model_only,1,921,1,0.0067065,6.7065,6706.5,149.10907328710954,10,2026-07-25T20:09:36.638469+00:00,,
43,cpu,model_only,1,922,1,0.0063747,6.3747,6374.7,156.8701272216732,10,2026-07-25T20:09:36.638469+00:00,,
43,cpu,model_only,1,923,1,0.0063337,6.3337,6333.7,157.88559609706806,10,2026-07-25T20:09:36.638469+00:00,,
43,cpu,model_only,1,924,1,0.0071306,7.1306,7130.6,140.2406529604802,10,2026-07-25T20:09:36.638469+00:00,,
43,cpu,model_only,1,925,1,0.0068623,6.8623,6862.3,145.72373693951008,10,2026-07-25T20:09:36.638469+00:00,,
43,cpu,model_only,1,926,1,0.0073836,7.3835999999999995,7383.599999999999,135.43528901890676,10,2026-07-25T20:09:36.638469+00:00,,
43,cpu,model_only,1,927,1,0.0065088,6.5088,6508.8,153.63815142576203,10,2026-07-25T20:09:36.638469+00:00,,
43,cpu,model_only,1,928,1,0.0066124,6.6124,6612.4,151.23102050692637,10,2026-07-25T20:09:36.638469+00:00,,
43,cpu,model_only,1,929,1,0.0063569,6.3569,6356.900000000001,157.30938035835075,10,2026-07-25T20:09:36.638469+00:00,,
43,cpu,model_only,1,930,1,0.0064564,6.4564,6456.400000000001,154.88507527414657,10,2026-07-25T20:09:36.638469+00:00,,
43,cpu,model_only,1,931,1,0.0071383,7.1383,7138.3,140.0893770225404,10,2026-07-25T20:09:36.638469+00:00,,
43,cpu,model_only,1,932,1,0.0068989,6.8989,6898.900000000001,144.95064430561393,10,2026-07-25T20:09:36.638469+00:00,,
43,cpu,model_only,1,933,1,0.007808,7.808,7808.0,128.0737704918033,10,2026-07-25T20:09:36.638469+00:00,,
43,cpu,model_only,1,934,1,0.0072421,7.2421,7242.099999999999,138.08149569876142,10,2026-07-25T20:09:36.638469+00:00,,
43,cpu,model_only,1,935,1,0.0069767,6.9767,6976.7,143.33424111686043,10,2026-07-25T20:09:36.638469+00:00,,
43,cpu,model_only,1,936,1,0.0076271,7.6271,7627.1,131.1114316057217,10,2026-07-25T20:09:36.638469+00:00,,
43,cpu,model_only,1,937,1,0.0069892,6.9892,6989.2,143.07789160418932,10,2026-07-25T20:09:36.638469+00:00,,
43,cpu,model_only,1,938,1,0.0070599,7.0599,7059.9,141.64506579413307,10,2026-07-25T20:09:36.638469+00:00,,
43,cpu,model_only,1,939,1,0.0067235,6.7235000000000005,6723.5,148.73205919535954,10,2026-07-25T20:09:36.638469+00:00,,
43,cpu,model_only,1,940,1,0.00672,6.720000000000001,6720.0,148.8095238095238,10,2026-07-25T20:09:36.638469+00:00,,
43,cpu,model_only,1,941,1,0.0066457,6.6457,6645.7,150.4732383345622,10,2026-07-25T20:09:36.638469+00:00,,
43,cpu,model_only,1,942,1,0.0070133,7.0133,7013.3,142.58622902200105,10,2026-07-25T20:09:36.638469+00:00,,
43,cpu,model_only,1,943,1,0.0069962,6.9962,6996.2,142.9347359995426,10,2026-07-25T20:09:36.638469+00:00,,
43,cpu,model_only,1,944,1,0.0081115,8.111500000000001,8111.500000000001,123.28176046353941,10,2026-07-25T20:09:36.638469+00:00,,
43,cpu,model_only,1,945,1,0.0079226,7.9226,7922.6,126.22119001337944,10,2026-07-25T20:09:36.638469+00:00,,
43,cpu,model_only,1,946,1,0.0070344,7.0344,7034.4,142.1585351984533,10,2026-07-25T20:09:36.638469+00:00,,
43,cpu,model_only,1,947,1,0.0075971,7.5971,7597.099999999999,131.62917429018967,10,2026-07-25T20:09:36.638469+00:00,,
43,cpu,model_only,1,948,1,0.0076553,7.6553,7655.3,130.62845348973914,10,2026-07-25T20:09:36.638469+00:00,,
43,cpu,model_only,1,949,1,0.0070155,7.0155,7015.5,142.54151521630675,10,2026-07-25T20:09:36.638469+00:00,,
43,cpu,model_only,1,950,1,0.0068358,6.835800000000001,6835.8,146.28865677755346,10,2026-07-25T20:09:36.638469+00:00,,
43,cpu,model_only,1,951,1,0.00712,7.119999999999999,7120.0,140.4494382022472,10,2026-07-25T20:09:36.638469+00:00,,
43,cpu,model_only,1,952,1,0.0068892,6.8892,6889.2,145.154734947454,10,2026-07-25T20:09:36.638469+00:00,,
43,cpu,model_only,1,953,1,0.0069156,6.9156,6915.6,144.60061310659958,10,2026-07-25T20:09:36.638469+00:00,,
43,cpu,model_only,1,954,1,0.007813,7.813000000000001,7813.000000000001,127.99180852425444,10,2026-07-25T20:09:36.638469+00:00,,
43,cpu,model_only,1,955,1,0.0079294,7.929399999999999,7929.4,126.11294675511388,10,2026-07-25T20:09:36.638469+00:00,,
43,cpu,model_only,1,956,1,0.00714,7.14,7140.0,140.0560224089636,10,2026-07-25T20:09:36.638469+00:00,,
43,cpu,model_only,1,957,1,0.006888,6.888,6888.0,145.18002322880372,10,2026-07-25T20:09:36.638469+00:00,,
43,cpu,model_only,1,958,1,0.0068303,6.8303,6830.3,146.40645359647453,10,2026-07-25T20:09:36.638469+00:00,,
43,cpu,model_only,1,959,1,0.0068146,6.8145999999999995,6814.599999999999,146.74375605317994,10,2026-07-25T20:09:36.638469+00:00,,
43,cpu,model_only,1,960,1,0.0065955,6.5954999999999995,6595.5,151.61852778409522,10,2026-07-25T20:09:36.638469+00:00,,
43,cpu,model_only,1,961,1,0.00648,6.4799999999999995,6480.0,154.320987654321,10,2026-07-25T20:09:36.638469+00:00,,
43,cpu,model_only,1,962,1,0.0074433,7.4433,7443.3,134.34901186301775,10,2026-07-25T20:09:36.638469+00:00,,
43,cpu,model_only,1,963,1,0.0066217,6.621700000000001,6621.700000000001,151.01862059591946,10,2026-07-25T20:09:36.638469+00:00,,
43,cpu,model_only,1,964,1,0.00677,6.77,6770.0,147.71048744460856,10,2026-07-25T20:09:36.638469+00:00,,
43,cpu,model_only,1,965,1,0.0064916,6.4916,6491.6,154.04522767884652,10,2026-07-25T20:09:36.638469+00:00,,
43,cpu,model_only,1,966,1,0.006755,6.755,6755.0,148.03849000740192,10,2026-07-25T20:09:36.638469+00:00,,
43,cpu,model_only,1,967,1,0.0065874,6.587400000000001,6587.400000000001,151.80496098612502,10,2026-07-25T20:09:36.638469+00:00,,
43,cpu,model_only,1,968,1,0.006656,6.656,6656.0,150.2403846153846,10,2026-07-25T20:09:36.638469+00:00,,
43,cpu,model_only,1,969,1,0.0071298,7.1298,7129.8,140.2563886785043,10,2026-07-25T20:09:36.638469+00:00,,
43,cpu,model_only,1,970,1,0.0078526,7.8526,7852.599999999999,127.34635662073708,10,2026-07-25T20:09:36.638469+00:00,,
43,cpu,model_only,1,971,1,0.0071631,7.1631,7163.1,139.60436124024514,10,2026-07-25T20:09:36.638469+00:00,,
43,cpu,model_only,1,972,1,0.0071309,7.1309,7130.9,140.23475297648264,10,2026-07-25T20:09:36.638469+00:00,,
43,cpu,model_only,1,973,1,0.0067294,6.7294,6729.4,148.6016583945077,10,2026-07-25T20:09:36.638469+00:00,,
43,cpu,model_only,1,974,1,0.0068676,6.8675999999999995,6867.599999999999,145.61127613722408,10,2026-07-25T20:09:36.638469+00:00,,
43,cpu,model_only,1,975,1,0.0066524,6.6524,6652.400000000001,150.32168841320424,10,2026-07-25T20:09:36.638469+00:00,,
43,cpu,model_only,1,976,1,0.0071394,7.139399999999999,7139.4,140.0677928117209,10,2026-07-25T20:09:36.638469+00:00,,
43,cpu,model_only,1,977,1,0.0067189,6.7189,6718.9,148.83388649927815,10,2026-07-25T20:09:36.638469+00:00,,
43,cpu,model_only,1,978,1,0.0075554,7.555400000000001,7555.400000000001,132.3556661460677,10,2026-07-25T20:09:36.638469+00:00,,
43,cpu,model_only,1,979,1,0.0072528,7.252800000000001,7252.8,137.87778513125966,10,2026-07-25T20:09:36.638469+00:00,,
43,cpu,model_only,1,980,1,0.0076159,7.6159,7615.900000000001,131.304245066243,10,2026-07-25T20:09:36.638469+00:00,,
43,cpu,model_only,1,981,1,0.0068378,6.8378,6837.8,146.24586855421336,10,2026-07-25T20:09:36.638469+00:00,,
43,cpu,model_only,1,982,1,0.0067267,6.7267,6726.700000000001,148.66130494893483,10,2026-07-25T20:09:36.638469+00:00,,
43,cpu,model_only,1,983,1,0.0068642,6.8642,6864.2,145.68340083330907,10,2026-07-25T20:09:36.638469+00:00,,
43,cpu,model_only,1,984,1,0.0065351,6.5351,6535.1,153.01984667411364,10,2026-07-25T20:09:36.638469+00:00,,
43,cpu,model_only,1,985,1,0.0071263,7.1263000000000005,7126.3,140.32527398509745,10,2026-07-25T20:09:36.638469+00:00,,
43,cpu,model_only,1,986,1,0.0067259,6.7259,6725.9,148.6789871987392,10,2026-07-25T20:09:36.638469+00:00,,
43,cpu,model_only,1,987,1,0.0064224,6.4224,6422.4,155.70503238664674,10,2026-07-25T20:09:36.638469+00:00,,
43,cpu,model_only,1,988,1,0.0071806,7.1806,7180.599999999999,139.2641283458207,10,2026-07-25T20:09:36.638469+00:00,,
43,cpu,model_only,1,989,1,0.0061742,6.1742,6174.200000000001,161.96430306760388,10,2026-07-25T20:09:36.638469+00:00,,
43,cpu,model_only,1,990,1,0.0072206,7.2206,7220.599999999999,138.49264604049526,10,2026-07-25T20:09:36.638469+00:00,,
43,cpu,model_only,1,991,1,0.0072524,7.2524,7252.4,137.8853896641112,10,2026-07-25T20:09:36.638469+00:00,,
43,cpu,model_only,1,992,1,0.0069161,6.916099999999999,6916.099999999999,144.5901591937653,10,2026-07-25T20:09:36.638469+00:00,,
43,cpu,model_only,1,993,1,0.0070777,7.0777,7077.7,141.28883676900688,10,2026-07-25T20:09:36.638469+00:00,,
43,cpu,model_only,1,994,1,0.0077455,7.7455,7745.5,129.10722354915757,10,2026-07-25T20:09:36.638469+00:00,,
43,cpu,model_only,1,995,1,0.0067616,6.7616000000000005,6761.6,147.8939895882631,10,2026-07-25T20:09:36.638469+00:00,,
43,cpu,model_only,1,996,1,0.0063766,6.3766,6376.599999999999,156.82338550324624,10,2026-07-25T20:09:36.638469+00:00,,
43,cpu,model_only,1,997,1,0.0069315,6.9315,6931.5,144.26891726177595,10,2026-07-25T20:09:36.638469+00:00,,
43,cpu,model_only,1,998,1,0.0065962,6.5962,6596.2,151.6024377671993,10,2026-07-25T20:09:36.638469+00:00,,
43,cpu,model_only,1,999,1,0.0064623,6.4623,6462.3,154.7436671154233,10,2026-07-25T20:09:36.638469+00:00,,
43,cpu,end_to_end,1,0,1,0.006402,6.402,6402.0,156.2011871290222,10,2026-07-25T20:09:36.638469+00:00,,
43,cpu,end_to_end,1,1,1,0.0065526,6.5526,6552.599999999999,152.61117724262127,10,2026-07-25T20:09:36.638469+00:00,,
43,cpu,end_to_end,1,2,1,0.0063861,6.3861,6386.099999999999,156.59009411064656,10,2026-07-25T20:09:36.638469+00:00,,
43,cpu,end_to_end,1,3,1,0.0071213,7.1213,7121.299999999999,140.42379902545883,10,2026-07-25T20:09:36.638469+00:00,,
43,cpu,end_to_end,1,4,1,0.0066651,6.6651,6665.1,150.03525828569713,10,2026-07-25T20:09:36.638469+00:00,,
43,cpu,end_to_end,1,5,1,0.0065112,6.5112,6511.2,153.58152107138469,10,2026-07-25T20:09:36.638469+00:00,,
43,cpu,end_to_end,1,6,1,0.0065955,6.5954999999999995,6595.5,151.61852778409522,10,2026-07-25T20:09:36.638469+00:00,,
43,cpu,end_to_end,1,7,1,0.0063708,6.3708,6370.8,156.96615809631442,10,2026-07-25T20:09:36.638469+00:00,,
43,cpu,end_to_end,1,8,1,0.0068787,6.878699999999999,6878.7,145.3763065695553,10,2026-07-25T20:09:36.638469+00:00,,
43,cpu,end_to_end,1,9,1,0.0065182,6.5182,6518.2,153.41658740142984,10,2026-07-25T20:09:36.638469+00:00,,
43,cpu,end_to_end,1,10,1,0.0064409,6.4409,6440.900000000001,155.25780558617583,10,2026-07-25T20:09:36.638469+00:00,,
43,cpu,end_to_end,1,11,1,0.006531,6.531000000000001,6531.0,153.11590874291838,10,2026-07-25T20:09:36.638469+00:00,,
43,cpu,end_to_end,1,12,1,0.0065561,6.5561,6556.099999999999,152.52970516007994,10,2026-07-25T20:09:36.638469+00:00,,
43,cpu,end_to_end,1,13,1,0.0069151,6.915100000000001,6915.1,144.61106853118537,10,2026-07-25T20:09:36.638469+00:00,,
43,cpu,end_to_end,1,14,1,0.0064273,6.427300000000001,6427.3,155.58632707357677,10,2026-07-25T20:09:36.638469+00:00,,
43,cpu,end_to_end,1,15,1,0.0068393,6.839300000000001,6839.3,146.21379380930796,10,2026-07-25T20:09:36.638469+00:00,,
43,cpu,end_to_end,1,16,1,0.006803,6.803,6803.0,146.99397324709687,10,2026-07-25T20:09:36.638469+00:00,,
43,cpu,end_to_end,1,17,1,0.0069598,6.9598,6959.8,143.68228972096898,10,2026-07-25T20:09:36.638469+00:00,,
43,cpu,end_to_end,1,18,1,0.0072698,7.2698,7269.8,137.55536603482904,10,2026-07-25T20:09:36.638469+00:00,,
43,cpu,end_to_end,1,19,1,0.0064143,6.414300000000001,6414.3,155.9016572346164,10,2026-07-25T20:09:36.638469+00:00,,
43,cpu,end_to_end,1,20,1,0.0067996,6.7996,6799.6,147.0674745573269,10,2026-07-25T20:09:36.638469+00:00,,
43,cpu,end_to_end,1,21,1,0.0063635,6.3635,6363.5,157.14622456195488,10,2026-07-25T20:09:36.638469+00:00,,
43,cpu,end_to_end,1,22,1,0.0064547,6.4547,6454.7,154.92586797217533,10,2026-07-25T20:09:36.638469+00:00,,
43,cpu,end_to_end,1,23,1,0.0066684,6.6684,6668.4,149.9610101373643,10,2026-07-25T20:09:36.638469+00:00,,
43,cpu,end_to_end,1,24,1,0.0065809,6.5809,6580.9,151.9548997857436,10,2026-07-25T20:09:36.638469+00:00,,
43,cpu,end_to_end,1,25,1,0.0068577,6.8577,6857.700000000001,145.82148533764965,10,2026-07-25T20:09:36.638469+00:00,,
43,cpu,end_to_end,1,26,1,0.0065165,6.5165,6516.5,153.45661014348192,10,2026-07-25T20:09:36.638469+00:00,,
43,cpu,end_to_end,1,27,1,0.0067672,6.7672,6767.2,147.77160420853528,10,2026-07-25T20:09:36.638469+00:00,,
43,cpu,end_to_end,1,28,1,0.0064483,6.4483,6448.299999999999,155.07963339174668,10,2026-07-25T20:09:36.638469+00:00,,
43,cpu,end_to_end,1,29,1,0.0061607,6.1607,6160.7,162.31921697209734,10,2026-07-25T20:09:36.638469+00:00,,
43,cpu,end_to_end,1,30,1,0.0071409,7.1409,7140.900000000001,140.0383705135207,10,2026-07-25T20:09:36.638469+00:00,,
43,cpu,end_to_end,1,31,1,0.0065441,6.544099999999999,6544.099999999999,152.80940083433933,10,2026-07-25T20:09:36.638469+00:00,,
43,cpu,end_to_end,1,32,1,0.0068961,6.8961,6896.099999999999,145.009498122127,10,2026-07-25T20:09:36.638469+00:00,,
43,cpu,end_to_end,1,33,1,0.0066478,6.6478,6647.799999999999,150.42570474442672,10,2026-07-25T20:09:36.638469+00:00,,
43,cpu,end_to_end,1,34,1,0.0066297,6.6297,6629.7,150.8363877701857,10,2026-07-25T20:09:36.638469+00:00,,
43,cpu,end_to_end,1,35,1,0.0066874,6.687399999999999,6687.4,149.5349463169543,10,2026-07-25T20:09:36.638469+00:00,,
43,cpu,end_to_end,1,36,1,0.0065412,6.5412,6541.2,152.87714792392833,10,2026-07-25T20:09:36.638469+00:00,,
43,cpu,end_to_end,1,37,1,0.0070169,7.016900000000001,7016.900000000001,142.51307557468397,10,2026-07-25T20:09:36.638469+00:00,,
43,cpu,end_to_end,1,38,1,0.0079875,7.9875,7987.5,125.19561815336463,10,2026-07-25T20:09:36.638469+00:00,,
43,cpu,end_to_end,1,39,1,0.0069754,6.9754,6975.4,143.36095421051124,10,2026-07-25T20:09:36.638469+00:00,,
43,cpu,end_to_end,1,40,1,0.0074638,7.4638,7463.799999999999,133.98001018248078,10,2026-07-25T20:09:36.638469+00:00,,
43,cpu,end_to_end,1,41,1,0.0071125,7.1125,7112.5,140.597539543058,10,2026-07-25T20:09:36.638469+00:00,,
43,cpu,end_to_end,1,42,1,0.0079617,7.9617,7961.700000000001,125.60131630179484,10,2026-07-25T20:09:36.638469+00:00,,
43,cpu,end_to_end,1,43,1,0.0065356,6.5356,6535.6,153.00814003304976,10,2026-07-25T20:09:36.638469+00:00,,
43,cpu,end_to_end,1,44,1,0.0064003,6.4003000000000005,6400.3,156.24267612455665,10,2026-07-25T20:09:36.638469+00:00,,
43,cpu,end_to_end,1,45,1,0.0064726,6.4726,6472.6,154.49741989308777,10,2026-07-25T20:09:36.638469+00:00,,
43,cpu,end_to_end,1,46,1,0.0073565,7.3565000000000005,7356.5,135.93420784340378,10,2026-07-25T20:09:36.638469+00:00,,
43,cpu,end_to_end,1,47,1,0.006469,6.469,6469.0,154.5833977430824,10,2026-07-25T20:09:36.638469+00:00,,
43,cpu,end_to_end,1,48,1,0.0065137,6.5137,6513.7,153.5225754947265,10,2026-07-25T20:09:36.638469+00:00,,
43,cpu,end_to_end,1,49,1,0.0064097,6.4097,6409.7,156.01354197544347,10,2026-07-25T20:09:36.638469+00:00,,
43,cpu,end_to_end,1,50,1,0.0064883,6.4883,6488.3,154.12357628346408,10,2026-07-25T20:09:36.638469+00:00,,
43,cpu,end_to_end,1,51,1,0.0078431,7.843100000000001,7843.1,127.50060562787672,10,2026-07-25T20:09:36.638469+00:00,,
43,cpu,end_to_end,1,52,1,0.0073597,7.3597,7359.7,135.87510360476648,10,2026-07-25T20:09:36.638469+00:00,,
43,cpu,end_to_end,1,53,1,0.007178,7.178,7178.0,139.314572304263,10,2026-07-25T20:09:36.638469+00:00,,
43,cpu,end_to_end,1,54,1,0.0067738,6.7738,6773.8,147.62762408101804,10,2026-07-25T20:09:36.638469+00:00,,
43,cpu,end_to_end,1,55,1,0.0072346,7.2345999999999995,7234.599999999999,138.22464268929866,10,2026-07-25T20:09:36.638469+00:00,,
43,cpu,end_to_end,1,56,1,0.0073952,7.3952,7395.2,135.22284725227175,10,2026-07-25T20:09:36.638469+00:00,,
43,cpu,end_to_end,1,57,1,0.0073904,7.3904000000000005,7390.400000000001,135.31067330591037,10,2026-07-25T20:09:36.638469+00:00,,
43,cpu,end_to_end,1,58,1,0.0069239,6.923900000000001,6923.900000000001,144.42727364635536,10,2026-07-25T20:09:36.638469+00:00,,
43,cpu,end_to_end,1,59,1,0.0079208,7.920800000000001,7920.8,126.24987375012624,10,2026-07-25T20:09:36.638469+00:00,,
43,cpu,end_to_end,1,60,1,0.0073131,7.3131,7313.1,136.7409169845893,10,2026-07-25T20:09:36.638469+00:00,,
43,cpu,end_to_end,1,61,1,0.0073703,7.370299999999999,7370.3,135.67968739400024,10,2026-07-25T20:09:36.638469+00:00,,
43,cpu,end_to_end,1,62,1,0.0072432,7.2432,7243.2,138.06052573448198,10,2026-07-25T20:09:36.638469+00:00,,
43,cpu,end_to_end,1,63,1,0.0070959,7.095899999999999,7095.9,140.92645048549164,10,2026-07-25T20:09:36.638469+00:00,,
43,cpu,end_to_end,1,64,1,0.0070778,7.077800000000001,7077.8,141.28684054367176,10,2026-07-25T20:09:36.638469+00:00,,
43,cpu,end_to_end,1,65,1,0.0067697,6.7697,6769.7,147.7170332511042,10,2026-07-25T20:09:36.638469+00:00,,
43,cpu,end_to_end,1,66,1,0.0073831,7.3831,7383.1,135.44446099876745,10,2026-07-25T20:09:36.638469+00:00,,
43,cpu,end_to_end,1,67,1,0.0065583,6.5583,6558.3,152.4785386456856,10,2026-07-25T20:09:36.638469+00:00,,
43,cpu,end_to_end,1,68,1,0.0070061,7.0061,7006.1,142.73276145073578,10,2026-07-25T20:09:36.638469+00:00,,
43,cpu,end_to_end,1,69,1,0.006625,6.625,6625.0,150.9433962264151,10,2026-07-25T20:09:36.638469+00:00,,
43,cpu,end_to_end,1,70,1,0.0070015,7.0015,7001.5,142.8265371706063,10,2026-07-25T20:09:36.638469+00:00,,
43,cpu,end_to_end,1,71,1,0.006775,6.7749999999999995,6775.0,147.60147601476015,10,2026-07-25T20:09:36.638469+00:00,,
43,cpu,end_to_end,1,72,1,0.0066078,6.607799999999999,6607.799999999999,151.33629952480402,10,2026-07-25T20:09:36.638469+00:00,,
43,cpu,end_to_end,1,73,1,0.0068063,6.8063,6806.3,146.92270396544376,10,2026-07-25T20:09:36.638469+00:00,,
43,cpu,end_to_end,1,74,1,0.0065545,6.5545,6554.5,152.56693874437408,10,2026-07-25T20:09:36.638469+00:00,,
43,cpu,end_to_end,1,75,1,0.0066644,6.6644,6664.4,150.0510173458976,10,2026-07-25T20:09:36.638469+00:00,,
43,cpu,end_to_end,1,76,1,0.0065431,6.5431,6543.099999999999,152.8327551160765,10,2026-07-25T20:09:36.638469+00:00,,
43,cpu,end_to_end,1,77,1,0.007189,7.189,7189.0,139.10140492418972,10,2026-07-25T20:09:36.638469+00:00,,
43,cpu,end_to_end,1,78,1,0.0068904,6.8904,6890.4,145.12945547428308,10,2026-07-25T20:09:36.638469+00:00,,
43,cpu,end_to_end,1,79,1,0.0067007,6.7007,6700.700000000001,149.23813929887922,10,2026-07-25T20:09:36.638469+00:00,,
43,cpu,end_to_end,1,80,1,0.0069164,6.916399999999999,6916.4,144.58388757156902,10,2026-07-25T20:09:36.638469+00:00,,
43,cpu,end_to_end,1,81,1,0.0065797,6.5797,6579.7,151.98261318905116,10,2026-07-25T20:09:36.638469+00:00,,
43,cpu,end_to_end,1,82,1,0.0074493,7.4493,7449.3,134.24080114910126,10,2026-07-25T20:09:36.638469+00:00,,
43,cpu,end_to_end,1,83,1,0.0065017,6.5017,6501.7,153.8059276804528,10,2026-07-25T20:09:36.638469+00:00,,
43,cpu,end_to_end,1,84,1,0.0066457,6.6457,6645.7,150.4732383345622,10,2026-07-25T20:09:36.638469+00:00,,
43,cpu,end_to_end,1,85,1,0.0064688,6.4688,6468.8,154.58817709621567,10,2026-07-25T20:09:36.638469+00:00,,
43,cpu,end_to_end,1,86,1,0.0065214,6.5214,6521.400000000001,153.34130708130155,10,2026-07-25T20:09:36.638469+00:00,,
43,cpu,end_to_end,1,87,1,0.0071665,7.1665,7166.5,139.53812879369286,10,2026-07-25T20:09:36.638469+00:00,,
43,cpu,end_to_end,1,88,1,0.0064488,6.4488,6448.8,155.06760947773228,10,2026-07-25T20:09:36.638469+00:00,,
43,cpu,end_to_end,1,89,1,0.0066989,6.6989,6698.9,149.27823971099733,10,2026-07-25T20:09:36.638469+00:00,,
43,cpu,end_to_end,1,90,1,0.0064778,6.477799999999999,6477.799999999999,154.37339837599185,10,2026-07-25T20:09:36.638469+00:00,,
43,cpu,end_to_end,1,91,1,0.0066132,6.6132,6613.2,151.21272606302549,10,2026-07-25T20:09:36.638469+00:00,,
43,cpu,end_to_end,1,92,1,0.0072088,7.208799999999999,7208.799999999999,138.71934302519145,10,2026-07-25T20:09:36.638469+00:00,,
43,cpu,end_to_end,1,93,1,0.0066716,6.6716,6671.599999999999,149.88908207926136,10,2026-07-25T20:09:36.638469+00:00,,
43,cpu,end_to_end,1,94,1,0.0071853,7.185300000000001,7185.3,139.1730338329645,10,2026-07-25T20:09:36.638469+00:00,,
43,cpu,end_to_end,1,95,1,0.0066727,6.6727,6672.7,149.86437274266788,10,2026-07-25T20:09:36.638469+00:00,,
43,cpu,end_to_end,1,96,1,0.0070503,7.0503,7050.3,141.8379359743557,10,2026-07-25T20:09:36.638469+00:00,,
43,cpu,end_to_end,1,97,1,0.0071146,7.114599999999999,7114.599999999999,140.5560396930256,10,2026-07-25T20:09:36.638469+00:00,,
43,cpu,end_to_end,1,98,1,0.0073373,7.3373,7337.299999999999,136.2899159091219,10,2026-07-25T20:09:36.638469+00:00,,
43,cpu,end_to_end,1,99,1,0.0071309,7.1309,7130.9,140.23475297648264,10,2026-07-25T20:09:36.638469+00:00,,
43,cpu,end_to_end,1,100,1,0.0068612,6.861199999999999,6861.2,145.74709963271732,10,2026-07-25T20:09:36.638469+00:00,,
43,cpu,end_to_end,1,101,1,0.0065545,6.5545,6554.5,152.56693874437408,10,2026-07-25T20:09:36.638469+00:00,,
43,cpu,end_to_end,1,102,1,0.0070173,7.0173,7017.3,142.50495204708363,10,2026-07-25T20:09:36.638469+00:00,,
43,cpu,end_to_end,1,103,1,0.0067801,6.7801,6780.099999999999,147.49044999336294,10,2026-07-25T20:09:36.638469+00:00,,
43,cpu,end_to_end,1,104,1,0.0069934,6.9934,6993.400000000001,142.99196385163154,10,2026-07-25T20:09:36.638469+00:00,,
43,cpu,end_to_end,1,105,1,0.0066911,6.6911000000000005,6691.1,149.4522574763492,10,2026-07-25T20:09:36.638469+00:00,,
43,cpu,end_to_end,1,106,1,0.006991,6.991,6991.0,143.04105278214848,10,2026-07-25T20:09:36.638469+00:00,,
43,cpu,end_to_end,1,107,1,0.0066055,6.6055,6605.5,151.38899402013473,10,2026-07-25T20:09:36.638469+00:00,,
43,cpu,end_to_end,1,108,1,0.006838,6.838,6838.0,146.24159110851124,10,2026-07-25T20:09:36.638469+00:00,,
43,cpu,end_to_end,1,109,1,0.0068936,6.893599999999999,6893.599999999999,145.06208657305328,10,2026-07-25T20:09:36.638469+00:00,,
43,cpu,end_to_end,1,110,1,0.0065347,6.5347,6534.7,153.02921327681454,10,2026-07-25T20:09:36.638469+00:00,,
43,cpu,end_to_end,1,111,1,0.0069327,6.9327,6932.7,144.2439453603935,10,2026-07-25T20:09:36.638469+00:00,,
43,cpu,end_to_end,1,112,1,0.0066653,6.6653,6665.3,150.03075630504253,10,2026-07-25T20:09:36.638469+00:00,,
43,cpu,end_to_end,1,113,1,0.0069044,6.9044,6904.4,144.8351775679277,10,2026-07-25T20:09:36.638469+00:00,,
43,cpu,end_to_end,1,114,1,0.0075442,7.5442,7544.2,132.55215927467458,10,2026-07-25T20:09:36.638469+00:00,,
43,cpu,end_to_end,1,115,1,0.0072628,7.2627999999999995,7262.8,137.68794404361955,10,2026-07-25T20:09:36.638469+00:00,,
43,cpu,end_to_end,1,116,1,0.0063868,6.3868,6386.8,156.57293167157263,10,2026-07-25T20:09:36.638469+00:00,,
43,cpu,end_to_end,1,117,1,0.0069596,6.9596,6959.599999999999,143.68641875969882,10,2026-07-25T20:09:36.638469+00:00,,
43,cpu,end_to_end,1,118,1,0.006928,6.928,6928.0,144.3418013856813,10,2026-07-25T20:09:36.638469+00:00,,
43,cpu,end_to_end,1,119,1,0.0067636,6.763599999999999,6763.599999999999,147.85025725944763,10,2026-07-25T20:09:36.638469+00:00,,
43,cpu,end_to_end,1,120,1,0.006821,6.821,6821.0,146.60606949127694,10,2026-07-25T20:09:36.638469+00:00,,
43,cpu,end_to_end,1,121,1,0.006787,6.787,6787.0,147.34050390452336,10,2026-07-25T20:09:36.638469+00:00,,
43,cpu,end_to_end,1,122,1,0.0064418,6.4418,6441.8,155.2361141295911,10,2026-07-25T20:09:36.638469+00:00,,
43,cpu,end_to_end,1,123,1,0.0068308,6.8308,6830.799999999999,146.39573695613984,10,2026-07-25T20:09:36.638469+00:00,,
43,cpu,end_to_end,1,124,1,0.0065984,6.5984,6598.4,151.55189136760427,10,2026-07-25T20:09:36.638469+00:00,,
43,cpu,end_to_end,1,125,1,0.0068003,6.8003,6800.299999999999,147.0523359263562,10,2026-07-25T20:09:36.638469+00:00,,
43,cpu,end_to_end,1,126,1,0.0066028,6.6028,6602.8,151.45089961834373,10,2026-07-25T20:09:36.638469+00:00,,
43,cpu,end_to_end,1,127,1,0.0065474,6.5474,6547.400000000001,152.7323823196994,10,2026-07-25T20:09:36.638469+00:00,,
43,cpu,end_to_end,1,128,1,0.0073795,7.3795,7379.5,135.51053594416967,10,2026-07-25T20:09:36.638469+00:00,,
43,cpu,end_to_end,1,129,1,0.006597,6.597,6597.0,151.58405335758678,10,2026-07-25T20:09:36.638469+00:00,,
43,cpu,end_to_end,1,130,1,0.0071638,7.163799999999999,7163.799999999999,139.5907200089338,10,2026-07-25T20:09:36.638469+00:00,,
43,cpu,end_to_end,1,131,1,0.006453,6.453,6453.0,154.96668216333487,10,2026-07-25T20:09:36.638469+00:00,,
43,cpu,end_to_end,1,132,1,0.0071498,7.149800000000001,7149.8,139.86405214131864,10,2026-07-25T20:09:36.638469+00:00,,
43,cpu,end_to_end,1,133,1,0.0124411,12.4411,12441.1,80.37874464476614,10,2026-07-25T20:09:36.638469+00:00,,
43,cpu,end_to_end,1,134,1,0.0135651,13.5651,13565.1,73.71858666725642,10,2026-07-25T20:09:36.638469+00:00,,
43,cpu,end_to_end,1,135,1,0.0110243,11.0243,11024.300000000001,90.70870712879729,10,2026-07-25T20:09:36.638469+00:00,,
43,cpu,end_to_end,1,136,1,0.0102804,10.2804,10280.4,97.27247967005175,10,2026-07-25T20:09:36.638469+00:00,,
43,cpu,end_to_end,1,137,1,0.0095659,9.565900000000001,9565.9,104.5379943340407,10,2026-07-25T20:09:36.638469+00:00,,
43,cpu,end_to_end,1,138,1,0.0097859,9.7859,9785.9,102.18784169059565,10,2026-07-25T20:09:36.638469+00:00,,
43,cpu,end_to_end,1,139,1,0.0075038,7.5038,7503.799999999999,133.26581198859245,10,2026-07-25T20:09:36.638469+00:00,,
43,cpu,end_to_end,1,140,1,0.0074919,7.4919,7491.900000000001,133.47748902147652,10,2026-07-25T20:09:36.638469+00:00,,
43,cpu,end_to_end,1,141,1,0.0069008,6.9008,6900.8,144.91073498724785,10,2026-07-25T20:09:36.638469+00:00,,
43,cpu,end_to_end,1,142,1,0.0071292,7.1292,7129.2,140.26819278460417,10,2026-07-25T20:09:36.638469+00:00,,
43,cpu,end_to_end,1,143,1,0.0068135,6.8135,6813.5,146.76744698025976,10,2026-07-25T20:09:36.638469+00:00,,
43,cpu,end_to_end,1,144,1,0.0069652,6.9652,6965.200000000001,143.57089530810313,10,2026-07-25T20:09:36.638469+00:00,,
43,cpu,end_to_end,1,145,1,0.0069873,6.9873,6987.3,143.11679761853648,10,2026-07-25T20:09:36.638469+00:00,,
43,cpu,end_to_end,1,146,1,0.0067571,6.7571,6757.1,147.99248198191532,10,2026-07-25T20:09:36.638469+00:00,,
43,cpu,end_to_end,1,147,1,0.0070325,7.0325,7032.5,142.19694276573054,10,2026-07-25T20:09:36.638469+00:00,,
43,cpu,end_to_end,1,148,1,0.0069832,6.9832,6983.2,143.20082483675105,10,2026-07-25T20:09:36.638469+00:00,,
43,cpu,end_to_end,1,149,1,0.0068314,6.8313999999999995,6831.4,146.38287905846533,10,2026-07-25T20:09:36.638469+00:00,,
43,cpu,end_to_end,1,150,1,0.006865,6.864999999999999,6865.0,145.66642388929353,10,2026-07-25T20:09:36.638469+00:00,,
43,cpu,end_to_end,1,151,1,0.0073355,7.3355,7335.5,136.32335900756595,10,2026-07-25T20:09:36.638469+00:00,,
43,cpu,end_to_end,1,152,1,0.0071306,7.1306,7130.6,140.2406529604802,10,2026-07-25T20:09:36.638469+00:00,,
43,cpu,end_to_end,1,153,1,0.0066687,6.668699999999999,6668.7,149.9542639494954,10,2026-07-25T20:09:36.638469+00:00,,
43,cpu,end_to_end,1,154,1,0.0067176,6.7176,6717.599999999999,148.8626890556151,10,2026-07-25T20:09:36.638469+00:00,,
43,cpu,end_to_end,1,155,1,0.0069337,6.9337,6933.7,144.2231420453726,10,2026-07-25T20:09:36.638469+00:00,,
43,cpu,end_to_end,1,156,1,0.0065195,6.5195,6519.5,153.3859958585781,10,2026-07-25T20:09:36.638469+00:00,,
43,cpu,end_to_end,1,157,1,0.0067866,6.7866,6786.6,147.34918810597352,10,2026-07-25T20:09:36.638469+00:00,,
43,cpu,end_to_end,1,158,1,0.0066886,6.6886,6688.6,149.50811829082318,10,2026-07-25T20:09:36.638469+00:00,,
43,cpu,end_to_end,1,159,1,0.0072753,7.2753000000000005,7275.3,137.45137657553641,10,2026-07-25T20:09:36.638469+00:00,,
43,cpu,end_to_end,1,160,1,0.0067338,6.7338,6733.8,148.50455908996406,10,2026-07-25T20:09:36.638469+00:00,,
43,cpu,end_to_end,1,161,1,0.0066673,6.6673,6667.3,149.9857513536214,10,2026-07-25T20:09:36.638469+00:00,,
43,cpu,end_to_end,1,162,1,0.0072567,7.2566999999999995,7256.7,137.80368487053346,10,2026-07-25T20:09:36.638469+00:00,,
43,cpu,end_to_end,1,163,1,0.0081152,8.1152,8115.2,123.2255520504732,10,2026-07-25T20:09:36.638469+00:00,,
43,cpu,end_to_end,1,164,1,0.0089563,8.9563,8956.300000000001,111.65324966783157,10,2026-07-25T20:09:36.638469+00:00,,
43,cpu,end_to_end,1,165,1,0.0084223,8.4223,8422.300000000001,118.73241276135971,10,2026-07-25T20:09:36.638469+00:00,,
43,cpu,end_to_end,1,166,1,0.0076086,7.6086,7608.6,131.43022369424074,10,2026-07-25T20:09:36.638469+00:00,,
43,cpu,end_to_end,1,167,1,0.0069522,6.9522,6952.200000000001,143.83936020252582,10,2026-07-25T20:09:36.638469+00:00,,
43,cpu,end_to_end,1,168,1,0.0079656,7.965599999999999,7965.599999999999,125.53982123129457,10,2026-07-25T20:09:36.638469+00:00,,
43,cpu,end_to_end,1,169,1,0.0075898,7.589799999999999,7589.8,131.75577749084297,10,2026-07-25T20:09:36.638469+00:00,,
43,cpu,end_to_end,1,170,1,0.0078615,7.8615,7861.5,127.20218787763149,10,2026-07-25T20:09:36.638469+00:00,,
43,cpu,end_to_end,1,171,1,0.0079851,7.9851,7985.1,125.23324692239295,10,2026-07-25T20:09:36.638469+00:00,,
43,cpu,end_to_end,1,172,1,0.0080954,8.095400000000001,8095.400000000001,123.52694122588134,10,2026-07-25T20:09:36.638469+00:00,,
43,cpu,end_to_end,1,173,1,0.00709,7.09,7090.0,141.04372355430183,10,2026-07-25T20:09:36.638469+00:00,,
43,cpu,end_to_end,1,174,1,0.0079787,7.9787,7978.7,125.3337009788562,10,2026-07-25T20:09:36.638469+00:00,,
43,cpu,end_to_end,1,175,1,0.0072417,7.2417,7241.7,138.08912271980336,10,2026-07-25T20:09:36.638469+00:00,,
43,cpu,end_to_end,1,176,1,0.0086132,8.613199999999999,8613.199999999999,116.1008684344959,10,2026-07-25T20:09:36.638469+00:00,,
43,cpu,end_to_end,1,177,1,0.0073773,7.3773,7377.3,135.55094682336357,10,2026-07-25T20:09:36.638469+00:00,,
43,cpu,end_to_end,1,178,1,0.0083095,8.3095,8309.5,120.34418436729047,10,2026-07-25T20:09:36.638469+00:00,,
43,cpu,end_to_end,1,179,1,0.0091585,9.1585,9158.5,109.1881858382923,10,2026-07-25T20:09:36.638469+00:00,,
43,cpu,end_to_end,1,180,1,0.0096486,9.6486,9648.6,103.6419791472338,10,2026-07-25T20:09:36.638469+00:00,,
43,cpu,end_to_end,1,181,1,0.0083693,8.369299999999999,8369.3,119.48430573644153,10,2026-07-25T20:09:36.638469+00:00,,
43,cpu,end_to_end,1,182,1,0.0087403,8.7403,8740.3,114.41254876834891,10,2026-07-25T20:09:36.638469+00:00,,
43,cpu,end_to_end,1,183,1,0.0070188,7.018800000000001,7018.8,142.47449706502536,10,2026-07-25T20:09:36.638469+00:00,,
43,cpu,end_to_end,1,184,1,0.0083421,8.3421,8342.1,119.87389266491651,10,2026-07-25T20:09:36.638469+00:00,,
43,cpu,end_to_end,1,185,1,0.0081233,8.1233,8123.3,123.10267994534242,10,2026-07-25T20:09:36.638469+00:00,,
43,cpu,end_to_end,1,186,1,0.0082962,8.2962,8296.2,120.53711337720884,10,2026-07-25T20:09:36.638469+00:00,,
43,cpu,end_to_end,1,187,1,0.0073347,7.334700000000001,7334.700000000001,136.33822787571407,10,2026-07-25T20:09:36.638469+00:00,,
43,cpu,end_to_end,1,188,1,0.0084942,8.494200000000001,8494.2,117.72739045466318,10,2026-07-25T20:09:36.638469+00:00,,
43,cpu,end_to_end,1,189,1,0.0077257,7.725700000000001,7725.700000000001,129.43810916810128,10,2026-07-25T20:09:36.638469+00:00,,
43,cpu,end_to_end,1,190,1,0.0068589,6.8589,6858.900000000001,145.79597311522255,10,2026-07-25T20:09:36.638469+00:00,,
43,cpu,end_to_end,1,191,1,0.0067644,6.7644,6764.400000000001,147.83277156880138,10,2026-07-25T20:09:36.638469+00:00,,
43,cpu,end_to_end,1,192,1,0.0072543,7.2543,7254.3,137.8492756020567,10,2026-07-25T20:09:36.638469+00:00,,
43,cpu,end_to_end,1,193,1,0.0062625,6.2625,6262.5,159.6806387225549,10,2026-07-25T20:09:36.638469+00:00,,
43,cpu,end_to_end,1,194,1,0.0075419,7.5419,7541.9,132.5925827709198,10,2026-07-25T20:09:36.638469+00:00,,
43,cpu,end_to_end,1,195,1,0.006699,6.699,6699.0,149.27601134497687,10,2026-07-25T20:09:36.638469+00:00,,
43,cpu,end_to_end,1,196,1,0.0068362,6.8362,6836.2,146.2800971299845,10,2026-07-25T20:09:36.638469+00:00,,
43,cpu,end_to_end,1,197,1,0.0067088,6.7088,6708.8,149.05795373241116,10,2026-07-25T20:09:36.638469+00:00,,
43,cpu,end_to_end,1,198,1,0.0068773,6.8773,6877.3,145.4059005714452,10,2026-07-25T20:09:36.638469+00:00,,
43,cpu,end_to_end,1,199,1,0.0076565,7.6565,7656.5,130.60798014758703,10,2026-07-25T20:09:36.638469+00:00,,
43,cpu,end_to_end,1,200,1,0.0067645,6.7645,6764.5,147.83058614827408,10,2026-07-25T20:09:36.638469+00:00,,
43,cpu,end_to_end,1,201,1,0.0071922,7.192200000000001,7192.2,139.03951503017157,10,2026-07-25T20:09:36.638469+00:00,,
43,cpu,end_to_end,1,202,1,0.0066684,6.6684,6668.4,149.9610101373643,10,2026-07-25T20:09:36.638469+00:00,,
43,cpu,end_to_end,1,203,1,0.0068039,6.8039,6803.9,146.97452931406988,10,2026-07-25T20:09:36.638469+00:00,,
43,cpu,end_to_end,1,204,1,0.0063955,6.3955,6395.5,156.35994058322257,10,2026-07-25T20:09:36.638469+00:00,,
43,cpu,end_to_end,1,205,1,0.0069187,6.918699999999999,6918.7,144.53582320378106,10,2026-07-25T20:09:36.638469+00:00,,
43,cpu,end_to_end,1,206,1,0.0071367,7.1367,7136.7,140.1207841159079,10,2026-07-25T20:09:36.638469+00:00,,
43,cpu,end_to_end,1,207,1,0.0067556,6.755599999999999,6755.599999999999,148.0253419385399,10,2026-07-25T20:09:36.638469+00:00,,
43,cpu,end_to_end,1,208,1,0.0071098,7.1098,7109.8,140.65093251568257,10,2026-07-25T20:09:36.638469+00:00,,
43,cpu,end_to_end,1,209,1,0.0066357,6.6357,6635.7,150.70000150700002,10,2026-07-25T20:09:36.638469+00:00,,
43,cpu,end_to_end,1,210,1,0.0075411,7.5411,7541.1,132.60664889737572,10,2026-07-25T20:09:36.638469+00:00,,
43,cpu,end_to_end,1,211,1,0.0062498,6.2498,6249.8,160.00512016384525,10,2026-07-25T20:09:36.638469+00:00,,
43,cpu,end_to_end,1,212,1,0.006318,6.318,6318.0,158.27793605571384,10,2026-07-25T20:09:36.638469+00:00,,
43,cpu,end_to_end,1,213,1,0.0062175,6.2175,6217.5,160.83634901487736,10,2026-07-25T20:09:36.638469+00:00,,
43,cpu,end_to_end,1,214,1,0.0063461,6.346100000000001,6346.1,157.57709459352986,10,2026-07-25T20:09:36.638469+00:00,,
43,cpu,end_to_end,1,215,1,0.0071902,7.1902,7190.2,139.07818975828212,10,2026-07-25T20:09:36.638469+00:00,,
43,cpu,end_to_end,1,216,1,0.0067834,6.7834,6783.400000000001,147.41869858772887,10,2026-07-25T20:09:36.638469+00:00,,
43,cpu,end_to_end,1,217,1,0.0070072,7.0072,7007.2,142.7103550633634,10,2026-07-25T20:09:36.638469+00:00,,
43,cpu,end_to_end,1,218,1,0.0064938,6.4938,6493.8,153.99303951461394,10,2026-07-25T20:09:36.638469+00:00,,
43,cpu,end_to_end,1,219,1,0.0065608,6.5608,6560.8,152.42043653213022,10,2026-07-25T20:09:36.638469+00:00,,
43,cpu,end_to_end,1,220,1,0.0077071,7.7071,7707.099999999999,129.75048980809902,10,2026-07-25T20:09:36.638469+00:00,,
43,cpu,end_to_end,1,221,1,0.0065278,6.5278,6527.8,153.19096786053493,10,2026-07-25T20:09:36.638469+00:00,,
43,cpu,end_to_end,1,222,1,0.0070099,7.0099,7009.900000000001,142.65538738070444,10,2026-07-25T20:09:36.638469+00:00,,
43,cpu,end_to_end,1,223,1,0.0066564,6.6564,6656.4,150.23135628868457,10,2026-07-25T20:09:36.638469+00:00,,
43,cpu,end_to_end,1,224,1,0.0072038,7.2038,7203.8,138.81562508675978,10,2026-07-25T20:09:36.638469+00:00,,
43,cpu,end_to_end,1,225,1,0.0072195,7.2195,7219.5,138.51374748943832,10,2026-07-25T20:09:36.638469+00:00,,
43,cpu,end_to_end,1,226,1,0.006861,6.861,6861.0,145.75134819997086,10,2026-07-25T20:09:36.638469+00:00,,
43,cpu,end_to_end,1,227,1,0.0078169,7.8168999999999995,7816.9,127.92795097800919,10,2026-07-25T20:09:36.638469+00:00,,
43,cpu,end_to_end,1,228,1,0.006275,6.275,6275.0,159.3625498007968,10,2026-07-25T20:09:36.638469+00:00,,
43,cpu,end_to_end,1,229,1,0.007459,7.4590000000000005,7459.0,134.0662287169862,10,2026-07-25T20:09:36.638469+00:00,,
43,cpu,end_to_end,1,230,1,0.0068773,6.8773,6877.3,145.4059005714452,10,2026-07-25T20:09:36.638469+00:00,,
43,cpu,end_to_end,1,231,1,0.007523,7.523000000000001,7523.0,132.92569453675395,10,2026-07-25T20:09:36.638469+00:00,,
43,cpu,end_to_end,1,232,1,0.0066077,6.6077,6607.7,151.33858982701997,10,2026-07-25T20:09:36.638469+00:00,,
43,cpu,end_to_end,1,233,1,0.0066024,6.602399999999999,6602.4,151.46007512419726,10,2026-07-25T20:09:36.638469+00:00,,
43,cpu,end_to_end,1,234,1,0.0065698,6.5698,6569.8,152.2116350573838,10,2026-07-25T20:09:36.638469+00:00,,
43,cpu,end_to_end,1,235,1,0.0066026,6.6026,6602.6,151.45548723230243,10,2026-07-25T20:09:36.638469+00:00,,
43,cpu,end_to_end,1,236,1,0.0068137,6.8137,6813.7,146.76313897001629,10,2026-07-25T20:09:36.638469+00:00,,
43,cpu,end_to_end,1,237,1,0.0063512,6.3512,6351.200000000001,157.45056052399545,10,2026-07-25T20:09:36.638469+00:00,,
43,cpu,end_to_end,1,238,1,0.0065112,6.5112,6511.2,153.58152107138469,10,2026-07-25T20:09:36.638469+00:00,,
43,cpu,end_to_end,1,239,1,0.0066221,6.6221,6622.099999999999,151.0094984974555,10,2026-07-25T20:09:36.638469+00:00,,
43,cpu,end_to_end,1,240,1,0.0070606,7.0606,7060.6,141.63102285924708,10,2026-07-25T20:09:36.638469+00:00,,
43,cpu,end_to_end,1,241,1,0.0068124,6.812399999999999,6812.4,146.79114555809994,10,2026-07-25T20:09:36.638469+00:00,,
43,cpu,end_to_end,1,242,1,0.0066652,6.6652,6665.2,150.03300726159756,10,2026-07-25T20:09:36.638469+00:00,,
43,cpu,end_to_end,1,243,1,0.0068121,6.8121,6812.099999999999,146.79761013490702,10,2026-07-25T20:09:36.638469+00:00,,
43,cpu,end_to_end,1,244,1,0.0066345,6.6345,6634.5,150.72725902479465,10,2026-07-25T20:09:36.638469+00:00,,
43,cpu,end_to_end,1,245,1,0.007198,7.198,7198.0,138.9274798555154,10,2026-07-25T20:09:36.638469+00:00,,
43,cpu,end_to_end,1,246,1,0.0066616,6.6616,6661.6,150.11408670589648,10,2026-07-25T20:09:36.638469+00:00,,
43,cpu,end_to_end,1,247,1,0.0069038,6.9037999999999995,6903.8,144.84776499898607,10,2026-07-25T20:09:36.638469+00:00,,
43,cpu,end_to_end,1,248,1,0.0068765,6.8765,6876.5,145.4228168399622,10,2026-07-25T20:09:36.638469+00:00,,
43,cpu,end_to_end,1,249,1,0.0066473,6.6473,6647.3,150.43701954176885,10,2026-07-25T20:09:36.638469+00:00,,
43,cpu,end_to_end,1,250,1,0.0070444,7.0444,7044.400000000001,141.9567315882119,10,2026-07-25T20:09:36.638469+00:00,,
43,cpu,end_to_end,1,251,1,0.0063106,6.3106,6310.6,158.46353754001203,10,2026-07-25T20:09:36.638469+00:00,,
43,cpu,end_to_end,1,252,1,0.0067379,6.7379,6737.9,148.41419433354608,10,2026-07-25T20:09:36.638469+00:00,,
43,cpu,end_to_end,1,253,1,0.0068563,6.8563,6856.3,145.85126088415035,10,2026-07-25T20:09:36.638469+00:00,,
43,cpu,end_to_end,1,254,1,0.0067458,6.7458,6745.799999999999,148.24038661092828,10,2026-07-25T20:09:36.638469+00:00,,
43,cpu,end_to_end,1,255,1,0.0075513,7.5513,7551.3,132.42752903473573,10,2026-07-25T20:09:36.638469+00:00,,
43,cpu,end_to_end,1,256,1,0.006389,6.388999999999999,6389.0,156.51901706057288,10,2026-07-25T20:09:36.638469+00:00,,
43,cpu,end_to_end,1,257,1,0.006825,6.825,6825.0,146.5201465201465,10,2026-07-25T20:09:36.638469+00:00,,
43,cpu,end_to_end,1,258,1,0.0066808,6.6808,6680.8,149.68267273380434,10,2026-07-25T20:09:36.638469+00:00,,
43,cpu,end_to_end,1,259,1,0.0069926,6.9925999999999995,6992.599999999999,143.00832308440351,10,2026-07-25T20:09:36.638469+00:00,,
43,cpu,end_to_end,1,260,1,0.0072467,7.2467,7246.7,137.99384547449185,10,2026-07-25T20:09:36.638469+00:00,,
43,cpu,end_to_end,1,261,1,0.0076594,7.659400000000001,7659.400000000001,130.55852938872496,10,2026-07-25T20:09:36.638469+00:00,,
43,cpu,end_to_end,1,262,1,0.0066112,6.6112,6611.2,151.25847047434655,10,2026-07-25T20:09:36.638469+00:00,,
43,cpu,end_to_end,1,263,1,0.0075165,7.5165,7516.5,133.04064391671656,10,2026-07-25T20:09:36.638469+00:00,,
43,cpu,end_to_end,1,264,1,0.0067535,6.7535,6753.5,148.07137040053306,10,2026-07-25T20:09:36.638469+00:00,,
43,cpu,end_to_end,1,265,1,0.0065442,6.5442,6544.2,152.80706579872253,10,2026-07-25T20:09:36.638469+00:00,,
43,cpu,end_to_end,1,266,1,0.0065963,6.5963,6596.3,151.60013947212832,10,2026-07-25T20:09:36.638469+00:00,,
43,cpu,end_to_end,1,267,1,0.0070161,7.0161,7016.1,142.52932540870285,10,2026-07-25T20:09:36.638469+00:00,,
43,cpu,end_to_end,1,268,1,0.0065595,6.5595,6559.5,152.45064410397134,10,2026-07-25T20:09:36.638469+00:00,,
43,cpu,end_to_end,1,269,1,0.0073274,7.327400000000001,7327.400000000001,136.4740562819008,10,2026-07-25T20:09:36.638469+00:00,,
43,cpu,end_to_end,1,270,1,0.006678,6.678,6678.0,149.7454327643007,10,2026-07-25T20:09:36.638469+00:00,,
43,cpu,end_to_end,1,271,1,0.0073416,7.341600000000001,7341.6,136.21009044350006,10,2026-07-25T20:09:36.638469+00:00,,
43,cpu,end_to_end,1,272,1,0.0069805,6.9805,6980.5,143.2562137382709,10,2026-07-25T20:09:36.638469+00:00,,
43,cpu,end_to_end,1,273,1,0.0072563,7.2563,7256.3,137.81128123148162,10,2026-07-25T20:09:36.638469+00:00,,
43,cpu,end_to_end,1,274,1,0.0071021,7.1021,7102.1,140.80342433927993,10,2026-07-25T20:09:36.638469+00:00,,
43,cpu,end_to_end,1,275,1,0.006863,6.863,6863.0,145.70887367040652,10,2026-07-25T20:09:36.638469+00:00,,
43,cpu,end_to_end,1,276,1,0.0070456,7.0456,7045.6,141.93255365050527,10,2026-07-25T20:09:36.638469+00:00,,
43,cpu,end_to_end,1,277,1,0.006765,6.765000000000001,6765.0,147.81966001478196,10,2026-07-25T20:09:36.638469+00:00,,
43,cpu,end_to_end,1,278,1,0.0076237,7.6236999999999995,7623.7,131.16990437713972,10,2026-07-25T20:09:36.638469+00:00,,
43,cpu,end_to_end,1,279,1,0.0066139,6.6139,6613.9,151.19672205506586,10,2026-07-25T20:09:36.638469+00:00,,
43,cpu,end_to_end,1,280,1,0.0077682,7.7682,7768.200000000001,128.7299503102392,10,2026-07-25T20:09:36.638469+00:00,,
43,cpu,end_to_end,1,281,1,0.0066397,6.6397,6639.7,150.60921427172914,10,2026-07-25T20:09:36.638469+00:00,,
43,cpu,end_to_end,1,282,1,0.0065072,6.5072,6507.200000000001,153.67592820260634,10,2026-07-25T20:09:36.638469+00:00,,
43,cpu,end_to_end,1,283,1,0.0063963,6.3963,6396.3,156.34038428466457,10,2026-07-25T20:09:36.638469+00:00,,
43,cpu,end_to_end,1,284,1,0.0061151,6.1151,6115.1,163.52962339127734,10,2026-07-25T20:09:36.638469+00:00,,
43,cpu,end_to_end,1,285,1,0.006641,6.641,6641.0,150.57973196807708,10,2026-07-25T20:09:36.638469+00:00,,
43,cpu,end_to_end,1,286,1,0.0063026,6.3026,6302.6,158.6646780693682,10,2026-07-25T20:09:36.638469+00:00,,
43,cpu,end_to_end,1,287,1,0.0069368,6.9368,6936.8,144.1586898858263,10,2026-07-25T20:09:36.638469+00:00,,
43,cpu,end_to_end,1,288,1,0.0069991,6.9991,6999.1,142.87551256590132,10,2026-07-25T20:09:36.638469+00:00,,
43,cpu,end_to_end,1,289,1,0.006984,6.984,6984.0,143.184421534937,10,2026-07-25T20:09:36.638469+00:00,,
43,cpu,end_to_end,1,290,1,0.0071896,7.1895999999999995,7189.6,139.0897963725381,10,2026-07-25T20:09:36.638469+00:00,,
43,cpu,end_to_end,1,291,1,0.0068085,6.8085,6808.5,146.87522949254608,10,2026-07-25T20:09:36.638469+00:00,,
43,cpu,end_to_end,1,292,1,0.0073326,7.3326,7332.599999999999,136.37727409104548,10,2026-07-25T20:09:36.638469+00:00,,
43,cpu,end_to_end,1,293,1,0.0067302,6.730200000000001,6730.200000000001,148.583994532109,10,2026-07-25T20:09:36.638469+00:00,,
43,cpu,end_to_end,1,294,1,0.007219,7.218999999999999,7219.0,138.52334118298933,10,2026-07-25T20:09:36.638469+00:00,,
43,cpu,end_to_end,1,295,1,0.0065052,6.5052,6505.2,153.7231753059091,10,2026-07-25T20:09:36.638469+00:00,,
43,cpu,end_to_end,1,296,1,0.0065041,6.504099999999999,6504.099999999999,153.74917359819193,10,2026-07-25T20:09:36.638469+00:00,,
43,cpu,end_to_end,1,297,1,0.0066092,6.6092,6609.2,151.3042425709617,10,2026-07-25T20:09:36.638469+00:00,,
43,cpu,end_to_end,1,298,1,0.0066545,6.6545,6654.5,150.2742505071756,10,2026-07-25T20:09:36.638469+00:00,,
43,cpu,end_to_end,1,299,1,0.0069449,6.9449000000000005,6944.900000000001,143.99055421964317,10,2026-07-25T20:09:36.638469+00:00,,
43,cpu,end_to_end,1,300,1,0.0064384,6.438400000000001,6438.400000000001,155.31809145129225,10,2026-07-25T20:09:36.638469+00:00,,
43,cpu,end_to_end,1,301,1,0.0072538,7.2538,7253.8,137.8587774683614,10,2026-07-25T20:09:36.638469+00:00,,
43,cpu,end_to_end,1,302,1,0.006637,6.637,6637.0,150.67048365225253,10,2026-07-25T20:09:36.638469+00:00,,
43,cpu,end_to_end,1,303,1,0.0066631,6.6631,6663.1,150.08029295673185,10,2026-07-25T20:09:36.638469+00:00,,
43,cpu,end_to_end,1,304,1,0.0069263,6.9262999999999995,6926.3,144.37722882346998,10,2026-07-25T20:09:36.638469+00:00,,
43,cpu,end_to_end,1,305,1,0.0063609,6.3609,6360.9,157.2104576396422,10,2026-07-25T20:09:36.638469+00:00,,
43,cpu,end_to_end,1,306,1,0.0065205,6.5205,6520.5,153.3624722030519,10,2026-07-25T20:09:36.638469+00:00,,
43,cpu,end_to_end,1,307,1,0.0065333,6.5333,6533.299999999999,153.062005418395,10,2026-07-25T20:09:36.638469+00:00,,
43,cpu,end_to_end,1,308,1,0.0063566,6.356599999999999,6356.599999999999,157.31680458106536,10,2026-07-25T20:09:36.638469+00:00,,
43,cpu,end_to_end,1,309,1,0.007076,7.076,7076.0,141.32278123233465,10,2026-07-25T20:09:36.638469+00:00,,
43,cpu,end_to_end,1,310,1,0.0065815,6.581499999999999,6581.5,151.94104687381298,10,2026-07-25T20:09:36.638469+00:00,,
43,cpu,end_to_end,1,311,1,0.0070422,7.0422,7042.2,142.001079208202,10,2026-07-25T20:09:36.638469+00:00,,
43,cpu,end_to_end,1,312,1,0.0066607,6.6607,6660.700000000001,150.13437026138394,10,2026-07-25T20:09:36.638469+00:00,,
43,cpu,end_to_end,1,313,1,0.0075556,7.5556,7555.6,132.35216263433745,10,2026-07-25T20:09:36.638469+00:00,,
43,cpu,end_to_end,1,314,1,0.0065366,6.5366,6536.6,152.98473212373406,10,2026-07-25T20:09:36.638469+00:00,,
43,cpu,end_to_end,1,315,1,0.0068305,6.8305,6830.5,146.40216675206793,10,2026-07-25T20:09:36.638469+00:00,,
43,cpu,end_to_end,1,316,1,0.0067777,6.7777,6777.7,147.54267671924103,10,2026-07-25T20:09:36.638469+00:00,,
43,cpu,end_to_end,1,317,1,0.0067779,6.7779,6777.9,147.53832307941988,10,2026-07-25T20:09:36.638469+00:00,,
43,cpu,end_to_end,1,318,1,0.0069089,6.9089,6908.9,144.7408415232526,10,2026-07-25T20:09:36.638469+00:00,,
43,cpu,end_to_end,1,319,1,0.0061709,6.1709,6170.9,162.05091639793224,10,2026-07-25T20:09:36.638469+00:00,,
43,cpu,end_to_end,1,320,1,0.0063495,6.3495,6349.5,157.49271596188677,10,2026-07-25T20:09:36.638469+00:00,,
43,cpu,end_to_end,1,321,1,0.006585,6.585,6585.0,151.86028853454823,10,2026-07-25T20:09:36.638469+00:00,,
43,cpu,end_to_end,1,322,1,0.00663,6.63,6630.0,150.82956259426848,10,2026-07-25T20:09:36.638469+00:00,,
43,cpu,end_to_end,1,323,1,0.0070555,7.0555,7055.5,141.73339947558642,10,2026-07-25T20:09:36.638469+00:00,,
43,cpu,end_to_end,1,324,1,0.0067312,6.731199999999999,6731.2,148.56192060850964,10,2026-07-25T20:09:36.638469+00:00,,
43,cpu,end_to_end,1,325,1,0.0083373,8.3373,8337.300000000001,119.94290717618412,10,2026-07-25T20:09:36.638469+00:00,,
43,cpu,end_to_end,1,326,1,0.0072833,7.2833000000000006,7283.3,137.30039954416267,10,2026-07-25T20:09:36.638469+00:00,,
43,cpu,end_to_end,1,327,1,0.0069162,6.9162,6916.2,144.58806859257973,10,2026-07-25T20:09:36.638469+00:00,,
43,cpu,end_to_end,1,328,1,0.0068438,6.8438,6843.799999999999,146.11765393494844,10,2026-07-25T20:09:36.638469+00:00,,
43,cpu,end_to_end,1,329,1,0.0070407,7.0407,7040.700000000001,142.03133211186386,10,2026-07-25T20:09:36.638469+00:00,,
43,cpu,end_to_end,1,330,1,0.0070523,7.0523,7052.3,141.79771138493825,10,2026-07-25T20:09:36.638469+00:00,,
43,cpu,end_to_end,1,331,1,0.0065282,6.5282,6528.2,153.18158144664687,10,2026-07-25T20:09:36.638469+00:00,,
43,cpu,end_to_end,1,332,1,0.0069639,6.963900000000001,6963.900000000001,143.59769669294505,10,2026-07-25T20:09:36.638469+00:00,,
43,cpu,end_to_end,1,333,1,0.0066902,6.6902,6690.200000000001,149.47236256016262,10,2026-07-25T20:09:36.638469+00:00,,
43,cpu,end_to_end,1,334,1,0.0067858,6.7858,6785.8,147.36655958030005,10,2026-07-25T20:09:36.638469+00:00,,
43,cpu,end_to_end,1,335,1,0.0065504,6.5504,6550.4,152.66243282852957,10,2026-07-25T20:09:36.638469+00:00,,
43,cpu,end_to_end,1,336,1,0.0067179,6.717899999999999,6717.9,148.85604132243708,10,2026-07-25T20:09:36.638469+00:00,,
43,cpu,end_to_end,1,337,1,0.0071416,7.1415999999999995,7141.599999999999,140.0246443374034,10,2026-07-25T20:09:36.638469+00:00,,
43,cpu,end_to_end,1,338,1,0.0078602,7.8602,7860.2,127.22322587211522,10,2026-07-25T20:09:36.638469+00:00,,
43,cpu,end_to_end,1,339,1,0.0073476,7.3476,7347.6,136.0988622135119,10,2026-07-25T20:09:36.638469+00:00,,
43,cpu,end_to_end,1,340,1,0.0068838,6.8838,6883.8,145.26860164444057,10,2026-07-25T20:09:36.638469+00:00,,
43,cpu,end_to_end,1,341,1,0.0071302,7.130199999999999,7130.2,140.24852037811002,10,2026-07-25T20:09:36.638469+00:00,,
43,cpu,end_to_end,1,342,1,0.0066051,6.6051,6605.1,151.398162026313,10,2026-07-25T20:09:36.638469+00:00,,
43,cpu,end_to_end,1,343,1,0.0062435,6.2435,6243.5,160.16657323616562,10,2026-07-25T20:09:36.638469+00:00,,
43,cpu,end_to_end,1,344,1,0.006997,6.997,6997.0,142.91839359725597,10,2026-07-25T20:09:36.638469+00:00,,
43,cpu,end_to_end,1,345,1,0.0066776,6.6776,6677.599999999999,149.75440277944173,10,2026-07-25T20:09:36.638469+00:00,,
43,cpu,end_to_end,1,346,1,0.0073454,7.345400000000001,7345.400000000001,136.13962479919405,10,2026-07-25T20:09:36.638469+00:00,,
43,cpu,end_to_end,1,347,1,0.0077541,7.7541,7754.099999999999,128.9640319314943,10,2026-07-25T20:09:36.638469+00:00,,
43,cpu,end_to_end,1,348,1,0.007112,7.112,7112.0,140.607424071991,10,2026-07-25T20:09:36.638469+00:00,,
43,cpu,end_to_end,1,349,1,0.0067861,6.786099999999999,6786.099999999999,147.3600447974536,10,2026-07-25T20:09:36.638469+00:00,,
43,cpu,end_to_end,1,350,1,0.0068307,6.8307,6830.700000000001,146.3978801586953,10,2026-07-25T20:09:36.638469+00:00,,
43,cpu,end_to_end,1,351,1,0.0067321,6.7321,6732.1,148.5420596841996,10,2026-07-25T20:09:36.638469+00:00,,
43,cpu,end_to_end,1,352,1,0.0065133,6.513299999999999,6513.299999999999,153.5320037461809,10,2026-07-25T20:09:36.638469+00:00,,
43,cpu,end_to_end,1,353,1,0.0071282,7.1282000000000005,7128.200000000001,140.28787071069834,10,2026-07-25T20:09:36.638469+00:00,,
43,cpu,end_to_end,1,354,1,0.00649,6.49,6490.0,154.08320493066256,10,2026-07-25T20:09:36.638469+00:00,,
43,cpu,end_to_end,1,355,1,0.0065854,6.5854,6585.4,151.85106447596198,10,2026-07-25T20:09:36.638469+00:00,,
43,cpu,end_to_end,1,356,1,0.006509,6.509,6509.0,153.63343063450606,10,2026-07-25T20:09:36.638469+00:00,,
43,cpu,end_to_end,1,357,1,0.0064724,6.4723999999999995,6472.4,154.50219393115384,10,2026-07-25T20:09:36.638469+00:00,,
43,cpu,end_to_end,1,358,1,0.0074151,7.4151,7415.1,134.85994794406008,10,2026-07-25T20:09:36.638469+00:00,,
43,cpu,end_to_end,1,359,1,0.0064963,6.4963,6496.3,153.93377768883826,10,2026-07-25T20:09:36.638469+00:00,,
43,cpu,end_to_end,1,360,1,0.0066044,6.6044,6604.4,151.41420870934527,10,2026-07-25T20:09:36.638469+00:00,,
43,cpu,end_to_end,1,361,1,0.0066355,6.6354999999999995,6635.5,150.70454374199383,10,2026-07-25T20:09:36.638469+00:00,,
43,cpu,end_to_end,1,362,1,0.0069826,6.982600000000001,6982.6,143.2131297797382,10,2026-07-25T20:09:36.638469+00:00,,
43,cpu,end_to_end,1,363,1,0.0068785,6.8785,6878.5,145.38053354655813,10,2026-07-25T20:09:36.638469+00:00,,
43,cpu,end_to_end,1,364,1,0.0067618,6.7618,6761.8,147.88961519122128,10,2026-07-25T20:09:36.638469+00:00,,
43,cpu,end_to_end,1,365,1,0.0072145,7.2145,7214.5,138.60974426502182,10,2026-07-25T20:09:36.638469+00:00,,
43,cpu,end_to_end,1,366,1,0.0061627,6.1627,6162.7,162.2665390169893,10,2026-07-25T20:09:36.638469+00:00,,
43,cpu,end_to_end,1,367,1,0.0067834,6.7834,6783.400000000001,147.41869858772887,10,2026-07-25T20:09:36.638469+00:00,,
43,cpu,end_to_end,1,368,1,0.0067361,6.7361,6736.1,148.45385311975772,10,2026-07-25T20:09:36.638469+00:00,,
43,cpu,end_to_end,1,369,1,0.0070288,7.0288,7028.8,142.2717960391532,10,2026-07-25T20:09:36.638469+00:00,,
43,cpu,end_to_end,1,370,1,0.0066977,6.6977,6697.7,149.30498529345894,10,2026-07-25T20:09:36.638469+00:00,,
43,cpu,end_to_end,1,371,1,0.0068054,6.8054,6805.4,146.94213418755695,10,2026-07-25T20:09:36.638469+00:00,,
43,cpu,end_to_end,1,372,1,0.0077821,7.7821,7782.1,128.5000192750029,10,2026-07-25T20:09:36.638469+00:00,,
43,cpu,end_to_end,1,373,1,0.0064677,6.4677,6467.7,154.61446882199238,10,2026-07-25T20:09:36.638469+00:00,,
43,cpu,end_to_end,1,374,1,0.0069799,6.9799,6979.9,143.26852820240978,10,2026-07-25T20:09:36.638469+00:00,,
43,cpu,end_to_end,1,375,1,0.006532,6.532,6532.0,153.09246785058176,10,2026-07-25T20:09:36.638469+00:00,,
43,cpu,end_to_end,1,376,1,0.0074464,7.4464,7446.4,134.29308122045552,10,2026-07-25T20:09:36.638469+00:00,,
43,cpu,end_to_end,1,377,1,0.0067836,6.7836,6783.599999999999,147.41435226133618,10,2026-07-25T20:09:36.638469+00:00,,
43,cpu,end_to_end,1,378,1,0.0070208,7.0207999999999995,7020.8,142.43391066545124,10,2026-07-25T20:09:36.638469+00:00,,
43,cpu,end_to_end,1,379,1,0.0069987,6.9987,6998.7,142.88367839741667,10,2026-07-25T20:09:36.638469+00:00,,
43,cpu,end_to_end,1,380,1,0.0066282,6.6282,6628.2,150.87052291723242,10,2026-07-25T20:09:36.638469+00:00,,
43,cpu,end_to_end,1,381,1,0.006858,6.8580000000000005,6858.0,145.8151064450277,10,2026-07-25T20:09:36.638469+00:00,,
43,cpu,end_to_end,1,382,1,0.0067341,6.7341,6734.099999999999,148.49794330348524,10,2026-07-25T20:09:36.638469+00:00,,
43,cpu,end_to_end,1,383,1,0.0069752,6.9752,6975.2,143.36506480100928,10,2026-07-25T20:09:36.638469+00:00,,
43,cpu,end_to_end,1,384,1,0.0067684,6.7684,6768.4,147.74540511790084,10,2026-07-25T20:09:36.638469+00:00,,
43,cpu,end_to_end,1,385,1,0.0069255,6.9255,6925.5,144.39390657714245,10,2026-07-25T20:09:36.638469+00:00,,
43,cpu,end_to_end,1,386,1,0.0067171,6.7171,6717.1,148.87376993047596,10,2026-07-25T20:09:36.638469+00:00,,
43,cpu,end_to_end,1,387,1,0.0066577,6.6577,6657.7,150.20202171921235,10,2026-07-25T20:09:36.638469+00:00,,
43,cpu,end_to_end,1,388,1,0.0075956,7.5956,7595.6,131.65516878192636,10,2026-07-25T20:09:36.638469+00:00,,
43,cpu,end_to_end,1,389,1,0.0064204,6.4204,6420.4,155.75353560525824,10,2026-07-25T20:09:36.638469+00:00,,
43,cpu,end_to_end,1,390,1,0.0065869,6.5869,6586.9,151.81648423385812,10,2026-07-25T20:09:36.638469+00:00,,
43,cpu,end_to_end,1,391,1,0.0062893,6.2893,6289.3,159.0002067002687,10,2026-07-25T20:09:36.638469+00:00,,
43,cpu,end_to_end,1,392,1,0.0067461,6.746099999999999,6746.099999999999,148.23379434043375,10,2026-07-25T20:09:36.638469+00:00,,
43,cpu,end_to_end,1,393,1,0.0071109,7.1109,7110.9,140.6291749286307,10,2026-07-25T20:09:36.638469+00:00,,
43,cpu,end_to_end,1,394,1,0.0066326,6.6326,6632.599999999999,150.77043693272623,10,2026-07-25T20:09:36.638469+00:00,,
43,cpu,end_to_end,1,395,1,0.0068717,6.8717,6871.7,145.52439716518475,10,2026-07-25T20:09:36.638469+00:00,,
43,cpu,end_to_end,1,396,1,0.0067003,6.7003,6700.3,149.24704863961315,10,2026-07-25T20:09:36.638469+00:00,,
43,cpu,end_to_end,1,397,1,0.007341,7.341,7341.0,136.22122326658493,10,2026-07-25T20:09:36.638469+00:00,,
43,cpu,end_to_end,1,398,1,0.0063645,6.3645000000000005,6364.5,157.121533506167,10,2026-07-25T20:09:36.638469+00:00,,
43,cpu,end_to_end,1,399,1,0.0071898,7.1898,7189.799999999999,139.08592728587723,10,2026-07-25T20:09:36.638469+00:00,,
43,cpu,end_to_end,1,400,1,0.0070377,7.0377,7037.7,142.09187660741435,10,2026-07-25T20:09:36.638469+00:00,,
43,cpu,end_to_end,1,401,1,0.0062506,6.2506,6250.6,159.98464147441845,10,2026-07-25T20:09:36.638469+00:00,,
43,cpu,end_to_end,1,402,1,0.0069689,6.9689,6968.900000000001,143.49466917304022,10,2026-07-25T20:09:36.638469+00:00,,
43,cpu,end_to_end,1,403,1,0.0066759,6.6759,6675.900000000001,149.79253733578992,10,2026-07-25T20:09:36.638469+00:00,,
43,cpu,end_to_end,1,404,1,0.0069691,6.9691,6969.099999999999,143.49055114720696,10,2026-07-25T20:09:36.638469+00:00,,
43,cpu,end_to_end,1,405,1,0.0067567,6.7567,6756.7,148.00124321044296,10,2026-07-25T20:09:36.638469+00:00,,
43,cpu,end_to_end,1,406,1,0.0070576,7.0576,7057.599999999999,141.69122647925641,10,2026-07-25T20:09:36.638469+00:00,,
43,cpu,end_to_end,1,407,1,0.0067937,6.793699999999999,6793.7,147.19519554881728,10,2026-07-25T20:09:36.638469+00:00,,
43,cpu,end_to_end,1,408,1,0.0066632,6.6632,6663.2,150.07804058110216,10,2026-07-25T20:09:36.638469+00:00,,
43,cpu,end_to_end,1,409,1,0.0073076,7.3076,7307.6,136.84383381684822,10,2026-07-25T20:09:36.638469+00:00,,
43,cpu,end_to_end,1,410,1,0.0066943,6.6943,6694.3,149.38081651554307,10,2026-07-25T20:09:36.638469+00:00,,
43,cpu,end_to_end,1,411,1,0.0066026,6.6026,6602.6,151.45548723230243,10,2026-07-25T20:09:36.638469+00:00,,
43,cpu,end_to_end,1,412,1,0.0065092,6.5092,6509.2,153.62871013334973,10,2026-07-25T20:09:36.638469+00:00,,
43,cpu,end_to_end,1,413,1,0.0066196,6.6196,6619.599999999999,151.06652969967973,10,2026-07-25T20:09:36.638469+00:00,,
43,cpu,end_to_end,1,414,1,0.0065122,6.5122,6512.2,153.5579374097847,10,2026-07-25T20:09:36.638469+00:00,,
43,cpu,end_to_end,1,415,1,0.0082237,8.223700000000001,8223.7,121.59976652844826,10,2026-07-25T20:09:36.638469+00:00,,
43,cpu,end_to_end,1,416,1,0.007549,7.549,7549.0,132.46787653993906,10,2026-07-25T20:09:36.638469+00:00,,
43,cpu,end_to_end,1,417,1,0.0068624,6.8624,6862.400000000001,145.7216134297039,10,2026-07-25T20:09:36.638469+00:00,,
43,cpu,end_to_end,1,418,1,0.0068132,6.8132,6813.2,146.77390946985264,10,2026-07-25T20:09:36.638469+00:00,,
43,cpu,end_to_end,1,419,1,0.0073293,7.329300000000001,7329.3,136.43867763633634,10,2026-07-25T20:09:36.638469+00:00,,
43,cpu,end_to_end,1,420,1,0.0064949,6.4948999999999995,6494.9,153.966958690665,10,2026-07-25T20:09:36.638469+00:00,,
43,cpu,end_to_end,1,421,1,0.0074944,7.4944,7494.4,133.4329632792485,10,2026-07-25T20:09:36.638469+00:00,,
43,cpu,end_to_end,1,422,1,0.0064402,6.4402,6440.2,155.27468091053072,10,2026-07-25T20:09:36.638469+00:00,,
43,cpu,end_to_end,1,423,1,0.0070171,7.0171,7017.1,142.5090136951162,10,2026-07-25T20:09:36.638469+00:00,,
43,cpu,end_to_end,1,424,1,0.0064389,6.4389,6438.9,155.3060305331656,10,2026-07-25T20:09:36.638469+00:00,,
43,cpu,end_to_end,1,425,1,0.006285,6.285,6285.0,159.10898965791569,10,2026-07-25T20:09:36.638469+00:00,,
43,cpu,end_to_end,1,426,1,0.0075531,7.5531,7553.1,132.39596986667726,10,2026-07-25T20:09:36.638469+00:00,,
43,cpu,end_to_end,1,427,1,0.0066458,6.6458,6645.8,150.47097414908663,10,2026-07-25T20:09:36.638469+00:00,,
43,cpu,end_to_end,1,428,1,0.0082021,8.2021,8202.1,121.91999609856012,10,2026-07-25T20:09:36.638469+00:00,,
43,cpu,end_to_end,1,429,1,0.0079702,7.9702,7970.2,125.46736593811949,10,2026-07-25T20:09:36.638469+00:00,,
43,cpu,end_to_end,1,430,1,0.0072294,7.2294,7229.400000000001,138.32406562093672,10,2026-07-25T20:09:36.638469+00:00,,
43,cpu,end_to_end,1,431,1,0.006774,6.774,6774.0,147.62326542663124,10,2026-07-25T20:09:36.638469+00:00,,
43,cpu,end_to_end,1,432,1,0.0073641,7.3641000000000005,7364.1,135.79391914830055,10,2026-07-25T20:09:36.638469+00:00,,
43,cpu,end_to_end,1,433,1,0.0067631,6.7631000000000006,6763.1,147.8611879167837,10,2026-07-25T20:09:36.638469+00:00,,
43,cpu,end_to_end,1,434,1,0.0067316,6.7316,6731.6,148.55309287539367,10,2026-07-25T20:09:36.638469+00:00,,
43,cpu,end_to_end,1,435,1,0.0065335,6.5335,6533.5,153.05731996632738,10,2026-07-25T20:09:36.638469+00:00,,
43,cpu,end_to_end,1,436,1,0.0064783,6.4783,6478.3,154.36148372258154,10,2026-07-25T20:09:36.638469+00:00,,
43,cpu,end_to_end,1,437,1,0.0074092,7.4092,7409.200000000001,134.96733790422718,10,2026-07-25T20:09:36.638469+00:00,,
43,cpu,end_to_end,1,438,1,0.006596,6.596,6596.0,151.60703456640388,10,2026-07-25T20:09:36.638469+00:00,,
43,cpu,end_to_end,1,439,1,0.0066908,6.6908,6690.8,149.4589585699767,10,2026-07-25T20:09:36.638469+00:00,,
43,cpu,end_to_end,1,440,1,0.0062656,6.2656,6265.599999999999,159.60163432073546,10,2026-07-25T20:09:36.638469+00:00,,
43,cpu,end_to_end,1,441,1,0.0065775,6.5775,6577.5,152.03344735841884,10,2026-07-25T20:09:36.638469+00:00,,
43,cpu,end_to_end,1,442,1,0.0067387,6.738700000000001,6738.7,148.39657500704882,10,2026-07-25T20:09:36.638469+00:00,,
43,cpu,end_to_end,1,443,1,0.0064739,6.4739,6473.900000000001,154.46639583558596,10,2026-07-25T20:09:36.638469+00:00,,
43,cpu,end_to_end,1,444,1,0.0070333,7.0333000000000006,7033.3,142.18076862923522,10,2026-07-25T20:09:36.638469+00:00,,
43,cpu,end_to_end,1,445,1,0.0067978,6.7978,6797.799999999999,147.10641678190004,10,2026-07-25T20:09:36.638469+00:00,,
43,cpu,end_to_end,1,446,1,0.0071047,7.1047,7104.7,140.7518966318071,10,2026-07-25T20:09:36.638469+00:00,,
43,cpu,end_to_end,1,447,1,0.0066787,6.6787,6678.7,149.72973782322907,10,2026-07-25T20:09:36.638469+00:00,,
43,cpu,end_to_end,1,448,1,0.0068533,6.8533,6853.299999999999,145.91510659098537,10,2026-07-25T20:09:36.638469+00:00,,
43,cpu,end_to_end,1,449,1,0.010547,10.547,10547.0,94.8136910969944,10,2026-07-25T20:09:36.638469+00:00,,
43,cpu,end_to_end,1,450,1,0.007565,7.5649999999999995,7565.0,132.18770654329148,10,2026-07-25T20:09:36.638469+00:00,,
43,cpu,end_to_end,1,451,1,0.0069336,6.9336,6933.599999999999,144.22522210684204,10,2026-07-25T20:09:36.638469+00:00,,
43,cpu,end_to_end,1,452,1,0.0071489,7.148899999999999,7148.9,139.88166011554225,10,2026-07-25T20:09:36.638469+00:00,,
43,cpu,end_to_end,1,453,1,0.0067892,6.789199999999999,6789.2,147.29275908796325,10,2026-07-25T20:09:36.638469+00:00,,
43,cpu,end_to_end,1,454,1,0.0066145,6.6145,6614.5,151.18300703000983,10,2026-07-25T20:09:36.638469+00:00,,
43,cpu,end_to_end,1,455,1,0.0070641,7.0641,7064.1,141.56084993134297,10,2026-07-25T20:09:36.638469+00:00,,
43,cpu,end_to_end,1,456,1,0.0065619,6.5619,6561.9,152.39488562763833,10,2026-07-25T20:09:36.638469+00:00,,
43,cpu,end_to_end,1,457,1,0.0073963,7.3963,7396.3,135.20273650338683,10,2026-07-25T20:09:36.638469+00:00,,
43,cpu,end_to_end,1,458,1,0.0067031,6.7031,6703.1,149.18470558398354,10,2026-07-25T20:09:36.638469+00:00,,
43,cpu,end_to_end,1,459,1,0.0070209,7.0209,7020.9,142.43188195245622,10,2026-07-25T20:09:36.638469+00:00,,
43,cpu,end_to_end,1,460,1,0.0064872,6.4872000000000005,6487.2,154.14971019854482,10,2026-07-25T20:09:36.638469+00:00,,
43,cpu,end_to_end,1,461,1,0.0062103,6.2103,6210.3,161.02281693315942,10,2026-07-25T20:09:36.638469+00:00,,
43,cpu,end_to_end,1,462,1,0.0074101,7.4101,7410.1,134.95094533137205,10,2026-07-25T20:09:36.638469+00:00,,
43,cpu,end_to_end,1,463,1,0.0065475,6.5475,6547.5,152.73004963726612,10,2026-07-25T20:09:36.638469+00:00,,
43,cpu,end_to_end,1,464,1,0.0066659,6.6659,6665.9,150.01725198397816,10,2026-07-25T20:09:36.638469+00:00,,
43,cpu,end_to_end,1,465,1,0.0065804,6.5804,6580.400000000001,151.96644580876543,10,2026-07-25T20:09:36.638469+00:00,,
43,cpu,end_to_end,1,466,1,0.0069888,6.9887999999999995,6988.8,143.08608058608058,10,2026-07-25T20:09:36.638469+00:00,,
43,cpu,end_to_end,1,467,1,0.0066549,6.6549000000000005,6654.9,150.26521810996408,10,2026-07-25T20:09:36.638469+00:00,,
43,cpu,end_to_end,1,468,1,0.0063865,6.3865,6386.5,156.58028654192438,10,2026-07-25T20:09:36.638469+00:00,,
43,cpu,end_to_end,1,469,1,0.0070527,7.052700000000001,7052.700000000001,141.78966920470174,10,2026-07-25T20:09:36.638469+00:00,,
43,cpu,end_to_end,1,470,1,0.0064571,6.4571000000000005,6457.1,154.86828452401232,10,2026-07-25T20:09:36.638469+00:00,,
43,cpu,end_to_end,1,471,1,0.007165,7.165,7165.0,139.56734124214933,10,2026-07-25T20:09:36.638469+00:00,,
43,cpu,end_to_end,1,472,1,0.0067114,6.7114,6711.400000000001,149.00020860029204,10,2026-07-25T20:09:36.638469+00:00,,
43,cpu,end_to_end,1,473,1,0.0065799,6.579899999999999,6579.9,151.97799358652867,10,2026-07-25T20:09:36.638469+00:00,,
43,cpu,end_to_end,1,474,1,0.0066672,6.6672,6667.2,149.9880009599232,10,2026-07-25T20:09:36.638469+00:00,,
43,cpu,end_to_end,1,475,1,0.0066426,6.6426,6642.6,150.5434618974498,10,2026-07-25T20:09:36.638469+00:00,,
43,cpu,end_to_end,1,476,1,0.0067773,6.7773,6777.3,147.55138476974605,10,2026-07-25T20:09:36.638469+00:00,,
43,cpu,end_to_end,1,477,1,0.0064666,6.466600000000001,6466.6,154.640769492469,10,2026-07-25T20:09:36.638469+00:00,,
43,cpu,end_to_end,1,478,1,0.0073008,7.3008,7300.799999999999,136.97129081744467,10,2026-07-25T20:09:36.638469+00:00,,
43,cpu,end_to_end,1,479,1,0.0067791,6.7791,6779.099999999999,147.51220663509906,10,2026-07-25T20:09:36.638469+00:00,,
43,cpu,end_to_end,1,480,1,0.0065381,6.5381,6538.099999999999,152.94963368562733,10,2026-07-25T20:09:36.638469+00:00,,
43,cpu,end_to_end,1,481,1,0.0079437,7.9437,7943.7,125.88592217732291,10,2026-07-25T20:09:36.638469+00:00,,
43,cpu,end_to_end,1,482,1,0.0065067,6.5066999999999995,6506.7,153.6877372554444,10,2026-07-25T20:09:36.638469+00:00,,
43,cpu,end_to_end,1,483,1,0.0068622,6.8622,6862.2,145.72586051120632,10,2026-07-25T20:09:36.638469+00:00,,
43,cpu,end_to_end,1,484,1,0.0064555,6.455500000000001,6455.5,154.90666873208892,10,2026-07-25T20:09:36.638469+00:00,,
43,cpu,end_to_end,1,485,1,0.0069079,6.9079,6907.9,144.76179446720423,10,2026-07-25T20:09:36.638469+00:00,,
43,cpu,end_to_end,1,486,1,0.006716,6.715999999999999,6716.0,148.89815366289457,10,2026-07-25T20:09:36.638469+00:00,,
43,cpu,end_to_end,1,487,1,0.0064281,6.4281,6428.1,155.56696379956753,10,2026-07-25T20:09:36.638469+00:00,,
43,cpu,end_to_end,1,488,1,0.0088663,8.8663,8866.300000000001,112.78661899552236,10,2026-07-25T20:09:36.638469+00:00,,
43,cpu,end_to_end,1,489,1,0.0068749,6.874899999999999,6874.9,145.4566611877991,10,2026-07-25T20:09:36.638469+00:00,,
43,cpu,end_to_end,1,490,1,0.0070512,7.0512,7051.2,141.8198320853188,10,2026-07-25T20:09:36.638469+00:00,,
43,cpu,end_to_end,1,491,1,0.0078192,7.8192,7819.2,127.890321260487,10,2026-07-25T20:09:36.638469+00:00,,
43,cpu,end_to_end,1,492,1,0.0077427,7.7427,7742.7,129.1539127177858,10,2026-07-25T20:09:36.638469+00:00,,
43,cpu,end_to_end,1,493,1,0.0073262,7.3262,7326.2,136.4964101444132,10,2026-07-25T20:09:36.638469+00:00,,
43,cpu,end_to_end,1,494,1,0.007071,7.071,7071.0,141.42271248762552,10,2026-07-25T20:09:36.638469+00:00,,
43,cpu,end_to_end,1,495,1,0.0084121,8.4121,8412.1,118.87638045196799,10,2026-07-25T20:09:36.638469+00:00,,
43,cpu,end_to_end,1,496,1,0.0073286,7.3286,7328.6,136.45170973992305,10,2026-07-25T20:09:36.638469+00:00,,
43,cpu,end_to_end,1,497,1,0.0068643,6.8643,6864.3,145.6812784989001,10,2026-07-25T20:09:36.638469+00:00,,
43,cpu,end_to_end,1,498,1,0.0075777,7.5777,7577.7,131.9661638755823,10,2026-07-25T20:09:36.638469+00:00,,
43,cpu,end_to_end,1,499,1,0.0070873,7.0873,7087.3,141.0974560128681,10,2026-07-25T20:09:36.638469+00:00,,
43,cpu,end_to_end,1,500,1,0.0069494,6.9494,6949.4,143.89731487610442,10,2026-07-25T20:09:36.638469+00:00,,
43,cpu,end_to_end,1,501,1,0.006979,6.979,6979.0,143.2870038687491,10,2026-07-25T20:09:36.638469+00:00,,
43,cpu,end_to_end,1,502,1,0.007842,7.842,7842.0,127.51849018107626,10,2026-07-25T20:09:36.638469+00:00,,
43,cpu,end_to_end,1,503,1,0.0073402,7.3402,7340.2,136.23606986185663,10,2026-07-25T20:09:36.638469+00:00,,
43,cpu,end_to_end,1,504,1,0.0074945,7.4945,7494.5,133.43118286743612,10,2026-07-25T20:09:36.638469+00:00,,
43,cpu,end_to_end,1,505,1,0.0069223,6.9223,6922.3,144.4606561403002,10,2026-07-25T20:09:36.638469+00:00,,
43,cpu,end_to_end,1,506,1,0.0076557,7.6556999999999995,7655.7,130.62162832921877,10,2026-07-25T20:09:36.638469+00:00,,
43,cpu,end_to_end,1,507,1,0.0073453,7.3453,7345.3,136.14147822417056,10,2026-07-25T20:09:36.638469+00:00,,
43,cpu,end_to_end,1,508,1,0.0069641,6.9641,6964.1,143.59357275168364,10,2026-07-25T20:09:36.638469+00:00,,
43,cpu,end_to_end,1,509,1,0.0076115,7.6115,7611.5,131.38014845956775,10,2026-07-25T20:09:36.638469+00:00,,
43,cpu,end_to_end,1,510,1,0.0077489,7.748900000000001,7748.900000000001,129.05057492031128,10,2026-07-25T20:09:36.638469+00:00,,
43,cpu,end_to_end,1,511,1,0.0073644,7.3644,7364.400000000001,135.78838737711152,10,2026-07-25T20:09:36.638469+00:00,,
43,cpu,end_to_end,1,512,1,0.0064748,6.4748,6474.8,154.44492493976648,10,2026-07-25T20:09:36.638469+00:00,,
43,cpu,end_to_end,1,513,1,0.0069891,6.9891,6989.099999999999,143.07993876178622,10,2026-07-25T20:09:36.638469+00:00,,
43,cpu,end_to_end,1,514,1,0.007103,7.103,7103.0,140.78558355624384,10,2026-07-25T20:09:36.638469+00:00,,
43,cpu,end_to_end,1,515,1,0.0077104,7.7104,7710.4,129.69495746005396,10,2026-07-25T20:09:36.638469+00:00,,
43,cpu,end_to_end,1,516,1,0.0066454,6.6454,6645.400000000001,150.4800312998465,10,2026-07-25T20:09:36.638469+00:00,,
43,cpu,end_to_end,1,517,1,0.0072835,7.2835,7283.5,137.29662936774903,10,2026-07-25T20:09:36.638469+00:00,,
43,cpu,end_to_end,1,518,1,0.0073168,7.3168,7316.8,136.67176907937898,10,2026-07-25T20:09:36.638469+00:00,,
43,cpu,end_to_end,1,519,1,0.00684,6.84,6840.0,146.19883040935673,10,2026-07-25T20:09:36.638469+00:00,,
43,cpu,end_to_end,1,520,1,0.007728,7.728,7728.0,129.39958592132507,10,2026-07-25T20:09:36.638469+00:00,,
43,cpu,end_to_end,1,521,1,0.0081072,8.1072,8107.2,123.3471482139333,10,2026-07-25T20:09:36.638469+00:00,,
43,cpu,end_to_end,1,522,1,0.0076845,7.684500000000001,7684.5,130.1320840653263,10,2026-07-25T20:09:36.638469+00:00,,
43,cpu,end_to_end,1,523,1,0.0066905,6.6905,6690.5,149.4656602645542,10,2026-07-25T20:09:36.638469+00:00,,
43,cpu,end_to_end,1,524,1,0.0066337,6.6337,6633.7,150.7454361819196,10,2026-07-25T20:09:36.638469+00:00,,
43,cpu,end_to_end,1,525,1,0.0068189,6.8189,6818.900000000001,146.65121940488936,10,2026-07-25T20:09:36.638469+00:00,,
43,cpu,end_to_end,1,526,1,0.0065796,6.5796,6579.599999999999,151.98492309562891,10,2026-07-25T20:09:36.638469+00:00,,
43,cpu,end_to_end,1,527,1,0.0067434,6.7434,6743.4,148.29314589079692,10,2026-07-25T20:09:36.638469+00:00,,
43,cpu,end_to_end,1,528,1,0.0062988,6.2988,6298.8,158.7603988061218,10,2026-07-25T20:09:36.638469+00:00,,
43,cpu,end_to_end,1,529,1,0.0070389,7.0389,7038.9,142.06765261617582,10,2026-07-25T20:09:36.638469+00:00,,
43,cpu,end_to_end,1,530,1,0.006621,6.621,6621.0,151.03458692040476,10,2026-07-25T20:09:36.638469+00:00,,
43,cpu,end_to_end,1,531,1,0.0069682,6.9681999999999995,6968.2,143.5090841250251,10,2026-07-25T20:09:36.638469+00:00,,
43,cpu,end_to_end,1,532,1,0.0064554,6.4554,6455.4,154.9090683768628,10,2026-07-25T20:09:36.638469+00:00,,
43,cpu,end_to_end,1,533,1,0.0064418,6.4418,6441.8,155.2361141295911,10,2026-07-25T20:09:36.638469+00:00,,
43,cpu,end_to_end,1,534,1,0.0069025,6.9025,6902.5,144.87504527345166,10,2026-07-25T20:09:36.638469+00:00,,
43,cpu,end_to_end,1,535,1,0.0066282,6.6282,6628.2,150.87052291723242,10,2026-07-25T20:09:36.638469+00:00,,
43,cpu,end_to_end,1,536,1,0.0066615,6.6615,6661.5,150.1163401636268,10,2026-07-25T20:09:36.638469+00:00,,
43,cpu,end_to_end,1,537,1,0.0064996,6.4996,6499.6,153.85562188442364,10,2026-07-25T20:09:36.638469+00:00,,
43,cpu,end_to_end,1,538,1,0.0065487,6.5487,6548.7,152.70206300487118,10,2026-07-25T20:09:36.638469+00:00,,
43,cpu,end_to_end,1,539,1,0.0064291,6.4291,6429.1,155.54276648364467,10,2026-07-25T20:09:36.638469+00:00,,
43,cpu,end_to_end,1,540,1,0.0064569,6.4569,6456.9,154.8730815097028,10,2026-07-25T20:09:36.638469+00:00,,
43,cpu,end_to_end,1,541,1,0.0072432,7.2432,7243.2,138.06052573448198,10,2026-07-25T20:09:36.638469+00:00,,
43,cpu,end_to_end,1,542,1,0.0065826,6.5826,6582.6,151.91565642755143,10,2026-07-25T20:09:36.638469+00:00,,
43,cpu,end_to_end,1,543,1,0.0080865,8.0865,8086.5,123.66289494837075,10,2026-07-25T20:09:36.638469+00:00,,
43,cpu,end_to_end,1,544,1,0.0068151,6.8151,6815.1,146.73298997813677,10,2026-07-25T20:09:36.638469+00:00,,
43,cpu,end_to_end,1,545,1,0.0071003,7.100300000000001,7100.3,140.83911947382504,10,2026-07-25T20:09:36.638469+00:00,,
43,cpu,end_to_end,1,546,1,0.0066005,6.600499999999999,6600.5,151.50367396409365,10,2026-07-25T20:09:36.638469+00:00,,
43,cpu,end_to_end,1,547,1,0.0065268,6.5268,6526.8,153.21443892872463,10,2026-07-25T20:09:36.638469+00:00,,
43,cpu,end_to_end,1,548,1,0.0067775,6.7775,6777.5,147.54703061600887,10,2026-07-25T20:09:36.638469+00:00,,
43,cpu,end_to_end,1,549,1,0.0063473,6.347300000000001,6347.3,157.54730357789927,10,2026-07-25T20:09:36.638469+00:00,,
43,cpu,end_to_end,1,550,1,0.0070983,7.0983,7098.3,140.87880196666808,10,2026-07-25T20:09:36.638469+00:00,,
43,cpu,end_to_end,1,551,1,0.0063925,6.3925,6392.5,156.4333202972233,10,2026-07-25T20:09:36.638469+00:00,,
43,cpu,end_to_end,1,552,1,0.0069695,6.9695,6969.5,143.4823158045771,10,2026-07-25T20:09:36.638469+00:00,,
43,cpu,end_to_end,1,553,1,0.007693,7.6930000000000005,7693.0,129.98830105290523,10,2026-07-25T20:09:36.638469+00:00,,
43,cpu,end_to_end,1,554,1,0.0064972,6.497199999999999,6497.2,153.9124545958259,10,2026-07-25T20:09:36.638469+00:00,,
43,cpu,end_to_end,1,555,1,0.0072498,7.2498,7249.8,137.93483958178157,10,2026-07-25T20:09:36.638469+00:00,,
43,cpu,end_to_end,1,556,1,0.0069863,6.9863,6986.3,143.1372829680947,10,2026-07-25T20:09:36.638469+00:00,,
43,cpu,end_to_end,1,557,1,0.007289,7.289000000000001,7289.0,137.1930305940458,10,2026-07-25T20:09:36.638469+00:00,,
43,cpu,end_to_end,1,558,1,0.0067768,6.776800000000001,6776.8,147.5622712784795,10,2026-07-25T20:09:36.638469+00:00,,
43,cpu,end_to_end,1,559,1,0.0074815,7.4815000000000005,7481.5,133.66303548753592,10,2026-07-25T20:09:36.638469+00:00,,
43,cpu,end_to_end,1,560,1,0.0064777,6.4777000000000005,6477.700000000001,154.37578152739397,10,2026-07-25T20:09:36.638469+00:00,,
43,cpu,end_to_end,1,561,1,0.0067717,6.7717,6771.700000000001,147.67340549640414,10,2026-07-25T20:09:36.638469+00:00,,
43,cpu,end_to_end,1,562,1,0.0064155,6.4155,6415.5,155.8724962980282,10,2026-07-25T20:09:36.638469+00:00,,
43,cpu,end_to_end,1,563,1,0.0065043,6.5043,6504.3,153.7444459818889,10,2026-07-25T20:09:36.638469+00:00,,
43,cpu,end_to_end,1,564,1,0.0068198,6.8198,6819.8,146.6318660371272,10,2026-07-25T20:09:36.638469+00:00,,
43,cpu,end_to_end,1,565,1,0.0067072,6.7072,6707.2,149.09351145038167,10,2026-07-25T20:09:36.638469+00:00,,
43,cpu,end_to_end,1,566,1,0.0075297,7.5297,7529.700000000001,132.80741596610756,10,2026-07-25T20:09:36.638469+00:00,,
43,cpu,end_to_end,1,567,1,0.0066529,6.6529,6652.9,150.3103909573269,10,2026-07-25T20:09:36.638469+00:00,,
43,cpu,end_to_end,1,568,1,0.007441,7.441,7441.0,134.390538906061,10,2026-07-25T20:09:36.638469+00:00,,
43,cpu,end_to_end,1,569,1,0.0086348,8.6348,8634.8,115.81044146940289,10,2026-07-25T20:09:36.638469+00:00,,
43,cpu,end_to_end,1,570,1,0.0079673,7.9673,7967.3,125.5130345286358,10,2026-07-25T20:09:36.638469+00:00,,
43,cpu,end_to_end,1,571,1,0.0064218,6.4218,6421.8,155.71958018001183,10,2026-07-25T20:09:36.638469+00:00,,
43,cpu,end_to_end,1,572,1,0.0062932,6.2932,6293.2,158.9016716455857,10,2026-07-25T20:09:36.638469+00:00,,
43,cpu,end_to_end,1,573,1,0.0067468,6.7467999999999995,6746.8,148.21841465583685,10,2026-07-25T20:09:36.638469+00:00,,
43,cpu,end_to_end,1,574,1,0.0065726,6.5725999999999996,6572.599999999999,152.14679122417309,10,2026-07-25T20:09:36.638469+00:00,,
43,cpu,end_to_end,1,575,1,0.0068271,6.8271,6827.1,146.47507726560326,10,2026-07-25T20:09:36.638469+00:00,,
43,cpu,end_to_end,1,576,1,0.0065964,6.5964,6596.4,151.59784124674064,10,2026-07-25T20:09:36.638469+00:00,,
43,cpu,end_to_end,1,577,1,0.0069239,6.923900000000001,6923.900000000001,144.42727364635536,10,2026-07-25T20:09:36.638469+00:00,,
43,cpu,end_to_end,1,578,1,0.0069009,6.9009,6900.9,144.90863510556593,10,2026-07-25T20:09:36.638469+00:00,,
43,cpu,end_to_end,1,579,1,0.0066594,6.659400000000001,6659.400000000001,150.1636784094663,10,2026-07-25T20:09:36.638469+00:00,,
43,cpu,end_to_end,1,580,1,0.0070569,7.0569,7056.9,141.70528135583615,10,2026-07-25T20:09:36.638469+00:00,,
43,cpu,end_to_end,1,581,1,0.0064268,6.4268,6426.8,155.5984315678098,10,2026-07-25T20:09:36.638469+00:00,,
43,cpu,end_to_end,1,582,1,0.006776,6.776,6776.0,147.5796930342385,10,2026-07-25T20:09:36.638469+00:00,,
43,cpu,end_to_end,1,583,1,0.0064245,6.4245,6424.5,155.65413650867774,10,2026-07-25T20:09:36.638469+00:00,,
43,cpu,end_to_end,1,584,1,0.0064868,6.4868,6486.8,154.15921563791085,10,2026-07-25T20:09:36.638469+00:00,,
43,cpu,end_to_end,1,585,1,0.0066233,6.6233,6623.3,150.9821388129784,10,2026-07-25T20:09:36.638469+00:00,,
43,cpu,end_to_end,1,586,1,0.0062562,6.2562,6256.2,159.84143729420416,10,2026-07-25T20:09:36.638469+00:00,,
43,cpu,end_to_end,1,587,1,0.0068394,6.8393999999999995,6839.4,146.21165599321577,10,2026-07-25T20:09:36.638469+00:00,,
43,cpu,end_to_end,1,588,1,0.0068402,6.8402,6840.200000000001,146.19455571474518,10,2026-07-25T20:09:36.638469+00:00,,
43,cpu,end_to_end,1,589,1,0.0074562,7.4562,7456.2,134.11657412623052,10,2026-07-25T20:09:36.638469+00:00,,
43,cpu,end_to_end,1,590,1,0.0064805,6.4805,6480.5,154.3090810894221,10,2026-07-25T20:09:36.638469+00:00,,
43,cpu,end_to_end,1,591,1,0.0062545,6.254499999999999,6254.5,159.8848828843233,10,2026-07-25T20:09:36.638469+00:00,,
43,cpu,end_to_end,1,592,1,0.0076529,7.6529,7652.9,130.66941943576944,10,2026-07-25T20:09:36.638469+00:00,,
43,cpu,end_to_end,1,593,1,0.0065082,6.5081999999999995,6508.2,153.6523155403952,10,2026-07-25T20:09:36.638469+00:00,,
43,cpu,end_to_end,1,594,1,0.00812,8.120000000000001,8120.000000000001,123.15270935960591,10,2026-07-25T20:09:36.638469+00:00,,
43,cpu,end_to_end,1,595,1,0.0068237,6.8237000000000005,6823.7,146.54806043642012,10,2026-07-25T20:09:36.638469+00:00,,
43,cpu,end_to_end,1,596,1,0.0071194,7.1194,7119.4,140.46127482653034,10,2026-07-25T20:09:36.638469+00:00,,
43,cpu,end_to_end,1,597,1,0.0066094,6.6094,6609.4,151.29966411474567,10,2026-07-25T20:09:36.638469+00:00,,
43,cpu,end_to_end,1,598,1,0.00654,6.54,6540.0,152.90519877675843,10,2026-07-25T20:09:36.638469+00:00,,
43,cpu,end_to_end,1,599,1,0.0063018,6.3018,6301.8,158.6848202100987,10,2026-07-25T20:09:36.638469+00:00,,
43,cpu,end_to_end,1,600,1,0.0064274,6.4274,6427.4,155.5839064007219,10,2026-07-25T20:09:36.638469+00:00,,
43,cpu,end_to_end,1,601,1,0.0077272,7.7272,7727.2,129.4129827104255,10,2026-07-25T20:09:36.638469+00:00,,
43,cpu,end_to_end,1,602,1,0.0067369,6.7368999999999994,6736.9,148.43622437619678,10,2026-07-25T20:09:36.638469+00:00,,
43,cpu,end_to_end,1,603,1,0.0072163,7.2163,7216.3,138.57517010102129,10,2026-07-25T20:09:36.638469+00:00,,
43,cpu,end_to_end,1,604,1,0.0066191,6.6191,6619.1,151.07794110981854,10,2026-07-25T20:09:36.638469+00:00,,
43,cpu,end_to_end,1,605,1,0.0065705,6.5705,6570.5,152.19541891789058,10,2026-07-25T20:09:36.638469+00:00,,
43,cpu,end_to_end,1,606,1,0.0064738,6.4738,6473.8,154.46878185918627,10,2026-07-25T20:09:36.638469+00:00,,
43,cpu,end_to_end,1,607,1,0.0064858,6.4858,6485.8,154.18298436584539,10,2026-07-25T20:09:36.638469+00:00,,
43,cpu,end_to_end,1,608,1,0.0067547,6.7547,6754.7,148.04506491776098,10,2026-07-25T20:09:36.638469+00:00,,
43,cpu,end_to_end,1,609,1,0.006473,6.473,6473.0,154.4878727019929,10,2026-07-25T20:09:36.638469+00:00,,
43,cpu,end_to_end,1,610,1,0.0067513,6.7513,6751.3,148.1196214062477,10,2026-07-25T20:09:36.638469+00:00,,
43,cpu,end_to_end,1,611,1,0.0067682,6.7682,6768.2,147.74977098785496,10,2026-07-25T20:09:36.638469+00:00,,
43,cpu,end_to_end,1,612,1,0.0075728,7.5728,7572.8,132.05155292626242,10,2026-07-25T20:09:36.638469+00:00,,
43,cpu,end_to_end,1,613,1,0.0073114,7.3114,7311.4,136.7727111086796,10,2026-07-25T20:09:36.638469+00:00,,
43,cpu,end_to_end,1,614,1,0.0069898,6.9898,6989.8,143.06560988869495,10,2026-07-25T20:09:36.638469+00:00,,
43,cpu,end_to_end,1,615,1,0.0068706,6.8706000000000005,6870.6,145.54769597997264,10,2026-07-25T20:09:36.638469+00:00,,
43,cpu,end_to_end,1,616,1,0.0070477,7.0477,7047.7,141.89026207131405,10,2026-07-25T20:09:36.638469+00:00,,
43,cpu,end_to_end,1,617,1,0.0071238,7.123799999999999,7123.799999999999,140.37451921727168,10,2026-07-25T20:09:36.638469+00:00,,
43,cpu,end_to_end,1,618,1,0.0072262,7.2262,7226.200000000001,138.38532008524535,10,2026-07-25T20:09:36.638469+00:00,,
43,cpu,end_to_end,1,619,1,0.0069109,6.9109,6910.900000000001,144.69895382656384,10,2026-07-25T20:09:36.638469+00:00,,
43,cpu,end_to_end,1,620,1,0.0067566,6.7566,6756.599999999999,148.00343367966138,10,2026-07-25T20:09:36.638469+00:00,,
43,cpu,end_to_end,1,621,1,0.0066199,6.6198999999999995,6619.9,151.0596836810224,10,2026-07-25T20:09:36.638469+00:00,,
43,cpu,end_to_end,1,622,1,0.0072688,7.2688,7268.8,137.574290116663,10,2026-07-25T20:09:36.638469+00:00,,
43,cpu,end_to_end,1,623,1,0.0066633,6.6633,6663.299999999999,150.0757882730779,10,2026-07-25T20:09:36.638469+00:00,,
43,cpu,end_to_end,1,624,1,0.0071352,7.1352,7135.200000000001,140.15024105841462,10,2026-07-25T20:09:36.638469+00:00,,
43,cpu,end_to_end,1,625,1,0.0066559,6.6559,6655.900000000001,150.24264186661458,10,2026-07-25T20:09:36.638469+00:00,,
43,cpu,end_to_end,1,626,1,0.0075446,7.5446,7544.6,132.5451316173157,10,2026-07-25T20:09:36.638469+00:00,,
43,cpu,end_to_end,1,627,1,0.0076046,7.6046000000000005,7604.6,131.4993556531573,10,2026-07-25T20:09:36.638469+00:00,,
43,cpu,end_to_end,1,628,1,0.0066403,6.6403,6640.3,150.595605620228,10,2026-07-25T20:09:36.638469+00:00,,
43,cpu,end_to_end,1,629,1,0.0069638,6.9638,6963.8,143.5997587524053,10,2026-07-25T20:09:36.638469+00:00,,
43,cpu,end_to_end,1,630,1,0.007142,7.142,7142.0,140.01680201624194,10,2026-07-25T20:09:36.638469+00:00,,
43,cpu,end_to_end,1,631,1,0.006822,6.822,6822.0,146.5845793022574,10,2026-07-25T20:09:36.638469+00:00,,
43,cpu,end_to_end,1,632,1,0.0071146,7.114599999999999,7114.599999999999,140.5560396930256,10,2026-07-25T20:09:36.638469+00:00,,
43,cpu,end_to_end,1,633,1,0.0073191,7.319100000000001,7319.1,136.62882048339276,10,2026-07-25T20:09:36.638469+00:00,,
43,cpu,end_to_end,1,634,1,0.0069962,6.9962,6996.2,142.9347359995426,10,2026-07-25T20:09:36.638469+00:00,,
43,cpu,end_to_end,1,635,1,0.0066578,6.6578,6657.8,150.19976568836552,10,2026-07-25T20:09:36.638469+00:00,,
43,cpu,end_to_end,1,636,1,0.0069704,6.9704,6970.4,143.46378973946977,10,2026-07-25T20:09:36.638469+00:00,,
43,cpu,end_to_end,1,637,1,0.0073263,7.3263,7326.3,136.49454704284562,10,2026-07-25T20:09:36.638469+00:00,,
43,cpu,end_to_end,1,638,1,0.0070815,7.0815,7081.5,141.2130198404293,10,2026-07-25T20:09:36.638469+00:00,,
43,cpu,end_to_end,1,639,1,0.0071372,7.1372,7137.2,140.11096788656616,10,2026-07-25T20:09:36.638469+00:00,,
43,cpu,end_to_end,1,640,1,0.0068183,6.8183,6818.3,146.66412448850886,10,2026-07-25T20:09:36.638469+00:00,,
43,cpu,end_to_end,1,641,1,0.006974,6.974,6974.0,143.38973329509608,10,2026-07-25T20:09:36.638469+00:00,,
43,cpu,end_to_end,1,642,1,0.0070926,7.0926,7092.6,140.9920198516764,10,2026-07-25T20:09:36.638469+00:00,,
43,cpu,end_to_end,1,643,1,0.0081952,8.1952,8195.199999999999,122.02264740335806,10,2026-07-25T20:09:36.638469+00:00,,
43,cpu,end_to_end,1,644,1,0.0075284,7.5284,7528.400000000001,132.83034907815738,10,2026-07-25T20:09:36.638469+00:00,,
43,cpu,end_to_end,1,645,1,0.0070372,7.0372,7037.200000000001,142.10197237537656,10,2026-07-25T20:09:36.638469+00:00,,
43,cpu,end_to_end,1,646,1,0.006728,6.728,6728.0,148.63258026159335,10,2026-07-25T20:09:36.638469+00:00,,
43,cpu,end_to_end,1,647,1,0.0066613,6.6613,6661.3,150.12084728206204,10,2026-07-25T20:09:36.638469+00:00,,
43,cpu,end_to_end,1,648,1,0.0064379,6.4379,6437.9,155.33015424284318,10,2026-07-25T20:09:36.638469+00:00,,
43,cpu,end_to_end,1,649,1,0.0070463,7.0463000000000005,7046.3,141.91845365652895,10,2026-07-25T20:09:36.638469+00:00,,
43,cpu,end_to_end,1,650,1,0.0066417,6.6417,6641.700000000001,150.5638616619239,10,2026-07-25T20:09:36.638469+00:00,,
43,cpu,end_to_end,1,651,1,0.0065058,6.5058,6505.8,153.70899812475022,10,2026-07-25T20:09:36.638469+00:00,,
43,cpu,end_to_end,1,652,1,0.0070342,7.0342,7034.2,142.16257712319808,10,2026-07-25T20:09:36.638469+00:00,,
43,cpu,end_to_end,1,653,1,0.0066482,6.6482,6648.2,150.41665413194548,10,2026-07-25T20:09:36.638469+00:00,,
43,cpu,end_to_end,1,654,1,0.0067392,6.7392,6739.2,148.38556505223173,10,2026-07-25T20:09:36.638469+00:00,,
43,cpu,end_to_end,1,655,1,0.0062255,6.2255,6225.5,160.62966829973496,10,2026-07-25T20:09:36.638469+00:00,,
43,cpu,end_to_end,1,656,1,0.0069693,6.9693000000000005,6969.3,143.486433357726,10,2026-07-25T20:09:36.638469+00:00,,
43,cpu,end_to_end,1,657,1,0.0069953,6.9953,6995.3,142.95312567009276,10,2026-07-25T20:09:36.638469+00:00,,
43,cpu,end_to_end,1,658,1,0.0066401,6.6401,6640.1,150.60014156413305,10,2026-07-25T20:09:36.638469+00:00,,
43,cpu,end_to_end,1,659,1,0.0070772,7.0771999999999995,7077.2,141.29881874187532,10,2026-07-25T20:09:36.638469+00:00,,
43,cpu,end_to_end,1,660,1,0.0066988,6.6988,6698.8,149.2804681435481,10,2026-07-25T20:09:36.638469+00:00,,
43,cpu,end_to_end,1,661,1,0.0069697,6.9697,6969.7,143.4781984877398,10,2026-07-25T20:09:36.638469+00:00,,
43,cpu,end_to_end,1,662,1,0.006214,6.2139999999999995,6214.0,160.926939169617,10,2026-07-25T20:09:36.638469+00:00,,
43,cpu,end_to_end,1,663,1,0.006733,6.7330000000000005,6733.0,148.52220406950838,10,2026-07-25T20:09:36.638469+00:00,,
43,cpu,end_to_end,1,664,1,0.0068806,6.880599999999999,6880.599999999999,145.3361625439642,10,2026-07-25T20:09:36.638469+00:00,,
43,cpu,end_to_end,1,665,1,0.0067216,6.7216000000000005,6721.6,148.7741014044275,10,2026-07-25T20:09:36.638469+00:00,,
43,cpu,end_to_end,1,666,1,0.0073181,7.3181,7318.1,136.64749046883753,10,2026-07-25T20:09:36.638469+00:00,,
43,cpu,end_to_end,1,667,1,0.0065801,6.5801,6580.1,151.9733742648288,10,2026-07-25T20:09:36.638469+00:00,,
43,cpu,end_to_end,1,668,1,0.007347,7.347,7347.0,136.10997686130392,10,2026-07-25T20:09:36.638469+00:00,,
43,cpu,end_to_end,1,669,1,0.0070165,7.0165,7016.5,142.52120002850424,10,2026-07-25T20:09:36.638469+00:00,,
43,cpu,end_to_end,1,670,1,0.0065376,6.5376,6537.6,152.9613313754283,10,2026-07-25T20:09:36.638469+00:00,,
43,cpu,end_to_end,1,671,1,0.0067186,6.7186,6718.6,148.84053225374333,10,2026-07-25T20:09:36.638469+00:00,,
43,cpu,end_to_end,1,672,1,0.0072428,7.2428,7242.8,138.06815043905672,10,2026-07-25T20:09:36.638469+00:00,,
43,cpu,end_to_end,1,673,1,0.0071554,7.1554,7155.400000000001,139.75459093831233,10,2026-07-25T20:09:36.638469+00:00,,
43,cpu,end_to_end,1,674,1,0.0067068,6.706799999999999,6706.8,149.1024035307449,10,2026-07-25T20:09:36.638469+00:00,,
43,cpu,end_to_end,1,675,1,0.0074665,7.4665,7466.5,133.93156097234314,10,2026-07-25T20:09:36.638469+00:00,,
43,cpu,end_to_end,1,676,1,0.0068048,6.8048,6804.8,146.95509052433576,10,2026-07-25T20:09:36.638469+00:00,,
43,cpu,end_to_end,1,677,1,0.0066073,6.6073,6607.3,151.34775172914806,10,2026-07-25T20:09:36.638469+00:00,,
43,cpu,end_to_end,1,678,1,0.0061302,6.130199999999999,6130.2,163.1268147858145,10,2026-07-25T20:09:36.638469+00:00,,
43,cpu,end_to_end,1,679,1,0.007073,7.073,7073.0,141.38272303124558,10,2026-07-25T20:09:36.638469+00:00,,
43,cpu,end_to_end,1,680,1,0.0066565,6.6565,6656.5,150.22909937654924,10,2026-07-25T20:09:36.638469+00:00,,
43,cpu,end_to_end,1,681,1,0.0067716,6.7716,6771.6,147.6755862720775,10,2026-07-25T20:09:36.638469+00:00,,
43,cpu,end_to_end,1,682,1,0.0070667,7.0667,7066.700000000001,141.50876646808268,10,2026-07-25T20:09:36.638469+00:00,,
43,cpu,end_to_end,1,683,1,0.006632,6.632,6632.0,150.78407720144753,10,2026-07-25T20:09:36.638469+00:00,,
43,cpu,end_to_end,1,684,1,0.0069036,6.9036,6903.6,144.85196129555592,10,2026-07-25T20:09:36.638469+00:00,,
43,cpu,end_to_end,1,685,1,0.0066822,6.6822,6682.2,149.65131244201012,10,2026-07-25T20:09:36.638469+00:00,,
43,cpu,end_to_end,1,686,1,0.0068458,6.8458,6845.8,146.07496567238306,10,2026-07-25T20:09:36.638469+00:00,,
43,cpu,end_to_end,1,687,1,0.0066544,6.654400000000001,6654.400000000001,150.2765087761481,10,2026-07-25T20:09:36.638469+00:00,,
43,cpu,end_to_end,1,688,1,0.0067023,6.702299999999999,6702.299999999999,149.20251257031168,10,2026-07-25T20:09:36.638469+00:00,,
43,cpu,end_to_end,1,689,1,0.0071935,7.1935,7193.5,139.0143879891569,10,2026-07-25T20:09:36.638469+00:00,,
43,cpu,end_to_end,1,690,1,0.0064889,6.4889,6488.9,154.10932515526514,10,2026-07-25T20:09:36.638469+00:00,,
43,cpu,end_to_end,1,691,1,0.0066283,6.6283,6628.3,150.8682467601044,10,2026-07-25T20:09:36.638469+00:00,,
43,cpu,end_to_end,1,692,1,0.0066409,6.6409,6640.9,150.58199942778842,10,2026-07-25T20:09:36.638469+00:00,,
43,cpu,end_to_end,1,693,1,0.0072363,7.2363,7236.3,138.19217003164601,10,2026-07-25T20:09:36.638469+00:00,,
43,cpu,end_to_end,1,694,1,0.0066591,6.6591000000000005,6659.1,150.1704434533195,10,2026-07-25T20:09:36.638469+00:00,,
43,cpu,end_to_end,1,695,1,0.0065492,6.5492,6549.2,152.6904049349539,10,2026-07-25T20:09:36.638469+00:00,,
43,cpu,end_to_end,1,696,1,0.0070204,7.0204,7020.400000000001,142.44202609537916,10,2026-07-25T20:09:36.638469+00:00,,
43,cpu,end_to_end,1,697,1,0.0067186,6.7186,6718.6,148.84053225374333,10,2026-07-25T20:09:36.638469+00:00,,
43,cpu,end_to_end,1,698,1,0.0074765,7.4765,7476.5,133.75242426268977,10,2026-07-25T20:09:36.638469+00:00,,
43,cpu,end_to_end,1,699,1,0.0067742,6.7742,6774.2,147.61890702961236,10,2026-07-25T20:09:36.638469+00:00,,
43,cpu,end_to_end,1,700,1,0.0072882,7.2882,7288.2,137.20808978897395,10,2026-07-25T20:09:36.638469+00:00,,
43,cpu,end_to_end,1,701,1,0.006502,6.502,6502.0,153.79883112888342,10,2026-07-25T20:09:36.638469+00:00,,
43,cpu,end_to_end,1,702,1,0.0068375,6.8374999999999995,6837.5,146.25228519195613,10,2026-07-25T20:09:36.638469+00:00,,
43,cpu,end_to_end,1,703,1,0.0070714,7.071400000000001,7071.400000000001,141.41471278671833,10,2026-07-25T20:09:36.638469+00:00,,
43,cpu,end_to_end,1,704,1,0.0070379,7.0379,7037.9,142.08783870188552,10,2026-07-25T20:09:36.638469+00:00,,
43,cpu,end_to_end,1,705,1,0.0077104,7.7104,7710.4,129.69495746005396,10,2026-07-25T20:09:36.638469+00:00,,
43,cpu,end_to_end,1,706,1,0.0065045,6.5045,6504.5,153.73971865631486,10,2026-07-25T20:09:36.638469+00:00,,
43,cpu,end_to_end,1,707,1,0.0070756,7.0756,7075.599999999999,141.33077053536095,10,2026-07-25T20:09:36.638469+00:00,,
43,cpu,end_to_end,1,708,1,0.006549,6.549,6549.0,152.69506794930524,10,2026-07-25T20:09:36.638469+00:00,,
43,cpu,end_to_end,1,709,1,0.0068419,6.8419,6841.9,146.1582309007732,10,2026-07-25T20:09:36.638469+00:00,,
43,cpu,end_to_end,1,710,1,0.0067959,6.7959,6795.9,147.1475448432143,10,2026-07-25T20:09:36.638469+00:00,,
43,cpu,end_to_end,1,711,1,0.0066314,6.6314,6631.4,150.79771993847453,10,2026-07-25T20:09:36.638469+00:00,,
43,cpu,end_to_end,1,712,1,0.0070568,7.0568,7056.8,141.7072894229679,10,2026-07-25T20:09:36.638469+00:00,,
43,cpu,end_to_end,1,713,1,0.0069002,6.900200000000001,6900.200000000001,144.92333555549115,10,2026-07-25T20:09:36.638469+00:00,,
43,cpu,end_to_end,1,714,1,0.0069097,6.9097,6909.700000000001,144.724083534741,10,2026-07-25T20:09:36.638469+00:00,,
43,cpu,end_to_end,1,715,1,0.0067301,6.7301,6730.1,148.58620228525578,10,2026-07-25T20:09:36.638469+00:00,,
43,cpu,end_to_end,1,716,1,0.0072515,7.2515,7251.5,137.9025029304282,10,2026-07-25T20:09:36.638469+00:00,,
43,cpu,end_to_end,1,717,1,0.0070727,7.0727,7072.700000000001,141.38872000791775,10,2026-07-25T20:09:36.638469+00:00,,
43,cpu,end_to_end,1,718,1,0.0064971,6.4971,6497.099999999999,153.91482353665484,10,2026-07-25T20:09:36.638469+00:00,,
43,cpu,end_to_end,1,719,1,0.007126,7.126,7126.0,140.33118158854896,10,2026-07-25T20:09:36.638469+00:00,,
43,cpu,end_to_end,1,720,1,0.0077433,7.7433,7743.3,129.143905053401,10,2026-07-25T20:09:36.638469+00:00,,
43,cpu,end_to_end,1,721,1,0.0074622,7.4622,7462.200000000001,134.00873736967648,10,2026-07-25T20:09:36.638469+00:00,,
43,cpu,end_to_end,1,722,1,0.0065159,6.5159,6515.9,153.47074080326587,10,2026-07-25T20:09:36.638469+00:00,,
43,cpu,end_to_end,1,723,1,0.0072995,7.2995,7299.5,136.99568463593397,10,2026-07-25T20:09:36.638469+00:00,,
43,cpu,end_to_end,1,724,1,0.0068331,6.8331,6833.1,146.34646061085013,10,2026-07-25T20:09:36.638469+00:00,,
43,cpu,end_to_end,1,725,1,0.0062952,6.2952,6295.2,158.8511882068878,10,2026-07-25T20:09:36.638469+00:00,,
43,cpu,end_to_end,1,726,1,0.0066312,6.631200000000001,6631.200000000001,150.8022680661117,10,2026-07-25T20:09:36.638469+00:00,,
43,cpu,end_to_end,1,727,1,0.0068643,6.8643,6864.3,145.6812784989001,10,2026-07-25T20:09:36.638469+00:00,,
43,cpu,end_to_end,1,728,1,0.0066035,6.6035,6603.5,151.43484515787083,10,2026-07-25T20:09:36.638469+00:00,,
43,cpu,end_to_end,1,729,1,0.0066124,6.6124,6612.4,151.23102050692637,10,2026-07-25T20:09:36.638469+00:00,,
43,cpu,end_to_end,1,730,1,0.0070069,7.0069,7006.9,142.71646519858996,10,2026-07-25T20:09:36.638469+00:00,,
43,cpu,end_to_end,1,731,1,0.0062432,6.2432,6243.2,160.1742696053306,10,2026-07-25T20:09:36.638469+00:00,,
43,cpu,end_to_end,1,732,1,0.0064921,6.4921,6492.099999999999,154.0333636265615,10,2026-07-25T20:09:36.638469+00:00,,
43,cpu,end_to_end,1,733,1,0.0064797,6.479699999999999,6479.7,154.32813247526892,10,2026-07-25T20:09:36.638469+00:00,,
43,cpu,end_to_end,1,734,1,0.0066363,6.6363,6636.3,150.68637644470562,10,2026-07-25T20:09:36.638469+00:00,,
43,cpu,end_to_end,1,735,1,0.0067034,6.7034,6703.4,149.17802905988006,10,2026-07-25T20:09:36.638469+00:00,,
43,cpu,end_to_end,1,736,1,0.0065946,6.5946,6594.6,151.63921996785248,10,2026-07-25T20:09:36.638469+00:00,,
43,cpu,end_to_end,1,737,1,0.0073452,7.345199999999999,7345.2,136.14333169961336,10,2026-07-25T20:09:36.638469+00:00,,
43,cpu,end_to_end,1,738,1,0.0065268,6.5268,6526.8,153.21443892872463,10,2026-07-25T20:09:36.638469+00:00,,
43,cpu,end_to_end,1,739,1,0.008294,8.293999999999999,8294.0,120.56908608632747,10,2026-07-25T20:09:36.638469+00:00,,
43,cpu,end_to_end,1,740,1,0.0073071,7.3071,7307.1,136.85319757496134,10,2026-07-25T20:09:36.638469+00:00,,
43,cpu,end_to_end,1,741,1,0.0070862,7.0862,7086.2,141.11935875363383,10,2026-07-25T20:09:36.638469+00:00,,
43,cpu,end_to_end,1,742,1,0.0064959,6.4959,6495.9,153.94325651564833,10,2026-07-25T20:09:36.638469+00:00,,
43,cpu,end_to_end,1,743,1,0.0063726,6.3726,6372.6,156.92182154850454,10,2026-07-25T20:09:36.638469+00:00,,
43,cpu,end_to_end,1,744,1,0.0067393,6.7393,6739.3,148.3833632573116,10,2026-07-25T20:09:36.638469+00:00,,
43,cpu,end_to_end,1,745,1,0.006418,6.418,6418.0,155.8117793705204,10,2026-07-25T20:09:36.638469+00:00,,
43,cpu,end_to_end,1,746,1,0.0068944,6.8944,6894.400000000001,145.0452541192852,10,2026-07-25T20:09:36.638469+00:00,,
43,cpu,end_to_end,1,747,1,0.0064957,6.4957,6495.7,153.94799636682728,10,2026-07-25T20:09:36.638469+00:00,,
43,cpu,end_to_end,1,748,1,0.0065246,6.5246,6524.6,153.26610060386844,10,2026-07-25T20:09:36.638469+00:00,,
43,cpu,end_to_end,1,749,1,0.0062911,6.2911,6291.1,158.9547138020378,10,2026-07-25T20:09:36.638469+00:00,,
43,cpu,end_to_end,1,750,1,0.0064494,6.4494,6449.400000000001,155.05318324185194,10,2026-07-25T20:09:36.638469+00:00,,
43,cpu,end_to_end,1,751,1,0.0069404,6.9404,6940.400000000001,144.08391447178838,10,2026-07-25T20:09:36.638469+00:00,,
43,cpu,end_to_end,1,752,1,0.0067652,6.7652,6765.2,147.815290013599,10,2026-07-25T20:09:36.638469+00:00,,
43,cpu,end_to_end,1,753,1,0.0072427,7.2427,7242.700000000001,138.0700567467933,10,2026-07-25T20:09:36.638469+00:00,,
43,cpu,end_to_end,1,754,1,0.0065448,6.5447999999999995,6544.8,152.79305708348613,10,2026-07-25T20:09:36.638469+00:00,,
43,cpu,end_to_end,1,755,1,0.0061719,6.1719,6171.900000000001,162.02466015327533,10,2026-07-25T20:09:36.638469+00:00,,
43,cpu,end_to_end,1,756,1,0.0064693,6.4693,6469.3,154.57622926746325,10,2026-07-25T20:09:36.638469+00:00,,
43,cpu,end_to_end,1,757,1,0.0063102,6.3102,6310.2,158.47358245380494,10,2026-07-25T20:09:36.638469+00:00,,
43,cpu,end_to_end,1,758,1,0.0067169,6.7169,6716.9,148.8782027423365,10,2026-07-25T20:09:36.638469+00:00,,
43,cpu,end_to_end,1,759,1,0.0063025,6.3025,6302.5,158.66719555731854,10,2026-07-25T20:09:36.638469+00:00,,
43,cpu,end_to_end,1,760,1,0.0067044,6.7044,6704.400000000001,149.15577829485113,10,2026-07-25T20:09:36.638469+00:00,,
43,cpu,end_to_end,1,761,1,0.0070034,7.0034,7003.4,142.78778878830283,10,2026-07-25T20:09:36.638469+00:00,,
43,cpu,end_to_end,1,762,1,0.0062901,6.2901,6290.099999999999,158.97998441996154,10,2026-07-25T20:09:36.638469+00:00,,
43,cpu,end_to_end,1,763,1,0.0068969,6.8969000000000005,6896.9,144.99267786976756,10,2026-07-25T20:09:36.638469+00:00,,
43,cpu,end_to_end,1,764,1,0.006668,6.668,6668.0,149.97000599880025,10,2026-07-25T20:09:36.638469+00:00,,
43,cpu,end_to_end,1,765,1,0.0071124,7.1124,7112.4,140.5995163376638,10,2026-07-25T20:09:36.638469+00:00,,
43,cpu,end_to_end,1,766,1,0.0063783,6.3783,6378.3,156.78158757035573,10,2026-07-25T20:09:36.638469+00:00,,
43,cpu,end_to_end,1,767,1,0.0065121,6.5121,6512.099999999999,153.56029545000845,10,2026-07-25T20:09:36.638469+00:00,,
43,cpu,end_to_end,1,768,1,0.0067198,6.719799999999999,6719.8,148.81395279621418,10,2026-07-25T20:09:36.638469+00:00,,
43,cpu,end_to_end,1,769,1,0.0064635,6.4635,6463.5,154.71493772723758,10,2026-07-25T20:09:36.638469+00:00,,
43,cpu,end_to_end,1,770,1,0.0067537,6.753699999999999,6753.7,148.06698550424213,10,2026-07-25T20:09:36.638469+00:00,,
43,cpu,end_to_end,1,771,1,0.0065334,6.5334,6533.4,153.05966265650352,10,2026-07-25T20:09:36.638469+00:00,,
43,cpu,end_to_end,1,772,1,0.0070718,7.0718,7071.799999999999,141.4067139907803,10,2026-07-25T20:09:36.638469+00:00,,
43,cpu,end_to_end,1,773,1,0.0064808,6.4808,6480.8,154.3019380323417,10,2026-07-25T20:09:36.638469+00:00,,
43,cpu,end_to_end,1,774,1,0.0064917,6.491700000000001,6491.700000000001,154.0428547221837,10,2026-07-25T20:09:36.638469+00:00,,
43,cpu,end_to_end,1,775,1,0.0069602,6.9601999999999995,6960.2,143.6740323553921,10,2026-07-25T20:09:36.638469+00:00,,
43,cpu,end_to_end,1,776,1,0.0067091,6.7091,6709.1,149.0512885483895,10,2026-07-25T20:09:36.638469+00:00,,
43,cpu,end_to_end,1,777,1,0.0069363,6.9363,6936.3,144.16908149878176,10,2026-07-25T20:09:36.638469+00:00,,
43,cpu,end_to_end,1,778,1,0.0064128,6.4128,6412.8,155.93812375249502,10,2026-07-25T20:09:36.638469+00:00,,
43,cpu,end_to_end,1,779,1,0.0066978,6.6978,6697.8,149.30275612887814,10,2026-07-25T20:09:36.638469+00:00,,
43,cpu,end_to_end,1,780,1,0.0086737,8.6737,8673.699999999999,115.291052261434,10,2026-07-25T20:09:36.638469+00:00,,
43,cpu,end_to_end,1,781,1,0.0079534,7.953399999999999,7953.4,125.73239117861544,10,2026-07-25T20:09:36.638469+00:00,,
43,cpu,end_to_end,1,782,1,0.0075142,7.514200000000001,7514.200000000001,133.08136594714009,10,2026-07-25T20:09:36.638469+00:00,,
43,cpu,end_to_end,1,783,1,0.0073343,7.3343,7334.3,136.34566352617153,10,2026-07-25T20:09:36.638469+00:00,,
43,cpu,end_to_end,1,784,1,0.0066864,6.6864,6686.400000000001,149.55731036133045,10,2026-07-25T20:09:36.638469+00:00,,
43,cpu,end_to_end,1,785,1,0.0063166,6.3166,6316.6,158.3130164962163,10,2026-07-25T20:09:36.638469+00:00,,
43,cpu,end_to_end,1,786,1,0.0079256,7.925599999999999,7925.599999999999,126.17341273846776,10,2026-07-25T20:09:36.638469+00:00,,
43,cpu,end_to_end,1,787,1,0.00638,6.38,6380.0,156.7398119122257,10,2026-07-25T20:09:36.638469+00:00,,
43,cpu,end_to_end,1,788,1,0.0076809,7.6809,7680.9,130.19307633220066,10,2026-07-25T20:09:36.638469+00:00,,
43,cpu,end_to_end,1,789,1,0.0066361,6.6361,6636.099999999999,150.6909178583807,10,2026-07-25T20:09:36.638469+00:00,,
43,cpu,end_to_end,1,790,1,0.0070282,7.0282,7028.2,142.28394183432457,10,2026-07-25T20:09:36.638469+00:00,,
43,cpu,end_to_end,1,791,1,0.0067215,6.7215,6721.5,148.77631481068215,10,2026-07-25T20:09:36.638469+00:00,,
43,cpu,end_to_end,1,792,1,0.0066337,6.6337,6633.7,150.7454361819196,10,2026-07-25T20:09:36.638469+00:00,,
43,cpu,end_to_end,1,793,1,0.006883,6.883,6883.0,145.2854859799506,10,2026-07-25T20:09:36.638469+00:00,,
43,cpu,end_to_end,1,794,1,0.0066007,6.6007,6600.7,151.49908343054526,10,2026-07-25T20:09:36.638469+00:00,,
43,cpu,end_to_end,1,795,1,0.0073688,7.3688,7368.8,135.70730648138095,10,2026-07-25T20:09:36.638469+00:00,,
43,cpu,end_to_end,1,796,1,0.0068189,6.8189,6818.900000000001,146.65121940488936,10,2026-07-25T20:09:36.638469+00:00,,
43,cpu,end_to_end,1,797,1,0.0075323,7.532299999999999,7532.299999999999,132.761573490169,10,2026-07-25T20:09:36.638469+00:00,,
43,cpu,end_to_end,1,798,1,0.0081699,8.1699,8169.900000000001,122.40051897820045,10,2026-07-25T20:09:36.638469+00:00,,
43,cpu,end_to_end,1,799,1,0.0072815,7.281499999999999,7281.5,137.33434045182997,10,2026-07-25T20:09:36.638469+00:00,,
43,cpu,end_to_end,1,800,1,0.0069217,6.9217,6921.7,144.47317855440136,10,2026-07-25T20:09:36.638469+00:00,,
43,cpu,end_to_end,1,801,1,0.0066042,6.6042000000000005,6604.2,151.41879410072377,10,2026-07-25T20:09:36.638469+00:00,,
43,cpu,end_to_end,1,802,1,0.0068065,6.8065,6806.5,146.91838683611255,10,2026-07-25T20:09:36.638469+00:00,,
43,cpu,end_to_end,1,803,1,0.0065701,6.5701,6570.099999999999,152.2046848602,10,2026-07-25T20:09:36.638469+00:00,,
43,cpu,end_to_end,1,804,1,0.0069291,6.9291,6929.099999999999,144.31888701274337,10,2026-07-25T20:09:36.638469+00:00,,
43,cpu,end_to_end,1,805,1,0.006423,6.423,6423.0,155.6904873112253,10,2026-07-25T20:09:36.638469+00:00,,
43,cpu,end_to_end,1,806,1,0.0068246,6.8246,6824.6,146.52873428479325,10,2026-07-25T20:09:36.638469+00:00,,
43,cpu,end_to_end,1,807,1,0.0066139,6.6139,6613.9,151.19672205506586,10,2026-07-25T20:09:36.638469+00:00,,
43,cpu,end_to_end,1,808,1,0.006557,6.557,6557.0,152.5087692542321,10,2026-07-25T20:09:36.638469+00:00,,
43,cpu,end_to_end,1,809,1,0.0069875,6.9875,6987.5,143.11270125223615,10,2026-07-25T20:09:36.638469+00:00,,
43,cpu,end_to_end,1,810,1,0.0066568,6.6568,6656.8,150.22232904698956,10,2026-07-25T20:09:36.638469+00:00,,
43,cpu,end_to_end,1,811,1,0.007948,7.948,7948.0,125.81781580271766,10,2026-07-25T20:09:36.638469+00:00,,
43,cpu,end_to_end,1,812,1,0.0067852,6.7852,6785.2,147.37959087425574,10,2026-07-25T20:09:36.638469+00:00,,
43,cpu,end_to_end,1,813,1,0.0070376,7.037599999999999,7037.599999999999,142.09389564624306,10,2026-07-25T20:09:36.638469+00:00,,
43,cpu,end_to_end,1,814,1,0.0070394,7.0394000000000005,7039.400000000001,142.05756172401055,10,2026-07-25T20:09:36.638469+00:00,,
43,cpu,end_to_end,1,815,1,0.0067155,6.7155000000000005,6715.5,148.90923981833072,10,2026-07-25T20:09:36.638469+00:00,,
43,cpu,end_to_end,1,816,1,0.0075665,7.5665000000000004,7566.5,132.16150135465537,10,2026-07-25T20:09:36.638469+00:00,,
43,cpu,end_to_end,1,817,1,0.0066986,6.6986,6698.599999999999,149.28492520825247,10,2026-07-25T20:09:36.638469+00:00,,
43,cpu,end_to_end,1,818,1,0.0069719,6.9719,6971.9,143.4329235932816,10,2026-07-25T20:09:36.638469+00:00,,
43,cpu,end_to_end,1,819,1,0.0067903,6.7903,6790.3,147.26889828137195,10,2026-07-25T20:09:36.638469+00:00,,
43,cpu,end_to_end,1,820,1,0.006926,6.926,6926.0,144.3834825295986,10,2026-07-25T20:09:36.638469+00:00,,
43,cpu,end_to_end,1,821,1,0.0066324,6.6324000000000005,6632.400000000001,150.77498341475183,10,2026-07-25T20:09:36.638469+00:00,,
43,cpu,end_to_end,1,822,1,0.0068871,6.8871,6887.1,145.19899522295304,10,2026-07-25T20:09:36.638469+00:00,,
43,cpu,end_to_end,1,823,1,0.007332,7.332,7332.0,136.3884342607747,10,2026-07-25T20:09:36.638469+00:00,,
43,cpu,end_to_end,1,824,1,0.0064329,6.4329,6432.9,155.45088529279175,10,2026-07-25T20:09:36.638469+00:00,,
43,cpu,end_to_end,1,825,1,0.0071456,7.1456,7145.6,139.9462606359158,10,2026-07-25T20:09:36.638469+00:00,,
43,cpu,end_to_end,1,826,1,0.0066257,6.6257,6625.7,150.9274491751815,10,2026-07-25T20:09:36.638469+00:00,,
43,cpu,end_to_end,1,827,1,0.0076284,7.628399999999999,7628.4,131.08908814430288,10,2026-07-25T20:09:36.638469+00:00,,
43,cpu,end_to_end,1,828,1,0.0068637,6.863700000000001,6863.700000000001,145.69401343298804,10,2026-07-25T20:09:36.638469+00:00,,
43,cpu,end_to_end,1,829,1,0.0069835,6.9835,6983.5,143.1946731581585,10,2026-07-25T20:09:36.638469+00:00,,
43,cpu,end_to_end,1,830,1,0.0066829,6.6829,6682.900000000001,149.6356372233611,10,2026-07-25T20:09:36.638469+00:00,,
43,cpu,end_to_end,1,831,1,0.0066475,6.6475,6647.5,150.43249341857842,10,2026-07-25T20:09:36.638469+00:00,,
43,cpu,end_to_end,1,832,1,0.0071869,7.1869000000000005,7186.900000000001,139.14205011896644,10,2026-07-25T20:09:36.638469+00:00,,
43,cpu,end_to_end,1,833,1,0.0066378,6.6378,6637.8,150.65232456536805,10,2026-07-25T20:09:36.638469+00:00,,
43,cpu,end_to_end,1,834,1,0.006883,6.883,6883.0,145.2854859799506,10,2026-07-25T20:09:36.638469+00:00,,
43,cpu,end_to_end,1,835,1,0.0066033,6.6033,6603.3,151.43943179925188,10,2026-07-25T20:09:36.638469+00:00,,
43,cpu,end_to_end,1,836,1,0.0068443,6.8443000000000005,6844.3,146.10697953041216,10,2026-07-25T20:09:36.638469+00:00,,
43,cpu,end_to_end,1,837,1,0.0067191,6.7191,6719.1,148.82945632599603,10,2026-07-25T20:09:36.638469+00:00,,
43,cpu,end_to_end,1,838,1,0.0067963,6.7963,6796.3,147.13888439297853,10,2026-07-25T20:09:36.638469+00:00,,
43,cpu,end_to_end,1,839,1,0.0072096,7.2096,7209.6,138.70395028850422,10,2026-07-25T20:09:36.638469+00:00,,
43,cpu,end_to_end,1,840,1,0.006373,6.373,6373.0,156.91197238349287,10,2026-07-25T20:09:36.638469+00:00,,
43,cpu,end_to_end,1,841,1,0.0067578,6.7578,6757.799999999999,147.9771523276806,10,2026-07-25T20:09:36.638469+00:00,,
43,cpu,end_to_end,1,842,1,0.0063824,6.3824,6382.4,156.68087239909752,10,2026-07-25T20:09:36.638469+00:00,,
43,cpu,end_to_end,1,843,1,0.0066675,6.6674999999999995,6667.5,149.98125234345707,10,2026-07-25T20:09:36.638469+00:00,,
43,cpu,end_to_end,1,844,1,0.0065958,6.5958,6595.8,151.61163164437977,10,2026-07-25T20:09:36.638469+00:00,,
43,cpu,end_to_end,1,845,1,0.0064049,6.4049,6404.9,156.13046261456074,10,2026-07-25T20:09:36.638469+00:00,,
43,cpu,end_to_end,1,846,1,0.0081209,8.1209,8120.900000000001,123.13906094152125,10,2026-07-25T20:09:36.638469+00:00,,
43,cpu,end_to_end,1,847,1,0.0068346,6.8346,6834.599999999999,146.31434173177655,10,2026-07-25T20:09:36.638469+00:00,,
43,cpu,end_to_end,1,848,1,0.0069108,6.9108,6910.8,144.70104763558487,10,2026-07-25T20:09:36.638469+00:00,,
43,cpu,end_to_end,1,849,1,0.0065875,6.5874999999999995,6587.5,151.80265654648957,10,2026-07-25T20:09:36.638469+00:00,,
43,cpu,end_to_end,1,850,1,0.0069282,6.9281999999999995,6928.2,144.33763459484427,10,2026-07-25T20:09:36.638469+00:00,,
43,cpu,end_to_end,1,851,1,0.0064306,6.4306,6430.599999999999,155.50648462040868,10,2026-07-25T20:09:36.638469+00:00,,
43,cpu,end_to_end,1,852,1,0.0061893,6.1893,6189.3,161.5691596788005,10,2026-07-25T20:09:36.638469+00:00,,
43,cpu,end_to_end,1,853,1,0.0067089,6.7089,6708.900000000001,149.05573193817168,10,2026-07-25T20:09:36.638469+00:00,,
43,cpu,end_to_end,1,854,1,0.0065439,6.5439,6543.9,152.8140711196687,10,2026-07-25T20:09:36.638469+00:00,,
43,cpu,end_to_end,1,855,1,0.0070479,7.0479,7047.900000000001,141.88623561628287,10,2026-07-25T20:09:36.638469+00:00,,
43,cpu,end_to_end,1,856,1,0.0066972,6.6972000000000005,6697.200000000001,149.3161321149137,10,2026-07-25T20:09:36.638469+00:00,,
43,cpu,end_to_end,1,857,1,0.0072854,7.2854,7285.4,137.2608230158948,10,2026-07-25T20:09:36.638469+00:00,,
43,cpu,end_to_end,1,858,1,0.0065647,6.564699999999999,6564.7,152.32988560025592,10,2026-07-25T20:09:36.638469+00:00,,
43,cpu,end_to_end,1,859,1,0.0066374,6.6373999999999995,6637.4,150.66140356163558,10,2026-07-25T20:09:36.638469+00:00,,
43,cpu,end_to_end,1,860,1,0.006975,6.9750000000000005,6975.0,143.36917562724014,10,2026-07-25T20:09:36.638469+00:00,,
43,cpu,end_to_end,1,861,1,0.0066672,6.6672,6667.2,149.9880009599232,10,2026-07-25T20:09:36.638469+00:00,,
43,cpu,end_to_end,1,862,1,0.0072243,7.2243,7224.3,138.42171559874313,10,2026-07-25T20:09:36.638469+00:00,,
43,cpu,end_to_end,1,863,1,0.006331,6.3309999999999995,6331.0,157.95293002685202,10,2026-07-25T20:09:36.638469+00:00,,
43,cpu,end_to_end,1,864,1,0.0068641,6.8641,6864.099999999999,145.68552322955668,10,2026-07-25T20:09:36.638469+00:00,,
43,cpu,end_to_end,1,865,1,0.0069372,6.9372,6937.2,144.1503776739895,10,2026-07-25T20:09:36.638469+00:00,,
43,cpu,end_to_end,1,866,1,0.0064703,6.4703,6470.3,154.55233914965302,10,2026-07-25T20:09:36.638469+00:00,,
43,cpu,end_to_end,1,867,1,0.0074019,7.4019,7401.900000000001,135.10044718248017,10,2026-07-25T20:09:36.638469+00:00,,
43,cpu,end_to_end,1,868,1,0.0065386,6.538600000000001,6538.6,152.9379377848469,10,2026-07-25T20:09:36.638469+00:00,,
43,cpu,end_to_end,1,869,1,0.0067631,6.7631000000000006,6763.1,147.8611879167837,10,2026-07-25T20:09:36.638469+00:00,,
43,cpu,end_to_end,1,870,1,0.0066992,6.699199999999999,6699.2,149.27155481251492,10,2026-07-25T20:09:36.638469+00:00,,
43,cpu,end_to_end,1,871,1,0.0069605,6.9605,6960.5,143.6678399540263,10,2026-07-25T20:09:36.638469+00:00,,
43,cpu,end_to_end,1,872,1,0.0067683,6.7683,6768.299999999999,147.74758802062556,10,2026-07-25T20:09:36.638469+00:00,,
43,cpu,end_to_end,1,873,1,0.006753,6.753,6753.0,148.08233377758032,10,2026-07-25T20:09:36.638469+00:00,,
43,cpu,end_to_end,1,874,1,0.0069187,6.918699999999999,6918.7,144.53582320378106,10,2026-07-25T20:09:36.638469+00:00,,
43,cpu,end_to_end,1,875,1,0.0071712,7.1712,7171.2,139.4466755912539,10,2026-07-25T20:09:36.638469+00:00,,
43,cpu,end_to_end,1,876,1,0.007148,7.148,7148.0,139.89927252378288,10,2026-07-25T20:09:36.638469+00:00,,
43,cpu,end_to_end,1,877,1,0.0066876,6.6876,6687.6,149.53047431066452,10,2026-07-25T20:09:36.638469+00:00,,
43,cpu,end_to_end,1,878,1,0.0068753,6.8753,6875.3,145.44819862406004,10,2026-07-25T20:09:36.638469+00:00,,
43,cpu,end_to_end,1,879,1,0.0070137,7.0137,7013.700000000001,142.5780971527154,10,2026-07-25T20:09:36.638469+00:00,,
43,cpu,end_to_end,1,880,1,0.0067419,6.7419,6741.900000000001,148.3261395155668,10,2026-07-25T20:09:36.638469+00:00,,
43,cpu,end_to_end,1,881,1,0.0068583,6.858300000000001,6858.3,145.8087281104647,10,2026-07-25T20:09:36.638469+00:00,,
43,cpu,end_to_end,1,882,1,0.0069485,6.9485,6948.5,143.9159530833993,10,2026-07-25T20:09:36.638469+00:00,,
43,cpu,end_to_end,1,883,1,0.0066604,6.6604,6660.400000000001,150.14113266470483,10,2026-07-25T20:09:36.638469+00:00,,
43,cpu,end_to_end,1,884,1,0.0069694,6.969399999999999,6969.4,143.48437455161132,10,2026-07-25T20:09:36.638469+00:00,,
43,cpu,end_to_end,1,885,1,0.006604,6.603999999999999,6604.0,151.42337976983646,10,2026-07-25T20:09:36.638469+00:00,,
43,cpu,end_to_end,1,886,1,0.0072505,7.2505,7250.5,137.92152265361008,10,2026-07-25T20:09:36.638469+00:00,,
43,cpu,end_to_end,1,887,1,0.0067631,6.7631000000000006,6763.1,147.8611879167837,10,2026-07-25T20:09:36.638469+00:00,,
43,cpu,end_to_end,1,888,1,0.0068642,6.8642,6864.2,145.68340083330907,10,2026-07-25T20:09:36.638469+00:00,,
43,cpu,end_to_end,1,889,1,0.0066928,6.692799999999999,6692.799999999999,149.41429595983743,10,2026-07-25T20:09:36.638469+00:00,,
43,cpu,end_to_end,1,890,1,0.0065764,6.5764,6576.4,152.05887719725078,10,2026-07-25T20:09:36.638469+00:00,,
43,cpu,end_to_end,1,891,1,0.0068613,6.8613,6861.3,145.74497544197163,10,2026-07-25T20:09:36.638469+00:00,,
43,cpu,end_to_end,1,892,1,0.0066194,6.6194,6619.400000000001,151.07109405686316,10,2026-07-25T20:09:36.638469+00:00,,
43,cpu,end_to_end,1,893,1,0.0072912,7.2912,7291.200000000001,137.15163484748737,10,2026-07-25T20:09:36.638469+00:00,,
43,cpu,end_to_end,1,894,1,0.0066241,6.6241,6624.1,150.9639045304268,10,2026-07-25T20:09:36.638469+00:00,,
43,cpu,end_to_end,1,895,1,0.0068061,6.8061,6806.099999999999,146.9270213484962,10,2026-07-25T20:09:36.638469+00:00,,
43,cpu,end_to_end,1,896,1,0.0071728,7.1728,7172.8,139.41556993084987,10,2026-07-25T20:09:36.638469+00:00,,
43,cpu,end_to_end,1,897,1,0.0066916,6.6916,6691.599999999999,149.44109032219498,10,2026-07-25T20:09:36.638469+00:00,,
43,cpu,end_to_end,1,898,1,0.0070178,7.0178,7017.8,142.4947989398387,10,2026-07-25T20:09:36.638469+00:00,,
43,cpu,end_to_end,1,899,1,0.0066433,6.6433,6643.3,150.5275992353198,10,2026-07-25T20:09:36.638469+00:00,,
43,cpu,end_to_end,1,900,1,0.0068795,6.8795,6879.5,145.35940111926737,10,2026-07-25T20:09:36.638469+00:00,,
43,cpu,end_to_end,1,901,1,0.006642,6.642,6642.0,150.55706112616681,10,2026-07-25T20:09:36.638469+00:00,,
43,cpu,end_to_end,1,902,1,0.0066716,6.6716,6671.599999999999,149.88908207926136,10,2026-07-25T20:09:36.638469+00:00,,
43,cpu,end_to_end,1,903,1,0.0067484,6.7484,6748.4,148.18327307213562,10,2026-07-25T20:09:36.638469+00:00,,
43,cpu,end_to_end,1,904,1,0.006459,6.4590000000000005,6459.0,154.82272797646695,10,2026-07-25T20:09:36.638469+00:00,,
43,cpu,end_to_end,1,905,1,0.0071105,7.1105,7110.5,140.6370859995781,10,2026-07-25T20:09:36.638469+00:00,,
43,cpu,end_to_end,1,906,1,0.0064136,6.413600000000001,6413.6,155.91867282025694,10,2026-07-25T20:09:36.638469+00:00,,
43,cpu,end_to_end,1,907,1,0.0065883,6.5883,6588.3,151.78422354780443,10,2026-07-25T20:09:36.638469+00:00,,
43,cpu,end_to_end,1,908,1,0.0061936,6.1936,6193.599999999999,161.45698785843453,10,2026-07-25T20:09:36.638469+00:00,,
43,cpu,end_to_end,1,909,1,0.0062522,6.2522,6252.200000000001,159.94369981766417,10,2026-07-25T20:09:36.638469+00:00,,
43,cpu,end_to_end,1,910,1,0.0067588,6.7588,6758.799999999999,147.95525832988105,10,2026-07-25T20:09:36.638469+00:00,,
43,cpu,end_to_end,1,911,1,0.0065264,6.5264,6526.4,153.22382936994362,10,2026-07-25T20:09:36.638469+00:00,,
43,cpu,end_to_end,1,912,1,0.0068821,6.8821,6882.1,145.3044855494689,10,2026-07-25T20:09:36.638469+00:00,,
43,cpu,end_to_end,1,913,1,0.0065051,6.5051,6505.099999999999,153.72553842369834,10,2026-07-25T20:09:36.638469+00:00,,
43,cpu,end_to_end,1,914,1,0.0068396,6.839600000000001,6839.6,146.2073805485701,10,2026-07-25T20:09:36.638469+00:00,,
43,cpu,end_to_end,1,915,1,0.006908,6.908,6908.0,144.75969889982628,10,2026-07-25T20:09:36.638469+00:00,,
43,cpu,end_to_end,1,916,1,0.0062774,6.2774,6277.4,159.30162169050882,10,2026-07-25T20:09:36.638469+00:00,,
43,cpu,end_to_end,1,917,1,0.0072045,7.2045,7204.5,138.8021375529183,10,2026-07-25T20:09:36.638469+00:00,,
43,cpu,end_to_end,1,918,1,0.0063148,6.3148,6314.8,158.35814277570154,10,2026-07-25T20:09:36.638469+00:00,,
43,cpu,end_to_end,1,919,1,0.0066192,6.6192,6619.200000000001,151.0756586898719,10,2026-07-25T20:09:36.638469+00:00,,
43,cpu,end_to_end,1,920,1,0.0068105,6.810499999999999,6810.5,146.83209749651274,10,2026-07-25T20:09:36.638469+00:00,,
43,cpu,end_to_end,1,921,1,0.0066374,6.6373999999999995,6637.4,150.66140356163558,10,2026-07-25T20:09:36.638469+00:00,,
43,cpu,end_to_end,1,922,1,0.0073567,7.3567,7356.7,135.93051232210095,10,2026-07-25T20:09:36.638469+00:00,,
43,cpu,end_to_end,1,923,1,0.0064581,6.4581,6458.099999999999,154.84430405227545,10,2026-07-25T20:09:36.638469+00:00,,
43,cpu,end_to_end,1,924,1,0.0072078,7.207800000000001,7207.8,138.7385887510752,10,2026-07-25T20:09:36.638469+00:00,,
43,cpu,end_to_end,1,925,1,0.0067813,6.7813,6781.299999999999,147.46435049326826,10,2026-07-25T20:09:36.638469+00:00,,
43,cpu,end_to_end,1,926,1,0.0069288,6.9288,6928.799999999999,144.32513566562753,10,2026-07-25T20:09:36.638469+00:00,,
43,cpu,end_to_end,1,927,1,0.0065811,6.5811,6581.1,151.95028186777284,10,2026-07-25T20:09:36.638469+00:00,,
43,cpu,end_to_end,1,928,1,0.0066635,6.6635,6663.5,150.07128385983341,10,2026-07-25T20:09:36.638469+00:00,,
43,cpu,end_to_end,1,929,1,0.0066825,6.6825,6682.5,149.64459408903852,10,2026-07-25T20:09:36.638469+00:00,,
43,cpu,end_to_end,1,930,1,0.0065656,6.565600000000001,6565.6,152.30900450834653,10,2026-07-25T20:09:36.638469+00:00,,
43,cpu,end_to_end,1,931,1,0.0070207,7.020700000000001,7020.700000000001,142.43593943623856,10,2026-07-25T20:09:36.638469+00:00,,
43,cpu,end_to_end,1,932,1,0.0064174,6.4174,6417.400000000001,155.82634711877083,10,2026-07-25T20:09:36.638469+00:00,,
43,cpu,end_to_end,1,933,1,0.007537,7.537,7537.0,132.67878466233248,10,2026-07-25T20:09:36.638469+00:00,,
43,cpu,end_to_end,1,934,1,0.0070742,7.0742,7074.2,141.35874021090723,10,2026-07-25T20:09:36.638469+00:00,,
43,cpu,end_to_end,1,935,1,0.0071067,7.1067,7106.7,140.71228558965484,10,2026-07-25T20:09:36.638469+00:00,,
43,cpu,end_to_end,1,936,1,0.0068452,6.8452,6845.2,146.08776953193478,10,2026-07-25T20:09:36.638469+00:00,,
43,cpu,end_to_end,1,937,1,0.0062231,6.2231,6223.099999999999,160.69161671835582,10,2026-07-25T20:09:36.638469+00:00,,
43,cpu,end_to_end,1,938,1,0.0066042,6.6042000000000005,6604.2,151.41879410072377,10,2026-07-25T20:09:36.638469+00:00,,
43,cpu,end_to_end,1,939,1,0.0062532,6.2532000000000005,6253.200000000001,159.91812192157613,10,2026-07-25T20:09:36.638469+00:00,,
43,cpu,end_to_end,1,940,1,0.0069036,6.9036,6903.6,144.85196129555592,10,2026-07-25T20:09:36.638469+00:00,,
43,cpu,end_to_end,1,941,1,0.0065363,6.5363,6536.3,152.99175374447316,10,2026-07-25T20:09:36.638469+00:00,,
43,cpu,end_to_end,1,942,1,0.0065429,6.5428999999999995,6542.9,152.83742682908192,10,2026-07-25T20:09:36.638469+00:00,,
43,cpu,end_to_end,1,943,1,0.0074816,7.481599999999999,7481.599999999999,133.66124893071,10,2026-07-25T20:09:36.638469+00:00,,
43,cpu,end_to_end,1,944,1,0.0067217,6.721699999999999,6721.7,148.77188806403143,10,2026-07-25T20:09:36.638469+00:00,,
43,cpu,end_to_end,1,945,1,0.0068705,6.8705,6870.5,145.54981442398662,10,2026-07-25T20:09:36.638469+00:00,,
43,cpu,end_to_end,1,946,1,0.0066362,6.6362,6636.2,150.68864711732618,10,2026-07-25T20:09:36.638469+00:00,,
43,cpu,end_to_end,1,947,1,0.0068659,6.8659,6865.900000000001,145.64732955621258,10,2026-07-25T20:09:36.638469+00:00,,
43,cpu,end_to_end,1,948,1,0.0066913,6.6913,6691.3,149.44779041441873,10,2026-07-25T20:09:36.638469+00:00,,
43,cpu,end_to_end,1,949,1,0.0062697,6.269699999999999,6269.7,159.49726462191174,10,2026-07-25T20:09:36.638469+00:00,,
43,cpu,end_to_end,1,950,1,0.0065514,6.5514,6551.4,152.6391305675123,10,2026-07-25T20:09:36.638469+00:00,,
43,cpu,end_to_end,1,951,1,0.0062629,6.2629,6262.9,159.67044021140367,10,2026-07-25T20:09:36.638469+00:00,,
43,cpu,end_to_end,1,952,1,0.0065196,6.5196000000000005,6519.6,153.38364316829254,10,2026-07-25T20:09:36.638469+00:00,,
43,cpu,end_to_end,1,953,1,0.0068243,6.8243,6824.3,146.53517576894333,10,2026-07-25T20:09:36.638469+00:00,,
43,cpu,end_to_end,1,954,1,0.0072138,7.2138,7213.8,138.62319443289252,10,2026-07-25T20:09:36.638469+00:00,,
43,cpu,end_to_end,1,955,1,0.0074249,7.4249,7424.9,134.68194857843204,10,2026-07-25T20:09:36.638469+00:00,,
43,cpu,end_to_end,1,956,1,0.0070225,7.0225,7022.5,142.3994304022784,10,2026-07-25T20:09:36.638469+00:00,,
43,cpu,end_to_end,1,957,1,0.0067268,6.7268,6726.8,148.65909496342988,10,2026-07-25T20:09:36.638469+00:00,,
43,cpu,end_to_end,1,958,1,0.0069743,6.9743,6974.3,143.38356537573662,10,2026-07-25T20:09:36.638469+00:00,,
43,cpu,end_to_end,1,959,1,0.0065297,6.5297,6529.7,153.14639263672143,10,2026-07-25T20:09:36.638469+00:00,,
43,cpu,end_to_end,1,960,1,0.0065474,6.5474,6547.400000000001,152.7323823196994,10,2026-07-25T20:09:36.638469+00:00,,
43,cpu,end_to_end,1,961,1,0.0063203,6.3203000000000005,6320.3,158.22033764220052,10,2026-07-25T20:09:36.638469+00:00,,
43,cpu,end_to_end,1,962,1,0.0067688,6.768800000000001,6768.8,147.73667415199148,10,2026-07-25T20:09:36.638469+00:00,,
43,cpu,end_to_end,1,963,1,0.0068189,6.8189,6818.900000000001,146.65121940488936,10,2026-07-25T20:09:36.638469+00:00,,
43,cpu,end_to_end,1,964,1,0.0064589,6.4589,6458.9,154.82512502128844,10,2026-07-25T20:09:36.638469+00:00,,
43,cpu,end_to_end,1,965,1,0.0066363,6.6363,6636.3,150.68637644470562,10,2026-07-25T20:09:36.638469+00:00,,
43,cpu,end_to_end,1,966,1,0.0065595,6.5595,6559.5,152.45064410397134,10,2026-07-25T20:09:36.638469+00:00,,
43,cpu,end_to_end,1,967,1,0.0070462,7.0462,7046.2,141.92046776986177,10,2026-07-25T20:09:36.638469+00:00,,
43,cpu,end_to_end,1,968,1,0.0068188,6.8187999999999995,6818.8,146.65337009444477,10,2026-07-25T20:09:36.638469+00:00,,
43,cpu,end_to_end,1,969,1,0.0067791,6.7791,6779.099999999999,147.51220663509906,10,2026-07-25T20:09:36.638469+00:00,,
43,cpu,end_to_end,1,970,1,0.0069514,6.9514,6951.4,143.85591391662112,10,2026-07-25T20:09:36.638469+00:00,,
43,cpu,end_to_end,1,971,1,0.0064533,6.4533000000000005,6453.3,154.95947809647777,10,2026-07-25T20:09:36.638469+00:00,,
43,cpu,end_to_end,1,972,1,0.0070248,7.0248,7024.8,142.35280719735792,10,2026-07-25T20:09:36.638469+00:00,,
43,cpu,end_to_end,1,973,1,0.0064628,6.4628000000000005,6462.8,154.73169524045304,10,2026-07-25T20:09:36.638469+00:00,,
43,cpu,end_to_end,1,974,1,0.006407,6.407,6407.0,156.07928827844543,10,2026-07-25T20:09:36.638469+00:00,,
43,cpu,end_to_end,1,975,1,0.0062829,6.2829,6282.900000000001,159.1621703353547,10,2026-07-25T20:09:36.638469+00:00,,
43,cpu,end_to_end,1,976,1,0.0063412,6.3412,6341.2,157.6988582602662,10,2026-07-25T20:09:36.638469+00:00,,
43,cpu,end_to_end,1,977,1,0.0064126,6.4126,6412.6,155.94298724386366,10,2026-07-25T20:09:36.638469+00:00,,
43,cpu,end_to_end,1,978,1,0.0061916,6.1916,6191.6,161.5091414174042,10,2026-07-25T20:09:36.638469+00:00,,
43,cpu,end_to_end,1,979,1,0.0066202,6.6202,6620.2,151.05283828283135,10,2026-07-25T20:09:36.638469+00:00,,
43,cpu,end_to_end,1,980,1,0.0064932,6.4932,6493.2,154.00726914310354,10,2026-07-25T20:09:36.638469+00:00,,
43,cpu,end_to_end,1,981,1,0.0065207,6.5207,6520.7,153.35776833775515,10,2026-07-25T20:09:36.638469+00:00,,
43,cpu,end_to_end,1,982,1,0.0067416,6.7416,6741.6,148.33274000237333,10,2026-07-25T20:09:36.638469+00:00,,
43,cpu,end_to_end,1,983,1,0.0061415,6.141500000000001,6141.5,162.82667100871123,10,2026-07-25T20:09:36.638469+00:00,,
43,cpu,end_to_end,1,984,1,0.0069566,6.9566,6956.6,143.74838283069315,10,2026-07-25T20:09:36.638469+00:00,,
43,cpu,end_to_end,1,985,1,0.0068274,6.8274,6827.4,146.4686410639482,10,2026-07-25T20:09:36.638469+00:00,,
43,cpu,end_to_end,1,986,1,0.007223,7.223,7223.0,138.44662882458812,10,2026-07-25T20:09:36.638469+00:00,,
43,cpu,end_to_end,1,987,1,0.0067764,6.7764,6776.400000000001,147.57098164216987,10,2026-07-25T20:09:36.638469+00:00,,
43,cpu,end_to_end,1,988,1,0.0065395,6.5395,6539.5,152.9168896704641,10,2026-07-25T20:09:36.638469+00:00,,
43,cpu,end_to_end,1,989,1,0.0069207,6.9207,6920.7,144.49405406967503,10,2026-07-25T20:09:36.638469+00:00,,
43,cpu,end_to_end,1,990,1,0.0065875,6.5874999999999995,6587.5,151.80265654648957,10,2026-07-25T20:09:36.638469+00:00,,
43,cpu,end_to_end,1,991,1,0.0076238,7.6238,7623.8,131.16818384532647,10,2026-07-25T20:09:36.638469+00:00,,
43,cpu,end_to_end,1,992,1,0.0065976,6.5976,6597.6,151.57026797623377,10,2026-07-25T20:09:36.638469+00:00,,
43,cpu,end_to_end,1,993,1,0.0065068,6.5068,6506.8,153.68537529968648,10,2026-07-25T20:09:36.638469+00:00,,
43,cpu,end_to_end,1,994,1,0.0062934,6.2934,6293.400000000001,158.8966218578193,10,2026-07-25T20:09:36.638469+00:00,,
43,cpu,end_to_end,1,995,1,0.0062917,6.2917,6291.7,158.9395552871243,10,2026-07-25T20:09:36.638469+00:00,,
43,cpu,end_to_end,1,996,1,0.0070509,7.0508999999999995,7050.9,141.82586620147782,10,2026-07-25T20:09:36.638469+00:00,,
43,cpu,end_to_end,1,997,1,0.0068837,6.8837,6883.700000000001,145.27071197175937,10,2026-07-25T20:09:36.638469+00:00,,
43,cpu,end_to_end,1,998,1,0.0066809,6.6809,6680.9,149.6804322770884,10,2026-07-25T20:09:36.638469+00:00,,
43,cpu,end_to_end,1,999,1,0.0065541,6.5541,6554.1,152.57624998092797,10,2026-07-25T20:09:36.638469+00:00,,
43,cpu,model_only,32,0,32,0.0071288,7.1288,222.775,4488.834025361912,10,2026-07-25T20:09:36.638469+00:00,,
43,cpu,model_only,32,1,32,0.0068271,6.8271,213.346875,4687.202472499304,10,2026-07-25T20:09:36.638469+00:00,,
43,cpu,model_only,32,2,32,0.007221,7.221,225.65625,4431.519180168952,10,2026-07-25T20:09:36.638469+00:00,,
43,cpu,model_only,32,3,32,0.0066686,6.6686000000000005,208.39375,4798.6084035629665,10,2026-07-25T20:09:36.638469+00:00,,
43,cpu,model_only,32,4,32,0.0066676,6.6676,208.3625,4799.328094066831,10,2026-07-25T20:09:36.638469+00:00,,
43,cpu,model_only,32,5,32,0.0077252,7.7252,241.4125,4142.287578315125,10,2026-07-25T20:09:36.638469+00:00,,
43,cpu,model_only,32,6,32,0.0067155,6.7155000000000005,209.859375,4765.095674186583,10,2026-07-25T20:09:36.638469+00:00,,
43,cpu,model_only,32,7,32,0.007556,7.556,236.125,4235.044997353097,10,2026-07-25T20:09:36.638469+00:00,,
43,cpu,model_only,32,8,32,0.0064005,6.4005,200.015625,4999.609405515194,10,2026-07-25T20:09:36.638469+00:00,,
43,cpu,model_only,32,9,32,0.0068331,6.8331,213.534375,4683.086739547204,10,2026-07-25T20:09:36.638469+00:00,,
43,cpu,model_only,32,10,32,0.0067257,6.725700000000001,210.178125,4757.869069390546,10,2026-07-25T20:09:36.638469+00:00,,
43,cpu,model_only,32,11,32,0.006622,6.622,206.9375,4832.376925400181,10,2026-07-25T20:09:36.638469+00:00,,
43,cpu,model_only,32,12,32,0.0069368,6.9368,216.775,4613.078076346442,10,2026-07-25T20:09:36.638469+00:00,,
43,cpu,model_only,32,13,32,0.0064335,6.4334999999999996,201.046875,4973.964405067226,10,2026-07-25T20:09:36.638469+00:00,,
43,cpu,model_only,32,14,32,0.0065909,6.5909,205.96562500000002,4855.179110591876,10,2026-07-25T20:09:36.638469+00:00,,
43,cpu,model_only,32,15,32,0.0062775,6.2775,196.171875,5097.570688968538,10,2026-07-25T20:09:36.638469+00:00,,
43,cpu,model_only,32,16,32,0.0067079,6.7079,209.62187500000002,4770.4944915696415,10,2026-07-25T20:09:36.638469+00:00,,
43,cpu,model_only,32,17,32,0.0063541,6.3541,198.56562499999998,5036.118411734156,10,2026-07-25T20:09:36.638469+00:00,,
43,cpu,model_only,32,18,32,0.0061345,6.1345,191.703125,5216.399054527671,10,2026-07-25T20:09:36.638469+00:00,,
43,cpu,model_only,32,19,32,0.006431,6.431,200.96875,4975.897994091121,10,2026-07-25T20:09:36.638469+00:00,,
43,cpu,model_only,32,20,32,0.0064814,6.4814,202.54375,4937.204924861912,10,2026-07-25T20:09:36.638469+00:00,,
43,cpu,model_only,32,21,32,0.0071271,7.1270999999999995,222.721875,4489.904729834014,10,2026-07-25T20:09:36.638469+00:00,,
43,cpu,model_only,32,22,32,0.0071369,7.1369,223.028125,4483.7394386918695,10,2026-07-25T20:09:36.638469+00:00,,
43,cpu,model_only,32,23,32,0.006736,6.736,210.5,4750.593824228029,10,2026-07-25T20:09:36.638469+00:00,,
43,cpu,model_only,32,24,32,0.0071985,7.1985,224.953125,4445.370563311801,10,2026-07-25T20:09:36.638469+00:00,,
43,cpu,model_only,32,25,32,0.0078088,7.808800000000001,244.025,4097.94078475566,10,2026-07-25T20:09:36.638469+00:00,,
43,cpu,model_only,32,26,32,0.0069131,6.9131,216.034375,4628.892971315328,10,2026-07-25T20:09:36.638469+00:00,,
43,cpu,model_only,32,27,32,0.0069943,6.9943,218.571875,4575.154054015413,10,2026-07-25T20:09:36.638469+00:00,,
43,cpu,model_only,32,28,32,0.0065535,6.5535000000000005,204.796875,4882.887006942855,10,2026-07-25T20:09:36.638469+00:00,,
43,cpu,model_only,32,29,32,0.0071761,7.1761,224.253125,4459.24666601636,10,2026-07-25T20:09:36.638469+00:00,,
43,cpu,model_only,32,30,32,0.006542,6.542,204.4375,4891.470498318557,10,2026-07-25T20:09:36.638469+00:00,,
43,cpu,model_only,32,31,32,0.0069247,6.9247,216.396875,4621.138821898422,10,2026-07-25T20:09:36.638469+00:00,,
43,cpu,model_only,32,32,32,0.0065323,6.5323,204.134375,4898.7339834361555,10,2026-07-25T20:09:36.638469+00:00,,
43,cpu,model_only,32,33,32,0.0068963,6.8963,215.509375,4640.169366181865,10,2026-07-25T20:09:36.638469+00:00,,
43,cpu,model_only,32,34,32,0.0069486,6.9486,217.14375,4605.244221857641,10,2026-07-25T20:09:36.638469+00:00,,
43,cpu,model_only,32,35,32,0.0065459,6.5459000000000005,204.55937500000002,4888.556195481141,10,2026-07-25T20:09:36.638469+00:00,,
43,cpu,model_only,32,36,32,0.0067925,6.7924999999999995,212.265625,4711.0783952889215,10,2026-07-25T20:09:36.638469+00:00,,
43,cpu,model_only,32,37,32,0.0066071,6.6071,206.471875,4843.274659078869,10,2026-07-25T20:09:36.638469+00:00,,
43,cpu,model_only,32,38,32,0.0073238,7.3238,228.86875,4369.316475053934,10,2026-07-25T20:09:36.638469+00:00,,
43,cpu,model_only,32,39,32,0.0067306,6.7306,210.33124999999998,4754.405253617805,10,2026-07-25T20:09:36.638469+00:00,,
43,cpu,model_only,32,40,32,0.0068141,6.8141,212.940625,4696.144758662186,10,2026-07-25T20:09:36.638469+00:00,,
43,cpu,model_only,32,41,32,0.006916,6.916,216.125,4626.951995373048,10,2026-07-25T20:09:36.638469+00:00,,
43,cpu,model_only,32,42,32,0.0065284,6.5284,204.01250000000002,4901.660437473194,10,2026-07-25T20:09:36.638469+00:00,,
43,cpu,model_only,32,43,32,0.0071497,7.1497,223.428125,4475.712267647594,10,2026-07-25T20:09:36.638469+00:00,,
43,cpu,model_only,32,44,32,0.0066389,6.6389,207.465625,4820.07561493621,10,2026-07-25T20:09:36.638469+00:00,,
43,cpu,model_only,32,45,32,0.007394,7.394,231.0625,4327.833378414931,10,2026-07-25T20:09:36.638469+00:00,,
43,cpu,model_only,32,46,32,0.0066951,6.6951,209.22187499999998,4779.614942271213,10,2026-07-25T20:09:36.638469+00:00,,
43,cpu,model_only,32,47,32,0.006211,6.211,194.09375,5152.149412332958,10,2026-07-25T20:09:36.638469+00:00,,
43,cpu,model_only,32,48,32,0.0070208,7.0207999999999995,219.4,4557.88514129444,10,2026-07-25T20:09:36.638469+00:00,,
43,cpu,model_only,32,49,32,0.0066169,6.6169,206.77812500000002,4836.101497680183,10,2026-07-25T20:09:36.638469+00:00,,
43,cpu,model_only,32,50,32,0.0068266,6.8266,213.33125,4687.545776814227,10,2026-07-25T20:09:36.638469+00:00,,
43,cpu,model_only,32,51,32,0.0064408,6.4408,201.275,4968.326915911067,10,2026-07-25T20:09:36.638469+00:00,,
43,cpu,model_only,32,52,32,0.0065498,6.549799999999999,204.68124999999998,4885.645363217198,10,2026-07-25T20:09:36.638469+00:00,,
43,cpu,model_only,32,53,32,0.0065124,6.5123999999999995,203.5125,4913.703089490818,10,2026-07-25T20:09:36.638469+00:00,,
43,cpu,model_only,32,54,32,0.0064706,6.4706,202.20625,4945.445553735357,10,2026-07-25T20:09:36.638469+00:00,,
43,cpu,model_only,32,55,32,0.006482,6.482,202.5625,4936.7479173094725,10,2026-07-25T20:09:36.638469+00:00,,
43,cpu,model_only,32,56,32,0.0064022,6.402200000000001,200.06875,4998.281840617287,10,2026-07-25T20:09:36.638469+00:00,,
43,cpu,model_only,32,57,32,0.0070485,7.0485,220.265625,4539.973043910052,10,2026-07-25T20:09:36.638469+00:00,,
43,cpu,model_only,32,58,32,0.0067983,6.7983,212.446875,4707.059117720606,10,2026-07-25T20:09:36.638469+00:00,,
43,cpu,model_only,32,59,32,0.006382,6.382,199.4375,5014.102162331557,10,2026-07-25T20:09:36.638469+00:00,,
43,cpu,model_only,32,60,32,0.0075028,7.5028,234.46249999999998,4265.074372234366,10,2026-07-25T20:09:36.638469+00:00,,
43,cpu,model_only,32,61,32,0.0067201,6.7200999999999995,210.00312499999998,4761.833901281231,10,2026-07-25T20:09:36.638469+00:00,,
43,cpu,model_only,32,62,32,0.0069596,6.9596,217.48749999999998,4597.965400310362,10,2026-07-25T20:09:36.638469+00:00,,
43,cpu,model_only,32,63,32,0.0065832,6.5832,205.725,4860.8579414266615,10,2026-07-25T20:09:36.638469+00:00,,
43,cpu,model_only,32,64,32,0.0071821,7.1821,224.440625,4455.521365617298,10,2026-07-25T20:09:36.638469+00:00,,
43,cpu,model_only,32,65,32,0.0064128,6.4128,200.4,4990.0199600798405,10,2026-07-25T20:09:36.638469+00:00,,
43,cpu,model_only,32,66,32,0.0066016,6.6016,206.3,4847.309743092584,10,2026-07-25T20:09:36.638469+00:00,,
43,cpu,model_only,32,67,32,0.007079,7.079000000000001,221.21875,4520.412487639497,10,2026-07-25T20:09:36.638469+00:00,,
43,cpu,model_only,32,68,32,0.0066984,6.6984,209.32500000000002,4777.260241251642,10,2026-07-25T20:09:36.638469+00:00,,
43,cpu,model_only,32,69,32,0.0074456,7.4456,232.675,4297.840335231546,10,2026-07-25T20:09:36.638469+00:00,,
43,cpu,model_only,32,70,32,0.0069854,6.9854,218.29375000000002,4580.983193517909,10,2026-07-25T20:09:36.638469+00:00,,
43,cpu,model_only,32,71,32,0.0074695,7.469499999999999,233.421875,4284.088627083473,10,2026-07-25T20:09:36.638469+00:00,,
43,cpu,model_only,32,72,32,0.0077424,7.7424,241.95,4133.08534821244,10,2026-07-25T20:09:36.638469+00:00,,
43,cpu,model_only,32,73,32,0.0073763,7.3763,230.50937499999998,4338.2183479522255,10,2026-07-25T20:09:36.638469+00:00,,
43,cpu,model_only,32,74,32,0.0067328,6.7328,210.39999999999998,4752.851711026617,10,2026-07-25T20:09:36.638469+00:00,,
43,cpu,model_only,32,75,32,0.0073953,7.3953,231.10312499999998,4327.07260016497,10,2026-07-25T20:09:36.638469+00:00,,
43,cpu,model_only,32,76,32,0.00752,7.52,235.0,4255.319148936171,10,2026-07-25T20:09:36.638469+00:00,,
43,cpu,model_only,32,77,32,0.007055,7.055,220.46875,4535.790219702339,10,2026-07-25T20:09:36.638469+00:00,,
43,cpu,model_only,32,78,32,0.0068177,6.8177,213.05312500000002,4693.665018994676,10,2026-07-25T20:09:36.638469+00:00,,
43,cpu,model_only,32,79,32,0.0075876,7.5876,237.11249999999998,4217.407348832306,10,2026-07-25T20:09:36.638469+00:00,,
43,cpu,model_only,32,80,32,0.00734,7.34,229.375,4359.673024523161,10,2026-07-25T20:09:36.638469+00:00,,
43,cpu,model_only,32,81,32,0.0068623,6.8623,214.446875,4663.159582064322,10,2026-07-25T20:09:36.638469+00:00,,
43,cpu,model_only,32,82,32,0.0068075,6.8075,212.734375,4700.697759823724,10,2026-07-25T20:09:36.638469+00:00,,
43,cpu,model_only,32,83,32,0.0073242,7.3242,228.88125000000002,4369.0778515059665,10,2026-07-25T20:09:36.638469+00:00,,
43,cpu,model_only,32,84,32,0.0071426,7.1426,223.20624999999998,4480.161285806289,10,2026-07-25T20:09:36.638469+00:00,,
43,cpu,model_only,32,85,32,0.0071731,7.1731,224.159375,4461.111653260097,10,2026-07-25T20:09:36.638469+00:00,,
43,cpu,model_only,32,86,32,0.0075306,7.5306,235.33125,4249.329402703635,10,2026-07-25T20:09:36.638469+00:00,,
43,cpu,model_only,32,87,32,0.0071215,7.1215,222.546875,4493.435371761567,10,2026-07-25T20:09:36.638469+00:00,,
43,cpu,model_only,32,88,32,0.006343,6.343,198.21875,5044.931420463503,10,2026-07-25T20:09:36.638469+00:00,,
43,cpu,model_only,32,89,32,0.0065814,6.5814,205.66875000000002,4862.187376546023,10,2026-07-25T20:09:36.638469+00:00,,
43,cpu,model_only,32,90,32,0.0068078,6.8078,212.74375,4700.490613707806,10,2026-07-25T20:09:36.638469+00:00,,
43,cpu,model_only,32,91,32,0.0066253,6.6253,207.040625,4829.9699636242885,10,2026-07-25T20:09:36.638469+00:00,,
43,cpu,model_only,32,92,32,0.0066665,6.6665,208.328125,4800.1200030000755,10,2026-07-25T20:09:36.638469+00:00,,
43,cpu,model_only,32,93,32,0.0064864,6.4864,202.7,4933.39911198816,10,2026-07-25T20:09:36.638469+00:00,,
43,cpu,model_only,32,94,32,0.0072166,7.2166,225.51875,4434.221101349666,10,2026-07-25T20:09:36.638469+00:00,,
43,cpu,model_only,32,95,32,0.0065519,6.5519,204.74687500000002,4884.079427341687,10,2026-07-25T20:09:36.638469+00:00,,
43,cpu,model_only,32,96,32,0.0069171,6.9171,216.15937499999998,4626.216188865276,10,2026-07-25T20:09:36.638469+00:00,,
43,cpu,model_only,32,97,32,0.0065504,6.5504,204.7,4885.197850512946,10,2026-07-25T20:09:36.638469+00:00,,
43,cpu,model_only,32,98,32,0.0069201,6.920100000000001,216.253125,4624.210632794324,10,2026-07-25T20:09:36.638469+00:00,,
43,cpu,model_only,32,99,32,0.0073243,7.3243,228.884375,4369.018199691438,10,2026-07-25T20:09:36.638469+00:00,,
43,cpu,end_to_end,32,0,32,0.0065822,6.5822,205.69375,4861.596426726626,10,2026-07-25T20:09:36.638469+00:00,,
43,cpu,end_to_end,32,1,32,0.0064536,6.453600000000001,201.675,4958.472790380562,10,2026-07-25T20:09:36.638469+00:00,,
43,cpu,end_to_end,32,2,32,0.0067207,6.7207,210.021875,4761.408781823322,10,2026-07-25T20:09:36.638469+00:00,,
43,cpu,end_to_end,32,3,32,0.0064189,6.4189,200.590625,4985.277851345246,10,2026-07-25T20:09:36.638469+00:00,,
43,cpu,end_to_end,32,4,32,0.0066274,6.627400000000001,207.10625000000002,4828.439508706279,10,2026-07-25T20:09:36.638469+00:00,,
43,cpu,end_to_end,32,5,32,0.0063123,6.3123,197.259375,5069.4675474866535,10,2026-07-25T20:09:36.638469+00:00,,
43,cpu,end_to_end,32,6,32,0.0068539,6.853899999999999,214.184375,4668.874655305739,10,2026-07-25T20:09:36.638469+00:00,,
43,cpu,end_to_end,32,7,32,0.0065073,6.5073,203.35312499999998,4917.554131513839,10,2026-07-25T20:09:36.638469+00:00,,
43,cpu,end_to_end,32,8,32,0.0064978,6.4978,203.05625,4924.743759426267,10,2026-07-25T20:09:36.638469+00:00,,
43,cpu,end_to_end,32,9,32,0.0068945,6.8945,215.453125,4641.380810791211,10,2026-07-25T20:09:36.638469+00:00,,
43,cpu,end_to_end,32,10,32,0.0066316,6.6316,207.23749999999998,4825.381506725375,10,2026-07-25T20:09:36.638469+00:00,,
43,cpu,end_to_end,32,11,32,0.0068638,6.8637999999999995,214.49375,4662.140505259477,10,2026-07-25T20:09:36.638469+00:00,,
43,cpu,end_to_end,32,12,32,0.0064869,6.4869,202.71562500000002,4933.01885338143,10,2026-07-25T20:09:36.638469+00:00,,
43,cpu,end_to_end,32,13,32,0.0066844,6.6844,208.8875,4787.265872778409,10,2026-07-25T20:09:36.638469+00:00,,
43,cpu,end_to_end,32,14,32,0.0069585,6.9585,217.453125,4598.692246892289,10,2026-07-25T20:09:36.638469+00:00,,
43,cpu,end_to_end,32,15,32,0.0065957,6.595700000000001,206.11562500000002,4851.645769213275,10,2026-07-25T20:09:36.638469+00:00,,
43,cpu,end_to_end,32,16,32,0.0070479,7.0479,220.24687500000002,4540.359539721052,10,2026-07-25T20:09:36.638469+00:00,,
43,cpu,end_to_end,32,17,32,0.0072125,7.2125,225.390625,4436.741767764298,10,2026-07-25T20:09:36.638469+00:00,,
43,cpu,end_to_end,32,18,32,0.0076519,7.6518999999999995,239.121875,4181.967877259243,10,2026-07-25T20:09:36.638469+00:00,,
43,cpu,end_to_end,32,19,32,0.0070267,7.0267,219.58437500000002,4554.058092703545,10,2026-07-25T20:09:36.638469+00:00,,
43,cpu,end_to_end,32,20,32,0.0077281,7.7280999999999995,241.50312499999998,4140.7331685666595,10,2026-07-25T20:09:36.638469+00:00,,
43,cpu,end_to_end,32,21,32,0.0068676,6.8675999999999995,214.61249999999998,4659.560836391171,10,2026-07-25T20:09:36.638469+00:00,,
43,cpu,end_to_end,32,22,32,0.0065497,6.5497000000000005,204.67812500000002,4885.7199566392355,10,2026-07-25T20:09:36.638469+00:00,,
43,cpu,end_to_end,32,23,32,0.0067818,6.7818000000000005,211.93125,4718.511309681795,10,2026-07-25T20:09:36.638469+00:00,,
43,cpu,end_to_end,32,24,32,0.0070606,7.0606,220.64375,4532.192731495907,10,2026-07-25T20:09:36.638469+00:00,,
43,cpu,end_to_end,32,25,32,0.0067175,6.7175,209.921875,4763.6769631559355,10,2026-07-25T20:09:36.638469+00:00,,
43,cpu,end_to_end,32,26,32,0.0071839,7.1839,224.496875,4454.404988933587,10,2026-07-25T20:09:36.638469+00:00,,
43,cpu,end_to_end,32,27,32,0.0066048,6.6048,206.4,4844.961240310077,10,2026-07-25T20:09:36.638469+00:00,,
43,cpu,end_to_end,32,28,32,0.0067709,6.7709,211.590625,4726.107312174157,10,2026-07-25T20:09:36.638469+00:00,,
43,cpu,end_to_end,32,29,32,0.0065218,6.521800000000001,203.80625,4906.620871538532,10,2026-07-25T20:09:36.638469+00:00,,
43,cpu,end_to_end,32,30,32,0.00668,6.680000000000001,208.75,4790.419161676647,10,2026-07-25T20:09:36.638469+00:00,,
43,cpu,end_to_end,32,31,32,0.0075297,7.5297,235.30312500000002,4249.837310915442,10,2026-07-25T20:09:36.638469+00:00,,
43,cpu,end_to_end,32,32,32,0.0067448,6.7448,210.77499999999998,4744.395682599929,10,2026-07-25T20:09:36.638469+00:00,,
43,cpu,end_to_end,32,33,32,0.0070752,7.075200000000001,221.1,4522.840343735866,10,2026-07-25T20:09:36.638469+00:00,,
43,cpu,end_to_end,32,34,32,0.0069701,6.9700999999999995,217.81562499999998,4591.0388660134,10,2026-07-25T20:09:36.638469+00:00,,
43,cpu,end_to_end,32,35,32,0.007239,7.239,226.21875,4420.500069070314,10,2026-07-25T20:09:36.638469+00:00,,
43,cpu,end_to_end,32,36,32,0.007509,7.509,234.65625,4261.552803302703,10,2026-07-25T20:09:36.638469+00:00,,
43,cpu,end_to_end,32,37,32,0.0066463,6.6463,207.696875,4814.708935798865,10,2026-07-25T20:09:36.638469+00:00,,
43,cpu,end_to_end,32,38,32,0.0065157,6.5157,203.615625,4911.214451248523,10,2026-07-25T20:09:36.638469+00:00,,
43,cpu,end_to_end,32,39,32,0.0068163,6.8163,213.009375,4694.629050951396,10,2026-07-25T20:09:36.638469+00:00,,
43,cpu,end_to_end,32,40,32,0.0077201,7.7200999999999995,241.25312499999998,4145.024028186163,10,2026-07-25T20:09:36.638469+00:00,,
43,cpu,end_to_end,32,41,32,0.0069371,6.9371,216.78437499999998,4612.878580386617,10,2026-07-25T20:09:36.638469+00:00,,
43,cpu,end_to_end,32,42,32,0.0075288,7.5288,235.275,4250.34534055892,10,2026-07-25T20:09:36.638469+00:00,,
43,cpu,end_to_end,32,43,32,0.0074686,7.4685999999999995,233.39374999999998,4284.604879093807,10,2026-07-25T20:09:36.638469+00:00,,
43,cpu,end_to_end,32,44,32,0.0072228,7.222799999999999,225.71249999999998,4430.414797585424,10,2026-07-25T20:09:36.638469+00:00,,
43,cpu,end_to_end,32,45,32,0.0069607,6.9607,217.521875,4597.238783455687,10,2026-07-25T20:09:36.638469+00:00,,
43,cpu,end_to_end,32,46,32,0.0065094,6.5094,203.41875000000002,4915.96767751252,10,2026-07-25T20:09:36.638469+00:00,,
43,cpu,end_to_end,32,47,32,0.0065881,6.588100000000001,205.878125,4857.2426040891905,10,2026-07-25T20:09:36.638469+00:00,,
43,cpu,end_to_end,32,48,32,0.0067494,6.7494,210.91875,4741.16217737873,10,2026-07-25T20:09:36.638469+00:00,,
43,cpu,end_to_end,32,49,32,0.0068175,6.8175,213.046875,4693.802713604694,10,2026-07-25T20:09:36.638469+00:00,,
43,cpu,end_to_end,32,50,32,0.0065841,6.5841,205.75312499999998,4860.193496453578,10,2026-07-25T20:09:36.638469+00:00,,
43,cpu,end_to_end,32,51,32,0.0071434,7.143400000000001,223.23125000000002,4479.659545874513,10,2026-07-25T20:09:36.638469+00:00,,
43,cpu,end_to_end,32,52,32,0.0069568,6.9568,217.4,4599.8160073597055,10,2026-07-25T20:09:36.638469+00:00,,
43,cpu,end_to_end,32,53,32,0.0067031,6.7031,209.471875,4773.910578687473,10,2026-07-25T20:09:36.638469+00:00,,
43,cpu,end_to_end,32,54,32,0.0072615,7.2615,226.921875,4406.803002134546,10,2026-07-25T20:09:36.638469+00:00,,
43,cpu,end_to_end,32,55,32,0.0064077,6.407699999999999,200.240625,4993.991603851617,10,2026-07-25T20:09:36.638469+00:00,,
43,cpu,end_to_end,32,56,32,0.0073579,7.3579,229.934375,4349.066989222469,10,2026-07-25T20:09:36.638469+00:00,,
43,cpu,end_to_end,32,57,32,0.0067713,6.7713,211.603125,4725.828127538287,10,2026-07-25T20:09:36.638469+00:00,,
43,cpu,end_to_end,32,58,32,0.0069229,6.9229,216.340625,4622.3403486978,10,2026-07-25T20:09:36.638469+00:00,,
43,cpu,end_to_end,32,59,32,0.0068733,6.8732999999999995,214.79062499999998,4655.69668136121,10,2026-07-25T20:09:36.638469+00:00,,
43,cpu,end_to_end,32,60,32,0.0068656,6.865600000000001,214.55,4660.918200885574,10,2026-07-25T20:09:36.638469+00:00,,
43,cpu,end_to_end,32,61,32,0.0074229,7.422899999999999,231.965625,4310.983577846933,10,2026-07-25T20:09:36.638469+00:00,,
43,cpu,end_to_end,32,62,32,0.0066671,6.6671,208.34687499999998,4799.688020278682,10,2026-07-25T20:09:36.638469+00:00,,
43,cpu,end_to_end,32,63,32,0.0070016,7.0016,218.8,4570.383912248629,10,2026-07-25T20:09:36.638469+00:00,,
43,cpu,end_to_end,32,64,32,0.0065595,6.5595,204.984375,4878.420611327083,10,2026-07-25T20:09:36.638469+00:00,,
43,cpu,end_to_end,32,65,32,0.0066514,6.6514,207.85625,4811.017229455453,10,2026-07-25T20:09:36.638469+00:00,,
43,cpu,end_to_end,32,66,32,0.0076216,7.6216,238.175,4198.593471187152,10,2026-07-25T20:09:36.638469+00:00,,
43,cpu,end_to_end,32,67,32,0.0068492,6.8492,214.0375,4672.078490918648,10,2026-07-25T20:09:36.638469+00:00,,
43,cpu,end_to_end,32,68,32,0.0066615,6.6615,208.171875,4803.722885236058,10,2026-07-25T20:09:36.638469+00:00,,
43,cpu,end_to_end,32,69,32,0.0069103,6.9103,215.946875,4630.768562869918,10,2026-07-25T20:09:36.638469+00:00,,
43,cpu,end_to_end,32,70,32,0.0070372,7.0372,219.91250000000002,4547.26311601205,10,2026-07-25T20:09:36.638469+00:00,,
43,cpu,end_to_end,32,71,32,0.006681,6.681,208.78125,4789.7021403981435,10,2026-07-25T20:09:36.638469+00:00,,
43,cpu,end_to_end,32,72,32,0.0071395,7.1395,223.109375,4482.106590097345,10,2026-07-25T20:09:36.638469+00:00,,
43,cpu,end_to_end,32,73,32,0.0066714,6.6714,208.48125,4796.594417963246,10,2026-07-25T20:09:36.638469+00:00,,
43,cpu,end_to_end,32,74,32,0.0065255,6.5255,203.921875,4903.838786299901,10,2026-07-25T20:09:36.638469+00:00,,
43,cpu,end_to_end,32,75,32,0.0075704,7.570399999999999,236.575,4226.98932685195,10,2026-07-25T20:09:36.638469+00:00,,
43,cpu,end_to_end,32,76,32,0.0077783,7.7783,243.071875,4114.0094879343815,10,2026-07-25T20:09:36.638469+00:00,,
43,cpu,end_to_end,32,77,32,0.0075391,7.5391,235.596875,4244.538472762001,10,2026-07-25T20:09:36.638469+00:00,,
43,cpu,end_to_end,32,78,32,0.0069901,6.9901,218.440625,4577.903034291355,10,2026-07-25T20:09:36.638469+00:00,,
43,cpu,end_to_end,32,79,32,0.0069759,6.9759,217.99687500000002,4587.2217204948465,10,2026-07-25T20:09:36.638469+00:00,,
43,cpu,end_to_end,32,80,32,0.0071553,7.1552999999999995,223.603125,4472.20941120568,10,2026-07-25T20:09:36.638469+00:00,,
43,cpu,end_to_end,32,81,32,0.006967,6.9670000000000005,217.71875,4593.081670733458,10,2026-07-25T20:09:36.638469+00:00,,
43,cpu,end_to_end,32,82,32,0.0069954,6.9954,218.60625,4574.434628470138,10,2026-07-25T20:09:36.638469+00:00,,
43,cpu,end_to_end,32,83,32,0.0075168,7.5168,234.89999999999998,4257.130693912303,10,2026-07-25T20:09:36.638469+00:00,,
43,cpu,end_to_end,32,84,32,0.0076566,7.6566,239.26875,4179.400778413395,10,2026-07-25T20:09:36.638469+00:00,,
43,cpu,end_to_end,32,85,32,0.0064945,6.4945,202.953125,4927.246131341904,10,2026-07-25T20:09:36.638469+00:00,,
43,cpu,end_to_end,32,86,32,0.0068616,6.8616,214.42499999999998,4663.635303719249,10,2026-07-25T20:09:36.638469+00:00,,
43,cpu,end_to_end,32,87,32,0.007102,7.101999999999999,221.9375,4505.773021684033,10,2026-07-25T20:09:36.638469+00:00,,
43,cpu,end_to_end,32,88,32,0.0074467,7.4467,232.709375,4297.205473565472,10,2026-07-25T20:09:36.638469+00:00,,
43,cpu,end_to_end,32,89,32,0.0072097,7.209700000000001,225.30312500000002,4438.4648459714,10,2026-07-25T20:09:36.638469+00:00,,
43,cpu,end_to_end,32,90,32,0.006968,6.968,217.75,4592.422502870264,10,2026-07-25T20:09:36.638469+00:00,,
43,cpu,end_to_end,32,91,32,0.0073276,7.3276,228.9875,4367.050603198864,10,2026-07-25T20:09:36.638469+00:00,,
43,cpu,end_to_end,32,92,32,0.0070049,7.004899999999999,218.903125,4568.230809861669,10,2026-07-25T20:09:36.638469+00:00,,
43,cpu,end_to_end,32,93,32,0.0071161,7.1161,222.378125,4496.845182051967,10,2026-07-25T20:09:36.638469+00:00,,
43,cpu,end_to_end,32,94,32,0.0076267,7.6267000000000005,238.334375,4195.785857579293,10,2026-07-25T20:09:36.638469+00:00,,
43,cpu,end_to_end,32,95,32,0.0067406,6.740600000000001,210.64375,4747.35186778625,10,2026-07-25T20:09:36.638469+00:00,,
43,cpu,end_to_end,32,96,32,0.0071335,7.1335,222.921875,4485.876498212659,10,2026-07-25T20:09:36.638469+00:00,,
43,cpu,end_to_end,32,97,32,0.0074755,7.4755,233.609375,4280.650123737542,10,2026-07-25T20:09:36.638469+00:00,,
43,cpu,end_to_end,32,98,32,0.0071129,7.1129,222.27812500000002,4498.86825345499,10,2026-07-25T20:09:36.638469+00:00,,
43,cpu,end_to_end,32,99,32,0.007007,7.007000000000001,218.96875,4566.861709718853,10,2026-07-25T20:09:36.638469+00:00,,
43,cpu,model_only,256,0,256,0.006863,6.863,26.80859375,37301.47165962407,10,2026-07-25T20:09:36.638469+00:00,,
43,cpu,model_only,256,1,256,0.006486,6.486,25.3359375,39469.62688868332,10,2026-07-25T20:09:36.638469+00:00,,
43,cpu,model_only,256,2,256,0.006945,6.944999999999999,27.12890625,36861.05111591073,10,2026-07-25T20:09:36.638469+00:00,,
43,cpu,model_only,256,3,256,0.0067465,6.7465,26.353515625,37945.601422960055,10,2026-07-25T20:09:36.638469+00:00,,
43,cpu,model_only,256,4,256,0.0066043,6.604299999999999,25.798046874999997,38762.62435080175,10,2026-07-25T20:09:36.638469+00:00,,
43,cpu,model_only,256,5,256,0.0074314,7.4314,29.028906250000002,34448.42156255887,10,2026-07-25T20:09:36.638469+00:00,,
43,cpu,model_only,256,6,256,0.0068751,6.875100000000001,26.855859375,37235.822024406916,10,2026-07-25T20:09:36.638469+00:00,,
43,cpu,model_only,256,7,256,0.0079098,7.9098,30.89765625,32364.91440997244,10,2026-07-25T20:09:36.638469+00:00,,
43,cpu,model_only,256,8,256,0.0068444,6.844399999999999,26.7359375,37402.84027818363,10,2026-07-25T20:09:36.638469+00:00,,
43,cpu,model_only,256,9,256,0.0072323,7.2322999999999995,28.251171874999997,35396.76174937434,10,2026-07-25T20:09:36.638469+00:00,,
43,cpu,model_only,256,10,256,0.0070687,7.0687,27.612109375,36215.99445442585,10,2026-07-25T20:09:36.638469+00:00,,
43,cpu,model_only,256,11,256,0.0075303,7.5303,29.415234375,33995.98953560947,10,2026-07-25T20:09:36.638469+00:00,,
43,cpu,model_only,256,12,256,0.0075841,7.5841,29.625390624999998,33754.829182104666,10,2026-07-25T20:09:36.638469+00:00,,
43,cpu,model_only,256,13,256,0.0073155,7.3155,28.576171875,34994.19041760645,10,2026-07-25T20:09:36.638469+00:00,,
43,cpu,model_only,256,14,256,0.007077,7.077,27.64453125,36173.51985304507,10,2026-07-25T20:09:36.638469+00:00,,
43,cpu,model_only,256,15,256,0.0069926,6.9925999999999995,27.314843749999998,36610.1307096073,10,2026-07-25T20:09:36.638469+00:00,,
43,cpu,model_only,256,16,256,0.0069014,6.901400000000001,26.958593750000002,37093.922972150576,10,2026-07-25T20:09:36.638469+00:00,,
43,cpu,model_only,256,17,256,0.0071657,7.165699999999999,27.991015625,35725.749054523636,10,2026-07-25T20:09:36.638469+00:00,,
43,cpu,model_only,256,18,256,0.0073718,7.3718,28.79609375,34726.93236387314,10,2026-07-25T20:09:36.638469+00:00,,
43,cpu,model_only,256,19,256,0.0068081,6.8081000000000005,26.594140625,37602.26788678192,10,2026-07-25T20:09:36.638469+00:00,,
43,cpu,model_only,256,20,256,0.0086952,8.6952,33.965625,29441.5309596099,10,2026-07-25T20:09:36.638469+00:00,,
43,cpu,model_only,256,21,256,0.0074083,7.4083,28.938671874999997,34555.83602175938,10,2026-07-25T20:09:36.638469+00:00,,
43,cpu,model_only,256,22,256,0.00697,6.97,27.2265625,36728.83787661406,10,2026-07-25T20:09:36.638469+00:00,,
43,cpu,model_only,256,23,256,0.0079749,7.9749,31.151953125,32100.715996438827,10,2026-07-25T20:09:36.638469+00:00,,
43,cpu,model_only,256,24,256,0.0076129,7.6129,29.737890625,33627.132892852926,10,2026-07-25T20:09:36.638469+00:00,,
43,cpu,model_only,256,25,256,0.0072602,7.260199999999999,28.36015625,35260.73661882593,10,2026-07-25T20:09:36.638469+00:00,,
43,cpu,model_only,256,26,256,0.0068282,6.828200000000001,26.672656250000003,37491.57903986409,10,2026-07-25T20:09:36.638469+00:00,,
43,cpu,model_only,256,27,256,0.006968,6.968,27.21875,36739.38002296211,10,2026-07-25T20:09:36.638469+00:00,,
43,cpu,model_only,256,28,256,0.0064601,6.4601,25.234765624999998,39627.86953762326,10,2026-07-25T20:09:36.638469+00:00,,
43,cpu,model_only,256,29,256,0.0069663,6.9662999999999995,27.212109375,36748.34560670657,10,2026-07-25T20:09:36.638469+00:00,,
43,cpu,model_only,256,30,256,0.0077684,7.7684,30.3453125,32954.01884557953,10,2026-07-25T20:09:36.638469+00:00,,
43,cpu,model_only,256,31,256,0.0076485,7.6485,29.876953125,33470.61515329803,10,2026-07-25T20:09:36.638469+00:00,,
43,cpu,model_only,256,32,256,0.007493,7.492999999999999,29.26953125,34165.22087281463,10,2026-07-25T20:09:36.638469+00:00,,
43,cpu,model_only,256,33,256,0.006849,6.849,26.75390625,37377.719375091256,10,2026-07-25T20:09:36.638469+00:00,,
43,cpu,model_only,256,34,256,0.0072824,7.2824,28.446875,35153.246182577175,10,2026-07-25T20:09:36.638469+00:00,,
43,cpu,model_only,256,35,256,0.0065214,6.5214,25.474218750000002,39255.3746128132,10,2026-07-25T20:09:36.638469+00:00,,
43,cpu,model_only,256,36,256,0.0072873,7.2873,28.466015625,35129.60904587433,10,2026-07-25T20:09:36.638469+00:00,,
43,cpu,model_only,256,37,256,0.006752,6.752,26.375,37914.69194312796,10,2026-07-25T20:09:36.638469+00:00,,
43,cpu,model_only,256,38,256,0.0069797,6.9797,27.264453125,36677.79417453472,10,2026-07-25T20:09:36.638469+00:00,,
43,cpu,model_only,256,39,256,0.0067864,6.7863999999999995,26.509375,37722.503831191796,10,2026-07-25T20:09:36.638469+00:00,,
43,cpu,model_only,256,40,256,0.0070758,7.0758,27.63984375,36179.654597360015,10,2026-07-25T20:09:36.638469+00:00,,
43,cpu,model_only,256,41,256,0.0069483,6.9483,27.141796875,36843.544464113525,10,2026-07-25T20:09:36.638469+00:00,,
43,cpu,model_only,256,42,256,0.0069082,6.9082,26.98515625,37057.410034451816,10,2026-07-25T20:09:36.638469+00:00,,
43,cpu,model_only,256,43,256,0.0073907,7.3907,28.869921875,34638.12629385579,10,2026-07-25T20:09:36.638469+00:00,,
43,cpu,model_only,256,44,256,0.0063133,6.3133,24.661328125,40549.316522262525,10,2026-07-25T20:09:36.638469+00:00,,
43,cpu,model_only,256,45,256,0.0068375,6.8374999999999995,26.708984375,37440.58500914077,10,2026-07-25T20:09:36.638469+00:00,,
43,cpu,model_only,256,46,256,0.0066309,6.6309000000000005,25.901953125000002,38607.12723762988,10,2026-07-25T20:09:36.638469+00:00,,
43,cpu,model_only,256,47,256,0.0068532,6.8532,26.7703125,37354.81235043483,10,2026-07-25T20:09:36.638469+00:00,,
43,cpu,model_only,256,48,256,0.0067379,6.7379,26.319921875,37994.033749387796,10,2026-07-25T20:09:36.638469+00:00,,
43,cpu,model_only,256,49,256,0.0067129,6.7129,26.222265625,38135.53009876506,10,2026-07-25T20:09:36.638469+00:00,,
43,cpu,model_only,256,50,256,0.0070986,7.0986,27.72890625,36063.44913081453,10,2026-07-25T20:09:36.638469+00:00,,
43,cpu,model_only,256,51,256,0.0065046,6.5046,25.40859375,39356.76290625096,10,2026-07-25T20:09:36.638469+00:00,,
43,cpu,model_only,256,52,256,0.0071637,7.1637,27.983203125000003,35735.723159819645,10,2026-07-25T20:09:36.638469+00:00,,
43,cpu,model_only,256,53,256,0.0067505,6.750500000000001,26.369140625,37923.11680616251,10,2026-07-25T20:09:36.638469+00:00,,
43,cpu,model_only,256,54,256,0.0071962,7.1962,28.11015625,35574.33089686224,10,2026-07-25T20:09:36.638469+00:00,,
43,cpu,model_only,256,55,256,0.0071382,7.1382,27.88359375,35863.38292566754,10,2026-07-25T20:09:36.638469+00:00,,
43,cpu,model_only,256,56,256,0.0067759,6.7759,26.468359375,37780.95898699804,10,2026-07-25T20:09:36.638469+00:00,,
43,cpu,model_only,256,57,256,0.0073758,7.3758,28.81171875,34708.09946039751,10,2026-07-25T20:09:36.638469+00:00,,
43,cpu,model_only,256,58,256,0.0067125,6.7124999999999995,26.220703125,38137.80260707635,10,2026-07-25T20:09:36.638469+00:00,,
43,cpu,model_only,256,59,256,0.0079701,7.9701,31.133203125,32120.04868194878,10,2026-07-25T20:09:36.638469+00:00,,
43,cpu,model_only,256,60,256,0.0067898,6.7898000000000005,26.52265625,37703.61424489676,10,2026-07-25T20:09:36.638469+00:00,,
43,cpu,model_only,256,61,256,0.007578,7.577999999999999,29.6015625,33782.00052784376,10,2026-07-25T20:09:36.638469+00:00,,
43,cpu,model_only,256,62,256,0.0067577,6.7577,26.397265625,37882.711573464345,10,2026-07-25T20:09:36.638469+00:00,,
43,cpu,model_only,256,63,256,0.0073621,7.3621,28.758203124999998,34772.6871408973,10,2026-07-25T20:09:36.638469+00:00,,
43,cpu,model_only,256,64,256,0.0069569,6.9569,27.175390625000002,36797.99910879846,10,2026-07-25T20:09:36.638469+00:00,,
43,cpu,model_only,256,65,256,0.0071173,7.1173,27.801953125,35968.69599426749,10,2026-07-25T20:09:36.638469+00:00,,
43,cpu,model_only,256,66,256,0.0070421,7.0421,27.508203125,36352.7924908763,10,2026-07-25T20:09:36.638469+00:00,,
43,cpu,model_only,256,67,256,0.0068662,6.8662,26.82109375,37284.08726806676,10,2026-07-25T20:09:36.638469+00:00,,
43,cpu,model_only,256,68,256,0.00723,7.23,28.2421875,35408.02213001383,10,2026-07-25T20:09:36.638469+00:00,,
43,cpu,model_only,256,69,256,0.0064415,6.4415000000000004,25.162109375,39742.296049056895,10,2026-07-25T20:09:36.638469+00:00,,
43,cpu,model_only,256,70,256,0.0067155,6.7155000000000005,26.232421875,38120.765393492664,10,2026-07-25T20:09:36.638469+00:00,,
43,cpu,model_only,256,71,256,0.0069166,6.9166,27.01796875,37012.40493884278,10,2026-07-25T20:09:36.638469+00:00,,
43,cpu,model_only,256,72,256,0.0067647,6.7647,26.424609375,37843.51116827058,10,2026-07-25T20:09:36.638469+00:00,,
43,cpu,model_only,256,73,256,0.0071183,7.1183000000000005,27.805859375,35963.64300464999,10,2026-07-25T20:09:36.638469+00:00,,
43,cpu,model_only,256,74,256,0.0085637,8.5637,33.451953125,29893.62074804115,10,2026-07-25T20:09:36.638469+00:00,,
43,cpu,model_only,256,75,256,0.007556,7.556,29.515625,33880.359978824774,10,2026-07-25T20:09:36.638469+00:00,,
43,cpu,model_only,256,76,256,0.0074184,7.4184,28.978125000000002,34508.788957187535,10,2026-07-25T20:09:36.638469+00:00,,
43,cpu,model_only,256,77,256,0.0068112,6.8111999999999995,26.60625,37585.153864223634,10,2026-07-25T20:09:36.638469+00:00,,
43,cpu,model_only,256,78,256,0.007027,7.027,27.44921875,36430.909349651345,10,2026-07-25T20:09:36.638469+00:00,,
43,cpu,model_only,256,79,256,0.0065769,6.5769,25.691015625000002,38924.11318402287,10,2026-07-25T20:09:36.638469+00:00,,
43,cpu,model_only,256,80,256,0.0072304,7.2303999999999995,28.24375,35406.06328833813,10,2026-07-25T20:09:36.638469+00:00,,
43,cpu,model_only,256,81,256,0.006692,6.692,26.140625,38254.63239689181,10,2026-07-25T20:09:36.638469+00:00,,
43,cpu,model_only,256,82,256,0.0070195,7.0195,27.419921875,36469.83403376309,10,2026-07-25T20:09:36.638469+00:00,,
43,cpu,model_only,256,83,256,0.0069657,6.9657,27.209765625,36751.510975207086,10,2026-07-25T20:09:36.638469+00:00,,
43,cpu,model_only,256,84,256,0.0070426,7.0426,27.51015625,36350.21156959077,10,2026-07-25T20:09:36.638469+00:00,,
43,cpu,model_only,256,85,256,0.0075162,7.5161999999999995,29.36015625,34059.764242569385,10,2026-07-25T20:09:36.638469+00:00,,
43,cpu,model_only,256,86,256,0.0070184,7.0184,27.415625000000002,36475.549982902085,10,2026-07-25T20:09:36.638469+00:00,,
43,cpu,model_only,256,87,256,0.0073183,7.3183,28.587109375,34980.80155227307,10,2026-07-25T20:09:36.638469+00:00,,
43,cpu,model_only,256,88,256,0.0064281,6.4281,25.109765625,39825.14273268929,10,2026-07-25T20:09:36.638469+00:00,,
43,cpu,model_only,256,89,256,0.007602,7.602,29.6953125,33675.34859247566,10,2026-07-25T20:09:36.638469+00:00,,
43,cpu,model_only,256,90,256,0.0067857,6.7857,26.506640625000003,37726.395213463606,10,2026-07-25T20:09:36.638469+00:00,,
43,cpu,model_only,256,91,256,0.0076188,7.6188,29.7609375,33601.09203549115,10,2026-07-25T20:09:36.638469+00:00,,
43,cpu,model_only,256,92,256,0.0069351,6.935099999999999,27.090234374999998,36913.671035745705,10,2026-07-25T20:09:36.638469+00:00,,
43,cpu,model_only,256,93,256,0.0071432,7.143199999999999,27.903125,35838.2797625714,10,2026-07-25T20:09:36.638469+00:00,,
43,cpu,model_only,256,94,256,0.0070986,7.0986,27.72890625,36063.44913081453,10,2026-07-25T20:09:36.638469+00:00,,
43,cpu,model_only,256,95,256,0.0068523,6.8523000000000005,26.766796875,37359.71863461903,10,2026-07-25T20:09:36.638469+00:00,,
43,cpu,model_only,256,96,256,0.0069749,6.9749,27.245703125,36703.035168963,10,2026-07-25T20:09:36.638469+00:00,,
43,cpu,model_only,256,97,256,0.0067367,6.7367,26.315234375,38000.80157940832,10,2026-07-25T20:09:36.638469+00:00,,
43,cpu,model_only,256,98,256,0.0072578,7.2578,28.35078125,35272.3965940092,10,2026-07-25T20:09:36.638469+00:00,,
43,cpu,model_only,256,99,256,0.0067599,6.7599,26.405859375000002,37870.382697968904,10,2026-07-25T20:09:36.638469+00:00,,
43,cpu,end_to_end,256,0,256,0.0073582,7.3582,28.74296875,34791.11739284064,10,2026-07-25T20:09:36.638469+00:00,,
43,cpu,end_to_end,256,1,256,0.0067939,6.793900000000001,26.538671875000002,37680.860772163265,10,2026-07-25T20:09:36.638469+00:00,,
43,cpu,end_to_end,256,2,256,0.0071091,7.1091,27.769921875,36010.18413019932,10,2026-07-25T20:09:36.638469+00:00,,
43,cpu,end_to_end,256,3,256,0.0071653,7.1653,27.989453125,35727.74343014249,10,2026-07-25T20:09:36.638469+00:00,,
43,cpu,end_to_end,256,4,256,0.0067977,6.7977,26.553515625,37659.79669594127,10,2026-07-25T20:09:36.638469+00:00,,
43,cpu,end_to_end,256,5,256,0.0070418,7.0418,27.50703125,36354.34121957454,10,2026-07-25T20:09:36.638469+00:00,,
43,cpu,end_to_end,256,6,256,0.0067825,6.782500000000001,26.494140625,37744.1946185035,10,2026-07-25T20:09:36.638469+00:00,,
43,cpu,end_to_end,256,7,256,0.007216,7.216,28.1875,35476.71840354767,10,2026-07-25T20:09:36.638469+00:00,,
43,cpu,end_to_end,256,8,256,0.0069311,6.9311,27.074609375,36934.974246512094,10,2026-07-25T20:09:36.638469+00:00,,
43,cpu,end_to_end,256,9,256,0.007191,7.191000000000001,28.08984375,35600.05562508691,10,2026-07-25T20:09:36.638469+00:00,,
43,cpu,end_to_end,256,10,256,0.0067948,6.7948,26.5421875,37675.869782775066,10,2026-07-25T20:09:36.638469+00:00,,
43,cpu,end_to_end,256,11,256,0.0066732,6.6732,26.0671875,38362.404843253615,10,2026-07-25T20:09:36.638469+00:00,,
43,cpu,end_to_end,256,12,256,0.0070834,7.0834,27.669531250000002,36140.836321540504,10,2026-07-25T20:09:36.638469+00:00,,
43,cpu,end_to_end,256,13,256,0.0068515,6.8515,26.763671875,37364.08085820623,10,2026-07-25T20:09:36.638469+00:00,,
43,cpu,end_to_end,256,14,256,0.0071256,7.1256,27.834375,35926.79914673852,10,2026-07-25T20:09:36.638469+00:00,,
43,cpu,end_to_end,256,15,256,0.0068531,6.8531,26.769921875,37355.357429484466,10,2026-07-25T20:09:36.638469+00:00,,
43,cpu,end_to_end,256,16,256,0.0075908,7.5908,29.6515625,33725.03556937345,10,2026-07-25T20:09:36.638469+00:00,,
43,cpu,end_to_end,256,17,256,0.0069637,6.963699999999999,27.201953125,36762.066142998694,10,2026-07-25T20:09:36.638469+00:00,,
43,cpu,end_to_end,256,18,256,0.0069891,6.9891,27.301171874999998,36628.46432301727,10,2026-07-25T20:09:36.638469+00:00,,
43,cpu,end_to_end,256,19,256,0.0069938,6.993799999999999,27.319531249999997,36603.8491235094,10,2026-07-25T20:09:36.638469+00:00,,
43,cpu,end_to_end,256,20,256,0.0069096,6.9096,26.990625,37049.90158619891,10,2026-07-25T20:09:36.638469+00:00,,
43,cpu,end_to_end,256,21,256,0.0072298,7.2298,28.24140625,35409.00163213367,10,2026-07-25T20:09:36.638469+00:00,,
43,cpu,end_to_end,256,22,256,0.0067933,6.7933,26.536328125,37684.18883311498,10,2026-07-25T20:09:36.638469+00:00,,
43,cpu,end_to_end,256,23,256,0.0072675,7.2675,28.388671875,35225.31819745442,10,2026-07-25T20:09:36.638469+00:00,,
43,cpu,end_to_end,256,24,256,0.0070636,7.0636,27.592187499999998,36242.14281669404,10,2026-07-25T20:09:36.638469+00:00,,
43,cpu,end_to_end,256,25,256,0.0074442,7.4441999999999995,29.07890625,34389.18889873996,10,2026-07-25T20:09:36.638469+00:00,,
43,cpu,end_to_end,256,26,256,0.0072019,7.2019,28.132421875,35546.175314847475,10,2026-07-25T20:09:36.638469+00:00,,
43,cpu,end_to_end,256,27,256,0.0071814,7.1814,28.052343750000002,35647.6453059292,10,2026-07-25T20:09:36.638469+00:00,,
43,cpu,end_to_end,256,28,256,0.0068996,6.8995999999999995,26.951562499999998,37103.60020870775,10,2026-07-25T20:09:36.638469+00:00,,
43,cpu,end_to_end,256,29,256,0.0070359,7.035900000000001,27.483984375000002,36384.82639036939,10,2026-07-25T20:09:36.638469+00:00,,
43,cpu,end_to_end,256,30,256,0.0078055,7.8055,30.490234375,32797.38645826661,10,2026-07-25T20:09:36.638469+00:00,,
43,cpu,end_to_end,256,31,256,0.0069242,6.9242,27.04765625,36971.78013344502,10,2026-07-25T20:09:36.638469+00:00,,
43,cpu,end_to_end,256,32,256,0.0074574,7.457400000000001,29.130468750000002,34328.31818059913,10,2026-07-25T20:09:36.638469+00:00,,
43,cpu,end_to_end,256,33,256,0.0068006,6.8006,26.56484375,37643.737317295534,10,2026-07-25T20:09:36.638469+00:00,,
43,cpu,end_to_end,256,34,256,0.0087941,8.794099999999998,34.351953124999994,29110.42630854778,10,2026-07-25T20:09:36.638469+00:00,,
43,cpu,end_to_end,256,35,256,0.0072863,7.2863,28.462109375,35134.43036932325,10,2026-07-25T20:09:36.638469+00:00,,
43,cpu,end_to_end,256,36,256,0.0074367,7.4367,29.049609375,34423.87080290989,10,2026-07-25T20:09:36.638469+00:00,,
43,cpu,end_to_end,256,37,256,0.0069336,6.9336,27.084374999999998,36921.65685935156,10,2026-07-25T20:09:36.638469+00:00,,
43,cpu,end_to_end,256,38,256,0.0072838,7.2838,28.45234375,35146.48946978226,10,2026-07-25T20:09:36.638469+00:00,,
43,cpu,end_to_end,256,39,256,0.0069055,6.9055,26.974609375,37071.89921077402,10,2026-07-25T20:09:36.638469+00:00,,
43,cpu,end_to_end,256,40,256,0.0071302,7.130199999999999,27.85234375,35903.621216796164,10,2026-07-25T20:09:36.638469+00:00,,
43,cpu,end_to_end,256,41,256,0.0069957,6.995699999999999,27.326953125,36593.907686150065,10,2026-07-25T20:09:36.638469+00:00,,
43,cpu,end_to_end,256,42,256,0.0067914,6.7914,26.528906250000002,37694.73157228259,10,2026-07-25T20:09:36.638469+00:00,,
43,cpu,end_to_end,256,43,256,0.0080514,8.051400000000001,31.450781250000002,31795.712546886254,10,2026-07-25T20:09:36.638469+00:00,,
43,cpu,end_to_end,256,44,256,0.0065464,6.5464,25.571875,39105.46254429916,10,2026-07-25T20:09:36.638469+00:00,,
43,cpu,end_to_end,256,45,256,0.0066982,6.6982,26.16484375,38219.22307485593,10,2026-07-25T20:09:36.638469+00:00,,
43,cpu,end_to_end,256,46,256,0.0068594,6.8594,26.79453125,37321.04848820597,10,2026-07-25T20:09:36.638469+00:00,,
43,cpu,end_to_end,256,47,256,0.007675,7.675000000000001,29.98046875,33355.048859934854,10,2026-07-25T20:09:36.638469+00:00,,
43,cpu,end_to_end,256,48,256,0.0074452,7.4452,29.0828125,34384.5699242465,10,2026-07-25T20:09:36.638469+00:00,,
43,cpu,end_to_end,256,49,256,0.0073442,7.344200000000001,28.688281250000003,34857.43852291604,10,2026-07-25T20:09:36.638469+00:00,,
43,cpu,end_to_end,256,50,256,0.0072188,7.2188,28.1984375,35462.957832326705,10,2026-07-25T20:09:36.638469+00:00,,
43,cpu,end_to_end,256,51,256,0.0067523,6.7523,26.376171875,37913.007419694026,10,2026-07-25T20:09:36.638469+00:00,,
43,cpu,end_to_end,256,52,256,0.007803,7.803,30.48046875,32807.8943995899,10,2026-07-25T20:09:36.638469+00:00,,
43,cpu,end_to_end,256,53,256,0.0068632,6.8632,26.809375,37300.38466021681,10,2026-07-25T20:09:36.638469+00:00,,
43,cpu,end_to_end,256,54,256,0.0078641,7.8641000000000005,30.719140625,32552.993985325716,10,2026-07-25T20:09:36.638469+00:00,,
43,cpu,end_to_end,256,55,256,0.0071902,7.1902,28.08671875,35604.01657812022,10,2026-07-25T20:09:36.638469+00:00,,
43,cpu,end_to_end,256,56,256,0.0073364,7.3364,28.6578125,34894.49866419497,10,2026-07-25T20:09:36.638469+00:00,,
43,cpu,end_to_end,256,57,256,0.007038,7.038,27.4921875,36373.969877806194,10,2026-07-25T20:09:36.638469+00:00,,
43,cpu,end_to_end,256,58,256,0.0076414,7.6414,29.84921875,33501.71434553878,10,2026-07-25T20:09:36.638469+00:00,,
43,cpu,end_to_end,256,59,256,0.007753,7.753,30.28515625,33019.47633174255,10,2026-07-25T20:09:36.638469+00:00,,
43,cpu,end_to_end,256,60,256,0.0072897,7.2897,28.475390625,35118.04326652674,10,2026-07-25T20:09:36.638469+00:00,,
43,cpu,end_to_end,256,61,256,0.0069527,6.9527,27.158984375,36820.22811281948,10,2026-07-25T20:09:36.638469+00:00,,
43,cpu,end_to_end,256,62,256,0.0068122,6.8122,26.61015625,37579.6365344529,10,2026-07-25T20:09:36.638469+00:00,,
43,cpu,end_to_end,256,63,256,0.0083131,8.3131,32.473046875,30794.76970083362,10,2026-07-25T20:09:36.638469+00:00,,
43,cpu,end_to_end,256,64,256,0.0072827,7.282699999999999,28.448046875,35151.79809685968,10,2026-07-25T20:09:36.638469+00:00,,
43,cpu,end_to_end,256,65,256,0.0077635,7.7635,30.326171875,32974.8180588652,10,2026-07-25T20:09:36.638469+00:00,,
43,cpu,end_to_end,256,66,256,0.0069128,6.9128,27.003125,37032.75083902326,10,2026-07-25T20:09:36.638469+00:00,,
43,cpu,end_to_end,256,67,256,0.0080149,8.0149,31.308203125000002,31940.510798637537,10,2026-07-25T20:09:36.638469+00:00,,
43,cpu,end_to_end,256,68,256,0.0074571,7.4571000000000005,29.129296875,34329.699212830725,10,2026-07-25T20:09:36.638469+00:00,,
43,cpu,end_to_end,256,69,256,0.0072146,7.2146,28.182031249999998,35483.60269453608,10,2026-07-25T20:09:36.638469+00:00,,
43,cpu,end_to_end,256,70,256,0.0070939,7.0939000000000005,27.710546875000002,36087.342646499106,10,2026-07-25T20:09:36.638469+00:00,,
43,cpu,end_to_end,256,71,256,0.0072226,7.2226,28.21328125,35444.29983662393,10,2026-07-25T20:09:36.638469+00:00,,
43,cpu,end_to_end,256,72,256,0.0068377,6.837700000000001,26.709765625000003,37439.48988695029,10,2026-07-25T20:09:36.638469+00:00,,
43,cpu,end_to_end,256,73,256,0.0070736,7.0736,27.63125,36190.90703460755,10,2026-07-25T20:09:36.638469+00:00,,
43,cpu,end_to_end,256,74,256,0.0070442,7.0442,27.51640625,36341.95508361489,10,2026-07-25T20:09:36.638469+00:00,,
43,cpu,end_to_end,256,75,256,0.0071145,7.1145000000000005,27.791015625,35982.85192213086,10,2026-07-25T20:09:36.638469+00:00,,
43,cpu,end_to_end,256,76,256,0.0071773,7.1773,28.036328125,35668.00886127095,10,2026-07-25T20:09:36.638469+00:00,,
43,cpu,end_to_end,256,77,256,0.006579,6.579,25.69921875,38911.68870649035,10,2026-07-25T20:09:36.638469+00:00,,
43,cpu,end_to_end,256,78,256,0.0070095,7.0095,27.380859375,36521.86318567658,10,2026-07-25T20:09:36.638469+00:00,,
43,cpu,end_to_end,256,79,256,0.0066693,6.669300000000001,26.051953125,38384.837988994346,10,2026-07-25T20:09:36.638469+00:00,,
43,cpu,end_to_end,256,80,256,0.0075573,7.557300000000001,29.520703125,33874.531909544414,10,2026-07-25T20:09:36.638469+00:00,,
43,cpu,end_to_end,256,81,256,0.0070899,7.0899,27.694921875,36107.70250638232,10,2026-07-25T20:09:36.638469+00:00,,
43,cpu,end_to_end,256,82,256,0.0071239,7.1239,27.827734375,35935.37247855809,10,2026-07-25T20:09:36.638469+00:00,,
43,cpu,end_to_end,256,83,256,0.0070735,7.0735,27.630859375,36191.418675337525,10,2026-07-25T20:09:36.638469+00:00,,
43,cpu,end_to_end,256,84,256,0.0067809,6.7809,26.487890625000002,37753.100620861536,10,2026-07-25T20:09:36.638469+00:00,,
43,cpu,end_to_end,256,85,256,0.0071795,7.1795,28.044921875,35657.07918378717,10,2026-07-25T20:09:36.638469+00:00,,
43,cpu,end_to_end,256,86,256,0.0068234,6.8234,26.653906250000002,37517.95292669343,10,2026-07-25T20:09:36.638469+00:00,,
43,cpu,end_to_end,256,87,256,0.0070685,7.0685,27.611328125,36217.01916955507,10,2026-07-25T20:09:36.638469+00:00,,
43,cpu,end_to_end,256,88,256,0.0065038,6.5038,25.405468749999997,39361.6039853624,10,2026-07-25T20:09:36.638469+00:00,,
43,cpu,end_to_end,256,89,256,0.0071648,7.1648,27.9875,35730.23671281822,10,2026-07-25T20:09:36.638469+00:00,,
43,cpu,end_to_end,256,90,256,0.0069093,6.9093,26.989453125,37051.51028324143,10,2026-07-25T20:09:36.638469+00:00,,
43,cpu,end_to_end,256,91,256,0.0069154,6.9154,27.013281250000002,37018.827544321364,10,2026-07-25T20:09:36.638469+00:00,,
43,cpu,end_to_end,256,92,256,0.0071976,7.1976,28.115625,35567.411359342004,10,2026-07-25T20:09:36.638469+00:00,,
43,cpu,end_to_end,256,93,256,0.0066881,6.6880999999999995,26.125390624999998,38276.93963906042,10,2026-07-25T20:09:36.638469+00:00,,
43,cpu,end_to_end,256,94,256,0.0070978,7.097799999999999,27.725781249999997,36067.513877539524,10,2026-07-25T20:09:36.638469+00:00,,
43,cpu,end_to_end,256,95,256,0.0065389,6.5389,25.542578125000002,39150.315802352074,10,2026-07-25T20:09:36.638469+00:00,,
43,cpu,end_to_end,256,96,256,0.0073333,7.3333,28.645703125,34909.249587498125,10,2026-07-25T20:09:36.638469+00:00,,
43,cpu,end_to_end,256,97,256,0.0064905,6.4905,25.353515625,39442.261767198215,10,2026-07-25T20:09:36.638469+00:00,,
43,cpu,end_to_end,256,98,256,0.0064753,6.4753,25.294140625,39534.84780627925,10,2026-07-25T20:09:36.638469+00:00,,
43,cpu,end_to_end,256,99,256,0.0071668,7.1668,27.9953125,35720.26566947591,10,2026-07-25T20:09:36.638469+00:00,,
43,cpu,model_only,512,0,512,0.0072641,7.2641,14.187695312499999,70483.61118376674,10,2026-07-25T20:09:36.638469+00:00,,
43,cpu,model_only,512,1,512,0.0070214,7.0214,13.713671875,72919.93049819124,10,2026-07-25T20:09:36.638469+00:00,,
43,cpu,model_only,512,2,512,0.0073387,7.3387,14.3333984375,69767.12496763733,10,2026-07-25T20:09:36.638469+00:00,,
43,cpu,model_only,512,3,512,0.0069439,6.9439,13.562304687500001,73733.78072840911,10,2026-07-25T20:09:36.638469+00:00,,
43,cpu,model_only,512,4,512,0.0071855,7.1855,14.0341796875,71254.60997842878,10,2026-07-25T20:09:36.638469+00:00,,
43,cpu,model_only,512,5,512,0.0068828,6.8828,13.442968749999999,74388.33033067938,10,2026-07-25T20:09:36.638469+00:00,,
43,cpu,model_only,512,6,512,0.0070237,7.0237,13.7181640625,72896.05193843701,10,2026-07-25T20:09:36.638469+00:00,,
43,cpu,model_only,512,7,512,0.0070961,7.0961,13.8595703125,72152.30901481095,10,2026-07-25T20:09:36.638469+00:00,,
43,cpu,model_only,512,8,512,0.0069934,6.9934,13.658984375000001,73211.88549203535,10,2026-07-25T20:09:36.638469+00:00,,
43,cpu,model_only,512,9,512,0.007466,7.466,14.58203125,68577.55156710421,10,2026-07-25T20:09:36.638469+00:00,,
43,cpu,model_only,512,10,512,0.0069611,6.961099999999999,13.595898437499999,73551.59385729267,10,2026-07-25T20:09:36.638469+00:00,,
43,cpu,model_only,512,11,512,0.0075537,7.5537,14.7533203125,67781.35218502191,10,2026-07-25T20:09:36.638469+00:00,,
43,cpu,model_only,512,12,512,0.0067232,6.7232,13.131250000000001,76154.21227986673,10,2026-07-25T20:09:36.638469+00:00,,
43,cpu,model_only,512,13,512,0.0077054,7.7054,15.049609375000001,66446.90736366704,10,2026-07-25T20:09:36.638469+00:00,,
43,cpu,model_only,512,14,512,0.0071085,7.1085,13.8837890625,72026.44721108532,10,2026-07-25T20:09:36.638469+00:00,,
43,cpu,model_only,512,15,512,0.0074794,7.4794,14.608203125,68454.68887878707,10,2026-07-25T20:09:36.638469+00:00,,
43,cpu,model_only,512,16,512,0.0071033,7.1033,13.8736328125,72079.17446820492,10,2026-07-25T20:09:36.638469+00:00,,
43,cpu,model_only,512,17,512,0.0069042,6.9042,13.484765625,74157.75904521885,10,2026-07-25T20:09:36.638469+00:00,,
43,cpu,model_only,512,18,512,0.0070883,7.088299999999999,13.844335937499999,72231.70576866104,10,2026-07-25T20:09:36.638469+00:00,,
43,cpu,model_only,512,19,512,0.0068819,6.8819,13.4412109375,74398.05867565643,10,2026-07-25T20:09:36.638469+00:00,,
43,cpu,model_only,512,20,512,0.007662,7.662000000000001,14.96484375,66823.28373792743,10,2026-07-25T20:09:36.638469+00:00,,
43,cpu,model_only,512,21,512,0.0068495,6.8495,13.3779296875,74749.98175049273,10,2026-07-25T20:09:36.638469+00:00,,
43,cpu,model_only,512,22,512,0.0069589,6.9589,13.5916015625,73574.84659931886,10,2026-07-25T20:09:36.638469+00:00,,
43,cpu,model_only,512,23,512,0.0067693,6.769299999999999,13.2212890625,75635.5900905559,10,2026-07-25T20:09:36.638469+00:00,,
43,cpu,model_only,512,24,512,0.0071287,7.1287,13.9232421875,71822.3519014687,10,2026-07-25T20:09:36.638469+00:00,,
43,cpu,model_only,512,25,512,0.0069197,6.9197,13.5150390625,73991.64703672125,10,2026-07-25T20:09:36.638469+00:00,,
43,cpu,model_only,512,26,512,0.0070559,7.0559,13.781054687500001,72563.3866693122,10,2026-07-25T20:09:36.638469+00:00,,
43,cpu,model_only,512,27,512,0.0068699,6.8699,13.4177734375,74528.01350820245,10,2026-07-25T20:09:36.638469+00:00,,
43,cpu,model_only,512,28,512,0.0070964,7.0964,13.860156250000001,72149.25877909925,10,2026-07-25T20:09:36.638469+00:00,,
43,cpu,model_only,512,29,512,0.0072124,7.2124,14.08671875,70988.85253175088,10,2026-07-25T20:09:36.638469+00:00,,
43,cpu,model_only,512,30,512,0.0069164,6.916399999999999,13.50859375,74026.95043664334,10,2026-07-25T20:09:36.638469+00:00,,
43,cpu,model_only,512,31,512,0.0071627,7.1627,13.9896484375,71481.42460245438,10,2026-07-25T20:09:36.638469+00:00,,
43,cpu,model_only,512,32,512,0.0066258,6.6258,12.941015625,77273.68770563554,10,2026-07-25T20:09:36.638469+00:00,,
43,cpu,model_only,512,33,512,0.0066449,6.6449,12.9783203125,77051.57338710892,10,2026-07-25T20:09:36.638469+00:00,,
43,cpu,model_only,512,34,512,0.0069067,6.9067,13.4896484375,74130.91635658129,10,2026-07-25T20:09:36.638469+00:00,,
43,cpu,model_only,512,35,512,0.0083189,8.318900000000001,16.247851562500003,61546.598708963924,10,2026-07-25T20:09:36.638469+00:00,,
43,cpu,model_only,512,36,512,0.0079753,7.9753,15.576757812499999,64198.21197948667,10,2026-07-25T20:09:36.638469+00:00,,
43,cpu,model_only,512,37,512,0.0073854,7.385400000000001,14.424609375000001,69325.96744929184,10,2026-07-25T20:09:36.638469+00:00,,
43,cpu,model_only,512,38,512,0.0076189,7.6189,14.8806640625,67201.30202522675,10,2026-07-25T20:09:36.638469+00:00,,
43,cpu,model_only,512,39,512,0.0069319,6.931900000000001,13.538867187500001,73861.42327500397,10,2026-07-25T20:09:36.638469+00:00,,
43,cpu,model_only,512,40,512,0.0070166,7.0165999999999995,13.704296874999999,72969.81444004219,10,2026-07-25T20:09:36.638469+00:00,,
43,cpu,model_only,512,41,512,0.0079153,7.9153,15.4595703125,64684.850858463986,10,2026-07-25T20:09:36.638469+00:00,,
43,cpu,model_only,512,42,512,0.0064569,6.4569,12.6111328125,79295.01773296784,10,2026-07-25T20:09:36.638469+00:00,,
43,cpu,model_only,512,43,512,0.0071615,7.1615,13.9873046875,71493.40222020526,10,2026-07-25T20:09:36.638469+00:00,,
43,cpu,model_only,512,44,512,0.0069905,6.9905,13.6533203125,73242.25734925971,10,2026-07-25T20:09:36.638469+00:00,,
43,cpu,model_only,512,45,512,0.0073522,7.3522,14.359765625,69639.019613177,10,2026-07-25T20:09:36.638469+00:00,,
43,cpu,model_only,512,46,512,0.0070604,7.0604,13.78984375,72517.13783921591,10,2026-07-25T20:09:36.638469+00:00,,
43,cpu,model_only,512,47,512,0.0069258,6.925800000000001,13.526953125,73926.47780761789,10,2026-07-25T20:09:36.638469+00:00,,
43,cpu,model_only,512,48,512,0.0074982,7.4982,14.644921875,68283.0545997706,10,2026-07-25T20:09:36.638469+00:00,,
43,cpu,model_only,512,49,512,0.006718,6.718,13.12109375,76213.15867817804,10,2026-07-25T20:09:36.638469+00:00,,
43,cpu,model_only,512,50,512,0.0081326,8.1326,15.883984375,62956.496077515185,10,2026-07-25T20:09:36.638469+00:00,,
43,cpu,model_only,512,51,512,0.0067831,6.7831,13.2482421875,75481.71190163789,10,2026-07-25T20:09:36.638469+00:00,,
43,cpu,model_only,512,52,512,0.0070803,7.0803,13.8287109375,72313.32005705973,10,2026-07-25T20:09:36.638469+00:00,,
43,cpu,model_only,512,53,512,0.0068253,6.8253,13.3306640625,75015.01765490162,10,2026-07-25T20:09:36.638469+00:00,,
43,cpu,model_only,512,54,512,0.0068906,6.8906,13.458203125,74304.12445940847,10,2026-07-25T20:09:36.638469+00:00,,
43,cpu,model_only,512,55,512,0.0066227,6.6227,12.9349609375,77309.85851691909,10,2026-07-25T20:09:36.638469+00:00,,
43,cpu,model_only,512,56,512,0.0067311,6.7311000000000005,13.1466796875,76064.83338533077,10,2026-07-25T20:09:36.638469+00:00,,
43,cpu,model_only,512,57,512,0.0076409,7.6409,14.9236328125,67007.81321572066,10,2026-07-25T20:09:36.638469+00:00,,
43,cpu,model_only,512,58,512,0.0069154,6.9154,13.506640625000001,74037.65508864273,10,2026-07-25T20:09:36.638469+00:00,,
43,cpu,model_only,512,59,512,0.0079495,7.9495,15.5263671875,64406.56645072017,10,2026-07-25T20:09:36.638469+00:00,,
43,cpu,model_only,512,60,512,0.0069855,6.9855,13.6435546875,73294.68184095627,10,2026-07-25T20:09:36.638469+00:00,,
43,cpu,model_only,512,61,512,0.0079605,7.960500000000001,15.547851562500002,64317.5679919603,10,2026-07-25T20:09:36.638469+00:00,,
43,cpu,model_only,512,62,512,0.0073633,7.3633,14.381445312499999,69534.04044382274,10,2026-07-25T20:09:36.638469+00:00,,
43,cpu,model_only,512,63,512,0.0077156,7.7156,15.06953125,66359.06475193115,10,2026-07-25T20:09:36.638469+00:00,,
43,cpu,model_only,512,64,512,0.0071688,7.1688,14.0015625,71420.60037942194,10,2026-07-25T20:09:36.638469+00:00,,
43,cpu,model_only,512,65,512,0.0074044,7.4044,14.461718750000001,69148.07411809194,10,2026-07-25T20:09:36.638469+00:00,,
43,cpu,model_only,512,66,512,0.0072136,7.2136,14.089062499999999,70977.04336253743,10,2026-07-25T20:09:36.638469+00:00,,
43,cpu,model_only,512,67,512,0.0072732,7.273199999999999,14.20546875,70395.42429742067,10,2026-07-25T20:09:36.638469+00:00,,
43,cpu,model_only,512,68,512,0.0070062,7.0062,13.683984375,73078.13079843567,10,2026-07-25T20:09:36.638469+00:00,,
43,cpu,model_only,512,69,512,0.0070046,7.0046,13.680859374999999,73094.82340176456,10,2026-07-25T20:09:36.638469+00:00,,
43,cpu,model_only,512,70,512,0.0072379,7.237900000000001,14.136523437500001,70738.75018997223,10,2026-07-25T20:09:36.638469+00:00,,
43,cpu,model_only,512,71,512,0.0070329,7.0329,13.7361328125,72800.69388161357,10,2026-07-25T20:09:36.638469+00:00,,
43,cpu,model_only,512,72,512,0.0073756,7.3756,14.40546875,69418.0812408482,10,2026-07-25T20:09:36.638469+00:00,,
43,cpu,model_only,512,73,512,0.0069606,6.9606,13.594921875,73556.8772806942,10,2026-07-25T20:09:36.638469+00:00,,
43,cpu,model_only,512,74,512,0.0072449,7.2449,14.150195312500001,70670.4026280556,10,2026-07-25T20:09:36.638469+00:00,,
43,cpu,model_only,512,75,512,0.00705,7.05,13.76953125,72624.1134751773,10,2026-07-25T20:09:36.638469+00:00,,
43,cpu,model_only,512,76,512,0.0074814,7.4814,14.612109375,68436.38891116636,10,2026-07-25T20:09:36.638469+00:00,,
43,cpu,model_only,512,77,512,0.0070197,7.0197,13.7103515625,72937.58992549538,10,2026-07-25T20:09:36.638469+00:00,,
43,cpu,model_only,512,78,512,0.0072232,7.2232,14.1078125,70882.71126370583,10,2026-07-25T20:09:36.638469+00:00,,
43,cpu,model_only,512,79,512,0.0081593,8.1593,15.936132812499999,62750.48104616818,10,2026-07-25T20:09:36.638469+00:00,,
43,cpu,model_only,512,80,512,0.0072596,7.2596,14.178906249999999,70527.30177971239,10,2026-07-25T20:09:36.638469+00:00,,
43,cpu,model_only,512,81,512,0.0073234,7.3233999999999995,14.303515625,69912.88199470192,10,2026-07-25T20:09:36.638469+00:00,,
43,cpu,model_only,512,82,512,0.0071781,7.1781,14.019726562499999,71328.06731586353,10,2026-07-25T20:09:36.638469+00:00,,
43,cpu,model_only,512,83,512,0.0076798,7.679799999999999,14.999609374999999,66668.40282299019,10,2026-07-25T20:09:36.638469+00:00,,
43,cpu,model_only,512,84,512,0.0073071,7.3071,14.2716796875,70068.8371583802,10,2026-07-25T20:09:36.638469+00:00,,
43,cpu,model_only,512,85,512,0.0072549,7.2549,14.1697265625,70572.9920467546,10,2026-07-25T20:09:36.638469+00:00,,
43,cpu,model_only,512,86,512,0.006828,6.828,13.3359375,74985.35442296427,10,2026-07-25T20:09:36.638469+00:00,,
43,cpu,model_only,512,87,512,0.0070443,7.0443,13.7583984375,72682.87835554988,10,2026-07-25T20:09:36.638469+00:00,,
43,cpu,model_only,512,88,512,0.0068528,6.8528,13.384375,74713.9855241653,10,2026-07-25T20:09:36.638469+00:00,,
43,cpu,model_only,512,89,512,0.0070867,7.0866999999999996,13.8412109375,72248.01388516517,10,2026-07-25T20:09:36.638469+00:00,,
43,cpu,model_only,512,90,512,0.0073902,7.3902,14.433984375000001,69280.93962274362,10,2026-07-25T20:09:36.638469+00:00,,
43,cpu,model_only,512,91,512,0.0070352,7.035200000000001,13.740625,72776.8933363657,10,2026-07-25T20:09:36.638469+00:00,,
43,cpu,model_only,512,92,512,0.0072396,7.239599999999999,14.139843749999999,70722.13934471518,10,2026-07-25T20:09:36.638469+00:00,,
43,cpu,model_only,512,93,512,0.0071308,7.1308,13.927343749999999,71801.20042631963,10,2026-07-25T20:09:36.638469+00:00,,
43,cpu,model_only,512,94,512,0.0078778,7.877800000000001,15.386328125000002,64992.76447739216,10,2026-07-25T20:09:36.638469+00:00,,
43,cpu,model_only,512,95,512,0.0068123,6.8123000000000005,13.3052734375,75158.16978113119,10,2026-07-25T20:09:36.638469+00:00,,
43,cpu,model_only,512,96,512,0.0067138,6.7138,13.112890625,76260.8358902559,10,2026-07-25T20:09:36.638469+00:00,,
43,cpu,model_only,512,97,512,0.0068115,6.8115,13.3037109375,75166.99699038391,10,2026-07-25T20:09:36.638469+00:00,,
43,cpu,model_only,512,98,512,0.0073318,7.3318,14.319921875,69832.78321830928,10,2026-07-25T20:09:36.638469+00:00,,
43,cpu,model_only,512,99,512,0.0073291,7.3290999999999995,14.314648437499999,69858.50923032842,10,2026-07-25T20:09:36.638469+00:00,,
43,cpu,end_to_end,512,0,512,0.0067685,6.7685,13.2197265625,75644.5298071951,10,2026-07-25T20:09:36.638469+00:00,,
43,cpu,end_to_end,512,1,512,0.0066271,6.6271,12.9435546875,77258.52937182176,10,2026-07-25T20:09:36.638469+00:00,,
43,cpu,end_to_end,512,2,512,0.0071754,7.1754,14.014453125000001,71354.90704350977,10,2026-07-25T20:09:36.638469+00:00,,
43,cpu,end_to_end,512,3,512,0.0070654,7.0654,13.799609375000001,72465.81934497693,10,2026-07-25T20:09:36.638469+00:00,,
43,cpu,end_to_end,512,4,512,0.007547,7.547,14.740234375,67841.52643434478,10,2026-07-25T20:09:36.638469+00:00,,
43,cpu,end_to_end,512,5,512,0.0067932,6.7932,13.26796875,75369.48713419301,10,2026-07-25T20:09:36.638469+00:00,,
43,cpu,end_to_end,512,6,512,0.0068227,6.8227,13.3255859375,75043.60443812567,10,2026-07-25T20:09:36.638469+00:00,,
43,cpu,end_to_end,512,7,512,0.0067627,6.7627,13.2083984375,75709.4060064767,10,2026-07-25T20:09:36.638469+00:00,,
43,cpu,end_to_end,512,8,512,0.0069313,6.931299999999999,13.537695312499999,73867.81700402523,10,2026-07-25T20:09:36.638469+00:00,,
43,cpu,end_to_end,512,9,512,0.007864,7.864,15.359374999999998,65106.81586978637,10,2026-07-25T20:09:36.638469+00:00,,
43,cpu,end_to_end,512,10,512,0.0072248,7.2248,14.1109375,70867.01361975419,10,2026-07-25T20:09:36.638469+00:00,,
43,cpu,end_to_end,512,11,512,0.0076231,7.6231,14.888867187499999,67164.27700017054,10,2026-07-25T20:09:36.638469+00:00,,
43,cpu,end_to_end,512,12,512,0.007128,7.128,13.921875,71829.4051627385,10,2026-07-25T20:09:36.638469+00:00,,
43,cpu,end_to_end,512,13,512,0.0074056,7.4056,14.4640625,69136.86939613265,10,2026-07-25T20:09:36.638469+00:00,,
43,cpu,end_to_end,512,14,512,0.0071368,7.136799999999999,13.939062499999999,71740.8362291223,10,2026-07-25T20:09:36.638469+00:00,,
43,cpu,end_to_end,512,15,512,0.0078831,7.883100000000001,15.3966796875,64949.06825994849,10,2026-07-25T20:09:36.638469+00:00,,
43,cpu,end_to_end,512,16,512,0.0071533,7.1533,13.971289062499999,71575.356828317,10,2026-07-25T20:09:36.638469+00:00,,
43,cpu,end_to_end,512,17,512,0.0072702,7.2702,14.199609375,70424.4725041952,10,2026-07-25T20:09:36.638469+00:00,,
43,cpu,end_to_end,512,18,512,0.0071419,7.1419,13.9490234375,71689.60640725857,10,2026-07-25T20:09:36.638469+00:00,,
43,cpu,end_to_end,512,19,512,0.0073416,7.341600000000001,14.3390625,69739.56630707203,10,2026-07-25T20:09:36.638469+00:00,,
43,cpu,end_to_end,512,20,512,0.0072341,7.234100000000001,14.1291015625,70775.90854425568,10,2026-07-25T20:09:36.638469+00:00,,
43,cpu,end_to_end,512,21,512,0.0069122,6.9122,13.500390625000001,74071.93078903966,10,2026-07-25T20:09:36.638469+00:00,,
43,cpu,end_to_end,512,22,512,0.0075047,7.504700000000001,14.657617187500001,68223.91301451091,10,2026-07-25T20:09:36.638469+00:00,,
43,cpu,end_to_end,512,23,512,0.0067571,6.7571,13.1974609375,75772.15077474064,10,2026-07-25T20:09:36.638469+00:00,,
43,cpu,end_to_end,512,24,512,0.00691,6.91,13.49609375,74095.51374819102,10,2026-07-25T20:09:36.638469+00:00,,
43,cpu,end_to_end,512,25,512,0.0065594,6.5594,12.811328125,78055.91974875751,10,2026-07-25T20:09:36.638469+00:00,,
43,cpu,end_to_end,512,26,512,0.0074848,7.4848,14.61875,68405.30141085935,10,2026-07-25T20:09:36.638469+00:00,,
43,cpu,end_to_end,512,27,512,0.0078697,7.8697,15.370507812500001,65059.65919920708,10,2026-07-25T20:09:36.638469+00:00,,
43,cpu,end_to_end,512,28,512,0.0070837,7.0837,13.8353515625,72278.61146011265,10,2026-07-25T20:09:36.638469+00:00,,
43,cpu,end_to_end,512,29,512,0.0069267,6.9267,13.5287109375,73916.8723923369,10,2026-07-25T20:09:36.638469+00:00,,
43,cpu,end_to_end,512,30,512,0.0066168,6.6168,12.9234375,77378.79337444082,10,2026-07-25T20:09:36.638469+00:00,,
43,cpu,end_to_end,512,31,512,0.0067358,6.7358,13.155859375,76011.75806882627,10,2026-07-25T20:09:36.638469+00:00,,
43,cpu,end_to_end,512,32,512,0.0066533,6.6533,12.9947265625,76954.29335818316,10,2026-07-25T20:09:36.638469+00:00,,
43,cpu,end_to_end,512,33,512,0.0070835,7.083500000000001,13.8349609375,72280.65221994776,10,2026-07-25T20:09:36.638469+00:00,,
43,cpu,end_to_end,512,34,512,0.0068062,6.8062000000000005,13.293359375,75225.52966412976,10,2026-07-25T20:09:36.638469+00:00,,
43,cpu,end_to_end,512,35,512,0.0068505,6.8505,13.3798828125,74739.07014086563,10,2026-07-25T20:09:36.638469+00:00,,
43,cpu,end_to_end,512,36,512,0.0068307,6.8307,13.341210937500001,74955.714641252,10,2026-07-25T20:09:36.638469+00:00,,
43,cpu,end_to_end,512,37,512,0.0066287,6.6287,12.946679687500001,77239.88112299546,10,2026-07-25T20:09:36.638469+00:00,,
43,cpu,end_to_end,512,38,512,0.0074509,7.4509,14.5525390625,68716.53088888591,10,2026-07-25T20:09:36.638469+00:00,,
43,cpu,end_to_end,512,39,512,0.0068396,6.839600000000001,13.35859375,74858.17884086788,10,2026-07-25T20:09:36.638469+00:00,,
43,cpu,end_to_end,512,40,512,0.0071799,7.1799,14.023242187500001,71310.18537862644,10,2026-07-25T20:09:36.638469+00:00,,
43,cpu,end_to_end,512,41,512,0.0067154,6.7154,13.116015625,76242.66611073056,10,2026-07-25T20:09:36.638469+00:00,,
43,cpu,end_to_end,512,42,512,0.0076071,7.6071,14.8576171875,67305.54350540941,10,2026-07-25T20:09:36.638469+00:00,,
43,cpu,end_to_end,512,43,512,0.0071074,7.1074,13.881640625,72037.59461969216,10,2026-07-25T20:09:36.638469+00:00,,
43,cpu,end_to_end,512,44,512,0.0079302,7.9302,15.488671875,64563.31492270056,10,2026-07-25T20:09:36.638469+00:00,,
43,cpu,end_to_end,512,45,512,0.0073432,7.3432,14.3421875,69724.37084649743,10,2026-07-25T20:09:36.638469+00:00,,
43,cpu,end_to_end,512,46,512,0.0073514,7.3514,14.358203125000001,69646.59792692549,10,2026-07-25T20:09:36.638469+00:00,,
43,cpu,end_to_end,512,47,512,0.0074925,7.4925,14.6337890625,68335.001668335,10,2026-07-25T20:09:36.638469+00:00,,
43,cpu,end_to_end,512,48,512,0.0071052,7.1052,13.87734375,72059.89979170186,10,2026-07-25T20:09:36.638469+00:00,,
43,cpu,end_to_end,512,49,512,0.0078441,7.8441,15.320507812499999,65271.98786348976,10,2026-07-25T20:09:36.638469+00:00,,
43,cpu,end_to_end,512,50,512,0.0070096,7.009600000000001,13.690625,73042.68431864871,10,2026-07-25T20:09:36.638469+00:00,,
43,cpu,end_to_end,512,51,512,0.0073468,7.3468,14.349218749999999,69690.20525943268,10,2026-07-25T20:09:36.638469+00:00,,
43,cpu,end_to_end,512,52,512,0.0066826,6.682600000000001,13.051953125,76616.88564331247,10,2026-07-25T20:09:36.638469+00:00,,
43,cpu,end_to_end,512,53,512,0.0070069,7.0069,13.6853515625,73070.83018167806,10,2026-07-25T20:09:36.638469+00:00,,
43,cpu,end_to_end,512,54,512,0.0070556,7.0556,13.78046875,72566.47202222348,10,2026-07-25T20:09:36.638469+00:00,,
43,cpu,end_to_end,512,55,512,0.0076178,7.6178,14.878515625,67211.0058022001,10,2026-07-25T20:09:36.638469+00:00,,
43,cpu,end_to_end,512,56,512,0.0072437,7.2437,14.1478515625,70682.10997142344,10,2026-07-25T20:09:36.638469+00:00,,
43,cpu,end_to_end,512,57,512,0.0074815,7.4815000000000005,14.6123046875,68435.47416961839,10,2026-07-25T20:09:36.638469+00:00,,
43,cpu,end_to_end,512,58,512,0.0069696,6.969600000000001,13.6125,73461.89164370982,10,2026-07-25T20:09:36.638469+00:00,,
43,cpu,end_to_end,512,59,512,0.0069756,6.9756,13.62421875,73398.70405413154,10,2026-07-25T20:09:36.638469+00:00,,
43,cpu,end_to_end,512,60,512,0.0073398,7.339799999999999,14.335546874999999,69756.66911904956,10,2026-07-25T20:09:36.638469+00:00,,
43,cpu,end_to_end,512,61,512,0.0067984,6.7984,13.278125,75311.83807954814,10,2026-07-25T20:09:36.638469+00:00,,
43,cpu,end_to_end,512,62,512,0.007095,7.095,13.857421875,72163.49541930937,10,2026-07-25T20:09:36.638469+00:00,,
43,cpu,end_to_end,512,63,512,0.0068565,6.8565,13.3916015625,74673.6673229782,10,2026-07-25T20:09:36.638469+00:00,,
43,cpu,end_to_end,512,64,512,0.0076804,7.680400000000001,15.000781250000001,66663.19462527992,10,2026-07-25T20:09:36.638469+00:00,,
43,cpu,end_to_end,512,65,512,0.0069157,6.9157,13.507226562500001,74034.44336798877,10,2026-07-25T20:09:36.638469+00:00,,
43,cpu,end_to_end,512,66,512,0.0080414,8.041400000000001,15.705859375000001,63670.5051359216,10,2026-07-25T20:09:36.638469+00:00,,
43,cpu,end_to_end,512,67,512,0.0076751,7.6751,14.990429687499999,66709.22854425349,10,2026-07-25T20:09:36.638469+00:00,,
43,cpu,end_to_end,512,68,512,0.007802,7.802,15.23828125,65624.19892335299,10,2026-07-25T20:09:36.638469+00:00,,
43,cpu,end_to_end,512,69,512,0.0070185,7.0185,13.7080078125,72950.06055424947,10,2026-07-25T20:09:36.638469+00:00,,
43,cpu,end_to_end,512,70,512,0.0069157,6.9157,13.507226562500001,74034.44336798877,10,2026-07-25T20:09:36.638469+00:00,,
43,cpu,end_to_end,512,71,512,0.008059,8.059000000000001,15.740234375,63531.45551557265,10,2026-07-25T20:09:36.638469+00:00,,
43,cpu,end_to_end,512,72,512,0.0076786,7.678599999999999,14.997265624999999,66678.82166019848,10,2026-07-25T20:09:36.638469+00:00,,
43,cpu,end_to_end,512,73,512,0.0072775,7.2775,14.2138671875,70353.83029886636,10,2026-07-25T20:09:36.638469+00:00,,
43,cpu,end_to_end,512,74,512,0.00684,6.84,13.359375,74853.80116959065,10,2026-07-25T20:09:36.638469+00:00,,
43,cpu,end_to_end,512,75,512,0.0072934,7.2934,14.244921875000001,70200.45520607673,10,2026-07-25T20:09:36.638469+00:00,,
43,cpu,end_to_end,512,76,512,0.0070047,7.0047,13.6810546875,73093.77989064486,10,2026-07-25T20:09:36.638469+00:00,,
43,cpu,end_to_end,512,77,512,0.0071851,7.1851,14.033398437499999,71258.57677694118,10,2026-07-25T20:09:36.638469+00:00,,
43,cpu,end_to_end,512,78,512,0.0069369,6.9369000000000005,13.548632812500001,73808.18521241477,10,2026-07-25T20:09:36.638469+00:00,,
43,cpu,end_to_end,512,79,512,0.0075768,7.5767999999999995,14.7984375,67574.70172104318,10,2026-07-25T20:09:36.638469+00:00,,
43,cpu,end_to_end,512,80,512,0.0072427,7.2427,14.145898437500001,70691.86905435818,10,2026-07-25T20:09:36.638469+00:00,,
43,cpu,end_to_end,512,81,512,0.0073283,7.3283000000000005,14.3130859375,69866.13539292879,10,2026-07-25T20:09:36.638469+00:00,,
43,cpu,end_to_end,512,82,512,0.0078127,7.8127,15.259179687500001,65534.32232134857,10,2026-07-25T20:09:36.638469+00:00,,
43,cpu,end_to_end,512,83,512,0.0081367,8.1367,15.8919921875,62924.772942347634,10,2026-07-25T20:09:36.638469+00:00,,
43,cpu,end_to_end,512,84,512,0.0078216,7.8216,15.276562499999999,65459.75248031093,10,2026-07-25T20:09:36.638469+00:00,,
43,cpu,end_to_end,512,85,512,0.006983,6.983,13.638671875,73320.92223972506,10,2026-07-25T20:09:36.638469+00:00,,
43,cpu,end_to_end,512,86,512,0.0076154,7.615399999999999,14.873828125,67232.1874097224,10,2026-07-25T20:09:36.638469+00:00,,
43,cpu,end_to_end,512,87,512,0.0080072,8.007200000000001,15.639062500000001,63942.451793385946,10,2026-07-25T20:09:36.638469+00:00,,
43,cpu,end_to_end,512,88,512,0.0077196,7.7196,15.07734375,66324.68003523498,10,2026-07-25T20:09:36.638469+00:00,,
43,cpu,end_to_end,512,89,512,0.0073167,7.3167,14.2904296875,69976.90215534325,10,2026-07-25T20:09:36.638469+00:00,,
43,cpu,end_to_end,512,90,512,0.0077076,7.7076,15.05390625,66427.94125278945,10,2026-07-25T20:09:36.638469+00:00,,
43,cpu,end_to_end,512,91,512,0.00843,8.43,16.46484375,60735.46856465006,10,2026-07-25T20:09:36.638469+00:00,,
43,cpu,end_to_end,512,92,512,0.0075725,7.572500000000001,14.7900390625,67613.07362165731,10,2026-07-25T20:09:36.638469+00:00,,
43,cpu,end_to_end,512,93,512,0.0073452,7.345199999999999,14.34609375,69705.38583020204,10,2026-07-25T20:09:36.638469+00:00,,
43,cpu,end_to_end,512,94,512,0.0070891,7.0891,13.8458984375,72223.55447094835,10,2026-07-25T20:09:36.638469+00:00,,
43,cpu,end_to_end,512,95,512,0.0080908,8.0908,15.80234375,63281.75211351164,10,2026-07-25T20:09:36.638469+00:00,,
43,cpu,end_to_end,512,96,512,0.0077667,7.766699999999999,15.1693359375,65922.46385208647,10,2026-07-25T20:09:36.638469+00:00,,
43,cpu,end_to_end,512,97,512,0.0073571,7.3571,14.3693359375,69592.63840371885,10,2026-07-25T20:09:36.638469+00:00,,
43,cpu,end_to_end,512,98,512,0.0069151,6.915100000000001,13.5060546875,74040.86708796691,10,2026-07-25T20:09:36.638469+00:00,,
43,cpu,end_to_end,512,99,512,0.0074567,7.4567000000000005,14.5638671875,68663.08152399855,10,2026-07-25T20:09:36.638469+00:00,,
43,cpu,model_only,4096,0,4096,0.0109022,10.9022,2.661669921875,375703.9863513786,10,2026-07-25T20:09:36.638469+00:00,,
43,cpu,model_only,4096,1,4096,0.0112161,11.216099999999999,2.7383056640625,365189.3260580772,10,2026-07-25T20:09:36.638469+00:00,,
43,cpu,model_only,4096,2,4096,0.0106942,10.694199999999999,2.6108886718749997,383011.35194778483,10,2026-07-25T20:09:36.638469+00:00,,
43,cpu,model_only,4096,3,4096,0.011827,11.827,2.887451171875,346326.2027564048,10,2026-07-25T20:09:36.638469+00:00,,
43,cpu,model_only,4096,4,4096,0.0110236,11.0236,2.69130859375,371566.45741862914,10,2026-07-25T20:09:36.638469+00:00,,
43,cpu,model_only,4096,5,4096,0.0110609,11.0609,2.7004150390625,370313.4464645734,10,2026-07-25T20:09:36.638469+00:00,,
43,cpu,model_only,4096,6,4096,0.011097,11.097,2.709228515625,369108.76813553215,10,2026-07-25T20:09:36.638469+00:00,,
43,cpu,model_only,4096,7,4096,0.0109113,10.9113,2.6638916015625003,375390.65006002947,10,2026-07-25T20:09:36.638469+00:00,,
43,cpu,model_only,4096,8,4096,0.0109113,10.9113,2.6638916015625003,375390.65006002947,10,2026-07-25T20:09:36.638469+00:00,,
43,cpu,model_only,4096,9,4096,0.0101153,10.115300000000001,2.4695556640625003,404931.1439107095,10,2026-07-25T20:09:36.638469+00:00,,
43,cpu,model_only,4096,10,4096,0.0109256,10.925600000000001,2.6673828125,374899.3190305338,10,2026-07-25T20:09:36.638469+00:00,,
43,cpu,model_only,4096,11,4096,0.0112003,11.2003,2.7344482421875,365704.490058302,10,2026-07-25T20:09:36.638469+00:00,,
43,cpu,model_only,4096,12,4096,0.0110664,11.0664,2.7017578125,370129.40070845076,10,2026-07-25T20:09:36.638469+00:00,,
43,cpu,model_only,4096,13,4096,0.0109923,10.9923,2.6836669921875,372624.47349508293,10,2026-07-25T20:09:36.638469+00:00,,
43,cpu,model_only,4096,14,4096,0.0118282,11.8282,2.887744140625,346291.067110803,10,2026-07-25T20:09:36.638469+00:00,,
43,cpu,model_only,4096,15,4096,0.0114607,11.460700000000001,2.7980224609375,357395.2725400717,10,2026-07-25T20:09:36.638469+00:00,,
43,cpu,model_only,4096,16,4096,0.0113189,11.3189,2.7634033203125,361872.62013093143,10,2026-07-25T20:09:36.638469+00:00,,
43,cpu,model_only,4096,17,4096,0.0118508,11.8508,2.89326171875,345630.67472238163,10,2026-07-25T20:09:36.638469+00:00,,
43,cpu,model_only,4096,18,4096,0.0117566,11.7566,2.870263671875,348400.047632819,10,2026-07-25T20:09:36.638469+00:00,,
43,cpu,model_only,4096,19,4096,0.0129199,12.9199,3.1542724609375,317030.31757211743,10,2026-07-25T20:09:36.638469+00:00,,
43,cpu,model_only,4096,20,4096,0.011688,11.688,2.853515625,350444.90075290896,10,2026-07-25T20:09:36.638469+00:00,,
43,cpu,model_only,4096,21,4096,0.0105095,10.5095,2.5657958984375,389742.6138255864,10,2026-07-25T20:09:36.638469+00:00,,
43,cpu,model_only,4096,22,4096,0.0109627,10.9627,2.6764404296875,373630.58370656864,10,2026-07-25T20:09:36.638469+00:00,,
43,cpu,model_only,4096,23,4096,0.0111641,11.1641,2.7256103515625,366890.3001585439,10,2026-07-25T20:09:36.638469+00:00,,
43,cpu,model_only,4096,24,4096,0.0108528,10.852799999999998,2.649609375,377414.1235441545,10,2026-07-25T20:09:36.638469+00:00,,
43,cpu,model_only,4096,25,4096,0.0108855,10.885499999999999,2.6575927734375,376280.3729732213,10,2026-07-25T20:09:36.638469+00:00,,
43,cpu,model_only,4096,26,4096,0.0107291,10.7291,2.6194091796875,381765.4789311312,10,2026-07-25T20:09:36.638469+00:00,,
43,cpu,model_only,4096,27,4096,0.011246,11.246,2.74560546875,364218.38876044814,10,2026-07-25T20:09:36.638469+00:00,,
43,cpu,model_only,4096,28,4096,0.0108317,10.8317,2.6444580078124997,378149.32097454695,10,2026-07-25T20:09:36.638469+00:00,,
43,cpu,model_only,4096,29,4096,0.0109433,10.943299999999999,2.6717041015625,374292.9463690112,10,2026-07-25T20:09:36.638469+00:00,,
43,cpu,model_only,4096,30,4096,0.0109967,10.9967,2.6847412109375,372475.3789773296,10,2026-07-25T20:09:36.638469+00:00,,
43,cpu,model_only,4096,31,4096,0.0114815,11.4815,2.8031005859375,356747.8116970779,10,2026-07-25T20:09:36.638469+00:00,,
43,cpu,model_only,4096,32,4096,0.0117724,11.772400000000001,2.8741210937500004,347932.4521762767,10,2026-07-25T20:09:36.638469+00:00,,
43,cpu,model_only,4096,33,4096,0.0114219,11.4219,2.7885498046875,358609.3382011749,10,2026-07-25T20:09:36.638469+00:00,,
43,cpu,model_only,4096,34,4096,0.0112247,11.2247,2.7404052734375,364909.52987607685,10,2026-07-25T20:09:36.638469+00:00,,
43,cpu,model_only,4096,35,4096,0.0109389,10.9389,2.6706298828125,374443.49980345374,10,2026-07-25T20:09:36.638469+00:00,,
43,cpu,model_only,4096,36,4096,0.0113068,11.3068,2.7604492187500003,362259.8790108607,10,2026-07-25T20:09:36.638469+00:00,,
43,cpu,model_only,4096,37,4096,0.0108267,10.8267,2.6432373046875,378323.95836219715,10,2026-07-25T20:09:36.638469+00:00,,
43,cpu,model_only,4096,38,4096,0.0109704,10.9704,2.6783203125,373368.33661489096,10,2026-07-25T20:09:36.638469+00:00,,
43,cpu,model_only,4096,39,4096,0.0108954,10.895399999999999,2.660009765625,375938.4694458212,10,2026-07-25T20:09:36.638469+00:00,,
43,cpu,model_only,4096,40,4096,0.0109785,10.9785,2.6802978515625,373092.8633237692,10,2026-07-25T20:09:36.638469+00:00,,
43,cpu,model_only,4096,41,4096,0.0108798,10.8798,2.6562011718750003,376477.5087777349,10,2026-07-25T20:09:36.638469+00:00,,
43,cpu,model_only,4096,42,4096,0.0109729,10.972900000000001,2.6789306640625004,373283.2706030311,10,2026-07-25T20:09:36.638469+00:00,,
43,cpu,model_only,4096,43,4096,0.0104943,10.494299999999999,2.5620849609375,390307.119102751,10,2026-07-25T20:09:36.638469+00:00,,
43,cpu,model_only,4096,44,4096,0.0117676,11.7676,2.87294921875,348074.3737040688,10,2026-07-25T20:09:36.638469+00:00,,
43,cpu,model_only,4096,45,4096,0.0114943,11.4943,2.8062255859375003,356350.5389627902,10,2026-07-25T20:09:36.638469+00:00,,
43,cpu,model_only,4096,46,4096,0.0115308,11.530800000000001,2.8151367187500003,355222.5344295279,10,2026-07-25T20:09:36.638469+00:00,,
43,cpu,model_only,4096,47,4096,0.0105737,10.5737,2.5814697265625,387376.2259190255,10,2026-07-25T20:09:36.638469+00:00,,
43,cpu,model_only,4096,48,4096,0.0109662,10.9662,2.677294921875,373511.33482883766,10,2026-07-25T20:09:36.638469+00:00,,
43,cpu,model_only,4096,49,4096,0.0116483,11.6483,2.8438232421875003,351639.29500442126,10,2026-07-25T20:09:36.638469+00:00,,
43,cpu,model_only,4096,50,4096,0.0115286,11.5286,2.814599609375,355290.32146140904,10,2026-07-25T20:09:36.638469+00:00,,
43,cpu,model_only,4096,51,4096,0.012024,12.024,2.935546875,340652.0292747838,10,2026-07-25T20:09:36.638469+00:00,,
43,cpu,model_only,4096,52,4096,0.0114344,11.4344,2.7916015625000004,358217.3091723221,10,2026-07-25T20:09:36.638469+00:00,,
43,cpu,model_only,4096,53,4096,0.0110756,11.0756,2.70400390625,369821.950955253,10,2026-07-25T20:09:36.638469+00:00,,
43,cpu,model_only,4096,54,4096,0.0112053,11.2053,2.7356689453125,365541.3063461041,10,2026-07-25T20:09:36.638469+00:00,,
43,cpu,model_only,4096,55,4096,0.0108846,10.884599999999999,2.657373046875,376311.48595263035,10,2026-07-25T20:09:36.638469+00:00,,
43,cpu,model_only,4096,56,4096,0.0108827,10.8827,2.6569091796875,376377.1858086688,10,2026-07-25T20:09:36.638469+00:00,,
43,cpu,model_only,4096,57,4096,0.011365,11.365,2.774658203125,360404.7514298284,10,2026-07-25T20:09:36.638469+00:00,,
43,cpu,model_only,4096,58,4096,0.0120386,12.0386,2.939111328125,340238.8982107554,10,2026-07-25T20:09:36.638469+00:00,,
43,cpu,model_only,4096,59,4096,0.0122615,12.2615,2.9935302734375,334053.74546344246,10,2026-07-25T20:09:36.638469+00:00,,
43,cpu,model_only,4096,60,4096,0.0118002,11.8002,2.880908203125,347112.7608006644,10,2026-07-25T20:09:36.638469+00:00,,
43,cpu,model_only,4096,61,4096,0.0111041,11.1041,2.7109619140625,368872.7587107465,10,2026-07-25T20:09:36.638469+00:00,,
43,cpu,model_only,4096,62,4096,0.0119239,11.9239,2.9111083984375,343511.77047777997,10,2026-07-25T20:09:36.638469+00:00,,
43,cpu,model_only,4096,63,4096,0.0109051,10.9051,2.6623779296874996,375604.07515749516,10,2026-07-25T20:09:36.638469+00:00,,
43,cpu,model_only,4096,64,4096,0.0125798,12.5798,3.0712402343750003,325601.3609119382,10,2026-07-25T20:09:36.638469+00:00,,
43,cpu,model_only,4096,65,4096,0.0118081,11.8081,2.8828369140625,346880.53116081335,10,2026-07-25T20:09:36.638469+00:00,,
43,cpu,model_only,4096,66,4096,0.0116373,11.6373,2.8411376953125,351971.67727909394,10,2026-07-25T20:09:36.638469+00:00,,
43,cpu,model_only,4096,67,4096,0.0110149,11.014899999999999,2.6891845703125,371859.9351787125,10,2026-07-25T20:09:36.638469+00:00,,
43,cpu,model_only,4096,68,4096,0.0112057,11.2057,2.7357666015625,365528.25794015545,10,2026-07-25T20:09:36.638469+00:00,,
43,cpu,model_only,4096,69,4096,0.0111926,11.1926,2.732568359375,365956.07812304556,10,2026-07-25T20:09:36.638469+00:00,,
43,cpu,model_only,4096,70,4096,0.0113007,11.3007,2.7589599609375,362455.4231153822,10,2026-07-25T20:09:36.638469+00:00,,
43,cpu,model_only,4096,71,4096,0.0109287,10.9287,2.6681396484374997,374792.9762917822,10,2026-07-25T20:09:36.638469+00:00,,
43,cpu,model_only,4096,72,4096,0.0114808,11.480799999999999,2.8029296875,356769.5630966483,10,2026-07-25T20:09:36.638469+00:00,,
43,cpu,model_only,4096,73,4096,0.0113785,11.378499999999999,2.7779541015625,359977.14988794655,10,2026-07-25T20:09:36.638469+00:00,,
43,cpu,model_only,4096,74,4096,0.0116381,11.6381,2.8413330078125,351947.4828365455,10,2026-07-25T20:09:36.638469+00:00,,
43,cpu,model_only,4096,75,4096,0.0111891,11.1891,2.7317138671875,366070.55080390733,10,2026-07-25T20:09:36.638469+00:00,,
43,cpu,model_only,4096,76,4096,0.0107742,10.774199999999999,2.6304199218749997,380167.43702548684,10,2026-07-25T20:09:36.638469+00:00,,
43,cpu,model_only,4096,77,4096,0.0111504,11.1504,2.722265625,367341.0819342804,10,2026-07-25T20:09:36.638469+00:00,,
43,cpu,model_only,4096,78,4096,0.0104905,10.490499999999999,2.5611572265625,390448.5010247367,10,2026-07-25T20:09:36.638469+00:00,,
43,cpu,model_only,4096,79,4096,0.0112802,11.2802,2.753955078125,363114.1291821067,10,2026-07-25T20:09:36.638469+00:00,,
43,cpu,model_only,4096,80,4096,0.0113479,11.3479,2.7704833984375,360947.84056962084,10,2026-07-25T20:09:36.638469+00:00,,
43,cpu,model_only,4096,81,4096,0.0110469,11.0469,2.6969970703125,370782.75353266526,10,2026-07-25T20:09:36.638469+00:00,,
43,cpu,model_only,4096,82,4096,0.0113211,11.321100000000001,2.7639404296875,361802.2983632332,10,2026-07-25T20:09:36.638469+00:00,,
43,cpu,model_only,4096,83,4096,0.0115146,11.5146,2.811181640625,355722.3003838605,10,2026-07-25T20:09:36.638469+00:00,,
43,cpu,model_only,4096,84,4096,0.0125495,12.5495,3.0638427734375,326387.5054783059,10,2026-07-25T20:09:36.638469+00:00,,
43,cpu,model_only,4096,85,4096,0.0118954,11.8954,2.904150390625,344334.78487482556,10,2026-07-25T20:09:36.638469+00:00,,
43,cpu,model_only,4096,86,4096,0.0120566,12.056600000000001,2.943505859375,339730.9357530315,10,2026-07-25T20:09:36.638469+00:00,,
43,cpu,model_only,4096,87,4096,0.0120721,12.0721,2.9472900390625,339294.737452473,10,2026-07-25T20:09:36.638469+00:00,,
43,cpu,model_only,4096,88,4096,0.0111699,11.1699,2.7270263671875,366699.79140368314,10,2026-07-25T20:09:36.638469+00:00,,
43,cpu,model_only,4096,89,4096,0.0102971,10.2971,2.5139404296875,397781.8997581843,10,2026-07-25T20:09:36.638469+00:00,,
43,cpu,model_only,4096,90,4096,0.0107613,10.7613,2.6272705078125,380623.1589120274,10,2026-07-25T20:09:36.638469+00:00,,
43,cpu,model_only,4096,91,4096,0.0113694,11.3694,2.775732421875,360265.2734533045,10,2026-07-25T20:09:36.638469+00:00,,
43,cpu,model_only,4096,92,4096,0.0109858,10.985800000000001,2.6820800781250003,372844.9452930146,10,2026-07-25T20:09:36.638469+00:00,,
43,cpu,model_only,4096,93,4096,0.0104593,10.459299999999999,2.5535400390625,391613.20547264157,10,2026-07-25T20:09:36.638469+00:00,,
43,cpu,model_only,4096,94,4096,0.0118613,11.8613,2.8958251953125,345324.7114565857,10,2026-07-25T20:09:36.638469+00:00,,
43,cpu,model_only,4096,95,4096,0.0108365,10.836500000000001,2.6456298828125,377981.820698565,10,2026-07-25T20:09:36.638469+00:00,,
43,cpu,model_only,4096,96,4096,0.0105947,10.5947,2.5865966796875,386608.3985388921,10,2026-07-25T20:09:36.638469+00:00,,
43,cpu,model_only,4096,97,4096,0.0114689,11.468900000000001,2.8000244140625004,357139.74313142494,10,2026-07-25T20:09:36.638469+00:00,,
43,cpu,model_only,4096,98,4096,0.0110085,11.0085,2.6876220703125,372076.12299586687,10,2026-07-25T20:09:36.638469+00:00,,
43,cpu,model_only,4096,99,4096,0.010925,10.925,2.667236328125,374919.9084668192,10,2026-07-25T20:09:36.638469+00:00,,
43,cpu,end_to_end,4096,0,4096,0.0117448,11.7448,2.8673828125,348750.08514406375,10,2026-07-25T20:09:36.638469+00:00,,
43,cpu,end_to_end,4096,1,4096,0.0118475,11.8475,2.8924560546875,345726.94661320955,10,2026-07-25T20:09:36.638469+00:00,,
43,cpu,end_to_end,4096,2,4096,0.0127391,12.7391,3.1101318359375,321529.778398788,10,2026-07-25T20:09:36.638469+00:00,,
43,cpu,end_to_end,4096,3,4096,0.0108115,10.8115,2.6395263671875,378855.84793969383,10,2026-07-25T20:09:36.638469+00:00,,
43,cpu,end_to_end,4096,4,4096,0.0114128,11.4128,2.7863281250000003,358895.2754801626,10,2026-07-25T20:09:36.638469+00:00,,
43,cpu,end_to_end,4096,5,4096,0.0115679,11.567900000000002,2.8241943359375004,354083.2821860493,10,2026-07-25T20:09:36.638469+00:00,,
43,cpu,end_to_end,4096,6,4096,0.0113868,11.386800000000001,2.7799804687500003,359714.7574384375,10,2026-07-25T20:09:36.638469+00:00,,
43,cpu,end_to_end,4096,7,4096,0.0112529,11.2529,2.7472900390625,363995.0590514445,10,2026-07-25T20:09:36.638469+00:00,,
43,cpu,end_to_end,4096,8,4096,0.0119245,11.9245,2.9112548828125,343494.4861419766,10,2026-07-25T20:09:36.638469+00:00,,
43,cpu,end_to_end,4096,9,4096,0.0111763,11.1763,2.7285888671875,366489.80431806593,10,2026-07-25T20:09:36.638469+00:00,,
43,cpu,end_to_end,4096,10,4096,0.0109985,10.9985,2.6851806640625,372414.42014820204,10,2026-07-25T20:09:36.638469+00:00,,
43,cpu,end_to_end,4096,11,4096,0.0113641,11.3641,2.7744384765625,360433.2943215917,10,2026-07-25T20:09:36.638469+00:00,,
43,cpu,end_to_end,4096,12,4096,0.0118413,11.8413,2.8909423828125003,345907.9661861451,10,2026-07-25T20:09:36.638469+00:00,,
43,cpu,end_to_end,4096,13,4096,0.0118425,11.842500000000001,2.8912353515625,345872.9153472662,10,2026-07-25T20:09:36.638469+00:00,,
43,cpu,end_to_end,4096,14,4096,0.012003,12.003,2.930419921875,341248.02132800134,10,2026-07-25T20:09:36.638469+00:00,,
43,cpu,end_to_end,4096,15,4096,0.0115915,11.5915,2.8299560546875,353362.377604279,10,2026-07-25T20:09:36.638469+00:00,,
43,cpu,end_to_end,4096,16,4096,0.011881,11.880999999999998,2.900634765625,344752.12524198304,10,2026-07-25T20:09:36.638469+00:00,,
43,cpu,end_to_end,4096,17,4096,0.0114906,11.4906,2.805322265625,356465.2846674673,10,2026-07-25T20:09:36.638469+00:00,,
43,cpu,end_to_end,4096,18,4096,0.0109685,10.9685,2.6778564453125,373433.0127182386,10,2026-07-25T20:09:36.638469+00:00,,
43,cpu,end_to_end,4096,19,4096,0.0110654,11.0654,2.701513671875,370162.849964755,10,2026-07-25T20:09:36.638469+00:00,,
43,cpu,end_to_end,4096,20,4096,0.0120032,12.0032,2.93046875,341242.33537723275,10,2026-07-25T20:09:36.638469+00:00,,
43,cpu,end_to_end,4096,21,4096,0.0114363,11.4363,2.7920654296875,358157.79579059663,10,2026-07-25T20:09:36.638469+00:00,,
43,cpu,end_to_end,4096,22,4096,0.0109654,10.9654,2.677099609375,373538.58500373905,10,2026-07-25T20:09:36.638469+00:00,,
43,cpu,end_to_end,4096,23,4096,0.0116005,11.6005,2.8321533203125,353088.2289556485,10,2026-07-25T20:09:36.638469+00:00,,
43,cpu,end_to_end,4096,24,4096,0.0112828,11.2828,2.7545898437500003,363030.45343354484,10,2026-07-25T20:09:36.638469+00:00,,
43,cpu,end_to_end,4096,25,4096,0.0118444,11.8444,2.89169921875,345817.4327108169,10,2026-07-25T20:09:36.638469+00:00,,
43,cpu,end_to_end,4096,26,4096,0.0114172,11.417200000000001,2.78740234375,358756.96317836246,10,2026-07-25T20:09:36.638469+00:00,,
43,cpu,end_to_end,4096,27,4096,0.0112036,11.2036,2.7352539062499996,365596.77246599307,10,2026-07-25T20:09:36.638469+00:00,,
43,cpu,end_to_end,4096,28,4096,0.0111366,11.1366,2.718896484375,367796.27534436004,10,2026-07-25T20:09:36.638469+00:00,,
43,cpu,end_to_end,4096,29,4096,0.0111557,11.1557,2.7235595703124997,367166.5605923429,10,2026-07-25T20:09:36.638469+00:00,,
43,cpu,end_to_end,4096,30,4096,0.0111178,11.1178,2.7143066406250003,368418.21223623375,10,2026-07-25T20:09:36.638469+00:00,,
43,cpu,end_to_end,4096,31,4096,0.0110796,11.079600000000001,2.70498046875,369688.4364056464,10,2026-07-25T20:09:36.638469+00:00,,
43,cpu,end_to_end,4096,32,4096,0.0111871,11.187100000000001,2.7312255859375,366135.9959238766,10,2026-07-25T20:09:36.638469+00:00,,
43,cpu,end_to_end,4096,33,4096,0.0106881,10.6881,2.6093994140625,383229.9473245946,10,2026-07-25T20:09:36.638469+00:00,,
43,cpu,end_to_end,4096,34,4096,0.011379,11.379,2.778076171875,359961.3322787591,10,2026-07-25T20:09:36.638469+00:00,,
43,cpu,end_to_end,4096,35,4096,0.0112073,11.2073,2.7361572265625,365476.0736305801,10,2026-07-25T20:09:36.638469+00:00,,
43,cpu,end_to_end,4096,36,4096,0.0115763,11.5763,2.8262451171875,353826.3521159611,10,2026-07-25T20:09:36.638469+00:00,,
43,cpu,end_to_end,4096,37,4096,0.0113101,11.3101,2.7612548828125,362154.1807764741,10,2026-07-25T20:09:36.638469+00:00,,
43,cpu,end_to_end,4096,38,4096,0.0113234,11.323400000000001,2.7645019531250004,361728.80936821096,10,2026-07-25T20:09:36.638469+00:00,,
43,cpu,end_to_end,4096,39,4096,0.0116966,11.6966,2.855615234375,350187.2338970299,10,2026-07-25T20:09:36.638469+00:00,,
43,cpu,end_to_end,4096,40,4096,0.0111132,11.1132,2.71318359375,368570.7087067631,10,2026-07-25T20:09:36.638469+00:00,,
43,cpu,end_to_end,4096,41,4096,0.0112309,11.2309,2.7419189453125,364708.08216616657,10,2026-07-25T20:09:36.638469+00:00,,
43,cpu,end_to_end,4096,42,4096,0.0114818,11.4818,2.8031738281250003,356738.49048058665,10,2026-07-25T20:09:36.638469+00:00,,
43,cpu,end_to_end,4096,43,4096,0.0115829,11.5829,2.8278564453125,353624.7399183279,10,2026-07-25T20:09:36.638469+00:00,,
43,cpu,end_to_end,4096,44,4096,0.0112956,11.295599999999999,2.7577148437499996,362619.0729133468,10,2026-07-25T20:09:36.638469+00:00,,
43,cpu,end_to_end,4096,45,4096,0.0112419,11.241900000000001,2.7446044921875004,364351.2217685622,10,2026-07-25T20:09:36.638469+00:00,,
43,cpu,end_to_end,4096,46,4096,0.0115199,11.5199,2.8124755859375,355558.6420021007,10,2026-07-25T20:09:36.638469+00:00,,
43,cpu,end_to_end,4096,47,4096,0.0113917,11.3917,2.7811767578124997,359560.0305485573,10,2026-07-25T20:09:36.638469+00:00,,
43,cpu,end_to_end,4096,48,4096,0.0124705,12.470500000000001,3.0445556640625,328455.1541638266,10,2026-07-25T20:09:36.638469+00:00,,
43,cpu,end_to_end,4096,49,4096,0.0112327,11.2327,2.7423583984375,364649.6390004184,10,2026-07-25T20:09:36.638469+00:00,,
43,cpu,end_to_end,4096,50,4096,0.0120279,12.027899999999999,2.9364990234375,340541.5741733803,10,2026-07-25T20:09:36.638469+00:00,,
43,cpu,end_to_end,4096,51,4096,0.0124677,12.4677,3.0438720703125,328528.91872598795,10,2026-07-25T20:09:36.638469+00:00,,
43,cpu,end_to_end,4096,52,4096,0.0110434,11.0434,2.696142578125,370900.26622235903,10,2026-07-25T20:09:36.638469+00:00,,
43,cpu,end_to_end,4096,53,4096,0.0115638,11.5638,2.8231933593750003,354208.8240889673,10,2026-07-25T20:09:36.638469+00:00,,
43,cpu,end_to_end,4096,54,4096,0.0118698,11.8698,2.897900390625,345077.4233769735,10,2026-07-25T20:09:36.638469+00:00,,
43,cpu,end_to_end,4096,55,4096,0.0116219,11.6219,2.8373779296875,352438.0695067072,10,2026-07-25T20:09:36.638469+00:00,,
43,cpu,end_to_end,4096,56,4096,0.0118405,11.8405,2.8907470703125,345931.3373590642,10,2026-07-25T20:09:36.638469+00:00,,
43,cpu,end_to_end,4096,57,4096,0.011249,11.249,2.746337890625,364121.25522268645,10,2026-07-25T20:09:36.638469+00:00,,
43,cpu,end_to_end,4096,58,4096,0.0110462,11.0462,2.696826171875,370806.25011316105,10,2026-07-25T20:09:36.638469+00:00,,
43,cpu,end_to_end,4096,59,4096,0.0116043,11.6043,2.8330810546875,352972.60498263576,10,2026-07-25T20:09:36.638469+00:00,,
43,cpu,end_to_end,4096,60,4096,0.0115026,11.5026,2.808251953125,356093.40496931126,10,2026-07-25T20:09:36.638469+00:00,,
43,cpu,end_to_end,4096,61,4096,0.0114746,11.4746,2.801416015625,356962.3341990135,10,2026-07-25T20:09:36.638469+00:00,,
43,cpu,end_to_end,4096,62,4096,0.0111451,11.1451,2.7209716796875,367515.7692618281,10,2026-07-25T20:09:36.638469+00:00,,
43,cpu,end_to_end,4096,63,4096,0.0122304,12.230400000000001,2.9859375000000004,334903.19204604917,10,2026-07-25T20:09:36.638469+00:00,,
43,cpu,end_to_end,4096,64,4096,0.0111845,11.1845,2.7305908203125,366221.1095712817,10,2026-07-25T20:09:36.638469+00:00,,
43,cpu,end_to_end,4096,65,4096,0.0111904,11.1904,2.73203125,366028.0240205891,10,2026-07-25T20:09:36.638469+00:00,,
43,cpu,end_to_end,4096,66,4096,0.0108562,10.8562,2.650439453125,377295.9230670032,10,2026-07-25T20:09:36.638469+00:00,,
43,cpu,end_to_end,4096,67,4096,0.0117683,11.7683,2.8731201171875003,348053.66960393597,10,2026-07-25T20:09:36.638469+00:00,,
43,cpu,end_to_end,4096,68,4096,0.0113771,11.377099999999999,2.7776123046874996,360021.4465900801,10,2026-07-25T20:09:36.638469+00:00,,
43,cpu,end_to_end,4096,69,4096,0.0152932,15.2932,3.73369140625,267831.4545026548,10,2026-07-25T20:09:36.638469+00:00,,
43,cpu,end_to_end,4096,70,4096,0.013772,13.772,3.3623046875,297415.0450188789,10,2026-07-25T20:09:36.638469+00:00,,
43,cpu,end_to_end,4096,71,4096,0.0137232,13.7232,3.3503906249999997,298472.65943803196,10,2026-07-25T20:09:36.638469+00:00,,
43,cpu,end_to_end,4096,72,4096,0.0135825,13.582500000000001,3.3160400390625,301564.51316031656,10,2026-07-25T20:09:36.638469+00:00,,
43,cpu,end_to_end,4096,73,4096,0.012508,12.508000000000001,3.0537109375,327470.4189318836,10,2026-07-25T20:09:36.638469+00:00,,
43,cpu,end_to_end,4096,74,4096,0.0128113,12.8113,3.1277587890625,319717.74917455687,10,2026-07-25T20:09:36.638469+00:00,,
43,cpu,end_to_end,4096,75,4096,0.0122286,12.228599999999998,2.9854980468749996,334952.4884287654,10,2026-07-25T20:09:36.638469+00:00,,
43,cpu,end_to_end,4096,76,4096,0.0128002,12.8002,3.1250488281249997,319995.0000781238,10,2026-07-25T20:09:36.638469+00:00,,
43,cpu,end_to_end,4096,77,4096,0.0128552,12.8552,3.1384765625,318625.9256954384,10,2026-07-25T20:09:36.638469+00:00,,
43,cpu,end_to_end,4096,78,4096,0.0123559,12.3559,3.0165771484375,331501.5498668652,10,2026-07-25T20:09:36.638469+00:00,,
43,cpu,end_to_end,4096,79,4096,0.0126129,12.6129,3.0793212890625,324746.8861245233,10,2026-07-25T20:09:36.638469+00:00,,
43,cpu,end_to_end,4096,80,4096,0.0118607,11.8607,2.8956787109375,345342.1804783866,10,2026-07-25T20:09:36.638469+00:00,,
43,cpu,end_to_end,4096,81,4096,0.0113905,11.3905,2.7808837890625,359597.9105394847,10,2026-07-25T20:09:36.638469+00:00,,
43,cpu,end_to_end,4096,82,4096,0.0116165,11.6165,2.8360595703125,352601.90246631944,10,2026-07-25T20:09:36.638469+00:00,,
43,cpu,end_to_end,4096,83,4096,0.0112256,11.2256,2.740625,364880.27366020525,10,2026-07-25T20:09:36.638469+00:00,,
43,cpu,end_to_end,4096,84,4096,0.0111135,11.1135,2.7132568359375,368560.7594367211,10,2026-07-25T20:09:36.638469+00:00,,
43,cpu,end_to_end,4096,85,4096,0.0112606,11.2606,2.749169921875,363746.1591744667,10,2026-07-25T20:09:36.638469+00:00,,
43,cpu,end_to_end,4096,86,4096,0.0111335,11.1335,2.7181396484375,367898.68415143486,10,2026-07-25T20:09:36.638469+00:00,,
43,cpu,end_to_end,4096,87,4096,0.0110116,11.0116,2.68837890625,371971.3756402339,10,2026-07-25T20:09:36.638469+00:00,,
43,cpu,end_to_end,4096,88,4096,0.0120253,12.0253,2.9358642578125,340615.20294711983,10,2026-07-25T20:09:36.638469+00:00,,
43,cpu,end_to_end,4096,89,4096,0.0121411,12.1411,2.9641357421875,337366.4659709581,10,2026-07-25T20:09:36.638469+00:00,,
43,cpu,end_to_end,4096,90,4096,0.011581,11.581,2.827392578125,353682.7562386668,10,2026-07-25T20:09:36.638469+00:00,,
43,cpu,end_to_end,4096,91,4096,0.0111075,11.1075,2.7117919921875,368759.8469502589,10,2026-07-25T20:09:36.638469+00:00,,
43,cpu,end_to_end,4096,92,4096,0.0124778,12.4778,3.0463378906250003,328262.9950792607,10,2026-07-25T20:09:36.638469+00:00,,
43,cpu,end_to_end,4096,93,4096,0.0127761,12.7761,3.1191650390625,320598.6177315456,10,2026-07-25T20:09:36.638469+00:00,,
43,cpu,end_to_end,4096,94,4096,0.0120915,12.0915,2.9520263671875,338750.36182442214,10,2026-07-25T20:09:36.638469+00:00,,
43,cpu,end_to_end,4096,95,4096,0.0109857,10.9857,2.6820556640624997,372848.33920460235,10,2026-07-25T20:09:36.638469+00:00,,
43,cpu,end_to_end,4096,96,4096,0.0112428,11.2428,2.7448242187500003,364322.05500409147,10,2026-07-25T20:09:36.638469+00:00,,
43,cpu,end_to_end,4096,97,4096,0.0113297,11.329699999999999,2.7660400390625,361527.6662224066,10,2026-07-25T20:09:36.638469+00:00,,
43,cpu,end_to_end,4096,98,4096,0.0120131,12.0131,2.9328857421875,340961.11744678725,10,2026-07-25T20:09:36.638469+00:00,,
43,cpu,end_to_end,4096,99,4096,0.0114891,11.4891,2.8049560546875,356511.82425081165,10,2026-07-25T20:09:36.638469+00:00,,
43,cpu,full_test_end_to_end,4096,0,1614182,18.3687006,18368.7006,11.379572191983309,87876.76576316998,1,2026-07-25T20:09:57.716018+00:00,4096.0,end_to_end
43,cpu,full_test_end_to_end,4096,1,1614182,18.3924551,18392.4551,11.394288314452767,87763.26984209954,1,2026-07-25T20:09:57.716018+00:00,4096.0,end_to_end
43,cpu,full_test_end_to_end,4096,2,1614182,18.2925898,18292.589799999998,11.33242087942995,88242.39856950163,1,2026-07-25T20:09:57.716018+00:00,4096.0,end_to_end
43,cpu,full_test_end_to_end,4096,3,1614182,18.3258995,18325.8995,11.353056532658647,88082.00656126048,1,2026-07-25T20:09:57.716018+00:00,4096.0,end_to_end
43,cpu,full_test_end_to_end,4096,4,1614182,18.3039784,18303.9784,11.339476217675577,88187.49480167657,1,2026-07-25T20:09:57.716018+00:00,4096.0,end_to_end
